ISO-10303-21;
HEADER;
FILE_DESCRIPTION(('Open CASCADE Model'),'2;1');
FILE_NAME('product','2026-09-27T01:52:54',('Author'),('Open CASCADE'),
  'Open CASCADE STEP processor 8.0','build123d','Unknown');
FILE_SCHEMA(('AUTOMOTIVE_DESIGN { 1 0 10303 214 1 1 1 1 }'));
ENDSEC;
DATA;
#1 = APPLICATION_PROTOCOL_DEFINITION('international standard',
  'automotive_design',2000,#2);
#2 = APPLICATION_CONTEXT(
  'core data for automotive mechanical design processes');
#3 = SHAPE_DEFINITION_REPRESENTATION(#4,#10);
#4 = PRODUCT_DEFINITION_SHAPE('','',#5);
#5 = PRODUCT_DEFINITION('design','',#6,#9);
#6 = PRODUCT_DEFINITION_FORMATION('','',#7);
#7 = PRODUCT('product','product','',(#8));
#8 = PRODUCT_CONTEXT('',#2,'mechanical');
#9 = PRODUCT_DEFINITION_CONTEXT('part definition',#2,'design');
#10 = SHAPE_REPRESENTATION('',(#11,#15,#19,#23,#27,#31,#35,#39),#43);
#11 = AXIS2_PLACEMENT_3D('',#12,#13,#14);
#12 = CARTESIAN_POINT('',(0.,0.,0.));
#13 = DIRECTION('',(0.,0.,1.));
#14 = DIRECTION('',(1.,0.,-0.));
#15 = AXIS2_PLACEMENT_3D('',#16,#17,#18);
#16 = CARTESIAN_POINT('',(0.,0.,0.));
#17 = DIRECTION('',(0.,0.,1.));
#18 = DIRECTION('',(1.,0.,-0.));
#19 = AXIS2_PLACEMENT_3D('',#20,#21,#22);
#20 = CARTESIAN_POINT('',(0.,0.,0.));
#21 = DIRECTION('',(0.,0.,1.));
#22 = DIRECTION('',(1.,0.,-0.));
#23 = AXIS2_PLACEMENT_3D('',#24,#25,#26);
#24 = CARTESIAN_POINT('',(0.,0.,0.));
#25 = DIRECTION('',(0.,0.,1.));
#26 = DIRECTION('',(1.,0.,-0.));
#27 = AXIS2_PLACEMENT_3D('',#28,#29,#30);
#28 = CARTESIAN_POINT('',(0.,0.,30.85));
#29 = DIRECTION('',(0.,0.,1.));
#30 = DIRECTION('',(1.,0.,-0.));
#31 = AXIS2_PLACEMENT_3D('',#32,#33,#34);
#32 = CARTESIAN_POINT('',(-2.8,0.,30.72));
#33 = DIRECTION('',(0.,0.,1.));
#34 = DIRECTION('',(1.,0.,-0.));
#35 = AXIS2_PLACEMENT_3D('',#36,#37,#38);
#36 = CARTESIAN_POINT('',(2.8,0.,30.72));
#37 = DIRECTION('',(0.,0.,1.));
#38 = DIRECTION('',(1.,0.,-0.));
#39 = AXIS2_PLACEMENT_3D('',#40,#41,#42);
#40 = CARTESIAN_POINT('',(15.5,0.,39.47));
#41 = DIRECTION('',(0.,0.,1.));
#42 = DIRECTION('',(1.,0.,-0.));
#43 = ( GEOMETRIC_REPRESENTATION_CONTEXT(3) 
GLOBAL_UNCERTAINTY_ASSIGNED_CONTEXT((#47)) GLOBAL_UNIT_ASSIGNED_CONTEXT(
(#44,#45,#46)) REPRESENTATION_CONTEXT('Context #1',
  '3D Context with UNIT and UNCERTAINTY') );
#44 = ( LENGTH_UNIT() NAMED_UNIT(*) SI_UNIT(.MILLI.,.METRE.) );
#45 = ( NAMED_UNIT(*) PLANE_ANGLE_UNIT() SI_UNIT($,.RADIAN.) );
#46 = ( NAMED_UNIT(*) SI_UNIT($,.STERADIAN.) SOLID_ANGLE_UNIT() );
#47 = UNCERTAINTY_MEASURE_WITH_UNIT(LENGTH_MEASURE(2.E-05),#44,
  'distance_accuracy_value','confusion accuracy');
#48 = PRODUCT_RELATED_PRODUCT_CATEGORY('part',$,(#7));
#49 = SHAPE_DEFINITION_REPRESENTATION(#50,#56);
#50 = PRODUCT_DEFINITION_SHAPE('','',#51);
#51 = PRODUCT_DEFINITION('design','',#52,#55);
#52 = PRODUCT_DEFINITION_FORMATION('','',#53);
#53 = PRODUCT('fabric.1','fabric.1','',(#54));
#54 = PRODUCT_CONTEXT('',#2,'mechanical');
#55 = PRODUCT_DEFINITION_CONTEXT('part definition',#2,'design');
#56 = ADVANCED_BREP_SHAPE_REPRESENTATION('',(#11,#57),#505);
#57 = MANIFOLD_SOLID_BREP('',#58);
#58 = CLOSED_SHELL('',(#59,#240,#339,#392,#463,#496));
#59 = ADVANCED_FACE('',(#60),#75,.F.);
#60 = FACE_BOUND('',#61,.F.);
#61 = EDGE_LOOP('',(#62,#100,#123,#157,#185,#208));
#62 = ORIENTED_EDGE('',*,*,#63,.F.);
#63 = EDGE_CURVE('',#64,#66,#68,.T.);
#64 = VERTEX_POINT('',#65);
#65 = CARTESIAN_POINT('',(40.,12.5,16.));
#66 = VERTEX_POINT('',#67);
#67 = CARTESIAN_POINT('',(19.,12.5,30.079772725438));
#68 = SURFACE_CURVE('',#69,(#74,#88),.PCURVE_S1.);
#69 = ELLIPSE('',#70,40.,16.);
#70 = AXIS2_PLACEMENT_3D('',#71,#72,#73);
#71 = CARTESIAN_POINT('',(0.,12.5,16.));
#72 = DIRECTION('',(0.,-1.,0.));
#73 = DIRECTION('',(1.,0.,0.));
#74 = PCURVE('',#75,#83);
#75 = SURFACE_OF_LINEAR_EXTRUSION('',#76,#81);
#76 = ELLIPSE('',#77,40.,16.);
#77 = AXIS2_PLACEMENT_3D('',#78,#79,#80);
#78 = CARTESIAN_POINT('',(0.,12.5,16.));
#79 = DIRECTION('',(0.,-1.,0.));
#80 = DIRECTION('',(1.,0.,0.));
#81 = VECTOR('',#82,1.);
#82 = DIRECTION('',(-0.,1.,-0.));
#83 = DEFINITIONAL_REPRESENTATION('',(#84),#87);
#84 = B_SPLINE_CURVE_WITH_KNOTS('',1,(#85,#86),.UNSPECIFIED.,.F.,.F.,(2,
    2),(0.,1.075832295078),.PIECEWISE_BEZIER_KNOTS.);
#85 = CARTESIAN_POINT('',(6.28318530718,0.));
#86 = CARTESIAN_POINT('',(7.359017602258,0.));
#87 = ( GEOMETRIC_REPRESENTATION_CONTEXT(2) 
PARAMETRIC_REPRESENTATION_CONTEXT() REPRESENTATION_CONTEXT('2D SPACE',''
  ) );
#88 = PCURVE('',#89,#94);
#89 = PLANE('',#90);
#90 = AXIS2_PLACEMENT_3D('',#91,#92,#93);
#91 = CARTESIAN_POINT('',(4.489444466148,12.5,16.));
#92 = DIRECTION('',(0.,-1.,0.));
#93 = DIRECTION('',(1.,0.,0.));
#94 = DEFINITIONAL_REPRESENTATION('',(#95),#99);
#95 = ELLIPSE('',#96,40.,16.);
#96 = AXIS2_PLACEMENT_2D('',#97,#98);
#97 = CARTESIAN_POINT('',(-4.489444466148,4.622238179868E-17));
#98 = DIRECTION('',(1.,0.));
#99 = ( GEOMETRIC_REPRESENTATION_CONTEXT(2) 
PARAMETRIC_REPRESENTATION_CONTEXT() REPRESENTATION_CONTEXT('2D SPACE',''
  ) );
#100 = ORIENTED_EDGE('',*,*,#101,.F.);
#101 = EDGE_CURVE('',#102,#64,#104,.T.);
#102 = VERTEX_POINT('',#103);
#103 = CARTESIAN_POINT('',(-19.,12.5,30.079772725438));
#104 = SURFACE_CURVE('',#105,(#110,#116),.PCURVE_S1.);
#105 = ELLIPSE('',#106,40.,16.);
#106 = AXIS2_PLACEMENT_3D('',#107,#108,#109);
#107 = CARTESIAN_POINT('',(0.,12.5,16.));
#108 = DIRECTION('',(0.,-1.,0.));
#109 = DIRECTION('',(1.,0.,0.));
#110 = PCURVE('',#75,#111);
#111 = DEFINITIONAL_REPRESENTATION('',(#112),#115);
#112 = B_SPLINE_CURVE_WITH_KNOTS('',1,(#113,#114),.UNSPECIFIED.,.F.,.F.,
  (2,2),(2.065760358512,6.28318530718),.PIECEWISE_BEZIER_KNOTS.);
#113 = CARTESIAN_POINT('',(2.065760358512,0.));
#114 = CARTESIAN_POINT('',(6.28318530718,0.));
#115 = ( GEOMETRIC_REPRESENTATION_CONTEXT(2) 
PARAMETRIC_REPRESENTATION_CONTEXT() REPRESENTATION_CONTEXT('2D SPACE',''
  ) );
#116 = PCURVE('',#89,#117);
#117 = DEFINITIONAL_REPRESENTATION('',(#118),#122);
#118 = ELLIPSE('',#119,40.,16.);
#119 = AXIS2_PLACEMENT_2D('',#120,#121);
#120 = CARTESIAN_POINT('',(-4.489444466148,4.622238179868E-17));
#121 = DIRECTION('',(1.,0.));
#122 = ( GEOMETRIC_REPRESENTATION_CONTEXT(2) 
PARAMETRIC_REPRESENTATION_CONTEXT() REPRESENTATION_CONTEXT('2D SPACE',''
  ) );
#123 = ORIENTED_EDGE('',*,*,#124,.F.);
#124 = EDGE_CURVE('',#125,#102,#127,.T.);
#125 = VERTEX_POINT('',#126);
#126 = CARTESIAN_POINT('',(-19.,-12.5,30.079772725438));
#127 = SURFACE_CURVE('',#128,(#134,#143),.PCURVE_S1.);
#128 = B_SPLINE_CURVE_WITH_KNOTS('',4,(#129,#130,#131,#132,#133),
  .UNSPECIFIED.,.F.,.F.,(5,5),(0.,1.),.PIECEWISE_BEZIER_KNOTS.);
#129 = CARTESIAN_POINT('',(-19.,-12.5000006,30.079772725438));
#130 = CARTESIAN_POINT('',(-19.,-6.2500003,30.079772725438));
#131 = CARTESIAN_POINT('',(-19.,8.881784197001E-15,30.079772725438));
#132 = CARTESIAN_POINT('',(-19.,6.2500003,30.079772725438));
#133 = CARTESIAN_POINT('',(-19.,12.5000006,30.079772725438));
#134 = PCURVE('',#75,#135);
#135 = DEFINITIONAL_REPRESENTATION('',(#136),#142);
#136 = B_SPLINE_CURVE_WITH_KNOTS('',4,(#137,#138,#139,#140,#141),
  .UNSPECIFIED.,.F.,.F.,(5,5),(2.399999884425E-08,0.999999976),
  .PIECEWISE_BEZIER_KNOTS.);
#137 = CARTESIAN_POINT('',(2.065760358512,-25.));
#138 = CARTESIAN_POINT('',(2.065760358512,-18.75));
#139 = CARTESIAN_POINT('',(2.065760358512,-12.5));
#140 = CARTESIAN_POINT('',(2.065760358512,-6.25));
#141 = CARTESIAN_POINT('',(2.065760358512,-8.223786910235E-16));
#142 = ( GEOMETRIC_REPRESENTATION_CONTEXT(2) 
PARAMETRIC_REPRESENTATION_CONTEXT() REPRESENTATION_CONTEXT('2D SPACE',''
  ) );
#143 = PCURVE('',#144,#149);
#144 = PLANE('',#145);
#145 = AXIS2_PLACEMENT_3D('',#146,#147,#148);
#146 = CARTESIAN_POINT('',(-19.,-13.5,25.));
#147 = DIRECTION('',(1.,0.,-0.));
#148 = DIRECTION('',(0.,0.,1.));
#149 = DEFINITIONAL_REPRESENTATION('',(#150),#156);
#150 = B_SPLINE_CURVE_WITH_KNOTS('',4,(#151,#152,#153,#154,#155),
  .UNSPECIFIED.,.F.,.F.,(5,5),(0.,1.),.PIECEWISE_BEZIER_KNOTS.);
#151 = CARTESIAN_POINT('',(5.079772725438,-0.9999994));
#152 = CARTESIAN_POINT('',(5.079772725438,-7.2499997));
#153 = CARTESIAN_POINT('',(5.079772725438,-13.5));
#154 = CARTESIAN_POINT('',(5.079772725438,-19.7500003));
#155 = CARTESIAN_POINT('',(5.079772725438,-26.0000006));
#156 = ( GEOMETRIC_REPRESENTATION_CONTEXT(2) 
PARAMETRIC_REPRESENTATION_CONTEXT() REPRESENTATION_CONTEXT('2D SPACE',''
  ) );
#157 = ORIENTED_EDGE('',*,*,#158,.T.);
#158 = EDGE_CURVE('',#125,#159,#161,.T.);
#159 = VERTEX_POINT('',#160);
#160 = CARTESIAN_POINT('',(40.,-12.5,16.));
#161 = SURFACE_CURVE('',#162,(#167,#173),.PCURVE_S1.);
#162 = ELLIPSE('',#163,40.,16.);
#163 = AXIS2_PLACEMENT_3D('',#164,#165,#166);
#164 = CARTESIAN_POINT('',(0.,-12.5,16.));
#165 = DIRECTION('',(0.,-1.,0.));
#166 = DIRECTION('',(1.,0.,0.));
#167 = PCURVE('',#75,#168);
#168 = DEFINITIONAL_REPRESENTATION('',(#169),#172);
#169 = B_SPLINE_CURVE_WITH_KNOTS('',1,(#170,#171),.UNSPECIFIED.,.F.,.F.,
  (2,2),(2.065760358512,6.28318530718),.PIECEWISE_BEZIER_KNOTS.);
#170 = CARTESIAN_POINT('',(2.065760358512,-25.));
#171 = CARTESIAN_POINT('',(6.28318530718,-25.));
#172 = ( GEOMETRIC_REPRESENTATION_CONTEXT(2) 
PARAMETRIC_REPRESENTATION_CONTEXT() REPRESENTATION_CONTEXT('2D SPACE',''
  ) );
#173 = PCURVE('',#174,#179);
#174 = PLANE('',#175);
#175 = AXIS2_PLACEMENT_3D('',#176,#177,#178);
#176 = CARTESIAN_POINT('',(4.489444466148,-12.5,16.));
#177 = DIRECTION('',(0.,-1.,0.));
#178 = DIRECTION('',(1.,0.,0.));
#179 = DEFINITIONAL_REPRESENTATION('',(#180),#184);
#180 = ELLIPSE('',#181,40.,16.);
#181 = AXIS2_PLACEMENT_2D('',#182,#183);
#182 = CARTESIAN_POINT('',(-4.489444466148,4.622238179868E-17));
#183 = DIRECTION('',(1.,0.));
#184 = ( GEOMETRIC_REPRESENTATION_CONTEXT(2) 
PARAMETRIC_REPRESENTATION_CONTEXT() REPRESENTATION_CONTEXT('2D SPACE',''
  ) );
#185 = ORIENTED_EDGE('',*,*,#186,.T.);
#186 = EDGE_CURVE('',#159,#187,#189,.T.);
#187 = VERTEX_POINT('',#188);
#188 = CARTESIAN_POINT('',(19.,-12.5,30.079772725438));
#189 = SURFACE_CURVE('',#190,(#195,#201),.PCURVE_S1.);
#190 = ELLIPSE('',#191,40.,16.);
#191 = AXIS2_PLACEMENT_3D('',#192,#193,#194);
#192 = CARTESIAN_POINT('',(0.,-12.5,16.));
#193 = DIRECTION('',(0.,-1.,0.));
#194 = DIRECTION('',(1.,0.,0.));
#195 = PCURVE('',#75,#196);
#196 = DEFINITIONAL_REPRESENTATION('',(#197),#200);
#197 = B_SPLINE_CURVE_WITH_KNOTS('',1,(#198,#199),.UNSPECIFIED.,.F.,.F.,
  (2,2),(0.,1.075832295078),.PIECEWISE_BEZIER_KNOTS.);
#198 = CARTESIAN_POINT('',(6.28318530718,-25.));
#199 = CARTESIAN_POINT('',(7.359017602258,-25.));
#200 = ( GEOMETRIC_REPRESENTATION_CONTEXT(2) 
PARAMETRIC_REPRESENTATION_CONTEXT() REPRESENTATION_CONTEXT('2D SPACE',''
  ) );
#201 = PCURVE('',#174,#202);
#202 = DEFINITIONAL_REPRESENTATION('',(#203),#207);
#203 = ELLIPSE('',#204,40.,16.);
#204 = AXIS2_PLACEMENT_2D('',#205,#206);
#205 = CARTESIAN_POINT('',(-4.489444466148,4.622238179868E-17));
#206 = DIRECTION('',(1.,0.));
#207 = ( GEOMETRIC_REPRESENTATION_CONTEXT(2) 
PARAMETRIC_REPRESENTATION_CONTEXT() REPRESENTATION_CONTEXT('2D SPACE',''
  ) );
#208 = ORIENTED_EDGE('',*,*,#209,.T.);
#209 = EDGE_CURVE('',#187,#66,#210,.T.);
#210 = SURFACE_CURVE('',#211,(#217,#226),.PCURVE_S1.);
#211 = B_SPLINE_CURVE_WITH_KNOTS('',4,(#212,#213,#214,#215,#216),
  .UNSPECIFIED.,.F.,.F.,(5,5),(0.,1.),.PIECEWISE_BEZIER_KNOTS.);
#212 = CARTESIAN_POINT('',(19.,-12.5000006,30.079772725438));
#213 = CARTESIAN_POINT('',(19.,-6.2500003,30.079772725438));
#214 = CARTESIAN_POINT('',(19.,8.881784197001E-15,30.079772725438));
#215 = CARTESIAN_POINT('',(19.,6.2500003,30.079772725438));
#216 = CARTESIAN_POINT('',(19.,12.5000006,30.079772725438));
#217 = PCURVE('',#75,#218);
#218 = DEFINITIONAL_REPRESENTATION('',(#219),#225);
#219 = B_SPLINE_CURVE_WITH_KNOTS('',4,(#220,#221,#222,#223,#224),
  .UNSPECIFIED.,.F.,.F.,(5,5),(2.399999884425E-08,0.999999976),
  .PIECEWISE_BEZIER_KNOTS.);
#220 = CARTESIAN_POINT('',(7.359017602258,-25.));
#221 = CARTESIAN_POINT('',(7.359017602258,-18.75));
#222 = CARTESIAN_POINT('',(7.359017602258,-12.5));
#223 = CARTESIAN_POINT('',(7.359017602258,-6.25));
#224 = CARTESIAN_POINT('',(7.359017602258,-8.223786910235E-16));
#225 = ( GEOMETRIC_REPRESENTATION_CONTEXT(2) 
PARAMETRIC_REPRESENTATION_CONTEXT() REPRESENTATION_CONTEXT('2D SPACE',''
  ) );
#226 = PCURVE('',#227,#232);
#227 = PLANE('',#228);
#228 = AXIS2_PLACEMENT_3D('',#229,#230,#231);
#229 = CARTESIAN_POINT('',(19.,-13.5,25.));
#230 = DIRECTION('',(1.,0.,-0.));
#231 = DIRECTION('',(0.,0.,1.));
#232 = DEFINITIONAL_REPRESENTATION('',(#233),#239);
#233 = B_SPLINE_CURVE_WITH_KNOTS('',4,(#234,#235,#236,#237,#238),
  .UNSPECIFIED.,.F.,.F.,(5,5),(0.,1.),.PIECEWISE_BEZIER_KNOTS.);
#234 = CARTESIAN_POINT('',(5.079772725438,-0.9999994));
#235 = CARTESIAN_POINT('',(5.079772725438,-7.2499997));
#236 = CARTESIAN_POINT('',(5.079772725438,-13.5));
#237 = CARTESIAN_POINT('',(5.079772725438,-19.7500003));
#238 = CARTESIAN_POINT('',(5.079772725438,-26.0000006));
#239 = ( GEOMETRIC_REPRESENTATION_CONTEXT(2) 
PARAMETRIC_REPRESENTATION_CONTEXT() REPRESENTATION_CONTEXT('2D SPACE',''
  ) );
#240 = ADVANCED_FACE('',(#241),#89,.F.);
#241 = FACE_BOUND('',#242,.F.);
#242 = EDGE_LOOP('',(#243,#244,#245,#266,#297,#320));
#243 = ORIENTED_EDGE('',*,*,#101,.T.);
#244 = ORIENTED_EDGE('',*,*,#63,.T.);
#245 = ORIENTED_EDGE('',*,*,#246,.F.);
#246 = EDGE_CURVE('',#247,#66,#249,.T.);
#247 = VERTEX_POINT('',#248);
#248 = CARTESIAN_POINT('',(19.,12.5,27.735882458324));
#249 = SURFACE_CURVE('',#250,(#254,#260),.PCURVE_S1.);
#250 = LINE('',#251,#252);
#251 = CARTESIAN_POINT('',(19.,12.5,20.5));
#252 = VECTOR('',#253,1.);
#253 = DIRECTION('',(0.,0.,1.));
#254 = PCURVE('',#89,#255);
#255 = DEFINITIONAL_REPRESENTATION('',(#256),#259);
#256 = B_SPLINE_CURVE_WITH_KNOTS('',1,(#257,#258),.UNSPECIFIED.,.F.,.F.,
  (2,2),(4.5,11.5),.PIECEWISE_BEZIER_KNOTS.);
#257 = CARTESIAN_POINT('',(14.510555533852,9.));
#258 = CARTESIAN_POINT('',(14.510555533852,16.));
#259 = ( GEOMETRIC_REPRESENTATION_CONTEXT(2) 
PARAMETRIC_REPRESENTATION_CONTEXT() REPRESENTATION_CONTEXT('2D SPACE',''
  ) );
#260 = PCURVE('',#227,#261);
#261 = DEFINITIONAL_REPRESENTATION('',(#262),#265);
#262 = B_SPLINE_CURVE_WITH_KNOTS('',1,(#263,#264),.UNSPECIFIED.,.F.,.F.,
  (2,2),(4.5,11.5),.PIECEWISE_BEZIER_KNOTS.);
#263 = CARTESIAN_POINT('',(0.,-26.));
#264 = CARTESIAN_POINT('',(7.,-26.));
#265 = ( GEOMETRIC_REPRESENTATION_CONTEXT(2) 
PARAMETRIC_REPRESENTATION_CONTEXT() REPRESENTATION_CONTEXT('2D SPACE',''
  ) );
#266 = ORIENTED_EDGE('',*,*,#267,.F.);
#267 = EDGE_CURVE('',#268,#247,#270,.T.);
#268 = VERTEX_POINT('',#269);
#269 = CARTESIAN_POINT('',(37.6,12.5,16.));
#270 = SURFACE_CURVE('',#271,(#276,#283),.PCURVE_S1.);
#271 = ELLIPSE('',#272,37.6,13.6);
#272 = AXIS2_PLACEMENT_3D('',#273,#274,#275);
#273 = CARTESIAN_POINT('',(0.,12.5,16.));
#274 = DIRECTION('',(0.,-1.,0.));
#275 = DIRECTION('',(1.,0.,0.));
#276 = PCURVE('',#89,#277);
#277 = DEFINITIONAL_REPRESENTATION('',(#278),#282);
#278 = ELLIPSE('',#279,37.6,13.6);
#279 = AXIS2_PLACEMENT_2D('',#280,#281);
#280 = CARTESIAN_POINT('',(-4.489444466148,4.622238179868E-17));
#281 = DIRECTION('',(1.,0.));
#282 = ( GEOMETRIC_REPRESENTATION_CONTEXT(2) 
PARAMETRIC_REPRESENTATION_CONTEXT() REPRESENTATION_CONTEXT('2D SPACE',''
  ) );
#283 = PCURVE('',#284,#292);
#284 = SURFACE_OF_LINEAR_EXTRUSION('',#285,#290);
#285 = ELLIPSE('',#286,37.6,13.6);
#286 = AXIS2_PLACEMENT_3D('',#287,#288,#289);
#287 = CARTESIAN_POINT('',(0.,12.5,16.));
#288 = DIRECTION('',(0.,-1.,0.));
#289 = DIRECTION('',(1.,0.,0.));
#290 = VECTOR('',#291,1.);
#291 = DIRECTION('',(-0.,1.,-0.));
#292 = DEFINITIONAL_REPRESENTATION('',(#293),#296);
#293 = B_SPLINE_CURVE_WITH_KNOTS('',1,(#294,#295),.UNSPECIFIED.,.F.,.F.,
  (2,2),(0.,1.041044559225),.PIECEWISE_BEZIER_KNOTS.);
#294 = CARTESIAN_POINT('',(6.28318530718,0.));
#295 = CARTESIAN_POINT('',(7.324229866404,0.));
#296 = ( GEOMETRIC_REPRESENTATION_CONTEXT(2) 
PARAMETRIC_REPRESENTATION_CONTEXT() REPRESENTATION_CONTEXT('2D SPACE',''
  ) );
#297 = ORIENTED_EDGE('',*,*,#298,.F.);
#298 = EDGE_CURVE('',#299,#268,#301,.T.);
#299 = VERTEX_POINT('',#300);
#300 = CARTESIAN_POINT('',(-19.,12.5,27.735882458324));
#301 = SURFACE_CURVE('',#302,(#307,#314),.PCURVE_S1.);
#302 = ELLIPSE('',#303,37.6,13.6);
#303 = AXIS2_PLACEMENT_3D('',#304,#305,#306);
#304 = CARTESIAN_POINT('',(0.,12.5,16.));
#305 = DIRECTION('',(0.,-1.,0.));
#306 = DIRECTION('',(1.,0.,0.));
#307 = PCURVE('',#89,#308);
#308 = DEFINITIONAL_REPRESENTATION('',(#309),#313);
#309 = ELLIPSE('',#310,37.6,13.6);
#310 = AXIS2_PLACEMENT_2D('',#311,#312);
#311 = CARTESIAN_POINT('',(-4.489444466148,4.622238179868E-17));
#312 = DIRECTION('',(1.,0.));
#313 = ( GEOMETRIC_REPRESENTATION_CONTEXT(2) 
PARAMETRIC_REPRESENTATION_CONTEXT() REPRESENTATION_CONTEXT('2D SPACE',''
  ) );
#314 = PCURVE('',#284,#315);
#315 = DEFINITIONAL_REPRESENTATION('',(#316),#319);
#316 = B_SPLINE_CURVE_WITH_KNOTS('',1,(#317,#318),.UNSPECIFIED.,.F.,.F.,
  (2,2),(2.100548094365,6.28318530718),.PIECEWISE_BEZIER_KNOTS.);
#317 = CARTESIAN_POINT('',(2.100548094365,0.));
#318 = CARTESIAN_POINT('',(6.28318530718,0.));
#319 = ( GEOMETRIC_REPRESENTATION_CONTEXT(2) 
PARAMETRIC_REPRESENTATION_CONTEXT() REPRESENTATION_CONTEXT('2D SPACE',''
  ) );
#320 = ORIENTED_EDGE('',*,*,#321,.T.);
#321 = EDGE_CURVE('',#299,#102,#322,.T.);
#322 = SURFACE_CURVE('',#323,(#327,#333),.PCURVE_S1.);
#323 = LINE('',#324,#325);
#324 = CARTESIAN_POINT('',(-19.,12.5,20.5));
#325 = VECTOR('',#326,1.);
#326 = DIRECTION('',(0.,0.,1.));
#327 = PCURVE('',#89,#328);
#328 = DEFINITIONAL_REPRESENTATION('',(#329),#332);
#329 = B_SPLINE_CURVE_WITH_KNOTS('',1,(#330,#331),.UNSPECIFIED.,.F.,.F.,
  (2,2),(4.5,11.5),.PIECEWISE_BEZIER_KNOTS.);
#330 = CARTESIAN_POINT('',(-23.48944446614,9.));
#331 = CARTESIAN_POINT('',(-23.48944446614,16.));
#332 = ( GEOMETRIC_REPRESENTATION_CONTEXT(2) 
PARAMETRIC_REPRESENTATION_CONTEXT() REPRESENTATION_CONTEXT('2D SPACE',''
  ) );
#333 = PCURVE('',#144,#334);
#334 = DEFINITIONAL_REPRESENTATION('',(#335),#338);
#335 = B_SPLINE_CURVE_WITH_KNOTS('',1,(#336,#337),.UNSPECIFIED.,.F.,.F.,
  (2,2),(4.5,11.5),.PIECEWISE_BEZIER_KNOTS.);
#336 = CARTESIAN_POINT('',(0.,-26.));
#337 = CARTESIAN_POINT('',(7.,-26.));
#338 = ( GEOMETRIC_REPRESENTATION_CONTEXT(2) 
PARAMETRIC_REPRESENTATION_CONTEXT() REPRESENTATION_CONTEXT('2D SPACE',''
  ) );
#339 = ADVANCED_FACE('',(#340),#227,.F.);
#340 = FACE_BOUND('',#341,.F.);
#341 = EDGE_LOOP('',(#342,#343,#364,#391));
#342 = ORIENTED_EDGE('',*,*,#209,.F.);
#343 = ORIENTED_EDGE('',*,*,#344,.F.);
#344 = EDGE_CURVE('',#345,#187,#347,.T.);
#345 = VERTEX_POINT('',#346);
#346 = CARTESIAN_POINT('',(19.,-12.5,27.735882458324));
#347 = SURFACE_CURVE('',#348,(#352,#358),.PCURVE_S1.);
#348 = LINE('',#349,#350);
#349 = CARTESIAN_POINT('',(19.,-12.5,20.5));
#350 = VECTOR('',#351,1.);
#351 = DIRECTION('',(0.,0.,1.));
#352 = PCURVE('',#227,#353);
#353 = DEFINITIONAL_REPRESENTATION('',(#354),#357);
#354 = B_SPLINE_CURVE_WITH_KNOTS('',1,(#355,#356),.UNSPECIFIED.,.F.,.F.,
  (2,2),(4.5,11.5),.PIECEWISE_BEZIER_KNOTS.);
#355 = CARTESIAN_POINT('',(0.,-1.));
#356 = CARTESIAN_POINT('',(7.,-1.));
#357 = ( GEOMETRIC_REPRESENTATION_CONTEXT(2) 
PARAMETRIC_REPRESENTATION_CONTEXT() REPRESENTATION_CONTEXT('2D SPACE',''
  ) );
#358 = PCURVE('',#174,#359);
#359 = DEFINITIONAL_REPRESENTATION('',(#360),#363);
#360 = B_SPLINE_CURVE_WITH_KNOTS('',1,(#361,#362),.UNSPECIFIED.,.F.,.F.,
  (2,2),(4.5,11.5),.PIECEWISE_BEZIER_KNOTS.);
#361 = CARTESIAN_POINT('',(14.510555533852,9.));
#362 = CARTESIAN_POINT('',(14.510555533852,16.));
#363 = ( GEOMETRIC_REPRESENTATION_CONTEXT(2) 
PARAMETRIC_REPRESENTATION_CONTEXT() REPRESENTATION_CONTEXT('2D SPACE',''
  ) );
#364 = ORIENTED_EDGE('',*,*,#365,.T.);
#365 = EDGE_CURVE('',#345,#247,#366,.T.);
#366 = SURFACE_CURVE('',#367,(#373,#382),.PCURVE_S1.);
#367 = B_SPLINE_CURVE_WITH_KNOTS('',4,(#368,#369,#370,#371,#372),
  .UNSPECIFIED.,.F.,.F.,(5,5),(0.,1.),.PIECEWISE_BEZIER_KNOTS.);
#368 = CARTESIAN_POINT('',(19.,-12.5000006,27.735882458324));
#369 = CARTESIAN_POINT('',(19.,-6.2500003,27.735882458324));
#370 = CARTESIAN_POINT('',(19.,8.881784197001E-15,27.735882458324));
#371 = CARTESIAN_POINT('',(19.,6.2500003,27.735882458324));
#372 = CARTESIAN_POINT('',(19.,12.5000006,27.735882458324));
#373 = PCURVE('',#227,#374);
#374 = DEFINITIONAL_REPRESENTATION('',(#375),#381);
#375 = B_SPLINE_CURVE_WITH_KNOTS('',4,(#376,#377,#378,#379,#380),
  .UNSPECIFIED.,.F.,.F.,(5,5),(0.,1.),.PIECEWISE_BEZIER_KNOTS.);
#376 = CARTESIAN_POINT('',(2.735882458324,-0.9999994));
#377 = CARTESIAN_POINT('',(2.735882458324,-7.2499997));
#378 = CARTESIAN_POINT('',(2.735882458324,-13.5));
#379 = CARTESIAN_POINT('',(2.735882458324,-19.7500003));
#380 = CARTESIAN_POINT('',(2.735882458324,-26.0000006));
#381 = ( GEOMETRIC_REPRESENTATION_CONTEXT(2) 
PARAMETRIC_REPRESENTATION_CONTEXT() REPRESENTATION_CONTEXT('2D SPACE',''
  ) );
#382 = PCURVE('',#284,#383);
#383 = DEFINITIONAL_REPRESENTATION('',(#384),#390);
#384 = B_SPLINE_CURVE_WITH_KNOTS('',4,(#385,#386,#387,#388,#389),
  .UNSPECIFIED.,.F.,.F.,(5,5),(2.399999884425E-08,0.999999976),
  .PIECEWISE_BEZIER_KNOTS.);
#385 = CARTESIAN_POINT('',(7.324229866404,-25.));
#386 = CARTESIAN_POINT('',(7.324229866404,-18.75));
#387 = CARTESIAN_POINT('',(7.324229866404,-12.5));
#388 = CARTESIAN_POINT('',(7.324229866404,-6.25));
#389 = CARTESIAN_POINT('',(7.324229866404,-8.223786910235E-16));
#390 = ( GEOMETRIC_REPRESENTATION_CONTEXT(2) 
PARAMETRIC_REPRESENTATION_CONTEXT() REPRESENTATION_CONTEXT('2D SPACE',''
  ) );
#391 = ORIENTED_EDGE('',*,*,#246,.T.);
#392 = ADVANCED_FACE('',(#393),#174,.T.);
#393 = FACE_BOUND('',#394,.T.);
#394 = EDGE_LOOP('',(#395,#396,#397,#398,#421,#444));
#395 = ORIENTED_EDGE('',*,*,#158,.T.);
#396 = ORIENTED_EDGE('',*,*,#186,.T.);
#397 = ORIENTED_EDGE('',*,*,#344,.F.);
#398 = ORIENTED_EDGE('',*,*,#399,.F.);
#399 = EDGE_CURVE('',#400,#345,#402,.T.);
#400 = VERTEX_POINT('',#401);
#401 = CARTESIAN_POINT('',(37.6,-12.5,16.));
#402 = SURFACE_CURVE('',#403,(#408,#415),.PCURVE_S1.);
#403 = ELLIPSE('',#404,37.6,13.6);
#404 = AXIS2_PLACEMENT_3D('',#405,#406,#407);
#405 = CARTESIAN_POINT('',(0.,-12.5,16.));
#406 = DIRECTION('',(0.,-1.,0.));
#407 = DIRECTION('',(1.,0.,0.));
#408 = PCURVE('',#174,#409);
#409 = DEFINITIONAL_REPRESENTATION('',(#410),#414);
#410 = ELLIPSE('',#411,37.6,13.6);
#411 = AXIS2_PLACEMENT_2D('',#412,#413);
#412 = CARTESIAN_POINT('',(-4.489444466148,4.622238179868E-17));
#413 = DIRECTION('',(1.,0.));
#414 = ( GEOMETRIC_REPRESENTATION_CONTEXT(2) 
PARAMETRIC_REPRESENTATION_CONTEXT() REPRESENTATION_CONTEXT('2D SPACE',''
  ) );
#415 = PCURVE('',#284,#416);
#416 = DEFINITIONAL_REPRESENTATION('',(#417),#420);
#417 = B_SPLINE_CURVE_WITH_KNOTS('',1,(#418,#419),.UNSPECIFIED.,.F.,.F.,
  (2,2),(0.,1.041044559225),.PIECEWISE_BEZIER_KNOTS.);
#418 = CARTESIAN_POINT('',(6.28318530718,-25.));
#419 = CARTESIAN_POINT('',(7.324229866404,-25.));
#420 = ( GEOMETRIC_REPRESENTATION_CONTEXT(2) 
PARAMETRIC_REPRESENTATION_CONTEXT() REPRESENTATION_CONTEXT('2D SPACE',''
  ) );
#421 = ORIENTED_EDGE('',*,*,#422,.F.);
#422 = EDGE_CURVE('',#423,#400,#425,.T.);
#423 = VERTEX_POINT('',#424);
#424 = CARTESIAN_POINT('',(-19.,-12.5,27.735882458324));
#425 = SURFACE_CURVE('',#426,(#431,#438),.PCURVE_S1.);
#426 = ELLIPSE('',#427,37.6,13.6);
#427 = AXIS2_PLACEMENT_3D('',#428,#429,#430);
#428 = CARTESIAN_POINT('',(0.,-12.5,16.));
#429 = DIRECTION('',(0.,-1.,0.));
#430 = DIRECTION('',(1.,0.,0.));
#431 = PCURVE('',#174,#432);
#432 = DEFINITIONAL_REPRESENTATION('',(#433),#437);
#433 = ELLIPSE('',#434,37.6,13.6);
#434 = AXIS2_PLACEMENT_2D('',#435,#436);
#435 = CARTESIAN_POINT('',(-4.489444466148,4.622238179868E-17));
#436 = DIRECTION('',(1.,0.));
#437 = ( GEOMETRIC_REPRESENTATION_CONTEXT(2) 
PARAMETRIC_REPRESENTATION_CONTEXT() REPRESENTATION_CONTEXT('2D SPACE',''
  ) );
#438 = PCURVE('',#284,#439);
#439 = DEFINITIONAL_REPRESENTATION('',(#440),#443);
#440 = B_SPLINE_CURVE_WITH_KNOTS('',1,(#441,#442),.UNSPECIFIED.,.F.,.F.,
  (2,2),(2.100548094365,6.28318530718),.PIECEWISE_BEZIER_KNOTS.);
#441 = CARTESIAN_POINT('',(2.100548094365,-25.));
#442 = CARTESIAN_POINT('',(6.28318530718,-25.));
#443 = ( GEOMETRIC_REPRESENTATION_CONTEXT(2) 
PARAMETRIC_REPRESENTATION_CONTEXT() REPRESENTATION_CONTEXT('2D SPACE',''
  ) );
#444 = ORIENTED_EDGE('',*,*,#445,.T.);
#445 = EDGE_CURVE('',#423,#125,#446,.T.);
#446 = SURFACE_CURVE('',#447,(#451,#457),.PCURVE_S1.);
#447 = LINE('',#448,#449);
#448 = CARTESIAN_POINT('',(-19.,-12.5,20.5));
#449 = VECTOR('',#450,1.);
#450 = DIRECTION('',(0.,0.,1.));
#451 = PCURVE('',#174,#452);
#452 = DEFINITIONAL_REPRESENTATION('',(#453),#456);
#453 = B_SPLINE_CURVE_WITH_KNOTS('',1,(#454,#455),.UNSPECIFIED.,.F.,.F.,
  (2,2),(4.5,11.5),.PIECEWISE_BEZIER_KNOTS.);
#454 = CARTESIAN_POINT('',(-23.48944446614,9.));
#455 = CARTESIAN_POINT('',(-23.48944446614,16.));
#456 = ( GEOMETRIC_REPRESENTATION_CONTEXT(2) 
PARAMETRIC_REPRESENTATION_CONTEXT() REPRESENTATION_CONTEXT('2D SPACE',''
  ) );
#457 = PCURVE('',#144,#458);
#458 = DEFINITIONAL_REPRESENTATION('',(#459),#462);
#459 = B_SPLINE_CURVE_WITH_KNOTS('',1,(#460,#461),.UNSPECIFIED.,.F.,.F.,
  (2,2),(4.5,11.5),.PIECEWISE_BEZIER_KNOTS.);
#460 = CARTESIAN_POINT('',(0.,-1.));
#461 = CARTESIAN_POINT('',(7.,-1.));
#462 = ( GEOMETRIC_REPRESENTATION_CONTEXT(2) 
PARAMETRIC_REPRESENTATION_CONTEXT() REPRESENTATION_CONTEXT('2D SPACE',''
  ) );
#463 = ADVANCED_FACE('',(#464),#144,.T.);
#464 = FACE_BOUND('',#465,.T.);
#465 = EDGE_LOOP('',(#466,#467,#468,#495));
#466 = ORIENTED_EDGE('',*,*,#124,.F.);
#467 = ORIENTED_EDGE('',*,*,#445,.F.);
#468 = ORIENTED_EDGE('',*,*,#469,.T.);
#469 = EDGE_CURVE('',#423,#299,#470,.T.);
#470 = SURFACE_CURVE('',#471,(#477,#486),.PCURVE_S1.);
#471 = B_SPLINE_CURVE_WITH_KNOTS('',4,(#472,#473,#474,#475,#476),
  .UNSPECIFIED.,.F.,.F.,(5,5),(0.,1.),.PIECEWISE_BEZIER_KNOTS.);
#472 = CARTESIAN_POINT('',(-19.,-12.5000006,27.735882458324));
#473 = CARTESIAN_POINT('',(-19.,-6.2500003,27.735882458324));
#474 = CARTESIAN_POINT('',(-19.,8.881784197001E-15,27.735882458324));
#475 = CARTESIAN_POINT('',(-19.,6.2500003,27.735882458324));
#476 = CARTESIAN_POINT('',(-19.,12.5000006,27.735882458324));
#477 = PCURVE('',#144,#478);
#478 = DEFINITIONAL_REPRESENTATION('',(#479),#485);
#479 = B_SPLINE_CURVE_WITH_KNOTS('',4,(#480,#481,#482,#483,#484),
  .UNSPECIFIED.,.F.,.F.,(5,5),(0.,1.),.PIECEWISE_BEZIER_KNOTS.);
#480 = CARTESIAN_POINT('',(2.735882458324,-0.9999994));
#481 = CARTESIAN_POINT('',(2.735882458324,-7.2499997));
#482 = CARTESIAN_POINT('',(2.735882458324,-13.5));
#483 = CARTESIAN_POINT('',(2.735882458324,-19.7500003));
#484 = CARTESIAN_POINT('',(2.735882458324,-26.0000006));
#485 = ( GEOMETRIC_REPRESENTATION_CONTEXT(2) 
PARAMETRIC_REPRESENTATION_CONTEXT() REPRESENTATION_CONTEXT('2D SPACE',''
  ) );
#486 = PCURVE('',#284,#487);
#487 = DEFINITIONAL_REPRESENTATION('',(#488),#494);
#488 = B_SPLINE_CURVE_WITH_KNOTS('',4,(#489,#490,#491,#492,#493),
  .UNSPECIFIED.,.F.,.F.,(5,5),(2.399999884425E-08,0.999999976),
  .PIECEWISE_BEZIER_KNOTS.);
#489 = CARTESIAN_POINT('',(2.100548094365,-25.));
#490 = CARTESIAN_POINT('',(2.100548094365,-18.75));
#491 = CARTESIAN_POINT('',(2.100548094365,-12.5));
#492 = CARTESIAN_POINT('',(2.100548094365,-6.25));
#493 = CARTESIAN_POINT('',(2.100548094365,-8.223786910235E-16));
#494 = ( GEOMETRIC_REPRESENTATION_CONTEXT(2) 
PARAMETRIC_REPRESENTATION_CONTEXT() REPRESENTATION_CONTEXT('2D SPACE',''
  ) );
#495 = ORIENTED_EDGE('',*,*,#321,.T.);
#496 = ADVANCED_FACE('',(#497),#284,.T.);
#497 = FACE_BOUND('',#498,.T.);
#498 = EDGE_LOOP('',(#499,#500,#501,#502,#503,#504));
#499 = ORIENTED_EDGE('',*,*,#422,.T.);
#500 = ORIENTED_EDGE('',*,*,#399,.T.);
#501 = ORIENTED_EDGE('',*,*,#365,.T.);
#502 = ORIENTED_EDGE('',*,*,#267,.F.);
#503 = ORIENTED_EDGE('',*,*,#298,.F.);
#504 = ORIENTED_EDGE('',*,*,#469,.F.);
#505 = ( GEOMETRIC_REPRESENTATION_CONTEXT(3) 
GLOBAL_UNCERTAINTY_ASSIGNED_CONTEXT((#509)) GLOBAL_UNIT_ASSIGNED_CONTEXT
((#506,#507,#508)) REPRESENTATION_CONTEXT('Context #1',
  '3D Context with UNIT and UNCERTAINTY') );
#506 = ( LENGTH_UNIT() NAMED_UNIT(*) SI_UNIT(.MILLI.,.METRE.) );
#507 = ( NAMED_UNIT(*) PLANE_ANGLE_UNIT() SI_UNIT($,.RADIAN.) );
#508 = ( NAMED_UNIT(*) SI_UNIT($,.STERADIAN.) SOLID_ANGLE_UNIT() );
#509 = UNCERTAINTY_MEASURE_WITH_UNIT(LENGTH_MEASURE(2.E-06),#506,
  'distance_accuracy_value','confusion accuracy');
#510 = CONTEXT_DEPENDENT_SHAPE_REPRESENTATION(#511,#513);
#511 = ( REPRESENTATION_RELATIONSHIP('','',#56,#10) 
REPRESENTATION_RELATIONSHIP_WITH_TRANSFORMATION(#512) 
SHAPE_REPRESENTATION_RELATIONSHIP() );
#512 = ITEM_DEFINED_TRANSFORMATION('','',#11,#15);
#513 = PRODUCT_DEFINITION_SHAPE('Placement','Placement of an item',#514
  );
#514 = NEXT_ASSEMBLY_USAGE_OCCURRENCE('1','fabric.1','',#5,#51,$);
#515 = PRODUCT_RELATED_PRODUCT_CATEGORY('part',$,(#53));
#516 = SHAPE_DEFINITION_REPRESENTATION(#517,#523);
#517 = PRODUCT_DEFINITION_SHAPE('','',#518);
#518 = PRODUCT_DEFINITION('design','',#519,#522);
#519 = PRODUCT_DEFINITION_FORMATION('','',#520);
#520 = PRODUCT('body.1','body.1','',(#521));
#521 = PRODUCT_CONTEXT('',#2,'mechanical');
#522 = PRODUCT_DEFINITION_CONTEXT('part definition',#2,'design');
#523 = ADVANCED_BREP_SHAPE_REPRESENTATION('',(#11,#524),#1218);
#524 = MANIFOLD_SOLID_BREP('',#525);
#525 = CLOSED_SHELL('',(#526,#671,#748,#836,#913,#1001,#1078,#1147,#1196
    ,#1207));
#526 = ADVANCED_FACE('',(#527),#541,.T.);
#527 = FACE_BOUND('',#528,.T.);
#528 = EDGE_LOOP('',(#529,#563,#604,#632));
#529 = ORIENTED_EDGE('',*,*,#530,.F.);
#530 = EDGE_CURVE('',#531,#533,#535,.T.);
#531 = VERTEX_POINT('',#532);
#532 = CARTESIAN_POINT('',(-21.5,-6.5,31.5));
#533 = VERTEX_POINT('',#534);
#534 = CARTESIAN_POINT('',(-21.5,6.5,31.5));
#535 = SURFACE_CURVE('',#536,(#540,#551),.PCURVE_S1.);
#536 = LINE('',#537,#538);
#537 = CARTESIAN_POINT('',(-21.5,0.,31.5));
#538 = VECTOR('',#539,1.);
#539 = DIRECTION('',(0.,1.,0.));
#540 = PCURVE('',#541,#546);
#541 = B_SPLINE_SURFACE_WITH_KNOTS('',1,1,(
    (#542,#543)
    ,(#544,#545
  )),.UNSPECIFIED.,.F.,.F.,.F.,(2,2),(2,2),(-7.,7.),(0.,1.),
  .PIECEWISE_BEZIER_KNOTS.);
#542 = CARTESIAN_POINT('',(-21.5,6.5,31.5));
#543 = CARTESIAN_POINT('',(-22.,7.,35.7));
#544 = CARTESIAN_POINT('',(-21.5,-6.5,31.5));
#545 = CARTESIAN_POINT('',(-22.,-7.,35.7));
#546 = DEFINITIONAL_REPRESENTATION('',(#547),#550);
#547 = B_SPLINE_CURVE_WITH_KNOTS('',1,(#548,#549),.UNSPECIFIED.,.F.,.F.,
  (2,2),(-6.5,6.5),.PIECEWISE_BEZIER_KNOTS.);
#548 = CARTESIAN_POINT('',(7.,0.));
#549 = CARTESIAN_POINT('',(-7.,0.));
#550 = ( GEOMETRIC_REPRESENTATION_CONTEXT(2) 
PARAMETRIC_REPRESENTATION_CONTEXT() REPRESENTATION_CONTEXT('2D SPACE',''
  ) );
#551 = PCURVE('',#552,#557);
#552 = PLANE('',#553);
#553 = AXIS2_PLACEMENT_3D('',#554,#555,#556);
#554 = CARTESIAN_POINT('',(-13.5,-6.5,31.5));
#555 = DIRECTION('',(0.,0.,1.));
#556 = DIRECTION('',(1.,0.,0.));
#557 = DEFINITIONAL_REPRESENTATION('',(#558),#562);
#558 = LINE('',#559,#560);
#559 = CARTESIAN_POINT('',(-8.,6.5));
#560 = VECTOR('',#561,1.);
#561 = DIRECTION('',(0.,1.));
#562 = ( GEOMETRIC_REPRESENTATION_CONTEXT(2) 
PARAMETRIC_REPRESENTATION_CONTEXT() REPRESENTATION_CONTEXT('2D SPACE',''
  ) );
#563 = ORIENTED_EDGE('',*,*,#564,.T.);
#564 = EDGE_CURVE('',#531,#565,#567,.T.);
#565 = VERTEX_POINT('',#566);
#566 = CARTESIAN_POINT('',(-22.,-7.,35.7));
#567 = SURFACE_CURVE('',#568,(#571,#578),.PCURVE_S1.);
#568 = B_SPLINE_CURVE_WITH_KNOTS('',1,(#569,#570),.UNSPECIFIED.,.F.,.F.,
  (2,2),(0.,1.),.PIECEWISE_BEZIER_KNOTS.);
#569 = CARTESIAN_POINT('',(-21.5,-6.5,31.5));
#570 = CARTESIAN_POINT('',(-22.,-7.,35.7));
#571 = PCURVE('',#541,#572);
#572 = DEFINITIONAL_REPRESENTATION('',(#573),#577);
#573 = LINE('',#574,#575);
#574 = CARTESIAN_POINT('',(7.,0.));
#575 = VECTOR('',#576,1.);
#576 = DIRECTION('',(0.,1.));
#577 = ( GEOMETRIC_REPRESENTATION_CONTEXT(2) 
PARAMETRIC_REPRESENTATION_CONTEXT() REPRESENTATION_CONTEXT('2D SPACE',''
  ) );
#578 = PCURVE('',#579,#598);
#579 = B_SPLINE_SURFACE_WITH_KNOTS('',8,1,(
    (#580,#581)
    ,(#582,#583)
    ,(#584,#585)
    ,(#586,#587)
    ,(#588,#589)
    ,(#590,#591)
    ,(#592,#593)
    ,(#594,#595)
    ,(#596,#597
    )),.UNSPECIFIED.,.F.,.F.,.F.,(9,9),(2,2),(3.14159265359,
    4.712388980385),(0.,1.),.PIECEWISE_BEZIER_KNOTS.);
#580 = CARTESIAN_POINT('',(-21.5,-6.5,31.5));
#581 = CARTESIAN_POINT('',(-22.,-7.,35.7));
#582 = CARTESIAN_POINT('',(-21.5,-8.070796326795,31.499999999999));
#583 = CARTESIAN_POINT('',(-22.,-8.570796326795,35.7));
#584 = CARTESIAN_POINT('',(-21.14751368831,-9.641593148034,
    31.500000000002));
#585 = CARTESIAN_POINT('',(-21.64751368831,-10.14159314803,35.7));
#586 = CARTESIAN_POINT('',(-20.44254452697,-11.12010587468,
    31.499999999997));
#587 = CARTESIAN_POINT('',(-20.94254452697,-11.62010587468,
    35.700000000001));
#588 = CARTESIAN_POINT('',(-19.41407004624,-12.41407004624,
    31.500000000003));
#589 = CARTESIAN_POINT('',(-19.91407004623,-12.91407004623,
    35.699999999999));
#590 = CARTESIAN_POINT('',(-18.12010587468,-13.44254452697,
    31.499999999998));
#591 = CARTESIAN_POINT('',(-18.62010587468,-13.94254452697,
    35.700000000001));
#592 = CARTESIAN_POINT('',(-16.64159314803,-14.14751368831,
    31.500000000001));
#593 = CARTESIAN_POINT('',(-17.14159314803,-14.64751368831,35.7));
#594 = CARTESIAN_POINT('',(-15.07079632679,-14.5,31.5));
#595 = CARTESIAN_POINT('',(-15.57079632679,-15.,35.7));
#596 = CARTESIAN_POINT('',(-13.5,-14.5,31.5));
#597 = CARTESIAN_POINT('',(-14.,-15.,35.7));
#598 = DEFINITIONAL_REPRESENTATION('',(#599),#603);
#599 = LINE('',#600,#601);
#600 = CARTESIAN_POINT('',(3.14159265359,0.));
#601 = VECTOR('',#602,1.);
#602 = DIRECTION('',(0.,1.));
#603 = ( GEOMETRIC_REPRESENTATION_CONTEXT(2) 
PARAMETRIC_REPRESENTATION_CONTEXT() REPRESENTATION_CONTEXT('2D SPACE',''
  ) );
#604 = ORIENTED_EDGE('',*,*,#605,.T.);
#605 = EDGE_CURVE('',#565,#606,#608,.T.);
#606 = VERTEX_POINT('',#607);
#607 = CARTESIAN_POINT('',(-22.,7.,35.7));
#608 = SURFACE_CURVE('',#609,(#613,#620),.PCURVE_S1.);
#609 = LINE('',#610,#611);
#610 = CARTESIAN_POINT('',(-22.,0.,35.7));
#611 = VECTOR('',#612,1.);
#612 = DIRECTION('',(0.,1.,0.));
#613 = PCURVE('',#541,#614);
#614 = DEFINITIONAL_REPRESENTATION('',(#615),#619);
#615 = LINE('',#616,#617);
#616 = CARTESIAN_POINT('',(0.,1.));
#617 = VECTOR('',#618,1.);
#618 = DIRECTION('',(-1.,0.));
#619 = ( GEOMETRIC_REPRESENTATION_CONTEXT(2) 
PARAMETRIC_REPRESENTATION_CONTEXT() REPRESENTATION_CONTEXT('2D SPACE',''
  ) );
#620 = PCURVE('',#621,#626);
#621 = PLANE('',#622);
#622 = AXIS2_PLACEMENT_3D('',#623,#624,#625);
#623 = CARTESIAN_POINT('',(-14.,-7.,35.7));
#624 = DIRECTION('',(0.,0.,-1.));
#625 = DIRECTION('',(-1.,0.,0.));
#626 = DEFINITIONAL_REPRESENTATION('',(#627),#631);
#627 = LINE('',#628,#629);
#628 = CARTESIAN_POINT('',(8.,7.));
#629 = VECTOR('',#630,1.);
#630 = DIRECTION('',(0.,1.));
#631 = ( GEOMETRIC_REPRESENTATION_CONTEXT(2) 
PARAMETRIC_REPRESENTATION_CONTEXT() REPRESENTATION_CONTEXT('2D SPACE',''
  ) );
#632 = ORIENTED_EDGE('',*,*,#633,.F.);
#633 = EDGE_CURVE('',#533,#606,#634,.T.);
#634 = SURFACE_CURVE('',#635,(#638,#645),.PCURVE_S1.);
#635 = B_SPLINE_CURVE_WITH_KNOTS('',1,(#636,#637),.UNSPECIFIED.,.F.,.F.,
  (2,2),(0.,1.),.PIECEWISE_BEZIER_KNOTS.);
#636 = CARTESIAN_POINT('',(-21.5,6.5,31.5));
#637 = CARTESIAN_POINT('',(-22.,7.,35.7));
#638 = PCURVE('',#541,#639);
#639 = DEFINITIONAL_REPRESENTATION('',(#640),#644);
#640 = LINE('',#641,#642);
#641 = CARTESIAN_POINT('',(-7.,0.));
#642 = VECTOR('',#643,1.);
#643 = DIRECTION('',(0.,1.));
#644 = ( GEOMETRIC_REPRESENTATION_CONTEXT(2) 
PARAMETRIC_REPRESENTATION_CONTEXT() REPRESENTATION_CONTEXT('2D SPACE',''
  ) );
#645 = PCURVE('',#646,#665);
#646 = B_SPLINE_SURFACE_WITH_KNOTS('',8,1,(
    (#647,#648)
    ,(#649,#650)
    ,(#651,#652)
    ,(#653,#654)
    ,(#655,#656)
    ,(#657,#658)
    ,(#659,#660)
    ,(#661,#662)
    ,(#663,#664
    )),.UNSPECIFIED.,.F.,.F.,.F.,(9,9),(2,2),(1.570796326795,
    3.14159265359),(0.,1.),.PIECEWISE_BEZIER_KNOTS.);
#647 = CARTESIAN_POINT('',(-13.5,14.5,31.5));
#648 = CARTESIAN_POINT('',(-14.,15.,35.7));
#649 = CARTESIAN_POINT('',(-15.07079632679,14.5,31.5));
#650 = CARTESIAN_POINT('',(-15.57079632679,15.,35.699999999999));
#651 = CARTESIAN_POINT('',(-16.64159314803,14.147513688311,
    31.500000000001));
#652 = CARTESIAN_POINT('',(-17.14159314803,14.647513688311,
    35.700000000002));
#653 = CARTESIAN_POINT('',(-18.12010587468,13.442544526971,
    31.499999999999));
#654 = CARTESIAN_POINT('',(-18.62010587467,13.942544526971,
    35.699999999996));
#655 = CARTESIAN_POINT('',(-19.41407004624,12.41407004624,
    31.500000000001));
#656 = CARTESIAN_POINT('',(-19.91407004624,12.91407004624,
    35.700000000004));
#657 = CARTESIAN_POINT('',(-20.44254452697,11.12010587468,
    31.499999999999));
#658 = CARTESIAN_POINT('',(-20.94254452697,11.62010587468,
    35.699999999997));
#659 = CARTESIAN_POINT('',(-21.14751368831,9.641593148034,31.5));
#660 = CARTESIAN_POINT('',(-21.64751368831,10.141593148034,
    35.700000000002));
#661 = CARTESIAN_POINT('',(-21.5,8.070796326795,31.5));
#662 = CARTESIAN_POINT('',(-22.,8.570796326795,35.7));
#663 = CARTESIAN_POINT('',(-21.5,6.5,31.5));
#664 = CARTESIAN_POINT('',(-22.,7.,35.7));
#665 = DEFINITIONAL_REPRESENTATION('',(#666),#670);
#666 = LINE('',#667,#668);
#667 = CARTESIAN_POINT('',(3.14159265359,0.));
#668 = VECTOR('',#669,1.);
#669 = DIRECTION('',(0.,1.));
#670 = ( GEOMETRIC_REPRESENTATION_CONTEXT(2) 
PARAMETRIC_REPRESENTATION_CONTEXT() REPRESENTATION_CONTEXT('2D SPACE',''
  ) );
#671 = ADVANCED_FACE('',(#672),#579,.T.);
#672 = FACE_BOUND('',#673,.T.);
#673 = EDGE_LOOP('',(#674,#698,#725,#747));
#674 = ORIENTED_EDGE('',*,*,#675,.T.);
#675 = EDGE_CURVE('',#531,#676,#678,.T.);
#676 = VERTEX_POINT('',#677);
#677 = CARTESIAN_POINT('',(-13.5,-14.5,31.5));
#678 = SURFACE_CURVE('',#679,(#684,#691),.PCURVE_S1.);
#679 = CIRCLE('',#680,8.);
#680 = AXIS2_PLACEMENT_3D('',#681,#682,#683);
#681 = CARTESIAN_POINT('',(-13.5,-6.5,31.5));
#682 = DIRECTION('',(0.,0.,1.));
#683 = DIRECTION('',(1.,0.,0.));
#684 = PCURVE('',#579,#685);
#685 = DEFINITIONAL_REPRESENTATION('',(#686),#690);
#686 = LINE('',#687,#688);
#687 = CARTESIAN_POINT('',(0.,0.));
#688 = VECTOR('',#689,1.);
#689 = DIRECTION('',(1.,0.));
#690 = ( GEOMETRIC_REPRESENTATION_CONTEXT(2) 
PARAMETRIC_REPRESENTATION_CONTEXT() REPRESENTATION_CONTEXT('2D SPACE',''
  ) );
#691 = PCURVE('',#552,#692);
#692 = DEFINITIONAL_REPRESENTATION('',(#693),#697);
#693 = CIRCLE('',#694,8.);
#694 = AXIS2_PLACEMENT_2D('',#695,#696);
#695 = CARTESIAN_POINT('',(0.,0.));
#696 = DIRECTION('',(1.,0.));
#697 = ( GEOMETRIC_REPRESENTATION_CONTEXT(2) 
PARAMETRIC_REPRESENTATION_CONTEXT() REPRESENTATION_CONTEXT('2D SPACE',''
  ) );
#698 = ORIENTED_EDGE('',*,*,#699,.T.);
#699 = EDGE_CURVE('',#676,#700,#702,.T.);
#700 = VERTEX_POINT('',#701);
#701 = CARTESIAN_POINT('',(-14.,-15.,35.7));
#702 = SURFACE_CURVE('',#703,(#706,#713),.PCURVE_S1.);
#703 = B_SPLINE_CURVE_WITH_KNOTS('',1,(#704,#705),.UNSPECIFIED.,.F.,.F.,
  (2,2),(0.,1.),.PIECEWISE_BEZIER_KNOTS.);
#704 = CARTESIAN_POINT('',(-13.5,-14.5,31.5));
#705 = CARTESIAN_POINT('',(-14.,-15.,35.7));
#706 = PCURVE('',#579,#707);
#707 = DEFINITIONAL_REPRESENTATION('',(#708),#712);
#708 = LINE('',#709,#710);
#709 = CARTESIAN_POINT('',(4.712388980385,0.));
#710 = VECTOR('',#711,1.);
#711 = DIRECTION('',(0.,1.));
#712 = ( GEOMETRIC_REPRESENTATION_CONTEXT(2) 
PARAMETRIC_REPRESENTATION_CONTEXT() REPRESENTATION_CONTEXT('2D SPACE',''
  ) );
#713 = PCURVE('',#714,#719);
#714 = B_SPLINE_SURFACE_WITH_KNOTS('',1,1,(
    (#715,#716)
    ,(#717,#718
    )),.UNSPECIFIED.,.F.,.F.,.F.,(2,2),(2,2),(-14.,14.),(0.,1.),
  .PIECEWISE_BEZIER_KNOTS.);
#715 = CARTESIAN_POINT('',(-13.5,-14.5,31.5));
#716 = CARTESIAN_POINT('',(-14.,-15.,35.7));
#717 = CARTESIAN_POINT('',(13.5,-14.5,31.5));
#718 = CARTESIAN_POINT('',(14.,-15.,35.7));
#719 = DEFINITIONAL_REPRESENTATION('',(#720),#724);
#720 = LINE('',#721,#722);
#721 = CARTESIAN_POINT('',(-14.,0.));
#722 = VECTOR('',#723,1.);
#723 = DIRECTION('',(0.,1.));
#724 = ( GEOMETRIC_REPRESENTATION_CONTEXT(2) 
PARAMETRIC_REPRESENTATION_CONTEXT() REPRESENTATION_CONTEXT('2D SPACE',''
  ) );
#725 = ORIENTED_EDGE('',*,*,#726,.T.);
#726 = EDGE_CURVE('',#700,#565,#727,.T.);
#727 = SURFACE_CURVE('',#728,(#733,#740),.PCURVE_S1.);
#728 = CIRCLE('',#729,8.);
#729 = AXIS2_PLACEMENT_3D('',#730,#731,#732);
#730 = CARTESIAN_POINT('',(-14.,-7.,35.7));
#731 = DIRECTION('',(0.,0.,-1.));
#732 = DIRECTION('',(-1.,0.,0.));
#733 = PCURVE('',#579,#734);
#734 = DEFINITIONAL_REPRESENTATION('',(#735),#739);
#735 = LINE('',#736,#737);
#736 = CARTESIAN_POINT('',(9.424777960769,1.));
#737 = VECTOR('',#738,1.);
#738 = DIRECTION('',(-1.,0.));
#739 = ( GEOMETRIC_REPRESENTATION_CONTEXT(2) 
PARAMETRIC_REPRESENTATION_CONTEXT() REPRESENTATION_CONTEXT('2D SPACE',''
  ) );
#740 = PCURVE('',#621,#741);
#741 = DEFINITIONAL_REPRESENTATION('',(#742),#746);
#742 = CIRCLE('',#743,8.);
#743 = AXIS2_PLACEMENT_2D('',#744,#745);
#744 = CARTESIAN_POINT('',(0.,0.));
#745 = DIRECTION('',(1.,0.));
#746 = ( GEOMETRIC_REPRESENTATION_CONTEXT(2) 
PARAMETRIC_REPRESENTATION_CONTEXT() REPRESENTATION_CONTEXT('2D SPACE',''
  ) );
#747 = ORIENTED_EDGE('',*,*,#564,.F.);
#748 = ADVANCED_FACE('',(#749),#714,.T.);
#749 = FACE_BOUND('',#750,.T.);
#750 = EDGE_LOOP('',(#751,#773,#814,#835));
#751 = ORIENTED_EDGE('',*,*,#752,.T.);
#752 = EDGE_CURVE('',#676,#753,#755,.T.);
#753 = VERTEX_POINT('',#754);
#754 = CARTESIAN_POINT('',(13.5,-14.5,31.5));
#755 = SURFACE_CURVE('',#756,(#760,#766),.PCURVE_S1.);
#756 = LINE('',#757,#758);
#757 = CARTESIAN_POINT('',(0.,-14.5,31.5));
#758 = VECTOR('',#759,1.);
#759 = DIRECTION('',(1.,0.,0.));
#760 = PCURVE('',#714,#761);
#761 = DEFINITIONAL_REPRESENTATION('',(#762),#765);
#762 = B_SPLINE_CURVE_WITH_KNOTS('',1,(#763,#764),.UNSPECIFIED.,.F.,.F.,
  (2,2),(-13.5,13.5),.PIECEWISE_BEZIER_KNOTS.);
#763 = CARTESIAN_POINT('',(-14.,0.));
#764 = CARTESIAN_POINT('',(14.,0.));
#765 = ( GEOMETRIC_REPRESENTATION_CONTEXT(2) 
PARAMETRIC_REPRESENTATION_CONTEXT() REPRESENTATION_CONTEXT('2D SPACE',''
  ) );
#766 = PCURVE('',#552,#767);
#767 = DEFINITIONAL_REPRESENTATION('',(#768),#772);
#768 = LINE('',#769,#770);
#769 = CARTESIAN_POINT('',(13.5,-8.));
#770 = VECTOR('',#771,1.);
#771 = DIRECTION('',(1.,0.));
#772 = ( GEOMETRIC_REPRESENTATION_CONTEXT(2) 
PARAMETRIC_REPRESENTATION_CONTEXT() REPRESENTATION_CONTEXT('2D SPACE',''
  ) );
#773 = ORIENTED_EDGE('',*,*,#774,.T.);
#774 = EDGE_CURVE('',#753,#775,#777,.T.);
#775 = VERTEX_POINT('',#776);
#776 = CARTESIAN_POINT('',(14.,-15.,35.7));
#777 = SURFACE_CURVE('',#778,(#781,#788),.PCURVE_S1.);
#778 = B_SPLINE_CURVE_WITH_KNOTS('',1,(#779,#780),.UNSPECIFIED.,.F.,.F.,
  (2,2),(0.,1.),.PIECEWISE_BEZIER_KNOTS.);
#779 = CARTESIAN_POINT('',(13.5,-14.5,31.5));
#780 = CARTESIAN_POINT('',(14.,-15.,35.7));
#781 = PCURVE('',#714,#782);
#782 = DEFINITIONAL_REPRESENTATION('',(#783),#787);
#783 = LINE('',#784,#785);
#784 = CARTESIAN_POINT('',(14.,0.));
#785 = VECTOR('',#786,1.);
#786 = DIRECTION('',(0.,1.));
#787 = ( GEOMETRIC_REPRESENTATION_CONTEXT(2) 
PARAMETRIC_REPRESENTATION_CONTEXT() REPRESENTATION_CONTEXT('2D SPACE',''
  ) );
#788 = PCURVE('',#789,#808);
#789 = B_SPLINE_SURFACE_WITH_KNOTS('',8,1,(
    (#790,#791)
    ,(#792,#793)
    ,(#794,#795)
    ,(#796,#797)
    ,(#798,#799)
    ,(#800,#801)
    ,(#802,#803)
    ,(#804,#805)
    ,(#806,#807
    )),.UNSPECIFIED.,.F.,.F.,.F.,(9,9),(2,2),(4.712388980385,
    6.28318530718),(0.,1.),.PIECEWISE_BEZIER_KNOTS.);
#790 = CARTESIAN_POINT('',(13.5,-14.5,31.5));
#791 = CARTESIAN_POINT('',(14.,-15.,35.7));
#792 = CARTESIAN_POINT('',(15.070796326795,-14.5,31.5));
#793 = CARTESIAN_POINT('',(15.570796326795,-15.,35.7));
#794 = CARTESIAN_POINT('',(16.641593148035,-14.14751368831,
    31.500000000001));
#795 = CARTESIAN_POINT('',(17.141593148034,-14.64751368831,35.7));
#796 = CARTESIAN_POINT('',(18.120105874679,-13.44254452697,
    31.499999999998));
#797 = CARTESIAN_POINT('',(18.62010587468,-13.94254452697,
    35.699999999999));
#798 = CARTESIAN_POINT('',(19.414070046241,-12.41407004624,
    31.500000000002));
#799 = CARTESIAN_POINT('',(19.91407004624,-12.91407004624,
    35.700000000001));
#800 = CARTESIAN_POINT('',(20.44254452697,-11.12010587468,
    31.499999999999));
#801 = CARTESIAN_POINT('',(20.942544526971,-11.62010587468,35.7));
#802 = CARTESIAN_POINT('',(21.147513688311,-9.641593148034,
    31.500000000001));
#803 = CARTESIAN_POINT('',(21.647513688311,-10.14159314803,35.7));
#804 = CARTESIAN_POINT('',(21.5,-8.070796326795,31.5));
#805 = CARTESIAN_POINT('',(22.,-8.570796326795,35.7));
#806 = CARTESIAN_POINT('',(21.5,-6.5,31.5));
#807 = CARTESIAN_POINT('',(22.,-7.,35.7));
#808 = DEFINITIONAL_REPRESENTATION('',(#809),#813);
#809 = LINE('',#810,#811);
#810 = CARTESIAN_POINT('',(4.712388980385,0.));
#811 = VECTOR('',#812,1.);
#812 = DIRECTION('',(0.,1.));
#813 = ( GEOMETRIC_REPRESENTATION_CONTEXT(2) 
PARAMETRIC_REPRESENTATION_CONTEXT() REPRESENTATION_CONTEXT('2D SPACE',''
  ) );
#814 = ORIENTED_EDGE('',*,*,#815,.F.);
#815 = EDGE_CURVE('',#700,#775,#816,.T.);
#816 = SURFACE_CURVE('',#817,(#821,#828),.PCURVE_S1.);
#817 = LINE('',#818,#819);
#818 = CARTESIAN_POINT('',(0.,-15.,35.7));
#819 = VECTOR('',#820,1.);
#820 = DIRECTION('',(1.,0.,0.));
#821 = PCURVE('',#714,#822);
#822 = DEFINITIONAL_REPRESENTATION('',(#823),#827);
#823 = LINE('',#824,#825);
#824 = CARTESIAN_POINT('',(0.,1.));
#825 = VECTOR('',#826,1.);
#826 = DIRECTION('',(1.,0.));
#827 = ( GEOMETRIC_REPRESENTATION_CONTEXT(2) 
PARAMETRIC_REPRESENTATION_CONTEXT() REPRESENTATION_CONTEXT('2D SPACE',''
  ) );
#828 = PCURVE('',#621,#829);
#829 = DEFINITIONAL_REPRESENTATION('',(#830),#834);
#830 = LINE('',#831,#832);
#831 = CARTESIAN_POINT('',(-14.,-8.));
#832 = VECTOR('',#833,1.);
#833 = DIRECTION('',(-1.,0.));
#834 = ( GEOMETRIC_REPRESENTATION_CONTEXT(2) 
PARAMETRIC_REPRESENTATION_CONTEXT() REPRESENTATION_CONTEXT('2D SPACE',''
  ) );
#835 = ORIENTED_EDGE('',*,*,#699,.F.);
#836 = ADVANCED_FACE('',(#837),#789,.T.);
#837 = FACE_BOUND('',#838,.T.);
#838 = EDGE_LOOP('',(#839,#863,#890,#912));
#839 = ORIENTED_EDGE('',*,*,#840,.T.);
#840 = EDGE_CURVE('',#753,#841,#843,.T.);
#841 = VERTEX_POINT('',#842);
#842 = CARTESIAN_POINT('',(21.5,-6.5,31.5));
#843 = SURFACE_CURVE('',#844,(#849,#856),.PCURVE_S1.);
#844 = CIRCLE('',#845,8.);
#845 = AXIS2_PLACEMENT_3D('',#846,#847,#848);
#846 = CARTESIAN_POINT('',(13.5,-6.5,31.5));
#847 = DIRECTION('',(0.,0.,1.));
#848 = DIRECTION('',(1.,0.,0.));
#849 = PCURVE('',#789,#850);
#850 = DEFINITIONAL_REPRESENTATION('',(#851),#855);
#851 = LINE('',#852,#853);
#852 = CARTESIAN_POINT('',(0.,0.));
#853 = VECTOR('',#854,1.);
#854 = DIRECTION('',(1.,0.));
#855 = ( GEOMETRIC_REPRESENTATION_CONTEXT(2) 
PARAMETRIC_REPRESENTATION_CONTEXT() REPRESENTATION_CONTEXT('2D SPACE',''
  ) );
#856 = PCURVE('',#552,#857);
#857 = DEFINITIONAL_REPRESENTATION('',(#858),#862);
#858 = CIRCLE('',#859,8.);
#859 = AXIS2_PLACEMENT_2D('',#860,#861);
#860 = CARTESIAN_POINT('',(27.,0.));
#861 = DIRECTION('',(1.,0.));
#862 = ( GEOMETRIC_REPRESENTATION_CONTEXT(2) 
PARAMETRIC_REPRESENTATION_CONTEXT() REPRESENTATION_CONTEXT('2D SPACE',''
  ) );
#863 = ORIENTED_EDGE('',*,*,#864,.T.);
#864 = EDGE_CURVE('',#841,#865,#867,.T.);
#865 = VERTEX_POINT('',#866);
#866 = CARTESIAN_POINT('',(22.,-7.,35.7));
#867 = SURFACE_CURVE('',#868,(#871,#878),.PCURVE_S1.);
#868 = B_SPLINE_CURVE_WITH_KNOTS('',1,(#869,#870),.UNSPECIFIED.,.F.,.F.,
  (2,2),(0.,1.),.PIECEWISE_BEZIER_KNOTS.);
#869 = CARTESIAN_POINT('',(21.5,-6.5,31.5));
#870 = CARTESIAN_POINT('',(22.,-7.,35.7));
#871 = PCURVE('',#789,#872);
#872 = DEFINITIONAL_REPRESENTATION('',(#873),#877);
#873 = LINE('',#874,#875);
#874 = CARTESIAN_POINT('',(6.28318530718,0.));
#875 = VECTOR('',#876,1.);
#876 = DIRECTION('',(0.,1.));
#877 = ( GEOMETRIC_REPRESENTATION_CONTEXT(2) 
PARAMETRIC_REPRESENTATION_CONTEXT() REPRESENTATION_CONTEXT('2D SPACE',''
  ) );
#878 = PCURVE('',#879,#884);
#879 = B_SPLINE_SURFACE_WITH_KNOTS('',1,1,(
    (#880,#881)
    ,(#882,#883
  )),.UNSPECIFIED.,.F.,.F.,.F.,(2,2),(2,2),(-7.,7.),(0.,1.),
  .PIECEWISE_BEZIER_KNOTS.);
#880 = CARTESIAN_POINT('',(21.5,-6.5,31.5));
#881 = CARTESIAN_POINT('',(22.,-7.,35.7));
#882 = CARTESIAN_POINT('',(21.5,6.5,31.5));
#883 = CARTESIAN_POINT('',(22.,7.,35.7));
#884 = DEFINITIONAL_REPRESENTATION('',(#885),#889);
#885 = LINE('',#886,#887);
#886 = CARTESIAN_POINT('',(-7.,0.));
#887 = VECTOR('',#888,1.);
#888 = DIRECTION('',(0.,1.));
#889 = ( GEOMETRIC_REPRESENTATION_CONTEXT(2) 
PARAMETRIC_REPRESENTATION_CONTEXT() REPRESENTATION_CONTEXT('2D SPACE',''
  ) );
#890 = ORIENTED_EDGE('',*,*,#891,.T.);
#891 = EDGE_CURVE('',#865,#775,#892,.T.);
#892 = SURFACE_CURVE('',#893,(#898,#905),.PCURVE_S1.);
#893 = CIRCLE('',#894,8.);
#894 = AXIS2_PLACEMENT_3D('',#895,#896,#897);
#895 = CARTESIAN_POINT('',(14.,-7.,35.7));
#896 = DIRECTION('',(0.,0.,-1.));
#897 = DIRECTION('',(-1.,0.,0.));
#898 = PCURVE('',#789,#899);
#899 = DEFINITIONAL_REPRESENTATION('',(#900),#904);
#900 = LINE('',#901,#902);
#901 = CARTESIAN_POINT('',(9.424777960769,1.));
#902 = VECTOR('',#903,1.);
#903 = DIRECTION('',(-1.,0.));
#904 = ( GEOMETRIC_REPRESENTATION_CONTEXT(2) 
PARAMETRIC_REPRESENTATION_CONTEXT() REPRESENTATION_CONTEXT('2D SPACE',''
  ) );
#905 = PCURVE('',#621,#906);
#906 = DEFINITIONAL_REPRESENTATION('',(#907),#911);
#907 = CIRCLE('',#908,8.);
#908 = AXIS2_PLACEMENT_2D('',#909,#910);
#909 = CARTESIAN_POINT('',(-28.,0.));
#910 = DIRECTION('',(1.,0.));
#911 = ( GEOMETRIC_REPRESENTATION_CONTEXT(2) 
PARAMETRIC_REPRESENTATION_CONTEXT() REPRESENTATION_CONTEXT('2D SPACE',''
  ) );
#912 = ORIENTED_EDGE('',*,*,#774,.F.);
#913 = ADVANCED_FACE('',(#914),#879,.T.);
#914 = FACE_BOUND('',#915,.T.);
#915 = EDGE_LOOP('',(#916,#938,#979,#1000));
#916 = ORIENTED_EDGE('',*,*,#917,.T.);
#917 = EDGE_CURVE('',#841,#918,#920,.T.);
#918 = VERTEX_POINT('',#919);
#919 = CARTESIAN_POINT('',(21.5,6.5,31.5));
#920 = SURFACE_CURVE('',#921,(#925,#931),.PCURVE_S1.);
#921 = LINE('',#922,#923);
#922 = CARTESIAN_POINT('',(21.5,0.,31.5));
#923 = VECTOR('',#924,1.);
#924 = DIRECTION('',(0.,1.,0.));
#925 = PCURVE('',#879,#926);
#926 = DEFINITIONAL_REPRESENTATION('',(#927),#930);
#927 = B_SPLINE_CURVE_WITH_KNOTS('',1,(#928,#929),.UNSPECIFIED.,.F.,.F.,
  (2,2),(-6.5,6.5),.PIECEWISE_BEZIER_KNOTS.);
#928 = CARTESIAN_POINT('',(-7.,0.));
#929 = CARTESIAN_POINT('',(7.,0.));
#930 = ( GEOMETRIC_REPRESENTATION_CONTEXT(2) 
PARAMETRIC_REPRESENTATION_CONTEXT() REPRESENTATION_CONTEXT('2D SPACE',''
  ) );
#931 = PCURVE('',#552,#932);
#932 = DEFINITIONAL_REPRESENTATION('',(#933),#937);
#933 = LINE('',#934,#935);
#934 = CARTESIAN_POINT('',(35.,6.5));
#935 = VECTOR('',#936,1.);
#936 = DIRECTION('',(0.,1.));
#937 = ( GEOMETRIC_REPRESENTATION_CONTEXT(2) 
PARAMETRIC_REPRESENTATION_CONTEXT() REPRESENTATION_CONTEXT('2D SPACE',''
  ) );
#938 = ORIENTED_EDGE('',*,*,#939,.T.);
#939 = EDGE_CURVE('',#918,#940,#942,.T.);
#940 = VERTEX_POINT('',#941);
#941 = CARTESIAN_POINT('',(22.,7.,35.7));
#942 = SURFACE_CURVE('',#943,(#946,#953),.PCURVE_S1.);
#943 = B_SPLINE_CURVE_WITH_KNOTS('',1,(#944,#945),.UNSPECIFIED.,.F.,.F.,
  (2,2),(0.,1.),.PIECEWISE_BEZIER_KNOTS.);
#944 = CARTESIAN_POINT('',(21.5,6.5,31.5));
#945 = CARTESIAN_POINT('',(22.,7.,35.7));
#946 = PCURVE('',#879,#947);
#947 = DEFINITIONAL_REPRESENTATION('',(#948),#952);
#948 = LINE('',#949,#950);
#949 = CARTESIAN_POINT('',(7.,0.));
#950 = VECTOR('',#951,1.);
#951 = DIRECTION('',(0.,1.));
#952 = ( GEOMETRIC_REPRESENTATION_CONTEXT(2) 
PARAMETRIC_REPRESENTATION_CONTEXT() REPRESENTATION_CONTEXT('2D SPACE',''
  ) );
#953 = PCURVE('',#954,#973);
#954 = B_SPLINE_SURFACE_WITH_KNOTS('',8,1,(
    (#955,#956)
    ,(#957,#958)
    ,(#959,#960)
    ,(#961,#962)
    ,(#963,#964)
    ,(#965,#966)
    ,(#967,#968)
    ,(#969,#970)
    ,(#971,#972
    )),.UNSPECIFIED.,.F.,.F.,.F.,(9,9),(2,2),(0.,1.570796326795),(0.,1.)
  ,.PIECEWISE_BEZIER_KNOTS.);
#955 = CARTESIAN_POINT('',(21.5,6.5,31.5));
#956 = CARTESIAN_POINT('',(22.,7.,35.7));
#957 = CARTESIAN_POINT('',(21.5,8.070796326795,31.5));
#958 = CARTESIAN_POINT('',(22.,8.570796326795,35.699999999999));
#959 = CARTESIAN_POINT('',(21.14751368831,9.641593148034,31.5));
#960 = CARTESIAN_POINT('',(21.647513688311,10.141593148034,
    35.700000000002));
#961 = CARTESIAN_POINT('',(20.442544526971,11.12010587468,31.5));
#962 = CARTESIAN_POINT('',(20.942544526971,11.62010587468,
    35.699999999997));
#963 = CARTESIAN_POINT('',(19.414070046239,12.414070046239,31.5));
#964 = CARTESIAN_POINT('',(19.91407004624,12.91407004624,35.700000000003
    ));
#965 = CARTESIAN_POINT('',(18.12010587468,13.442544526971,31.5));
#966 = CARTESIAN_POINT('',(18.62010587468,13.942544526971,
    35.699999999997));
#967 = CARTESIAN_POINT('',(16.641593148034,14.14751368831,31.5));
#968 = CARTESIAN_POINT('',(17.141593148034,14.647513688311,
    35.700000000001));
#969 = CARTESIAN_POINT('',(15.070796326795,14.5,31.5));
#970 = CARTESIAN_POINT('',(15.570796326795,15.,35.7));
#971 = CARTESIAN_POINT('',(13.5,14.5,31.5));
#972 = CARTESIAN_POINT('',(14.,15.,35.7));
#973 = DEFINITIONAL_REPRESENTATION('',(#974),#978);
#974 = LINE('',#975,#976);
#975 = CARTESIAN_POINT('',(0.,0.));
#976 = VECTOR('',#977,1.);
#977 = DIRECTION('',(0.,1.));
#978 = ( GEOMETRIC_REPRESENTATION_CONTEXT(2) 
PARAMETRIC_REPRESENTATION_CONTEXT() REPRESENTATION_CONTEXT('2D SPACE',''
  ) );
#979 = ORIENTED_EDGE('',*,*,#980,.F.);
#980 = EDGE_CURVE('',#865,#940,#981,.T.);
#981 = SURFACE_CURVE('',#982,(#986,#993),.PCURVE_S1.);
#982 = LINE('',#983,#984);
#983 = CARTESIAN_POINT('',(22.,0.,35.7));
#984 = VECTOR('',#985,1.);
#985 = DIRECTION('',(0.,1.,0.));
#986 = PCURVE('',#879,#987);
#987 = DEFINITIONAL_REPRESENTATION('',(#988),#992);
#988 = LINE('',#989,#990);
#989 = CARTESIAN_POINT('',(0.,1.));
#990 = VECTOR('',#991,1.);
#991 = DIRECTION('',(1.,0.));
#992 = ( GEOMETRIC_REPRESENTATION_CONTEXT(2) 
PARAMETRIC_REPRESENTATION_CONTEXT() REPRESENTATION_CONTEXT('2D SPACE',''
  ) );
#993 = PCURVE('',#621,#994);
#994 = DEFINITIONAL_REPRESENTATION('',(#995),#999);
#995 = LINE('',#996,#997);
#996 = CARTESIAN_POINT('',(-36.,7.));
#997 = VECTOR('',#998,1.);
#998 = DIRECTION('',(0.,1.));
#999 = ( GEOMETRIC_REPRESENTATION_CONTEXT(2) 
PARAMETRIC_REPRESENTATION_CONTEXT() REPRESENTATION_CONTEXT('2D SPACE',''
  ) );
#1000 = ORIENTED_EDGE('',*,*,#864,.F.);
#1001 = ADVANCED_FACE('',(#1002),#954,.T.);
#1002 = FACE_BOUND('',#1003,.T.);
#1003 = EDGE_LOOP('',(#1004,#1028,#1055,#1077));
#1004 = ORIENTED_EDGE('',*,*,#1005,.T.);
#1005 = EDGE_CURVE('',#918,#1006,#1008,.T.);
#1006 = VERTEX_POINT('',#1007);
#1007 = CARTESIAN_POINT('',(13.5,14.5,31.5));
#1008 = SURFACE_CURVE('',#1009,(#1014,#1021),.PCURVE_S1.);
#1009 = CIRCLE('',#1010,8.);
#1010 = AXIS2_PLACEMENT_3D('',#1011,#1012,#1013);
#1011 = CARTESIAN_POINT('',(13.5,6.5,31.5));
#1012 = DIRECTION('',(0.,0.,1.));
#1013 = DIRECTION('',(1.,0.,0.));
#1014 = PCURVE('',#954,#1015);
#1015 = DEFINITIONAL_REPRESENTATION('',(#1016),#1020);
#1016 = LINE('',#1017,#1018);
#1017 = CARTESIAN_POINT('',(0.,0.));
#1018 = VECTOR('',#1019,1.);
#1019 = DIRECTION('',(1.,0.));
#1020 = ( GEOMETRIC_REPRESENTATION_CONTEXT(2) 
PARAMETRIC_REPRESENTATION_CONTEXT() REPRESENTATION_CONTEXT('2D SPACE',''
  ) );
#1021 = PCURVE('',#552,#1022);
#1022 = DEFINITIONAL_REPRESENTATION('',(#1023),#1027);
#1023 = CIRCLE('',#1024,8.);
#1024 = AXIS2_PLACEMENT_2D('',#1025,#1026);
#1025 = CARTESIAN_POINT('',(27.,13.));
#1026 = DIRECTION('',(1.,0.));
#1027 = ( GEOMETRIC_REPRESENTATION_CONTEXT(2) 
PARAMETRIC_REPRESENTATION_CONTEXT() REPRESENTATION_CONTEXT('2D SPACE',''
  ) );
#1028 = ORIENTED_EDGE('',*,*,#1029,.T.);
#1029 = EDGE_CURVE('',#1006,#1030,#1032,.T.);
#1030 = VERTEX_POINT('',#1031);
#1031 = CARTESIAN_POINT('',(14.,15.,35.7));
#1032 = SURFACE_CURVE('',#1033,(#1036,#1043),.PCURVE_S1.);
#1033 = B_SPLINE_CURVE_WITH_KNOTS('',1,(#1034,#1035),.UNSPECIFIED.,.F.,
  .F.,(2,2),(0.,1.),.PIECEWISE_BEZIER_KNOTS.);
#1034 = CARTESIAN_POINT('',(13.5,14.5,31.5));
#1035 = CARTESIAN_POINT('',(14.,15.,35.7));
#1036 = PCURVE('',#954,#1037);
#1037 = DEFINITIONAL_REPRESENTATION('',(#1038),#1042);
#1038 = LINE('',#1039,#1040);
#1039 = CARTESIAN_POINT('',(1.570796326795,0.));
#1040 = VECTOR('',#1041,1.);
#1041 = DIRECTION('',(0.,1.));
#1042 = ( GEOMETRIC_REPRESENTATION_CONTEXT(2) 
PARAMETRIC_REPRESENTATION_CONTEXT() REPRESENTATION_CONTEXT('2D SPACE',''
  ) );
#1043 = PCURVE('',#1044,#1049);
#1044 = B_SPLINE_SURFACE_WITH_KNOTS('',1,1,(
    (#1045,#1046)
    ,(#1047,#1048
    )),.UNSPECIFIED.,.F.,.F.,.F.,(2,2),(2,2),(-14.,14.),(0.,1.),
  .PIECEWISE_BEZIER_KNOTS.);
#1045 = CARTESIAN_POINT('',(13.5,14.5,31.5));
#1046 = CARTESIAN_POINT('',(14.,15.,35.7));
#1047 = CARTESIAN_POINT('',(-13.5,14.5,31.5));
#1048 = CARTESIAN_POINT('',(-14.,15.,35.7));
#1049 = DEFINITIONAL_REPRESENTATION('',(#1050),#1054);
#1050 = LINE('',#1051,#1052);
#1051 = CARTESIAN_POINT('',(-14.,0.));
#1052 = VECTOR('',#1053,1.);
#1053 = DIRECTION('',(0.,1.));
#1054 = ( GEOMETRIC_REPRESENTATION_CONTEXT(2) 
PARAMETRIC_REPRESENTATION_CONTEXT() REPRESENTATION_CONTEXT('2D SPACE',''
  ) );
#1055 = ORIENTED_EDGE('',*,*,#1056,.T.);
#1056 = EDGE_CURVE('',#1030,#940,#1057,.T.);
#1057 = SURFACE_CURVE('',#1058,(#1063,#1070),.PCURVE_S1.);
#1058 = CIRCLE('',#1059,8.);
#1059 = AXIS2_PLACEMENT_3D('',#1060,#1061,#1062);
#1060 = CARTESIAN_POINT('',(14.,7.,35.7));
#1061 = DIRECTION('',(0.,0.,-1.));
#1062 = DIRECTION('',(-1.,0.,0.));
#1063 = PCURVE('',#954,#1064);
#1064 = DEFINITIONAL_REPRESENTATION('',(#1065),#1069);
#1065 = LINE('',#1066,#1067);
#1066 = CARTESIAN_POINT('',(3.14159265359,1.));
#1067 = VECTOR('',#1068,1.);
#1068 = DIRECTION('',(-1.,0.));
#1069 = ( GEOMETRIC_REPRESENTATION_CONTEXT(2) 
PARAMETRIC_REPRESENTATION_CONTEXT() REPRESENTATION_CONTEXT('2D SPACE',''
  ) );
#1070 = PCURVE('',#621,#1071);
#1071 = DEFINITIONAL_REPRESENTATION('',(#1072),#1076);
#1072 = CIRCLE('',#1073,8.);
#1073 = AXIS2_PLACEMENT_2D('',#1074,#1075);
#1074 = CARTESIAN_POINT('',(-28.,14.));
#1075 = DIRECTION('',(1.,0.));
#1076 = ( GEOMETRIC_REPRESENTATION_CONTEXT(2) 
PARAMETRIC_REPRESENTATION_CONTEXT() REPRESENTATION_CONTEXT('2D SPACE',''
  ) );
#1077 = ORIENTED_EDGE('',*,*,#939,.F.);
#1078 = ADVANCED_FACE('',(#1079),#1044,.T.);
#1079 = FACE_BOUND('',#1080,.T.);
#1080 = EDGE_LOOP('',(#1081,#1103,#1125,#1146));
#1081 = ORIENTED_EDGE('',*,*,#1082,.F.);
#1082 = EDGE_CURVE('',#1083,#1006,#1085,.T.);
#1083 = VERTEX_POINT('',#1084);
#1084 = CARTESIAN_POINT('',(-13.5,14.5,31.5));
#1085 = SURFACE_CURVE('',#1086,(#1090,#1096),.PCURVE_S1.);
#1086 = LINE('',#1087,#1088);
#1087 = CARTESIAN_POINT('',(0.,14.5,31.5));
#1088 = VECTOR('',#1089,1.);
#1089 = DIRECTION('',(1.,0.,0.));
#1090 = PCURVE('',#1044,#1091);
#1091 = DEFINITIONAL_REPRESENTATION('',(#1092),#1095);
#1092 = B_SPLINE_CURVE_WITH_KNOTS('',1,(#1093,#1094),.UNSPECIFIED.,.F.,
  .F.,(2,2),(-13.5,13.5),.PIECEWISE_BEZIER_KNOTS.);
#1093 = CARTESIAN_POINT('',(14.,0.));
#1094 = CARTESIAN_POINT('',(-14.,0.));
#1095 = ( GEOMETRIC_REPRESENTATION_CONTEXT(2) 
PARAMETRIC_REPRESENTATION_CONTEXT() REPRESENTATION_CONTEXT('2D SPACE',''
  ) );
#1096 = PCURVE('',#552,#1097);
#1097 = DEFINITIONAL_REPRESENTATION('',(#1098),#1102);
#1098 = LINE('',#1099,#1100);
#1099 = CARTESIAN_POINT('',(13.5,21.));
#1100 = VECTOR('',#1101,1.);
#1101 = DIRECTION('',(1.,0.));
#1102 = ( GEOMETRIC_REPRESENTATION_CONTEXT(2) 
PARAMETRIC_REPRESENTATION_CONTEXT() REPRESENTATION_CONTEXT('2D SPACE',''
  ) );
#1103 = ORIENTED_EDGE('',*,*,#1104,.T.);
#1104 = EDGE_CURVE('',#1083,#1105,#1107,.T.);
#1105 = VERTEX_POINT('',#1106);
#1106 = CARTESIAN_POINT('',(-14.,15.,35.7));
#1107 = SURFACE_CURVE('',#1108,(#1111,#1118),.PCURVE_S1.);
#1108 = B_SPLINE_CURVE_WITH_KNOTS('',1,(#1109,#1110),.UNSPECIFIED.,.F.,
  .F.,(2,2),(0.,1.),.PIECEWISE_BEZIER_KNOTS.);
#1109 = CARTESIAN_POINT('',(-13.5,14.5,31.5));
#1110 = CARTESIAN_POINT('',(-14.,15.,35.7));
#1111 = PCURVE('',#1044,#1112);
#1112 = DEFINITIONAL_REPRESENTATION('',(#1113),#1117);
#1113 = LINE('',#1114,#1115);
#1114 = CARTESIAN_POINT('',(14.,0.));
#1115 = VECTOR('',#1116,1.);
#1116 = DIRECTION('',(0.,1.));
#1117 = ( GEOMETRIC_REPRESENTATION_CONTEXT(2) 
PARAMETRIC_REPRESENTATION_CONTEXT() REPRESENTATION_CONTEXT('2D SPACE',''
  ) );
#1118 = PCURVE('',#646,#1119);
#1119 = DEFINITIONAL_REPRESENTATION('',(#1120),#1124);
#1120 = LINE('',#1121,#1122);
#1121 = CARTESIAN_POINT('',(1.570796326795,0.));
#1122 = VECTOR('',#1123,1.);
#1123 = DIRECTION('',(0.,1.));
#1124 = ( GEOMETRIC_REPRESENTATION_CONTEXT(2) 
PARAMETRIC_REPRESENTATION_CONTEXT() REPRESENTATION_CONTEXT('2D SPACE',''
  ) );
#1125 = ORIENTED_EDGE('',*,*,#1126,.T.);
#1126 = EDGE_CURVE('',#1105,#1030,#1127,.T.);
#1127 = SURFACE_CURVE('',#1128,(#1132,#1139),.PCURVE_S1.);
#1128 = LINE('',#1129,#1130);
#1129 = CARTESIAN_POINT('',(0.,15.,35.7));
#1130 = VECTOR('',#1131,1.);
#1131 = DIRECTION('',(1.,0.,0.));
#1132 = PCURVE('',#1044,#1133);
#1133 = DEFINITIONAL_REPRESENTATION('',(#1134),#1138);
#1134 = LINE('',#1135,#1136);
#1135 = CARTESIAN_POINT('',(0.,1.));
#1136 = VECTOR('',#1137,1.);
#1137 = DIRECTION('',(-1.,0.));
#1138 = ( GEOMETRIC_REPRESENTATION_CONTEXT(2) 
PARAMETRIC_REPRESENTATION_CONTEXT() REPRESENTATION_CONTEXT('2D SPACE',''
  ) );
#1139 = PCURVE('',#621,#1140);
#1140 = DEFINITIONAL_REPRESENTATION('',(#1141),#1145);
#1141 = LINE('',#1142,#1143);
#1142 = CARTESIAN_POINT('',(-14.,22.));
#1143 = VECTOR('',#1144,1.);
#1144 = DIRECTION('',(-1.,0.));
#1145 = ( GEOMETRIC_REPRESENTATION_CONTEXT(2) 
PARAMETRIC_REPRESENTATION_CONTEXT() REPRESENTATION_CONTEXT('2D SPACE',''
  ) );
#1146 = ORIENTED_EDGE('',*,*,#1029,.F.);
#1147 = ADVANCED_FACE('',(#1148),#646,.T.);
#1148 = FACE_BOUND('',#1149,.T.);
#1149 = EDGE_LOOP('',(#1150,#1172,#1173,#1195));
#1150 = ORIENTED_EDGE('',*,*,#1151,.T.);
#1151 = EDGE_CURVE('',#1083,#533,#1152,.T.);
#1152 = SURFACE_CURVE('',#1153,(#1158,#1165),.PCURVE_S1.);
#1153 = CIRCLE('',#1154,8.);
#1154 = AXIS2_PLACEMENT_3D('',#1155,#1156,#1157);
#1155 = CARTESIAN_POINT('',(-13.5,6.5,31.5));
#1156 = DIRECTION('',(0.,0.,1.));
#1157 = DIRECTION('',(1.,0.,0.));
#1158 = PCURVE('',#646,#1159);
#1159 = DEFINITIONAL_REPRESENTATION('',(#1160),#1164);
#1160 = LINE('',#1161,#1162);
#1161 = CARTESIAN_POINT('',(0.,0.));
#1162 = VECTOR('',#1163,1.);
#1163 = DIRECTION('',(1.,0.));
#1164 = ( GEOMETRIC_REPRESENTATION_CONTEXT(2) 
PARAMETRIC_REPRESENTATION_CONTEXT() REPRESENTATION_CONTEXT('2D SPACE',''
  ) );
#1165 = PCURVE('',#552,#1166);
#1166 = DEFINITIONAL_REPRESENTATION('',(#1167),#1171);
#1167 = CIRCLE('',#1168,8.);
#1168 = AXIS2_PLACEMENT_2D('',#1169,#1170);
#1169 = CARTESIAN_POINT('',(0.,13.));
#1170 = DIRECTION('',(1.,0.));
#1171 = ( GEOMETRIC_REPRESENTATION_CONTEXT(2) 
PARAMETRIC_REPRESENTATION_CONTEXT() REPRESENTATION_CONTEXT('2D SPACE',''
  ) );
#1172 = ORIENTED_EDGE('',*,*,#633,.T.);
#1173 = ORIENTED_EDGE('',*,*,#1174,.T.);
#1174 = EDGE_CURVE('',#606,#1105,#1175,.T.);
#1175 = SURFACE_CURVE('',#1176,(#1181,#1188),.PCURVE_S1.);
#1176 = CIRCLE('',#1177,8.);
#1177 = AXIS2_PLACEMENT_3D('',#1178,#1179,#1180);
#1178 = CARTESIAN_POINT('',(-14.,7.,35.7));
#1179 = DIRECTION('',(0.,0.,-1.));
#1180 = DIRECTION('',(-1.,0.,0.));
#1181 = PCURVE('',#646,#1182);
#1182 = DEFINITIONAL_REPRESENTATION('',(#1183),#1187);
#1183 = LINE('',#1184,#1185);
#1184 = CARTESIAN_POINT('',(3.14159265359,1.));
#1185 = VECTOR('',#1186,1.);
#1186 = DIRECTION('',(-1.,0.));
#1187 = ( GEOMETRIC_REPRESENTATION_CONTEXT(2) 
PARAMETRIC_REPRESENTATION_CONTEXT() REPRESENTATION_CONTEXT('2D SPACE',''
  ) );
#1188 = PCURVE('',#621,#1189);
#1189 = DEFINITIONAL_REPRESENTATION('',(#1190),#1194);
#1190 = CIRCLE('',#1191,8.);
#1191 = AXIS2_PLACEMENT_2D('',#1192,#1193);
#1192 = CARTESIAN_POINT('',(0.,14.));
#1193 = DIRECTION('',(1.,0.));
#1194 = ( GEOMETRIC_REPRESENTATION_CONTEXT(2) 
PARAMETRIC_REPRESENTATION_CONTEXT() REPRESENTATION_CONTEXT('2D SPACE',''
  ) );
#1195 = ORIENTED_EDGE('',*,*,#1104,.F.);
#1196 = ADVANCED_FACE('',(#1197),#552,.F.);
#1197 = FACE_BOUND('',#1198,.F.);
#1198 = EDGE_LOOP('',(#1199,#1200,#1201,#1202,#1203,#1204,#1205,#1206));
#1199 = ORIENTED_EDGE('',*,*,#530,.F.);
#1200 = ORIENTED_EDGE('',*,*,#675,.T.);
#1201 = ORIENTED_EDGE('',*,*,#752,.T.);
#1202 = ORIENTED_EDGE('',*,*,#840,.T.);
#1203 = ORIENTED_EDGE('',*,*,#917,.T.);
#1204 = ORIENTED_EDGE('',*,*,#1005,.T.);
#1205 = ORIENTED_EDGE('',*,*,#1082,.F.);
#1206 = ORIENTED_EDGE('',*,*,#1151,.T.);
#1207 = ADVANCED_FACE('',(#1208),#621,.F.);
#1208 = FACE_BOUND('',#1209,.T.);
#1209 = EDGE_LOOP('',(#1210,#1211,#1212,#1213,#1214,#1215,#1216,#1217));
#1210 = ORIENTED_EDGE('',*,*,#605,.F.);
#1211 = ORIENTED_EDGE('',*,*,#726,.F.);
#1212 = ORIENTED_EDGE('',*,*,#815,.T.);
#1213 = ORIENTED_EDGE('',*,*,#891,.F.);
#1214 = ORIENTED_EDGE('',*,*,#980,.T.);
#1215 = ORIENTED_EDGE('',*,*,#1056,.F.);
#1216 = ORIENTED_EDGE('',*,*,#1126,.F.);
#1217 = ORIENTED_EDGE('',*,*,#1174,.F.);
#1218 = ( GEOMETRIC_REPRESENTATION_CONTEXT(3) 
GLOBAL_UNCERTAINTY_ASSIGNED_CONTEXT((#1222)) 
GLOBAL_UNIT_ASSIGNED_CONTEXT((#1219,#1220,#1221)) REPRESENTATION_CONTEXT
('Context #1','3D Context with UNIT and UNCERTAINTY') );
#1219 = ( LENGTH_UNIT() NAMED_UNIT(*) SI_UNIT(.MILLI.,.METRE.) );
#1220 = ( NAMED_UNIT(*) PLANE_ANGLE_UNIT() SI_UNIT($,.RADIAN.) );
#1221 = ( NAMED_UNIT(*) SI_UNIT($,.STERADIAN.) SOLID_ANGLE_UNIT() );
#1222 = UNCERTAINTY_MEASURE_WITH_UNIT(LENGTH_MEASURE(1.E-07),#1219,
  'distance_accuracy_value','confusion accuracy');
#1223 = CONTEXT_DEPENDENT_SHAPE_REPRESENTATION(#1224,#1226);
#1224 = ( REPRESENTATION_RELATIONSHIP('','',#523,#10) 
REPRESENTATION_RELATIONSHIP_WITH_TRANSFORMATION(#1225) 
SHAPE_REPRESENTATION_RELATIONSHIP() );
#1225 = ITEM_DEFINED_TRANSFORMATION('','',#11,#19);
#1226 = PRODUCT_DEFINITION_SHAPE('Placement','Placement of an item',
  #1227);
#1227 = NEXT_ASSEMBLY_USAGE_OCCURRENCE('2','body.1','',#5,#518,$);
#1228 = PRODUCT_RELATED_PRODUCT_CATEGORY('part',$,(#520));
#1229 = SHAPE_DEFINITION_REPRESENTATION(#1230,#1236);
#1230 = PRODUCT_DEFINITION_SHAPE('','',#1231);
#1231 = PRODUCT_DEFINITION('design','',#1232,#1235);
#1232 = PRODUCT_DEFINITION_FORMATION('','',#1233);
#1233 = PRODUCT('body.2','body.2','',(#1234));
#1234 = PRODUCT_CONTEXT('',#2,'mechanical');
#1235 = PRODUCT_DEFINITION_CONTEXT('part definition',#2,'design');
#1236 = ADVANCED_BREP_SHAPE_REPRESENTATION('',(#11,#1237),#3399);
#1237 = MANIFOLD_SOLID_BREP('',#1238);
#1238 = CLOSED_SHELL('',(#1239,#1525,#1660,#1823,#2015,#2081,#2284,#2349
    ,#2956,#2981,#3047,#3141,#3207,#3292,#3317,#3342,#3367,#3392));
#1239 = ADVANCED_FACE('',(#1240),#1253,.T.);
#1240 = FACE_BOUND('',#1241,.T.);
#1241 = EDGE_LOOP('',(#1242,#1290,#1458,#1499));
#1242 = ORIENTED_EDGE('',*,*,#1243,.T.);
#1243 = EDGE_CURVE('',#1244,#1246,#1248,.T.);
#1244 = VERTEX_POINT('',#1245);
#1245 = CARTESIAN_POINT('',(-22.,-7.,35.7));
#1246 = VERTEX_POINT('',#1247);
#1247 = CARTESIAN_POINT('',(-21.3187046364,-6.697202060626,
    38.576580424049));
#1248 = SURFACE_CURVE('',#1249,(#1252,#1264),.PCURVE_S1.);
#1249 = B_SPLINE_CURVE_WITH_KNOTS('',1,(#1250,#1251),.UNSPECIFIED.,.F.,
  .F.,(2,2),(0.,1.),.PIECEWISE_BEZIER_KNOTS.);
#1250 = CARTESIAN_POINT('',(-22.,-7.,35.7));
#1251 = CARTESIAN_POINT('',(-21.1,-6.6,39.5));
#1252 = PCURVE('',#1253,#1258);
#1253 = B_SPLINE_SURFACE_WITH_KNOTS('',1,1,(
    (#1254,#1255)
    ,(#1256,#1257
    )),.UNSPECIFIED.,.F.,.F.,.F.,(2,2),(2,2),(-7.,7.),(0.,1.),
  .PIECEWISE_BEZIER_KNOTS.);
#1254 = CARTESIAN_POINT('',(-22.,7.,35.7));
#1255 = CARTESIAN_POINT('',(-21.1,6.6,39.5));
#1256 = CARTESIAN_POINT('',(-22.,-7.,35.7));
#1257 = CARTESIAN_POINT('',(-21.1,-6.6,39.5));
#1258 = DEFINITIONAL_REPRESENTATION('',(#1259),#1263);
#1259 = LINE('',#1260,#1261);
#1260 = CARTESIAN_POINT('',(7.,0.));
#1261 = VECTOR('',#1262,1.);
#1262 = DIRECTION('',(0.,1.));
#1263 = ( GEOMETRIC_REPRESENTATION_CONTEXT(2) 
PARAMETRIC_REPRESENTATION_CONTEXT() REPRESENTATION_CONTEXT('2D SPACE',''
  ) );
#1264 = PCURVE('',#1265,#1284);
#1265 = B_SPLINE_SURFACE_WITH_KNOTS('',8,1,(
    (#1266,#1267)
    ,(#1268,#1269)
    ,(#1270,#1271)
    ,(#1272,#1273)
    ,(#1274,#1275)
    ,(#1276,#1277)
    ,(#1278,#1279)
    ,(#1280,#1281)
    ,(#1282,#1283
    )),.UNSPECIFIED.,.F.,.F.,.F.,(9,9),(2,2),(0.,1.570796326795),(0.,1.)
  ,.PIECEWISE_BEZIER_KNOTS.);
#1266 = CARTESIAN_POINT('',(-22.,-7.,35.7));
#1267 = CARTESIAN_POINT('',(-21.1,-6.6,39.5));
#1268 = CARTESIAN_POINT('',(-22.,-8.570796326795,35.7));
#1269 = CARTESIAN_POINT('',(-21.1,-8.07262155637,39.499999999999));
#1270 = CARTESIAN_POINT('',(-21.64751368831,-10.14159314803,35.7));
#1271 = CARTESIAN_POINT('',(-20.76954408279,-9.545243576282,
    39.500000000002));
#1272 = CARTESIAN_POINT('',(-20.94254452697,-11.62010587468,
    35.700000000001));
#1273 = CARTESIAN_POINT('',(-20.10863549403,-10.93134925751,
    39.499999999997));
#1274 = CARTESIAN_POINT('',(-19.91407004623,-12.91407004623,
    35.699999999999));
#1275 = CARTESIAN_POINT('',(-19.14444066835,-12.14444066835,
    39.500000000003));
#1276 = CARTESIAN_POINT('',(-18.62010587468,-13.94254452697,
    35.700000000001));
#1277 = CARTESIAN_POINT('',(-17.93134925751,-13.10863549403,
    39.499999999998));
#1278 = CARTESIAN_POINT('',(-17.14159314803,-14.64751368831,35.7));
#1279 = CARTESIAN_POINT('',(-16.54524357628,-13.76954408279,
    39.500000000001));
#1280 = CARTESIAN_POINT('',(-15.57079632679,-15.,35.7));
#1281 = CARTESIAN_POINT('',(-15.07262155637,-14.1,39.5));
#1282 = CARTESIAN_POINT('',(-14.,-15.,35.7));
#1283 = CARTESIAN_POINT('',(-13.6,-14.1,39.5));
#1284 = DEFINITIONAL_REPRESENTATION('',(#1285),#1289);
#1285 = LINE('',#1286,#1287);
#1286 = CARTESIAN_POINT('',(0.,0.));
#1287 = VECTOR('',#1288,1.);
#1288 = DIRECTION('',(0.,1.));
#1289 = ( GEOMETRIC_REPRESENTATION_CONTEXT(2) 
PARAMETRIC_REPRESENTATION_CONTEXT() REPRESENTATION_CONTEXT('2D SPACE',''
  ) );
#1290 = ORIENTED_EDGE('',*,*,#1291,.T.);
#1291 = EDGE_CURVE('',#1246,#1292,#1294,.T.);
#1292 = VERTEX_POINT('',#1293);
#1293 = CARTESIAN_POINT('',(-21.31846342359,6.697094854929,
    38.57759887817));
#1294 = SURFACE_CURVE('',#1295,(#1326,#1360),.PCURVE_S1.);
#1295 = ( BOUNDED_CURVE() B_SPLINE_CURVE(10,(#1296,#1297,#1298,#1299,
    #1300,#1301,#1302,#1303,#1304,#1305,#1306,#1307,#1308,#1309,#1310,
    #1311,#1312,#1313,#1314,#1315,#1316,#1317,#1318,#1319,#1320,#1321,
    #1322,#1323,#1324,#1325),.UNSPECIFIED.,.F.,.F.) 
B_SPLINE_CURVE_WITH_KNOTS((11,10,9,11),(-9.444303201928E-02,0.,
13.200022260106,13.27721412441),.UNSPECIFIED.) CURVE() 
GEOMETRIC_REPRESENTATION_ITEM() RATIONAL_B_SPLINE_CURVE((1.,1.,1.,
    1.000000000001,0.999999999999,1.000000000001,0.999999999999,
    1.000000000001,1.,1.,1.,1.,1.,1.,1.,1.,1.,1.,1.,1.,1.,1.,1.,1.,1.,1.
,1.,1.,1.,1.)) REPRESENTATION_ITEM('') );
#1296 = CARTESIAN_POINT('',(-21.3187046364,-6.697202060626,
    38.576580424049));
#1297 = CARTESIAN_POINT('',(-21.31870561999,-6.687480835709,
    38.57657627112));
#1298 = CARTESIAN_POINT('',(-21.31870649427,-6.677759949984,
    38.576572579711));
#1299 = CARTESIAN_POINT('',(-21.31870725925,-6.66803936116,
    38.576569349801));
#1300 = CARTESIAN_POINT('',(-21.31870791493,-6.658319026945,
    38.57656658137));
#1301 = CARTESIAN_POINT('',(-21.31870846132,-6.648598905042,
    38.576564274395));
#1302 = CARTESIAN_POINT('',(-21.31870889842,-6.638878953163,
    38.576562428858));
#1303 = CARTESIAN_POINT('',(-21.31870922624,-6.629159129011,
    38.576561044736));
#1304 = CARTESIAN_POINT('',(-21.31870944478,-6.619439390296,
    38.576560122008));
#1305 = CARTESIAN_POINT('',(-21.31870955405,-6.609719694723,
    38.576559660655));
#1306 = CARTESIAN_POINT('',(-21.31870955405,-6.6,38.576559660655));
#1307 = CARTESIAN_POINT('',(-21.31870955405,-5.28,38.576559660655));
#1308 = CARTESIAN_POINT('',(-21.31870928119,-3.959951816017,
    38.576560812733));
#1309 = CARTESIAN_POINT('',(-21.31871116276,-2.640282942548,
    38.576552868322));
#1310 = CARTESIAN_POINT('',(-21.31870471133,-1.319572452905,
    38.576580107713));
#1311 = CARTESIAN_POINT('',(-21.31871915078,-3.456468981479E-03,
    38.576519141117));
#1312 = CARTESIAN_POINT('',(-21.31869562181,1.319482811529,
    38.57661848566));
#1313 = CARTESIAN_POINT('',(-21.3187254144,2.62980318865,38.576492694736
    ));
#1314 = CARTESIAN_POINT('',(-21.31857619209,3.968886276477,
    38.577122744492));
#1315 = CARTESIAN_POINT('',(-21.3189333894,5.273391052803,
    38.575614578089));
#1316 = CARTESIAN_POINT('',(-21.31848805015,6.62624153584,
    38.577494899361));
#1317 = CARTESIAN_POINT('',(-21.31848543219,6.634108266822,
    38.577505952949));
#1318 = CARTESIAN_POINT('',(-21.31848278519,6.641976450662,
    38.577517129172));
#1319 = CARTESIAN_POINT('',(-21.31848010892,6.649846092568,
    38.577528429002));
#1320 = CARTESIAN_POINT('',(-21.31847740314,6.657717197745,
    38.577539853411));
#1321 = CARTESIAN_POINT('',(-21.31847466762,6.6655897714,38.577551403372
    ));
#1322 = CARTESIAN_POINT('',(-21.31847190213,6.67346381874,
    38.577563079856));
#1323 = CARTESIAN_POINT('',(-21.31846910646,6.681339344971,
    38.577574883836));
#1324 = CARTESIAN_POINT('',(-21.31846628035,6.689216355298,
    38.577586816283));
#1325 = CARTESIAN_POINT('',(-21.31846342359,6.697094854929,
    38.57759887817));
#1326 = PCURVE('',#1253,#1327);
#1327 = DEFINITIONAL_REPRESENTATION('',(#1328),#1359);
#1328 = B_SPLINE_CURVE_WITH_KNOTS('',10,(#1329,#1330,#1331,#1332,#1333,
    #1334,#1335,#1336,#1337,#1338,#1339,#1340,#1341,#1342,#1343,#1344,
    #1345,#1346,#1347,#1348,#1349,#1350,#1351,#1352,#1353,#1354,#1355,
    #1356,#1357,#1358),.UNSPECIFIED.,.F.,.F.,(11,10,9,11),(
    -9.444303201928E-02,0.,13.200022260106,13.27721412441),
  .UNSPECIFIED.);
#1329 = CARTESIAN_POINT('',(7.,0.756994848434));
#1330 = CARTESIAN_POINT('',(6.989838796283,0.756993755558));
#1331 = CARTESIAN_POINT('',(6.979677999343,0.756992784134));
#1332 = CARTESIAN_POINT('',(6.969517564709,0.756991934159));
#1333 = CARTESIAN_POINT('',(6.95935744787,0.756991205623));
#1334 = CARTESIAN_POINT('',(6.949197604386,0.756990598526));
#1335 = CARTESIAN_POINT('',(6.93903798972,0.756990112857));
#1336 = CARTESIAN_POINT('',(6.928878559438,0.756989748615));
#1337 = CARTESIAN_POINT('',(6.91871926902,0.756989505791));
#1338 = CARTESIAN_POINT('',(6.908560074003,0.756989384383));
#1339 = CARTESIAN_POINT('',(6.898400929894,0.756989384383));
#1340 = CARTESIAN_POINT('',(5.518720743915,0.756989384383));
#1341 = CARTESIAN_POINT('',(4.138989524943,0.756989687561));
#1342 = CARTESIAN_POINT('',(2.759660039793,0.756987596927));
#1343 = CARTESIAN_POINT('',(1.37922138756,0.756994765187));
#1344 = CARTESIAN_POINT('',(3.637384712809E-03,0.756978721347));
#1345 = CARTESIAN_POINT('',(-1.379180839702,0.757004864647));
#1346 = CARTESIAN_POINT('',(-2.748632441405,0.756971761773));
#1347 = CARTESIAN_POINT('',(-4.148440409609,0.75713756434));
#1348 = CARTESIAN_POINT('',(-5.511689807133,0.756740678444));
#1349 = CARTESIAN_POINT('',(-6.925930711884,0.757235499832));
#1350 = CARTESIAN_POINT('',(-6.934154440022,0.757238408671));
#1351 = CARTESIAN_POINT('',(-6.942379703259,0.757241349782));
#1352 = CARTESIAN_POINT('',(-6.95060650721,0.757244323421));
#1353 = CARTESIAN_POINT('',(-6.958834857478,0.757247329845));
#1354 = CARTESIAN_POINT('',(-6.967064759682,0.757250369308));
#1355 = CARTESIAN_POINT('',(-6.975296219423,0.757253442067));
#1356 = CARTESIAN_POINT('',(-6.983529242318,0.757256548378));
#1357 = CARTESIAN_POINT('',(-6.991763833973,0.757259688496));
#1358 = CARTESIAN_POINT('',(-7.,0.757262862676));
#1359 = ( GEOMETRIC_REPRESENTATION_CONTEXT(2) 
PARAMETRIC_REPRESENTATION_CONTEXT() REPRESENTATION_CONTEXT('2D SPACE',''
  ) );
#1360 = PCURVE('',#1361,#1452);
#1361 = ( BOUNDED_SURFACE() B_SPLINE_SURFACE(2,10,(
    (#1362,#1363,#1364,#1365,#1366,#1367,#1368,#1369,#1370,#1371,#1372
      ,#1373,#1374,#1375,#1376,#1377,#1378,#1379,#1380,#1381,#1382,#1383
      ,#1384,#1385,#1386,#1387,#1388,#1389,#1390,#1391)
    ,(#1392,#1393,#1394,#1395,#1396,#1397,#1398,#1399,#1400,#1401,#1402
      ,#1403,#1404,#1405,#1406,#1407,#1408,#1409,#1410,#1411,#1412,#1413
      ,#1414,#1415,#1416,#1417,#1418,#1419,#1420,#1421)
    ,(#1422,#1423,#1424,#1425,#1426,#1427,#1428,#1429,#1430,#1431,#1432
      ,#1433,#1434,#1435,#1436,#1437,#1438,#1439,#1440,#1441,#1442,#1443
      ,#1444,#1445,#1446,#1447,#1448,#1449,#1450,#1451
)),.UNSPECIFIED.,.F.,.F.,.F.) B_SPLINE_SURFACE_WITH_KNOTS((3,3),(11,10,9
    ,11),(0.,13.37165715643),(-9.444303201928E-02,0.,13.200022260106,
13.27721412441),.UNSPECIFIED.) GEOMETRIC_REPRESENTATION_ITEM() 
RATIONAL_B_SPLINE_SURFACE((
    (1.,1.,1.,1.000000000001,0.999999999999,1.000000000001
      ,0.999999999999,1.000000000001,1.,1.,1.,1.,1.,1.,1.,1.,1.,1.,1.,1.
      ,1.,1.,1.,1.,1.,1.,1.,1.,1.,1.)
    ,(0.784373535603,0.784372432565,0.784371452108,0.784370594227
      ,0.784369858914,0.784369246169,0.784368755981,0.78436838835
      ,0.784368143266,0.784368020727,0.784368020727,0.784368020727
      ,0.784368305686,0.784366330768,0.784373145086,0.784357775354
      ,0.784383051568,0.784350713803,0.78451730213,0.784117117475
      ,0.784616386996,0.784619321971,0.784622289497,0.784625289831
      ,0.784628323229,0.784631389952,0.784634490254,0.784637624395
      ,0.784640792632,0.784643995222)
    ,(1.,1.,1.,1.000000000001,0.999999999999,1.000000000001
      ,0.999999999999,1.000000000001,1.,1.,1.,1.,1.,1.,1.,1.,1.,1.,1.,1.
,1.,1.,1.,1.,1.,1.,1.,1.,1.,1.))) REPRESENTATION_ITEM('') SURFACE() );
#1362 = CARTESIAN_POINT('',(-21.3187046364,-6.697202060626,
    38.576580424049));
#1363 = CARTESIAN_POINT('',(-21.31870561999,-6.687480835709,
    38.57657627112));
#1364 = CARTESIAN_POINT('',(-21.31870649427,-6.677759949984,
    38.576572579711));
#1365 = CARTESIAN_POINT('',(-21.31870725925,-6.66803936116,
    38.576569349801));
#1366 = CARTESIAN_POINT('',(-21.31870791493,-6.658319026945,
    38.57656658137));
#1367 = CARTESIAN_POINT('',(-21.31870846132,-6.648598905042,
    38.576564274395));
#1368 = CARTESIAN_POINT('',(-21.31870889842,-6.638878953163,
    38.576562428858));
#1369 = CARTESIAN_POINT('',(-21.31870922624,-6.629159129011,
    38.576561044736));
#1370 = CARTESIAN_POINT('',(-21.31870944478,-6.619439390296,
    38.576560122008));
#1371 = CARTESIAN_POINT('',(-21.31870955405,-6.609719694723,
    38.576559660655));
#1372 = CARTESIAN_POINT('',(-21.31870955405,-6.6,38.576559660655));
#1373 = CARTESIAN_POINT('',(-21.31870955405,-5.28,38.576559660655));
#1374 = CARTESIAN_POINT('',(-21.31870928119,-3.959951816017,
    38.576560812733));
#1375 = CARTESIAN_POINT('',(-21.31871116276,-2.640282942548,
    38.576552868322));
#1376 = CARTESIAN_POINT('',(-21.31870471133,-1.319572452905,
    38.576580107713));
#1377 = CARTESIAN_POINT('',(-21.31871915078,-3.456468981479E-03,
    38.576519141117));
#1378 = CARTESIAN_POINT('',(-21.31869562181,1.319482811529,
    38.57661848566));
#1379 = CARTESIAN_POINT('',(-21.3187254144,2.62980318865,38.576492694736
    ));
#1380 = CARTESIAN_POINT('',(-21.31857619209,3.968886276477,
    38.577122744492));
#1381 = CARTESIAN_POINT('',(-21.3189333894,5.273391052803,
    38.575614578089));
#1382 = CARTESIAN_POINT('',(-21.31848805015,6.62624153584,
    38.577494899361));
#1383 = CARTESIAN_POINT('',(-21.31848543219,6.634108266822,
    38.577505952949));
#1384 = CARTESIAN_POINT('',(-21.31848278519,6.641976450662,
    38.577517129172));
#1385 = CARTESIAN_POINT('',(-21.31848010892,6.649846092568,
    38.577528429002));
#1386 = CARTESIAN_POINT('',(-21.31847740314,6.657717197745,
    38.577539853411));
#1387 = CARTESIAN_POINT('',(-21.31847466762,6.6655897714,38.577551403372
    ));
#1388 = CARTESIAN_POINT('',(-21.31847190213,6.67346381874,
    38.577563079856));
#1389 = CARTESIAN_POINT('',(-21.31846910646,6.681339344971,
    38.577574883836));
#1390 = CARTESIAN_POINT('',(-21.31846628035,6.689216355298,
    38.577586816283));
#1391 = CARTESIAN_POINT('',(-21.31846342359,6.697094854929,
    38.57759887817));
#1392 = CARTESIAN_POINT('',(-21.1,-6.694447901368,39.5));
#1393 = CARTESIAN_POINT('',(-21.1,-6.685002095946,39.5));
#1394 = CARTESIAN_POINT('',(-21.1,-6.675556630013,39.5));
#1395 = CARTESIAN_POINT('',(-21.1,-6.666111460867,39.5));
#1396 = CARTESIAN_POINT('',(-21.1,-6.656666545811,39.5));
#1397 = CARTESIAN_POINT('',(-21.1,-6.647221842138,39.5));
#1398 = CARTESIAN_POINT('',(-21.1,-6.637777307153,39.5));
#1399 = CARTESIAN_POINT('',(-21.1,-6.628332898148,39.5));
#1400 = CARTESIAN_POINT('',(-21.1,-6.618888572424,39.5));
#1401 = CARTESIAN_POINT('',(-21.1,-6.609444287275,39.5));
#1402 = CARTESIAN_POINT('',(-21.1,-6.6,39.5));
#1403 = CARTESIAN_POINT('',(-21.1,-5.28,39.5));
#1404 = CARTESIAN_POINT('',(-21.1,-3.9599352133,39.5));
#1405 = CARTESIAN_POINT('',(-21.1,-2.640377277994,39.5));
#1406 = CARTESIAN_POINT('',(-21.09999999999,-1.31886440107,
    39.500000000001));
#1407 = CARTESIAN_POINT('',(-21.1,-2.27464336959E-03,39.499999999999));
#1408 = CARTESIAN_POINT('',(-21.09999999999,1.324246917956,
    39.500000000001));
#1409 = CARTESIAN_POINT('',(-21.1,2.634422478825,39.499999999999));
#1410 = CARTESIAN_POINT('',(-21.1,3.976495716946,39.5));
#1411 = CARTESIAN_POINT('',(-21.1,5.272758685811,39.5));
#1412 = CARTESIAN_POINT('',(-21.1,6.607756580761,39.5));
#1413 = CARTESIAN_POINT('',(-21.1,6.615514119288,39.5));
#1414 = CARTESIAN_POINT('',(-21.1,6.623272622454,39.5));
#1415 = CARTESIAN_POINT('',(-21.1,6.63103209712,39.5));
#1416 = CARTESIAN_POINT('',(-21.1,6.63879255014,39.5));
#1417 = CARTESIAN_POINT('',(-21.1,6.646553988352,39.5));
#1418 = CARTESIAN_POINT('',(-21.1,6.65431641859,39.5));
#1419 = CARTESIAN_POINT('',(-21.1,6.662079847671,39.5));
#1420 = CARTESIAN_POINT('',(-21.1,6.669844282406,39.5));
#1421 = CARTESIAN_POINT('',(-21.1,6.677609729593,39.5));
#1422 = CARTESIAN_POINT('',(-20.15110578742,-6.682498425471,39.5));
#1423 = CARTESIAN_POINT('',(-20.15108727203,-6.674247474621,39.5));
#1424 = CARTESIAN_POINT('',(-20.1510708138,-6.665996892843,39.5));
#1425 = CARTESIAN_POINT('',(-20.15105641278,-6.65774663409,39.5));
#1426 = CARTESIAN_POINT('',(-20.15104406897,-6.649496652325,39.5));
#1427 = CARTESIAN_POINT('',(-20.15103378241,-6.641246901497,39.5));
#1428 = CARTESIAN_POINT('',(-20.15102555312,-6.632997335573,39.5));
#1429 = CARTESIAN_POINT('',(-20.15101938111,-6.624747908502,39.5));
#1430 = CARTESIAN_POINT('',(-20.15101526642,-6.616498574245,39.5));
#1431 = CARTESIAN_POINT('',(-20.15101320906,-6.608249286759,39.5));
#1432 = CARTESIAN_POINT('',(-20.15101320906,-6.6,39.5));
#1433 = CARTESIAN_POINT('',(-20.15101320906,-5.28,39.5));
#1434 = CARTESIAN_POINT('',(-20.15101086771,-3.959903342559,39.5));
#1435 = CARTESIAN_POINT('',(-20.15102349201,-2.640555873539,39.5));
#1436 = CARTESIAN_POINT('',(-20.15099540422,-1.316492562563,39.5));
#1437 = CARTESIAN_POINT('',(-20.15101635007,4.369707796832E-03,39.5));
#1438 = CARTESIAN_POINT('',(-20.15106438328,1.342053421789,39.5));
#1439 = CARTESIAN_POINT('',(-20.15088533729,2.660403058216,39.5));
#1440 = CARTESIAN_POINT('',(-20.15342521891,4.002306880474,39.5));
#1441 = CARTESIAN_POINT('',(-20.14684073672,5.273959352013,39.5));
#1442 = CARTESIAN_POINT('',(-20.15516944543,6.527820304987,39.5));
#1443 = CARTESIAN_POINT('',(-20.15521840205,6.535108961756,39.5));
#1444 = CARTESIAN_POINT('',(-20.15526789748,6.542396517198,39.5));
#1445 = CARTESIAN_POINT('',(-20.15531793586,6.549682985272,39.5));
#1446 = CARTESIAN_POINT('',(-20.1553685213,6.556968379937,39.5));
#1447 = CARTESIAN_POINT('',(-20.15541965795,6.564252715157,39.5));
#1448 = CARTESIAN_POINT('',(-20.15547134993,6.571536004889,39.5));
#1449 = CARTESIAN_POINT('',(-20.15552360139,6.578818263096,39.5));
#1450 = CARTESIAN_POINT('',(-20.15557641644,6.586099503738,39.5));
#1451 = CARTESIAN_POINT('',(-20.15562979923,6.593379740774,39.5));
#1452 = DEFINITIONAL_REPRESENTATION('',(#1453),#1457);
#1453 = LINE('',#1454,#1455);
#1454 = CARTESIAN_POINT('',(0.,0.));
#1455 = VECTOR('',#1456,1.);
#1456 = DIRECTION('',(0.,1.));
#1457 = ( GEOMETRIC_REPRESENTATION_CONTEXT(2) 
PARAMETRIC_REPRESENTATION_CONTEXT() REPRESENTATION_CONTEXT('2D SPACE',''
  ) );
#1458 = ORIENTED_EDGE('',*,*,#1459,.F.);
#1459 = EDGE_CURVE('',#1460,#1292,#1462,.T.);
#1460 = VERTEX_POINT('',#1461);
#1461 = CARTESIAN_POINT('',(-22.,7.,35.7));
#1462 = SURFACE_CURVE('',#1463,(#1466,#1473),.PCURVE_S1.);
#1463 = B_SPLINE_CURVE_WITH_KNOTS('',1,(#1464,#1465),.UNSPECIFIED.,.F.,
  .F.,(2,2),(0.,1.),.PIECEWISE_BEZIER_KNOTS.);
#1464 = CARTESIAN_POINT('',(-22.,7.,35.7));
#1465 = CARTESIAN_POINT('',(-21.1,6.6,39.5));
#1466 = PCURVE('',#1253,#1467);
#1467 = DEFINITIONAL_REPRESENTATION('',(#1468),#1472);
#1468 = LINE('',#1469,#1470);
#1469 = CARTESIAN_POINT('',(-7.,0.));
#1470 = VECTOR('',#1471,1.);
#1471 = DIRECTION('',(0.,1.));
#1472 = ( GEOMETRIC_REPRESENTATION_CONTEXT(2) 
PARAMETRIC_REPRESENTATION_CONTEXT() REPRESENTATION_CONTEXT('2D SPACE',''
  ) );
#1473 = PCURVE('',#1474,#1493);
#1474 = B_SPLINE_SURFACE_WITH_KNOTS('',8,1,(
    (#1475,#1476)
    ,(#1477,#1478)
    ,(#1479,#1480)
    ,(#1481,#1482)
    ,(#1483,#1484)
    ,(#1485,#1486)
    ,(#1487,#1488)
    ,(#1489,#1490)
    ,(#1491,#1492
    )),.UNSPECIFIED.,.F.,.F.,.F.,(9,9),(2,2),(4.712388980385,
    6.28318530718),(0.,1.),.PIECEWISE_BEZIER_KNOTS.);
#1475 = CARTESIAN_POINT('',(-14.,15.,35.7));
#1476 = CARTESIAN_POINT('',(-13.6,14.1,39.5));
#1477 = CARTESIAN_POINT('',(-15.57079632679,15.,35.699999999999));
#1478 = CARTESIAN_POINT('',(-15.07262155637,14.1,39.5));
#1479 = CARTESIAN_POINT('',(-17.14159314803,14.647513688311,
    35.700000000002));
#1480 = CARTESIAN_POINT('',(-16.54524357628,13.769544082791,
    39.500000000001));
#1481 = CARTESIAN_POINT('',(-18.62010587467,13.942544526971,
    35.699999999996));
#1482 = CARTESIAN_POINT('',(-17.93134925751,13.108635494035,
    39.499999999998));
#1483 = CARTESIAN_POINT('',(-19.91407004624,12.91407004624,
    35.700000000004));
#1484 = CARTESIAN_POINT('',(-19.14444066835,12.14444066835,
    39.500000000002));
#1485 = CARTESIAN_POINT('',(-20.94254452697,11.62010587468,
    35.699999999997));
#1486 = CARTESIAN_POINT('',(-20.10863549403,10.931349257513,
    39.499999999999));
#1487 = CARTESIAN_POINT('',(-21.64751368831,10.141593148034,
    35.700000000002));
#1488 = CARTESIAN_POINT('',(-20.76954408279,9.545243576282,
    39.500000000001));
#1489 = CARTESIAN_POINT('',(-22.,8.570796326795,35.7));
#1490 = CARTESIAN_POINT('',(-21.1,8.07262155637,39.5));
#1491 = CARTESIAN_POINT('',(-22.,7.,35.7));
#1492 = CARTESIAN_POINT('',(-21.1,6.6,39.5));
#1493 = DEFINITIONAL_REPRESENTATION('',(#1494),#1498);
#1494 = LINE('',#1495,#1496);
#1495 = CARTESIAN_POINT('',(6.28318530718,0.));
#1496 = VECTOR('',#1497,1.);
#1497 = DIRECTION('',(0.,1.));
#1498 = ( GEOMETRIC_REPRESENTATION_CONTEXT(2) 
PARAMETRIC_REPRESENTATION_CONTEXT() REPRESENTATION_CONTEXT('2D SPACE',''
  ) );
#1499 = ORIENTED_EDGE('',*,*,#1500,.F.);
#1500 = EDGE_CURVE('',#1244,#1460,#1501,.T.);
#1501 = SURFACE_CURVE('',#1502,(#1506,#1513),.PCURVE_S1.);
#1502 = LINE('',#1503,#1504);
#1503 = CARTESIAN_POINT('',(-22.,0.,35.7));
#1504 = VECTOR('',#1505,1.);
#1505 = DIRECTION('',(0.,1.,0.));
#1506 = PCURVE('',#1253,#1507);
#1507 = DEFINITIONAL_REPRESENTATION('',(#1508),#1512);
#1508 = LINE('',#1509,#1510);
#1509 = CARTESIAN_POINT('',(0.,0.));
#1510 = VECTOR('',#1511,1.);
#1511 = DIRECTION('',(-1.,0.));
#1512 = ( GEOMETRIC_REPRESENTATION_CONTEXT(2) 
PARAMETRIC_REPRESENTATION_CONTEXT() REPRESENTATION_CONTEXT('2D SPACE',''
  ) );
#1513 = PCURVE('',#1514,#1519);
#1514 = PLANE('',#1515);
#1515 = AXIS2_PLACEMENT_3D('',#1516,#1517,#1518);
#1516 = CARTESIAN_POINT('',(-14.,-7.,35.7));
#1517 = DIRECTION('',(0.,0.,-1.));
#1518 = DIRECTION('',(-1.,0.,0.));
#1519 = DEFINITIONAL_REPRESENTATION('',(#1520),#1524);
#1520 = LINE('',#1521,#1522);
#1521 = CARTESIAN_POINT('',(8.,7.));
#1522 = VECTOR('',#1523,1.);
#1523 = DIRECTION('',(0.,1.));
#1524 = ( GEOMETRIC_REPRESENTATION_CONTEXT(2) 
PARAMETRIC_REPRESENTATION_CONTEXT() REPRESENTATION_CONTEXT('2D SPACE',''
  ) );
#1525 = ADVANCED_FACE('',(#1526),#1265,.T.);
#1526 = FACE_BOUND('',#1527,.T.);
#1527 = EDGE_LOOP('',(#1528,#1557,#1637,#1638));
#1528 = ORIENTED_EDGE('',*,*,#1529,.T.);
#1529 = EDGE_CURVE('',#1530,#1532,#1534,.T.);
#1530 = VERTEX_POINT('',#1531);
#1531 = CARTESIAN_POINT('',(-14.,-15.,35.7));
#1532 = VERTEX_POINT('',#1533);
#1533 = CARTESIAN_POINT('',(-13.69702381959,-14.31830359409,
    38.578273713824));
#1534 = SURFACE_CURVE('',#1535,(#1538,#1545),.PCURVE_S1.);
#1535 = B_SPLINE_CURVE_WITH_KNOTS('',1,(#1536,#1537),.UNSPECIFIED.,.F.,
  .F.,(2,2),(0.,1.),.PIECEWISE_BEZIER_KNOTS.);
#1536 = CARTESIAN_POINT('',(-14.,-15.,35.7));
#1537 = CARTESIAN_POINT('',(-13.6,-14.1,39.5));
#1538 = PCURVE('',#1265,#1539);
#1539 = DEFINITIONAL_REPRESENTATION('',(#1540),#1544);
#1540 = LINE('',#1541,#1542);
#1541 = CARTESIAN_POINT('',(1.570796326795,0.));
#1542 = VECTOR('',#1543,1.);
#1543 = DIRECTION('',(0.,1.));
#1544 = ( GEOMETRIC_REPRESENTATION_CONTEXT(2) 
PARAMETRIC_REPRESENTATION_CONTEXT() REPRESENTATION_CONTEXT('2D SPACE',''
  ) );
#1545 = PCURVE('',#1546,#1551);
#1546 = B_SPLINE_SURFACE_WITH_KNOTS('',1,1,(
    (#1547,#1548)
    ,(#1549,#1550
    )),.UNSPECIFIED.,.F.,.F.,.F.,(2,2),(2,2),(-14.,14.),(0.,1.),
  .PIECEWISE_BEZIER_KNOTS.);
#1547 = CARTESIAN_POINT('',(-14.,-15.,35.7));
#1548 = CARTESIAN_POINT('',(-13.6,-14.1,39.5));
#1549 = CARTESIAN_POINT('',(14.,-15.,35.7));
#1550 = CARTESIAN_POINT('',(13.6,-14.1,39.5));
#1551 = DEFINITIONAL_REPRESENTATION('',(#1552),#1556);
#1552 = LINE('',#1553,#1554);
#1553 = CARTESIAN_POINT('',(-14.,0.));
#1554 = VECTOR('',#1555,1.);
#1555 = DIRECTION('',(0.,1.));
#1556 = ( GEOMETRIC_REPRESENTATION_CONTEXT(2) 
PARAMETRIC_REPRESENTATION_CONTEXT() REPRESENTATION_CONTEXT('2D SPACE',''
  ) );
#1557 = ORIENTED_EDGE('',*,*,#1558,.T.);
#1558 = EDGE_CURVE('',#1532,#1246,#1559,.T.);
#1559 = SURFACE_CURVE('',#1560,(#1573,#1593),.PCURVE_S1.);
#1560 = ( BOUNDED_CURVE() B_SPLINE_CURVE(11,(#1561,#1562,#1563,#1564,
    #1565,#1566,#1567,#1568,#1569,#1570,#1571,#1572),.UNSPECIFIED.,.F.,
.F.) B_SPLINE_CURVE_WITH_KNOTS((12,12),(116.21423663558,127.82944677182)
,.PIECEWISE_BEZIER_KNOTS.) CURVE() GEOMETRIC_REPRESENTATION_ITEM() 
RATIONAL_B_SPLINE_CURVE((1.,1.,1.,1.000000000001,0.999999999999,
    1.000000000002,0.999999999998,1.000000000001,0.999999999999,1.,1.,1.
)) REPRESENTATION_ITEM('') );
#1561 = CARTESIAN_POINT('',(-13.69702381959,-14.31830359409,
    38.578273713824));
#1562 = CARTESIAN_POINT('',(-14.77410733504,-14.3150575467,
    38.591979247255));
#1563 = CARTESIAN_POINT('',(-15.8628732107,-14.14352251887,
    38.607014124071));
#1564 = CARTESIAN_POINT('',(-16.94143278448,-13.79943697984,
    38.618243958644));
#1565 = CARTESIAN_POINT('',(-17.93749872548,-13.27319921956,
    38.625169472457));
#1566 = CARTESIAN_POINT('',(-18.8209910743,-12.62506582049,
    38.627857001738));
#1567 = CARTESIAN_POINT('',(-19.62446557079,-11.83949583918,
    38.629060476039));
#1568 = CARTESIAN_POINT('',(-20.28419422466,-10.92868862341,
    38.624699642065));
#1569 = CARTESIAN_POINT('',(-20.79562470747,-9.930636552108,
    38.617798340296));
#1570 = CARTESIAN_POINT('',(-21.14042372644,-8.871719125265,
    38.607025619837));
#1571 = CARTESIAN_POINT('',(-21.31476877137,-7.784043538485,
    38.59319852088));
#1572 = CARTESIAN_POINT('',(-21.3187046364,-6.697202060626,
    38.576580424049));
#1573 = PCURVE('',#1265,#1574);
#1574 = DEFINITIONAL_REPRESENTATION('',(#1575),#1592);
#1575 = B_SPLINE_CURVE_WITH_KNOTS('',8,(#1576,#1577,#1578,#1579,#1580,
    #1581,#1582,#1583,#1584,#1585,#1586,#1587,#1588,#1589,#1590,#1591),
  .UNSPECIFIED.,.F.,.F.,(9,7,9),(116.21423663558,122.0218417037,
    127.82944677182),.UNSPECIFIED.);
#1576 = CARTESIAN_POINT('',(1.570796326795,0.757440451006));
#1577 = CARTESIAN_POINT('',(1.4735046925,0.759920070542));
#1578 = CARTESIAN_POINT('',(1.375414848219,0.762571028167));
#1579 = CARTESIAN_POINT('',(1.276203290323,0.764899451173));
#1580 = CARTESIAN_POINT('',(1.177405142802,0.766751100582));
#1581 = CARTESIAN_POINT('',(1.079157687579,0.768120647508));
#1582 = CARTESIAN_POINT('',(0.981224674412,0.769035654665));
#1583 = CARTESIAN_POINT('',(0.883377882334,0.769490766352));
#1584 = CARTESIAN_POINT('',(0.68759142934,0.769485296905));
#1585 = CARTESIAN_POINT('',(0.589651134746,0.769023987565));
#1586 = CARTESIAN_POINT('',(0.491536574104,0.76810771607));
#1587 = CARTESIAN_POINT('',(0.393194128099,0.766722264377));
#1588 = CARTESIAN_POINT('',(0.294823464063,0.764903653419));
#1589 = CARTESIAN_POINT('',(0.196473627113,0.762647903985));
#1590 = CARTESIAN_POINT('',(9.81966658168E-02,0.760001412005));
#1591 = CARTESIAN_POINT('',(-1.110223024625E-16,0.756994848434));
#1592 = ( GEOMETRIC_REPRESENTATION_CONTEXT(2) 
PARAMETRIC_REPRESENTATION_CONTEXT() REPRESENTATION_CONTEXT('2D SPACE',''
  ) );
#1593 = PCURVE('',#1594,#1631);
#1594 = ( BOUNDED_SURFACE() B_SPLINE_SURFACE(2,11,(
    (#1595,#1596,#1597,#1598,#1599,#1600,#1601,#1602,#1603,#1604,#1605
      ,#1606)
    ,(#1607,#1608,#1609,#1610,#1611,#1612,#1613,#1614,#1615,#1616,#1617
      ,#1618)
    ,(#1619,#1620,#1621,#1622,#1623,#1624,#1625,#1626,#1627,#1628,#1629
,#1630
    )),.UNSPECIFIED.,.F.,.F.,.F.) B_SPLINE_SURFACE_WITH_KNOTS((3,3),(12,
    12),(0.,11.61521013624),(116.21423663558,127.82944677182),
.PIECEWISE_BEZIER_KNOTS.) GEOMETRIC_REPRESENTATION_ITEM() 
RATIONAL_B_SPLINE_SURFACE((
    (1.,1.,1.,1.000000000001,0.999999999999,1.000000000002
      ,0.999999999998,1.000000000001,0.999999999999,1.,1.,1.)
    ,(0.784823152538,0.788461321794,0.792433866639,0.795371749967
      ,0.797172636919,0.797878450632,0.798185673041,0.797055003183
      ,0.795254330225,0.792432711317,0.788787380983,0.784373535603)
    ,(1.,1.,1.,1.000000000001,0.999999999999,1.000000000002
      ,0.999999999998,1.000000000001,0.999999999999,1.,1.,1.
))) REPRESENTATION_ITEM('') SURFACE() );
#1595 = CARTESIAN_POINT('',(-13.69702381959,-14.31830359409,
    38.578273713824));
#1596 = CARTESIAN_POINT('',(-14.77410733504,-14.3150575467,
    38.591979247255));
#1597 = CARTESIAN_POINT('',(-15.8628732107,-14.14352251887,
    38.607014124071));
#1598 = CARTESIAN_POINT('',(-16.94143278448,-13.79943697984,
    38.618243958644));
#1599 = CARTESIAN_POINT('',(-17.93749872548,-13.27319921956,
    38.625169472457));
#1600 = CARTESIAN_POINT('',(-18.8209910743,-12.62506582049,
    38.627857001738));
#1601 = CARTESIAN_POINT('',(-19.62446557079,-11.83949583918,
    38.629060476039));
#1602 = CARTESIAN_POINT('',(-20.28419422466,-10.92868862341,
    38.624699642065));
#1603 = CARTESIAN_POINT('',(-20.79562470747,-9.930636552108,
    38.617798340296));
#1604 = CARTESIAN_POINT('',(-21.14042372644,-8.871719125265,
    38.607025619837));
#1605 = CARTESIAN_POINT('',(-21.31476877137,-7.784043538485,
    38.59319852088));
#1606 = CARTESIAN_POINT('',(-21.3187046364,-6.697202060626,
    38.576580424049));
#1607 = CARTESIAN_POINT('',(-13.67199915198,-14.1,39.5));
#1608 = CARTESIAN_POINT('',(-14.73299282089,-14.08985803441,39.5));
#1609 = CARTESIAN_POINT('',(-15.79308053327,-13.91445127314,39.5));
#1610 = CARTESIAN_POINT('',(-16.84044096925,-13.57375523922,39.5));
#1611 = CARTESIAN_POINT('',(-17.80385259871,-13.05696488447,39.5));
#1612 = CARTESIAN_POINT('',(-18.65226940663,-12.43077884888,
    39.500000000001));
#1613 = CARTESIAN_POINT('',(-19.43415857766,-11.67095326231,
    39.499999999999));
#1614 = CARTESIAN_POINT('',(-20.07462600159,-10.78667207802,
    39.500000000001));
#1615 = CARTESIAN_POINT('',(-20.57310389002,-9.820355322348,
    39.499999999999));
#1616 = CARTESIAN_POINT('',(-20.911251328,-8.795574756493,39.5));
#1617 = CARTESIAN_POINT('',(-21.08658533374,-7.744464009524,39.5));
#1618 = CARTESIAN_POINT('',(-21.1,-6.694447901368,39.5));
#1619 = CARTESIAN_POINT('',(-13.5640852541,-13.15860920418,39.5));
#1620 = CARTESIAN_POINT('',(-14.58713765982,-13.1648455756,39.5));
#1621 = CARTESIAN_POINT('',(-15.55932017374,-13.01320738328,39.5));
#1622 = CARTESIAN_POINT('',(-16.48922099582,-12.70681921568,39.5));
#1623 = CARTESIAN_POINT('',(-17.31992060495,-12.24822676518,39.5));
#1624 = CARTESIAN_POINT('',(-18.04295139488,-11.71382201467,39.5));
#1625 = CARTESIAN_POINT('',(-18.73173847986,-11.05590925462,39.5));
#1626 = CARTESIAN_POINT('',(-19.28624813291,-10.28127189933,39.5));
#1627 = CARTESIAN_POINT('',(-19.72108569579,-9.431917055638,39.5));
#1628 = CARTESIAN_POINT('',(-20.00982543852,-8.529831380644,39.5));
#1629 = CARTESIAN_POINT('',(-20.15317591676,-7.605002864877,39.5));
#1630 = CARTESIAN_POINT('',(-20.15110578742,-6.682498425471,39.5));
#1631 = DEFINITIONAL_REPRESENTATION('',(#1632),#1636);
#1632 = LINE('',#1633,#1634);
#1633 = CARTESIAN_POINT('',(0.,0.));
#1634 = VECTOR('',#1635,1.);
#1635 = DIRECTION('',(0.,1.));
#1636 = ( GEOMETRIC_REPRESENTATION_CONTEXT(2) 
PARAMETRIC_REPRESENTATION_CONTEXT() REPRESENTATION_CONTEXT('2D SPACE',''
  ) );
#1637 = ORIENTED_EDGE('',*,*,#1243,.F.);
#1638 = ORIENTED_EDGE('',*,*,#1639,.F.);
#1639 = EDGE_CURVE('',#1530,#1244,#1640,.T.);
#1640 = SURFACE_CURVE('',#1641,(#1646,#1653),.PCURVE_S1.);
#1641 = CIRCLE('',#1642,8.);
#1642 = AXIS2_PLACEMENT_3D('',#1643,#1644,#1645);
#1643 = CARTESIAN_POINT('',(-14.,-7.,35.7));
#1644 = DIRECTION('',(0.,0.,-1.));
#1645 = DIRECTION('',(-1.,0.,0.));
#1646 = PCURVE('',#1265,#1647);
#1647 = DEFINITIONAL_REPRESENTATION('',(#1648),#1652);
#1648 = LINE('',#1649,#1650);
#1649 = CARTESIAN_POINT('',(6.28318530718,0.));
#1650 = VECTOR('',#1651,1.);
#1651 = DIRECTION('',(-1.,0.));
#1652 = ( GEOMETRIC_REPRESENTATION_CONTEXT(2) 
PARAMETRIC_REPRESENTATION_CONTEXT() REPRESENTATION_CONTEXT('2D SPACE',''
  ) );
#1653 = PCURVE('',#1514,#1654);
#1654 = DEFINITIONAL_REPRESENTATION('',(#1655),#1659);
#1655 = CIRCLE('',#1656,8.);
#1656 = AXIS2_PLACEMENT_2D('',#1657,#1658);
#1657 = CARTESIAN_POINT('',(0.,0.));
#1658 = DIRECTION('',(1.,0.));
#1659 = ( GEOMETRIC_REPRESENTATION_CONTEXT(2) 
PARAMETRIC_REPRESENTATION_CONTEXT() REPRESENTATION_CONTEXT('2D SPACE',''
  ) );
#1660 = ADVANCED_FACE('',(#1661),#1361,.T.);
#1661 = FACE_BOUND('',#1662,.T.);
#1662 = EDGE_LOOP('',(#1663,#1684,#1766,#1822));
#1663 = ORIENTED_EDGE('',*,*,#1664,.T.);
#1664 = EDGE_CURVE('',#1246,#1665,#1667,.T.);
#1665 = VERTEX_POINT('',#1666);
#1666 = CARTESIAN_POINT('',(-20.15110578742,-6.682498425471,39.5));
#1667 = SURFACE_CURVE('',#1668,(#1672,#1678),.PCURVE_S1.);
#1668 = ( BOUNDED_CURVE() B_SPLINE_CURVE(2,(#1669,#1670,#1671),
.UNSPECIFIED.,.F.,.F.) B_SPLINE_CURVE_WITH_KNOTS((3,3),(0.,
13.37165715643),.PIECEWISE_BEZIER_KNOTS.) CURVE() 
GEOMETRIC_REPRESENTATION_ITEM() RATIONAL_B_SPLINE_CURVE((1.,
0.784373535603,1.)) REPRESENTATION_ITEM('') );
#1669 = CARTESIAN_POINT('',(-21.3187046364,-6.697202060626,
    38.576580424049));
#1670 = CARTESIAN_POINT('',(-21.1,-6.694447901368,39.5));
#1671 = CARTESIAN_POINT('',(-20.15110578742,-6.682498425471,39.5));
#1672 = PCURVE('',#1361,#1673);
#1673 = DEFINITIONAL_REPRESENTATION('',(#1674),#1677);
#1674 = B_SPLINE_CURVE_WITH_KNOTS('',1,(#1675,#1676),.UNSPECIFIED.,.F.,
  .F.,(2,2),(0.,13.37165715643),.PIECEWISE_BEZIER_KNOTS.);
#1675 = CARTESIAN_POINT('',(0.,-9.444303201928E-02));
#1676 = CARTESIAN_POINT('',(13.37165715643,-9.444303201928E-02));
#1677 = ( GEOMETRIC_REPRESENTATION_CONTEXT(2) 
PARAMETRIC_REPRESENTATION_CONTEXT() REPRESENTATION_CONTEXT('2D SPACE',''
  ) );
#1678 = PCURVE('',#1594,#1679);
#1679 = DEFINITIONAL_REPRESENTATION('',(#1680),#1683);
#1680 = B_SPLINE_CURVE_WITH_KNOTS('',1,(#1681,#1682),.UNSPECIFIED.,.F.,
  .F.,(2,2),(0.,13.37165715643),.PIECEWISE_BEZIER_KNOTS.);
#1681 = CARTESIAN_POINT('',(0.,127.82944677182));
#1682 = CARTESIAN_POINT('',(11.61521013624,127.82944677182));
#1683 = ( GEOMETRIC_REPRESENTATION_CONTEXT(2) 
PARAMETRIC_REPRESENTATION_CONTEXT() REPRESENTATION_CONTEXT('2D SPACE',''
  ) );
#1684 = ORIENTED_EDGE('',*,*,#1685,.T.);
#1685 = EDGE_CURVE('',#1665,#1686,#1688,.T.);
#1686 = VERTEX_POINT('',#1687);
#1687 = CARTESIAN_POINT('',(-20.15562979923,6.593379740774,39.5));
#1688 = SURFACE_CURVE('',#1689,(#1720,#1727),.PCURVE_S1.);
#1689 = ( BOUNDED_CURVE() B_SPLINE_CURVE(10,(#1690,#1691,#1692,#1693,
    #1694,#1695,#1696,#1697,#1698,#1699,#1700,#1701,#1702,#1703,#1704,
    #1705,#1706,#1707,#1708,#1709,#1710,#1711,#1712,#1713,#1714,#1715,
    #1716,#1717,#1718,#1719),.UNSPECIFIED.,.F.,.F.) 
B_SPLINE_CURVE_WITH_KNOTS((11,10,9,11),(-9.444303201928E-02,0.,
13.200022260106,13.27721412441),.UNSPECIFIED.) CURVE() 
GEOMETRIC_REPRESENTATION_ITEM() RATIONAL_B_SPLINE_CURVE((1.,1.,1.,
    1.000000000001,0.999999999999,1.000000000001,0.999999999999,
    1.000000000001,1.,1.,1.,1.,1.,1.,1.,1.,1.,1.,1.,1.,1.,1.,1.,1.,1.,1.
,1.,1.,1.,1.)) REPRESENTATION_ITEM('') );
#1690 = CARTESIAN_POINT('',(-20.15110578742,-6.682498425471,39.5));
#1691 = CARTESIAN_POINT('',(-20.15108727203,-6.674247474621,39.5));
#1692 = CARTESIAN_POINT('',(-20.1510708138,-6.665996892843,39.5));
#1693 = CARTESIAN_POINT('',(-20.15105641278,-6.65774663409,39.5));
#1694 = CARTESIAN_POINT('',(-20.15104406897,-6.649496652325,39.5));
#1695 = CARTESIAN_POINT('',(-20.15103378241,-6.641246901497,39.5));
#1696 = CARTESIAN_POINT('',(-20.15102555312,-6.632997335573,39.5));
#1697 = CARTESIAN_POINT('',(-20.15101938111,-6.624747908502,39.5));
#1698 = CARTESIAN_POINT('',(-20.15101526642,-6.616498574245,39.5));
#1699 = CARTESIAN_POINT('',(-20.15101320906,-6.608249286759,39.5));
#1700 = CARTESIAN_POINT('',(-20.15101320906,-6.6,39.5));
#1701 = CARTESIAN_POINT('',(-20.15101320906,-5.28,39.5));
#1702 = CARTESIAN_POINT('',(-20.15101086771,-3.959903342559,39.5));
#1703 = CARTESIAN_POINT('',(-20.15102349201,-2.640555873539,39.5));
#1704 = CARTESIAN_POINT('',(-20.15099540422,-1.316492562563,39.5));
#1705 = CARTESIAN_POINT('',(-20.15101635007,4.369707796832E-03,39.5));
#1706 = CARTESIAN_POINT('',(-20.15106438328,1.342053421789,39.5));
#1707 = CARTESIAN_POINT('',(-20.15088533729,2.660403058216,39.5));
#1708 = CARTESIAN_POINT('',(-20.15342521891,4.002306880474,39.5));
#1709 = CARTESIAN_POINT('',(-20.14684073672,5.273959352013,39.5));
#1710 = CARTESIAN_POINT('',(-20.15516944543,6.527820304987,39.5));
#1711 = CARTESIAN_POINT('',(-20.15521840205,6.535108961756,39.5));
#1712 = CARTESIAN_POINT('',(-20.15526789748,6.542396517198,39.5));
#1713 = CARTESIAN_POINT('',(-20.15531793586,6.549682985272,39.5));
#1714 = CARTESIAN_POINT('',(-20.1553685213,6.556968379937,39.5));
#1715 = CARTESIAN_POINT('',(-20.15541965795,6.564252715157,39.5));
#1716 = CARTESIAN_POINT('',(-20.15547134993,6.571536004889,39.5));
#1717 = CARTESIAN_POINT('',(-20.15552360139,6.578818263096,39.5));
#1718 = CARTESIAN_POINT('',(-20.15557641644,6.586099503738,39.5));
#1719 = CARTESIAN_POINT('',(-20.15562979923,6.593379740774,39.5));
#1720 = PCURVE('',#1361,#1721);
#1721 = DEFINITIONAL_REPRESENTATION('',(#1722),#1726);
#1722 = LINE('',#1723,#1724);
#1723 = CARTESIAN_POINT('',(13.37165715643,0.));
#1724 = VECTOR('',#1725,1.);
#1725 = DIRECTION('',(0.,1.));
#1726 = ( GEOMETRIC_REPRESENTATION_CONTEXT(2) 
PARAMETRIC_REPRESENTATION_CONTEXT() REPRESENTATION_CONTEXT('2D SPACE',''
  ) );
#1727 = PCURVE('',#1728,#1733);
#1728 = PLANE('',#1729);
#1729 = AXIS2_PLACEMENT_3D('',#1730,#1731,#1732);
#1730 = CARTESIAN_POINT('',(-13.6,-6.6,39.5));
#1731 = DIRECTION('',(0.,0.,1.));
#1732 = DIRECTION('',(1.,0.,0.));
#1733 = DEFINITIONAL_REPRESENTATION('',(#1734),#1765);
#1734 = B_SPLINE_CURVE_WITH_KNOTS('',10,(#1735,#1736,#1737,#1738,#1739,
    #1740,#1741,#1742,#1743,#1744,#1745,#1746,#1747,#1748,#1749,#1750,
    #1751,#1752,#1753,#1754,#1755,#1756,#1757,#1758,#1759,#1760,#1761,
    #1762,#1763,#1764),.UNSPECIFIED.,.F.,.F.,(11,10,9,11),(
    -9.444303201928E-02,0.,13.200022260106,13.27721412441),
  .UNSPECIFIED.);
#1735 = CARTESIAN_POINT('',(-6.551105787427,-8.249842547086E-02));
#1736 = CARTESIAN_POINT('',(-6.551087272031,-7.424747462146E-02));
#1737 = CARTESIAN_POINT('',(-6.551070813806,-6.599689284231E-02));
#1738 = CARTESIAN_POINT('',(-6.551056412787,-5.774663409079E-02));
#1739 = CARTESIAN_POINT('',(-6.551044068973,-4.949665232352E-02));
#1740 = CARTESIAN_POINT('',(-6.551033782425,-4.12469014987E-02));
#1741 = CARTESIAN_POINT('',(-6.551025553118,-3.299733557196E-02));
#1742 = CARTESIAN_POINT('',(-6.551019381122,-2.474790850231E-02));
#1743 = CARTESIAN_POINT('',(-6.551015266424,-1.649857424505E-02));
#1744 = CARTESIAN_POINT('',(-6.551013209068,-8.249286758951E-03));
#1745 = CARTESIAN_POINT('',(-6.551013209067,-8.881784197001E-16));
#1746 = CARTESIAN_POINT('',(-6.551013209068,1.32));
#1747 = CARTESIAN_POINT('',(-6.551010867711,2.640096657441));
#1748 = CARTESIAN_POINT('',(-6.551023492012,3.959444126462));
#1749 = CARTESIAN_POINT('',(-6.550995404221,5.283507437435));
#1750 = CARTESIAN_POINT('',(-6.551016350076,6.604369707799));
#1751 = CARTESIAN_POINT('',(-6.551064383281,7.942053421787));
#1752 = CARTESIAN_POINT('',(-6.550885337296,9.260403058217));
#1753 = CARTESIAN_POINT('',(-6.553425218919,10.602306880473));
#1754 = CARTESIAN_POINT('',(-6.546840736721,11.873959352013));
#1755 = CARTESIAN_POINT('',(-6.555169445434,13.127820304987));
#1756 = CARTESIAN_POINT('',(-6.555218402057,13.135108961756));
#1757 = CARTESIAN_POINT('',(-6.555267897489,13.142396517199));
#1758 = CARTESIAN_POINT('',(-6.55531793586,13.14968298527));
#1759 = CARTESIAN_POINT('',(-6.555368521305,13.156968379938));
#1760 = CARTESIAN_POINT('',(-6.555419657954,13.164252715157));
#1761 = CARTESIAN_POINT('',(-6.555471349939,13.171536004889));
#1762 = CARTESIAN_POINT('',(-6.555523601393,13.178818263097));
#1763 = CARTESIAN_POINT('',(-6.555576416447,13.186099503738));
#1764 = CARTESIAN_POINT('',(-6.555629799235,13.193379740774));
#1765 = ( GEOMETRIC_REPRESENTATION_CONTEXT(2) 
PARAMETRIC_REPRESENTATION_CONTEXT() REPRESENTATION_CONTEXT('2D SPACE',''
  ) );
#1766 = ORIENTED_EDGE('',*,*,#1767,.F.);
#1767 = EDGE_CURVE('',#1292,#1686,#1768,.T.);
#1768 = SURFACE_CURVE('',#1769,(#1773,#1779),.PCURVE_S1.);
#1769 = ( BOUNDED_CURVE() B_SPLINE_CURVE(2,(#1770,#1771,#1772),
.UNSPECIFIED.,.F.,.F.) B_SPLINE_CURVE_WITH_KNOTS((3,3),(0.,
13.37165715643),.PIECEWISE_BEZIER_KNOTS.) CURVE() 
GEOMETRIC_REPRESENTATION_ITEM() RATIONAL_B_SPLINE_CURVE((1.,
0.784643995222,1.)) REPRESENTATION_ITEM('') );
#1770 = CARTESIAN_POINT('',(-21.31846342359,6.697094854929,
    38.57759887817));
#1771 = CARTESIAN_POINT('',(-21.1,6.677609729593,39.5));
#1772 = CARTESIAN_POINT('',(-20.15562979923,6.593379740774,39.5));
#1773 = PCURVE('',#1361,#1774);
#1774 = DEFINITIONAL_REPRESENTATION('',(#1775),#1778);
#1775 = B_SPLINE_CURVE_WITH_KNOTS('',1,(#1776,#1777),.UNSPECIFIED.,.F.,
  .F.,(2,2),(0.,13.37165715643),.PIECEWISE_BEZIER_KNOTS.);
#1776 = CARTESIAN_POINT('',(0.,13.27721412441));
#1777 = CARTESIAN_POINT('',(13.37165715643,13.27721412441));
#1778 = ( GEOMETRIC_REPRESENTATION_CONTEXT(2) 
PARAMETRIC_REPRESENTATION_CONTEXT() REPRESENTATION_CONTEXT('2D SPACE',''
  ) );
#1779 = PCURVE('',#1780,#1817);
#1780 = ( BOUNDED_SURFACE() B_SPLINE_SURFACE(2,11,(
    (#1781,#1782,#1783,#1784,#1785,#1786,#1787,#1788,#1789,#1790,#1791
      ,#1792)
    ,(#1793,#1794,#1795,#1796,#1797,#1798,#1799,#1800,#1801,#1802,#1803
      ,#1804)
    ,(#1805,#1806,#1807,#1808,#1809,#1810,#1811,#1812,#1813,#1814,#1815
,#1816
    )),.UNSPECIFIED.,.F.,.F.,.F.) B_SPLINE_SURFACE_WITH_KNOTS((3,3),(12,
    12),(0.,11.632461303991),(13.27721412441,24.909675428402),
.PIECEWISE_BEZIER_KNOTS.) GEOMETRIC_REPRESENTATION_ITEM() 
RATIONAL_B_SPLINE_SURFACE((
    (1.,1.,1.,1.,1.,1.,1.,1.,1.,1.,1.,1.)
    ,(0.784643995222,0.788596652721,0.792425851064,0.795343318133
      ,0.797097728459,0.79807283748,0.797892742306,0.797185042823
      ,0.795384759772,0.792445751182,0.788466725381,0.78482315254)
,(1.,1.,1.,1.,1.,1.,1.,1.,1.,1.,1.,1.
))) REPRESENTATION_ITEM('') SURFACE() );
#1781 = CARTESIAN_POINT('',(-21.31846342359,6.697094854929,
    38.57759887817));
#1782 = CARTESIAN_POINT('',(-21.31493758854,7.776137015205,
    38.592485737236));
#1783 = CARTESIAN_POINT('',(-21.14290342922,8.867366670244,
    38.606989743459));
#1784 = CARTESIAN_POINT('',(-20.79718629736,9.940279041101,
    38.618137013638));
#1785 = CARTESIAN_POINT('',(-20.27560540011,10.937006394374,
    38.624872724473));
#1786 = CARTESIAN_POINT('',(-19.62231241585,11.832716744021,
    38.628618579866));
#1787 = CARTESIAN_POINT('',(-18.82780882591,12.620751234487,
    38.627917580466));
#1788 = CARTESIAN_POINT('',(-17.94282230588,13.269926426953,
    38.625215286201));
#1789 = CARTESIAN_POINT('',(-16.94642219423,13.797928457861,
    38.618294056761));
#1790 = CARTESIAN_POINT('',(-15.86608082189,14.143009911661,
    38.607059061362));
#1791 = CARTESIAN_POINT('',(-14.77570704546,14.315052725514,
    38.591999603385));
#1792 = CARTESIAN_POINT('',(-13.69702381959,14.318303594093,
    38.57827371383));
#1793 = CARTESIAN_POINT('',(-21.1,6.677609729593,39.5));
#1794 = CARTESIAN_POINT('',(-21.08905110895,7.735130651831,39.5));
#1795 = CARTESIAN_POINT('',(-20.91384275743,8.796176729402,39.5));
#1796 = CARTESIAN_POINT('',(-20.57207991857,9.836979812077,
    39.499999999999));
#1797 = CARTESIAN_POINT('',(-20.06148885876,10.800347399282,
    39.500000000002));
#1798 = CARTESIAN_POINT('',(-19.42890628473,11.664784682909,
    39.499999999998));
#1799 = CARTESIAN_POINT('',(-18.65918788381,12.42650425438,
    39.500000000001));
#1800 = CARTESIAN_POINT('',(-17.80851895859,13.05392310854,
    39.499999999999));
#1801 = CARTESIAN_POINT('',(-16.84535649628,13.57221582375,39.5));
#1802 = CARTESIAN_POINT('',(-15.7961745692,13.913938055455,39.5));
#1803 = CARTESIAN_POINT('',(-14.73456134967,14.089843040938,39.5));
#1804 = CARTESIAN_POINT('',(-13.67199915194,14.1,39.5));
#1805 = CARTESIAN_POINT('',(-20.15562979923,6.593379740774,39.5));
#1806 = CARTESIAN_POINT('',(-20.16294301937,7.590741978954,39.5));
#1807 = CARTESIAN_POINT('',(-20.0123127209,8.55436862153,39.5));
#1808 = CARTESIAN_POINT('',(-19.70873372794,9.476013000864,39.5));
#1809 = CARTESIAN_POINT('',(-19.25802197752,10.309733264877,39.5));
#1810 = CARTESIAN_POINT('',(-18.7166662633,11.053415093028,39.5));
#1811 = CARTESIAN_POINT('',(-18.04691726686,11.710318283291,39.5));
#1812 = CARTESIAN_POINT('',(-17.32345026646,12.245760184946,39.5));
#1813 = CARTESIAN_POINT('',(-16.49355838318,12.705384159445,39.5));
#1814 = CARTESIAN_POINT('',(-15.5621785797,13.012768015488,39.5));
#1815 = CARTESIAN_POINT('',(-14.58865710865,13.164854839549,39.5));
#1816 = CARTESIAN_POINT('',(-13.56408525388,13.158609204205,39.5));
#1817 = DEFINITIONAL_REPRESENTATION('',(#1818),#1821);
#1818 = B_SPLINE_CURVE_WITH_KNOTS('',1,(#1819,#1820),.UNSPECIFIED.,.F.,
  .F.,(2,2),(0.,13.37165715643),.PIECEWISE_BEZIER_KNOTS.);
#1819 = CARTESIAN_POINT('',(0.,13.27721412441));
#1820 = CARTESIAN_POINT('',(11.632461303991,13.27721412441));
#1821 = ( GEOMETRIC_REPRESENTATION_CONTEXT(2) 
PARAMETRIC_REPRESENTATION_CONTEXT() REPRESENTATION_CONTEXT('2D SPACE',''
  ) );
#1822 = ORIENTED_EDGE('',*,*,#1291,.F.);
#1823 = ADVANCED_FACE('',(#1824),#1514,.T.);
#1824 = FACE_BOUND('',#1825,.F.);
#1825 = EDGE_LOOP('',(#1826,#1827,#1828,#1851,#1894,#1922,#1965,#1993));
#1826 = ORIENTED_EDGE('',*,*,#1500,.F.);
#1827 = ORIENTED_EDGE('',*,*,#1639,.F.);
#1828 = ORIENTED_EDGE('',*,*,#1829,.T.);
#1829 = EDGE_CURVE('',#1530,#1830,#1832,.T.);
#1830 = VERTEX_POINT('',#1831);
#1831 = CARTESIAN_POINT('',(14.,-15.,35.7));
#1832 = SURFACE_CURVE('',#1833,(#1837,#1844),.PCURVE_S1.);
#1833 = LINE('',#1834,#1835);
#1834 = CARTESIAN_POINT('',(0.,-15.,35.7));
#1835 = VECTOR('',#1836,1.);
#1836 = DIRECTION('',(1.,0.,0.));
#1837 = PCURVE('',#1514,#1838);
#1838 = DEFINITIONAL_REPRESENTATION('',(#1839),#1843);
#1839 = LINE('',#1840,#1841);
#1840 = CARTESIAN_POINT('',(-14.,-8.));
#1841 = VECTOR('',#1842,1.);
#1842 = DIRECTION('',(-1.,0.));
#1843 = ( GEOMETRIC_REPRESENTATION_CONTEXT(2) 
PARAMETRIC_REPRESENTATION_CONTEXT() REPRESENTATION_CONTEXT('2D SPACE',''
  ) );
#1844 = PCURVE('',#1546,#1845);
#1845 = DEFINITIONAL_REPRESENTATION('',(#1846),#1850);
#1846 = LINE('',#1847,#1848);
#1847 = CARTESIAN_POINT('',(0.,0.));
#1848 = VECTOR('',#1849,1.);
#1849 = DIRECTION('',(1.,0.));
#1850 = ( GEOMETRIC_REPRESENTATION_CONTEXT(2) 
PARAMETRIC_REPRESENTATION_CONTEXT() REPRESENTATION_CONTEXT('2D SPACE',''
  ) );
#1851 = ORIENTED_EDGE('',*,*,#1852,.F.);
#1852 = EDGE_CURVE('',#1853,#1830,#1855,.T.);
#1853 = VERTEX_POINT('',#1854);
#1854 = CARTESIAN_POINT('',(22.,-7.,35.7));
#1855 = SURFACE_CURVE('',#1856,(#1861,#1868),.PCURVE_S1.);
#1856 = CIRCLE('',#1857,8.);
#1857 = AXIS2_PLACEMENT_3D('',#1858,#1859,#1860);
#1858 = CARTESIAN_POINT('',(14.,-7.,35.7));
#1859 = DIRECTION('',(0.,0.,-1.));
#1860 = DIRECTION('',(-1.,0.,0.));
#1861 = PCURVE('',#1514,#1862);
#1862 = DEFINITIONAL_REPRESENTATION('',(#1863),#1867);
#1863 = CIRCLE('',#1864,8.);
#1864 = AXIS2_PLACEMENT_2D('',#1865,#1866);
#1865 = CARTESIAN_POINT('',(-28.,0.));
#1866 = DIRECTION('',(1.,0.));
#1867 = ( GEOMETRIC_REPRESENTATION_CONTEXT(2) 
PARAMETRIC_REPRESENTATION_CONTEXT() REPRESENTATION_CONTEXT('2D SPACE',''
  ) );
#1868 = PCURVE('',#1869,#1888);
#1869 = B_SPLINE_SURFACE_WITH_KNOTS('',8,1,(
    (#1870,#1871)
    ,(#1872,#1873)
    ,(#1874,#1875)
    ,(#1876,#1877)
    ,(#1878,#1879)
    ,(#1880,#1881)
    ,(#1882,#1883)
    ,(#1884,#1885)
    ,(#1886,#1887
    )),.UNSPECIFIED.,.F.,.F.,.F.,(9,9),(2,2),(1.570796326795,
    3.14159265359),(0.,1.),.PIECEWISE_BEZIER_KNOTS.);
#1870 = CARTESIAN_POINT('',(14.,-15.,35.7));
#1871 = CARTESIAN_POINT('',(13.6,-14.1,39.5));
#1872 = CARTESIAN_POINT('',(15.570796326795,-15.,35.7));
#1873 = CARTESIAN_POINT('',(15.07262155637,-14.1,39.5));
#1874 = CARTESIAN_POINT('',(17.141593148034,-14.64751368831,35.7));
#1875 = CARTESIAN_POINT('',(16.545243576282,-13.76954408279,
    39.500000000002));
#1876 = CARTESIAN_POINT('',(18.62010587468,-13.94254452697,
    35.699999999999));
#1877 = CARTESIAN_POINT('',(17.931349257512,-13.10863549403,
    39.499999999997));
#1878 = CARTESIAN_POINT('',(19.91407004624,-12.91407004624,
    35.700000000001));
#1879 = CARTESIAN_POINT('',(19.144440668351,-12.14444066835,
    39.500000000003));
#1880 = CARTESIAN_POINT('',(20.942544526971,-11.62010587468,35.7));
#1881 = CARTESIAN_POINT('',(20.108635494035,-10.93134925751,
    39.499999999998));
#1882 = CARTESIAN_POINT('',(21.647513688311,-10.14159314803,35.7));
#1883 = CARTESIAN_POINT('',(20.769544082791,-9.545243576282,
    39.500000000001));
#1884 = CARTESIAN_POINT('',(22.,-8.570796326795,35.7));
#1885 = CARTESIAN_POINT('',(21.1,-8.07262155637,39.5));
#1886 = CARTESIAN_POINT('',(22.,-7.,35.7));
#1887 = CARTESIAN_POINT('',(21.1,-6.6,39.5));
#1888 = DEFINITIONAL_REPRESENTATION('',(#1889),#1893);
#1889 = LINE('',#1890,#1891);
#1890 = CARTESIAN_POINT('',(6.28318530718,0.));
#1891 = VECTOR('',#1892,1.);
#1892 = DIRECTION('',(-1.,0.));
#1893 = ( GEOMETRIC_REPRESENTATION_CONTEXT(2) 
PARAMETRIC_REPRESENTATION_CONTEXT() REPRESENTATION_CONTEXT('2D SPACE',''
  ) );
#1894 = ORIENTED_EDGE('',*,*,#1895,.T.);
#1895 = EDGE_CURVE('',#1853,#1896,#1898,.T.);
#1896 = VERTEX_POINT('',#1897);
#1897 = CARTESIAN_POINT('',(22.,7.,35.7));
#1898 = SURFACE_CURVE('',#1899,(#1903,#1910),.PCURVE_S1.);
#1899 = LINE('',#1900,#1901);
#1900 = CARTESIAN_POINT('',(22.,0.,35.7));
#1901 = VECTOR('',#1902,1.);
#1902 = DIRECTION('',(0.,1.,0.));
#1903 = PCURVE('',#1514,#1904);
#1904 = DEFINITIONAL_REPRESENTATION('',(#1905),#1909);
#1905 = LINE('',#1906,#1907);
#1906 = CARTESIAN_POINT('',(-36.,7.));
#1907 = VECTOR('',#1908,1.);
#1908 = DIRECTION('',(0.,1.));
#1909 = ( GEOMETRIC_REPRESENTATION_CONTEXT(2) 
PARAMETRIC_REPRESENTATION_CONTEXT() REPRESENTATION_CONTEXT('2D SPACE',''
  ) );
#1910 = PCURVE('',#1911,#1916);
#1911 = B_SPLINE_SURFACE_WITH_KNOTS('',1,1,(
    (#1912,#1913)
    ,(#1914,#1915
    )),.UNSPECIFIED.,.F.,.F.,.F.,(2,2),(2,2),(-7.,7.),(0.,1.),
  .PIECEWISE_BEZIER_KNOTS.);
#1912 = CARTESIAN_POINT('',(22.,-7.,35.7));
#1913 = CARTESIAN_POINT('',(21.1,-6.6,39.5));
#1914 = CARTESIAN_POINT('',(22.,7.,35.7));
#1915 = CARTESIAN_POINT('',(21.1,6.6,39.5));
#1916 = DEFINITIONAL_REPRESENTATION('',(#1917),#1921);
#1917 = LINE('',#1918,#1919);
#1918 = CARTESIAN_POINT('',(0.,0.));
#1919 = VECTOR('',#1920,1.);
#1920 = DIRECTION('',(1.,0.));
#1921 = ( GEOMETRIC_REPRESENTATION_CONTEXT(2) 
PARAMETRIC_REPRESENTATION_CONTEXT() REPRESENTATION_CONTEXT('2D SPACE',''
  ) );
#1922 = ORIENTED_EDGE('',*,*,#1923,.F.);
#1923 = EDGE_CURVE('',#1924,#1896,#1926,.T.);
#1924 = VERTEX_POINT('',#1925);
#1925 = CARTESIAN_POINT('',(14.,15.,35.7));
#1926 = SURFACE_CURVE('',#1927,(#1932,#1939),.PCURVE_S1.);
#1927 = CIRCLE('',#1928,8.);
#1928 = AXIS2_PLACEMENT_3D('',#1929,#1930,#1931);
#1929 = CARTESIAN_POINT('',(14.,7.,35.7));
#1930 = DIRECTION('',(0.,0.,-1.));
#1931 = DIRECTION('',(-1.,0.,0.));
#1932 = PCURVE('',#1514,#1933);
#1933 = DEFINITIONAL_REPRESENTATION('',(#1934),#1938);
#1934 = CIRCLE('',#1935,8.);
#1935 = AXIS2_PLACEMENT_2D('',#1936,#1937);
#1936 = CARTESIAN_POINT('',(-28.,14.));
#1937 = DIRECTION('',(1.,0.));
#1938 = ( GEOMETRIC_REPRESENTATION_CONTEXT(2) 
PARAMETRIC_REPRESENTATION_CONTEXT() REPRESENTATION_CONTEXT('2D SPACE',''
  ) );
#1939 = PCURVE('',#1940,#1959);
#1940 = B_SPLINE_SURFACE_WITH_KNOTS('',8,1,(
    (#1941,#1942)
    ,(#1943,#1944)
    ,(#1945,#1946)
    ,(#1947,#1948)
    ,(#1949,#1950)
    ,(#1951,#1952)
    ,(#1953,#1954)
    ,(#1955,#1956)
    ,(#1957,#1958
    )),.UNSPECIFIED.,.F.,.F.,.F.,(9,9),(2,2),(3.14159265359,
    4.712388980385),(0.,1.),.PIECEWISE_BEZIER_KNOTS.);
#1941 = CARTESIAN_POINT('',(22.,7.,35.7));
#1942 = CARTESIAN_POINT('',(21.1,6.6,39.5));
#1943 = CARTESIAN_POINT('',(22.,8.570796326795,35.699999999999));
#1944 = CARTESIAN_POINT('',(21.1,8.07262155637,39.5));
#1945 = CARTESIAN_POINT('',(21.647513688311,10.141593148034,
    35.700000000002));
#1946 = CARTESIAN_POINT('',(20.769544082791,9.545243576282,39.5));
#1947 = CARTESIAN_POINT('',(20.942544526971,11.62010587468,
    35.699999999997));
#1948 = CARTESIAN_POINT('',(20.108635494036,10.931349257513,
    39.499999999999));
#1949 = CARTESIAN_POINT('',(19.91407004624,12.91407004624,
    35.700000000003));
#1950 = CARTESIAN_POINT('',(19.144440668349,12.144440668349,
    39.500000000001));
#1951 = CARTESIAN_POINT('',(18.62010587468,13.942544526971,
    35.699999999997));
#1952 = CARTESIAN_POINT('',(17.931349257513,13.108635494036,
    39.499999999999));
#1953 = CARTESIAN_POINT('',(17.141593148034,14.647513688311,
    35.700000000001));
#1954 = CARTESIAN_POINT('',(16.545243576282,13.769544082791,39.5));
#1955 = CARTESIAN_POINT('',(15.570796326795,15.,35.7));
#1956 = CARTESIAN_POINT('',(15.07262155637,14.1,39.5));
#1957 = CARTESIAN_POINT('',(14.,15.,35.7));
#1958 = CARTESIAN_POINT('',(13.6,14.1,39.5));
#1959 = DEFINITIONAL_REPRESENTATION('',(#1960),#1964);
#1960 = LINE('',#1961,#1962);
#1961 = CARTESIAN_POINT('',(6.28318530718,0.));
#1962 = VECTOR('',#1963,1.);
#1963 = DIRECTION('',(-1.,0.));
#1964 = ( GEOMETRIC_REPRESENTATION_CONTEXT(2) 
PARAMETRIC_REPRESENTATION_CONTEXT() REPRESENTATION_CONTEXT('2D SPACE',''
  ) );
#1965 = ORIENTED_EDGE('',*,*,#1966,.F.);
#1966 = EDGE_CURVE('',#1967,#1924,#1969,.T.);
#1967 = VERTEX_POINT('',#1968);
#1968 = CARTESIAN_POINT('',(-14.,15.,35.7));
#1969 = SURFACE_CURVE('',#1970,(#1974,#1981),.PCURVE_S1.);
#1970 = LINE('',#1971,#1972);
#1971 = CARTESIAN_POINT('',(0.,15.,35.7));
#1972 = VECTOR('',#1973,1.);
#1973 = DIRECTION('',(1.,0.,0.));
#1974 = PCURVE('',#1514,#1975);
#1975 = DEFINITIONAL_REPRESENTATION('',(#1976),#1980);
#1976 = LINE('',#1977,#1978);
#1977 = CARTESIAN_POINT('',(-14.,22.));
#1978 = VECTOR('',#1979,1.);
#1979 = DIRECTION('',(-1.,0.));
#1980 = ( GEOMETRIC_REPRESENTATION_CONTEXT(2) 
PARAMETRIC_REPRESENTATION_CONTEXT() REPRESENTATION_CONTEXT('2D SPACE',''
  ) );
#1981 = PCURVE('',#1982,#1987);
#1982 = B_SPLINE_SURFACE_WITH_KNOTS('',1,1,(
    (#1983,#1984)
    ,(#1985,#1986
    )),.UNSPECIFIED.,.F.,.F.,.F.,(2,2),(2,2),(-14.,14.),(0.,1.),
  .PIECEWISE_BEZIER_KNOTS.);
#1983 = CARTESIAN_POINT('',(14.,15.,35.7));
#1984 = CARTESIAN_POINT('',(13.6,14.1,39.5));
#1985 = CARTESIAN_POINT('',(-14.,15.,35.7));
#1986 = CARTESIAN_POINT('',(-13.6,14.1,39.5));
#1987 = DEFINITIONAL_REPRESENTATION('',(#1988),#1992);
#1988 = LINE('',#1989,#1990);
#1989 = CARTESIAN_POINT('',(0.,0.));
#1990 = VECTOR('',#1991,1.);
#1991 = DIRECTION('',(-1.,0.));
#1992 = ( GEOMETRIC_REPRESENTATION_CONTEXT(2) 
PARAMETRIC_REPRESENTATION_CONTEXT() REPRESENTATION_CONTEXT('2D SPACE',''
  ) );
#1993 = ORIENTED_EDGE('',*,*,#1994,.F.);
#1994 = EDGE_CURVE('',#1460,#1967,#1995,.T.);
#1995 = SURFACE_CURVE('',#1996,(#2001,#2008),.PCURVE_S1.);
#1996 = CIRCLE('',#1997,8.);
#1997 = AXIS2_PLACEMENT_3D('',#1998,#1999,#2000);
#1998 = CARTESIAN_POINT('',(-14.,7.,35.7));
#1999 = DIRECTION('',(0.,0.,-1.));
#2000 = DIRECTION('',(-1.,0.,0.));
#2001 = PCURVE('',#1514,#2002);
#2002 = DEFINITIONAL_REPRESENTATION('',(#2003),#2007);
#2003 = CIRCLE('',#2004,8.);
#2004 = AXIS2_PLACEMENT_2D('',#2005,#2006);
#2005 = CARTESIAN_POINT('',(0.,14.));
#2006 = DIRECTION('',(1.,0.));
#2007 = ( GEOMETRIC_REPRESENTATION_CONTEXT(2) 
PARAMETRIC_REPRESENTATION_CONTEXT() REPRESENTATION_CONTEXT('2D SPACE',''
  ) );
#2008 = PCURVE('',#1474,#2009);
#2009 = DEFINITIONAL_REPRESENTATION('',(#2010),#2014);
#2010 = LINE('',#2011,#2012);
#2011 = CARTESIAN_POINT('',(6.28318530718,0.));
#2012 = VECTOR('',#2013,1.);
#2013 = DIRECTION('',(-1.,0.));
#2014 = ( GEOMETRIC_REPRESENTATION_CONTEXT(2) 
PARAMETRIC_REPRESENTATION_CONTEXT() REPRESENTATION_CONTEXT('2D SPACE',''
  ) );
#2015 = ADVANCED_FACE('',(#2016),#1474,.T.);
#2016 = FACE_BOUND('',#2017,.T.);
#2017 = EDGE_LOOP('',(#2018,#2019,#2060,#2080));
#2018 = ORIENTED_EDGE('',*,*,#1459,.T.);
#2019 = ORIENTED_EDGE('',*,*,#2020,.T.);
#2020 = EDGE_CURVE('',#1292,#2021,#2023,.T.);
#2021 = VERTEX_POINT('',#2022);
#2022 = CARTESIAN_POINT('',(-13.69702381959,14.318303594093,
    38.57827371383));
#2023 = SURFACE_CURVE('',#2024,(#2037,#2053),.PCURVE_S1.);
#2024 = ( BOUNDED_CURVE() B_SPLINE_CURVE(11,(#2025,#2026,#2027,#2028,
    #2029,#2030,#2031,#2032,#2033,#2034,#2035,#2036),.UNSPECIFIED.,.F.,
.F.) B_SPLINE_CURVE_WITH_KNOTS((12,12),(13.27721412441,24.909675428402),
.PIECEWISE_BEZIER_KNOTS.) CURVE() GEOMETRIC_REPRESENTATION_ITEM() 
RATIONAL_B_SPLINE_CURVE((1.,1.,1.,1.,1.,1.,1.,1.,1.,1.,1.,1.)) 
REPRESENTATION_ITEM('') );
#2025 = CARTESIAN_POINT('',(-21.31846342359,6.697094854929,
    38.57759887817));
#2026 = CARTESIAN_POINT('',(-21.31493758854,7.776137015205,
    38.592485737236));
#2027 = CARTESIAN_POINT('',(-21.14290342922,8.867366670244,
    38.606989743459));
#2028 = CARTESIAN_POINT('',(-20.79718629736,9.940279041101,
    38.618137013638));
#2029 = CARTESIAN_POINT('',(-20.27560540011,10.937006394374,
    38.624872724473));
#2030 = CARTESIAN_POINT('',(-19.62231241585,11.832716744021,
    38.628618579866));
#2031 = CARTESIAN_POINT('',(-18.82780882591,12.620751234487,
    38.627917580466));
#2032 = CARTESIAN_POINT('',(-17.94282230588,13.269926426953,
    38.625215286201));
#2033 = CARTESIAN_POINT('',(-16.94642219423,13.797928457861,
    38.618294056761));
#2034 = CARTESIAN_POINT('',(-15.86608082189,14.143009911661,
    38.607059061362));
#2035 = CARTESIAN_POINT('',(-14.77570704546,14.315052725514,
    38.591999603385));
#2036 = CARTESIAN_POINT('',(-13.69702381959,14.318303594093,
    38.57827371383));
#2037 = PCURVE('',#1474,#2038);
#2038 = DEFINITIONAL_REPRESENTATION('',(#2039),#2052);
#2039 = B_SPLINE_CURVE_WITH_KNOTS('',11,(#2040,#2041,#2042,#2043,#2044,
    #2045,#2046,#2047,#2048,#2049,#2050,#2051),.UNSPECIFIED.,.F.,.F.,(12
    ,12),(13.27721412441,24.909675428402),.PIECEWISE_BEZIER_KNOTS.);
#2040 = CARTESIAN_POINT('',(6.28318530718,0.757262862676));
#2041 = CARTESIAN_POINT('',(6.141398541675,0.761180457167));
#2042 = CARTESIAN_POINT('',(5.997934261115,0.76499728016));
#2043 = CARTESIAN_POINT('',(5.853040900212,0.767930873415));
#2044 = CARTESIAN_POINT('',(5.710033075107,0.769703218976));
#2045 = CARTESIAN_POINT('',(5.568455518868,0.770689182402));
#2046 = CARTESIAN_POINT('',(5.426953987573,0.770504664581));
#2047 = CARTESIAN_POINT('',(5.286257648232,0.769793390949));
#2048 = CARTESIAN_POINT('',(5.143342672488,0.767972194614));
#2049 = CARTESIAN_POINT('',(4.997468792402,0.765015521845));
#2050 = CARTESIAN_POINT('',(4.854114266466,0.761052527207));
#2051 = CARTESIAN_POINT('',(4.712388980385,0.757440451008));
#2052 = ( GEOMETRIC_REPRESENTATION_CONTEXT(2) 
PARAMETRIC_REPRESENTATION_CONTEXT() REPRESENTATION_CONTEXT('2D SPACE',''
  ) );
#2053 = PCURVE('',#1780,#2054);
#2054 = DEFINITIONAL_REPRESENTATION('',(#2055),#2059);
#2055 = LINE('',#2056,#2057);
#2056 = CARTESIAN_POINT('',(0.,0.));
#2057 = VECTOR('',#2058,1.);
#2058 = DIRECTION('',(0.,1.));
#2059 = ( GEOMETRIC_REPRESENTATION_CONTEXT(2) 
PARAMETRIC_REPRESENTATION_CONTEXT() REPRESENTATION_CONTEXT('2D SPACE',''
  ) );
#2060 = ORIENTED_EDGE('',*,*,#2061,.F.);
#2061 = EDGE_CURVE('',#1967,#2021,#2062,.T.);
#2062 = SURFACE_CURVE('',#2063,(#2066,#2073),.PCURVE_S1.);
#2063 = B_SPLINE_CURVE_WITH_KNOTS('',1,(#2064,#2065),.UNSPECIFIED.,.F.,
  .F.,(2,2),(0.,1.),.PIECEWISE_BEZIER_KNOTS.);
#2064 = CARTESIAN_POINT('',(-14.,15.,35.7));
#2065 = CARTESIAN_POINT('',(-13.6,14.1,39.5));
#2066 = PCURVE('',#1474,#2067);
#2067 = DEFINITIONAL_REPRESENTATION('',(#2068),#2072);
#2068 = LINE('',#2069,#2070);
#2069 = CARTESIAN_POINT('',(4.712388980385,0.));
#2070 = VECTOR('',#2071,1.);
#2071 = DIRECTION('',(0.,1.));
#2072 = ( GEOMETRIC_REPRESENTATION_CONTEXT(2) 
PARAMETRIC_REPRESENTATION_CONTEXT() REPRESENTATION_CONTEXT('2D SPACE',''
  ) );
#2073 = PCURVE('',#1982,#2074);
#2074 = DEFINITIONAL_REPRESENTATION('',(#2075),#2079);
#2075 = LINE('',#2076,#2077);
#2076 = CARTESIAN_POINT('',(14.,0.));
#2077 = VECTOR('',#2078,1.);
#2078 = DIRECTION('',(0.,1.));
#2079 = ( GEOMETRIC_REPRESENTATION_CONTEXT(2) 
PARAMETRIC_REPRESENTATION_CONTEXT() REPRESENTATION_CONTEXT('2D SPACE',''
  ) );
#2080 = ORIENTED_EDGE('',*,*,#1994,.F.);
#2081 = ADVANCED_FACE('',(#2082),#1546,.T.);
#2082 = FACE_BOUND('',#2083,.T.);
#2083 = EDGE_LOOP('',(#2084,#2106,#2282,#2283));
#2084 = ORIENTED_EDGE('',*,*,#2085,.T.);
#2085 = EDGE_CURVE('',#1830,#2086,#2088,.T.);
#2086 = VERTEX_POINT('',#2087);
#2087 = CARTESIAN_POINT('',(13.697023819597,-14.31830359409,
    38.57827371383));
#2088 = SURFACE_CURVE('',#2089,(#2092,#2099),.PCURVE_S1.);
#2089 = B_SPLINE_CURVE_WITH_KNOTS('',1,(#2090,#2091),.UNSPECIFIED.,.F.,
  .F.,(2,2),(0.,1.),.PIECEWISE_BEZIER_KNOTS.);
#2090 = CARTESIAN_POINT('',(14.,-15.,35.7));
#2091 = CARTESIAN_POINT('',(13.6,-14.1,39.5));
#2092 = PCURVE('',#1546,#2093);
#2093 = DEFINITIONAL_REPRESENTATION('',(#2094),#2098);
#2094 = LINE('',#2095,#2096);
#2095 = CARTESIAN_POINT('',(14.,0.));
#2096 = VECTOR('',#2097,1.);
#2097 = DIRECTION('',(0.,1.));
#2098 = ( GEOMETRIC_REPRESENTATION_CONTEXT(2) 
PARAMETRIC_REPRESENTATION_CONTEXT() REPRESENTATION_CONTEXT('2D SPACE',''
  ) );
#2099 = PCURVE('',#1869,#2100);
#2100 = DEFINITIONAL_REPRESENTATION('',(#2101),#2105);
#2101 = LINE('',#2102,#2103);
#2102 = CARTESIAN_POINT('',(1.570796326795,0.));
#2103 = VECTOR('',#2104,1.);
#2104 = DIRECTION('',(0.,1.));
#2105 = ( GEOMETRIC_REPRESENTATION_CONTEXT(2) 
PARAMETRIC_REPRESENTATION_CONTEXT() REPRESENTATION_CONTEXT('2D SPACE',''
  ) );
#2106 = ORIENTED_EDGE('',*,*,#2107,.T.);
#2107 = EDGE_CURVE('',#2086,#1532,#2108,.T.);
#2108 = SURFACE_CURVE('',#2109,(#2142,#2178),.PCURVE_S1.);
#2109 = ( BOUNDED_CURVE() B_SPLINE_CURVE(11,(#2110,#2111,#2112,#2113,
    #2114,#2115,#2116,#2117,#2118,#2119,#2120,#2121,#2122,#2123,#2124,
    #2125,#2126,#2127,#2128,#2129,#2130,#2131,#2132,#2133,#2134,#2135,
    #2136,#2137,#2138,#2139,#2140,#2141),.UNSPECIFIED.,.F.,.F.) 
B_SPLINE_CURVE_WITH_KNOTS((12,10,10,12),(88.871620330325,88.942905548283
,116.14295141759,116.21423663558),.UNSPECIFIED.) CURVE() 
GEOMETRIC_REPRESENTATION_ITEM() RATIONAL_B_SPLINE_CURVE((1.,1.,1.,1.,
    0.999999999999,1.000000000001,0.999999999999,1.,1.,1.,1.,1.,1.,1.,
    0.999999999999,1.000000000001,0.999999999999,1.,1.,1.,1.,1.,1.,1.,
    0.999999999999,1.000000000001,0.999999999999,1.,1.,1.,1.,1.)) 
REPRESENTATION_ITEM('') );
#2110 = CARTESIAN_POINT('',(13.697023819597,-14.31830359409,
    38.57827371383));
#2111 = CARTESIAN_POINT('',(13.690411462407,-14.31830565228,
    38.578265023677));
#2112 = CARTESIAN_POINT('',(13.683800277622,-14.31830768998,
    38.578256420082));
#2113 = CARTESIAN_POINT('',(13.677190263252,-14.31830970726,
    38.578247902642));
#2114 = CARTESIAN_POINT('',(13.670581417307,-14.31831170424,
    38.578239470953));
#2115 = CARTESIAN_POINT('',(13.663973737801,-14.31831368101,
    38.578231124611));
#2116 = CARTESIAN_POINT('',(13.657367222744,-14.31831563766,
    38.578222863211));
#2117 = CARTESIAN_POINT('',(13.650761870146,-14.31831757428,
    38.578214686348));
#2118 = CARTESIAN_POINT('',(13.64415767802,-14.31831949098,
    38.57820659362));
#2119 = CARTESIAN_POINT('',(13.637554644375,-14.31832138785,
    38.578198584621));
#2120 = CARTESIAN_POINT('',(13.630952767223,-14.31832326498,
    38.578190658947));
#2121 = CARTESIAN_POINT('',(11.105737892777,-14.31903387985,
    38.575190285076));
#2122 = CARTESIAN_POINT('',(8.701181234445,-14.31858690954,
    38.577077493034));
#2123 = CARTESIAN_POINT('',(6.19307439192,-14.31866604552,
    38.576743363342));
#2124 = CARTESIAN_POINT('',(3.724076048208,-14.31869508807,
    38.576620739243));
#2125 = CARTESIAN_POINT('',(1.230578086274,-14.31874310647,
    38.576417994897));
#2126 = CARTESIAN_POINT('',(-1.230578086275,-14.31874310647,
    38.576417994897));
#2127 = CARTESIAN_POINT('',(-3.724076048206,-14.31869508807,
    38.576620739243));
#2128 = CARTESIAN_POINT('',(-6.193074391922,-14.31866604552,
    38.576743363343));
#2129 = CARTESIAN_POINT('',(-8.701181234444,-14.31858690954,
    38.577077493034));
#2130 = CARTESIAN_POINT('',(-11.10573789277,-14.31903387985,
    38.575190285076));
#2131 = CARTESIAN_POINT('',(-13.63095276722,-14.31832326498,
    38.578190658947));
#2132 = CARTESIAN_POINT('',(-13.63755464438,-14.31832138785,
    38.578198584621));
#2133 = CARTESIAN_POINT('',(-13.64415767802,-14.31831949098,
    38.57820659362));
#2134 = CARTESIAN_POINT('',(-13.65076187016,-14.31831757428,
    38.578214686349));
#2135 = CARTESIAN_POINT('',(-13.65736722275,-14.31831563766,
    38.578222863211));
#2136 = CARTESIAN_POINT('',(-13.66397373782,-14.31831368101,
    38.578231124611));
#2137 = CARTESIAN_POINT('',(-13.67058141732,-14.31831170424,
    38.578239470953));
#2138 = CARTESIAN_POINT('',(-13.67719026327,-14.31830970726,
    38.578247902642));
#2139 = CARTESIAN_POINT('',(-13.68380027763,-14.31830768998,
    38.57825642008));
#2140 = CARTESIAN_POINT('',(-13.69041146241,-14.31830565228,
    38.578265023673));
#2141 = CARTESIAN_POINT('',(-13.69702381959,-14.31830359409,
    38.578273713824));
#2142 = PCURVE('',#1546,#2143);
#2143 = DEFINITIONAL_REPRESENTATION('',(#2144),#2177);
#2144 = B_SPLINE_CURVE_WITH_KNOTS('',11,(#2145,#2146,#2147,#2148,#2149,
    #2150,#2151,#2152,#2153,#2154,#2155,#2156,#2157,#2158,#2159,#2160,
    #2161,#2162,#2163,#2164,#2165,#2166,#2167,#2168,#2169,#2170,#2171,
    #2172,#2173,#2174,#2175,#2176),.UNSPECIFIED.,.F.,.F.,(12,10,10,12),(
    88.871620330325,88.942905548283,116.14295141759,116.21423663558),
  .UNSPECIFIED.);
#2145 = CARTESIAN_POINT('',(14.,0.757440451008));
#2146 = CARTESIAN_POINT('',(13.993240443441,0.757438164125));
#2147 = CARTESIAN_POINT('',(13.986482095525,0.757435900022));
#2148 = CARTESIAN_POINT('',(13.97972495416,0.75743365859));
#2149 = CARTESIAN_POINT('',(13.972969017252,0.757431439724));
#2150 = CARTESIAN_POINT('',(13.966214282709,0.757429243319));
#2151 = CARTESIAN_POINT('',(13.959460748439,0.757427069266));
#2152 = CARTESIAN_POINT('',(13.952708412348,0.75742491746));
#2153 = CARTESIAN_POINT('',(13.945957272345,0.757422787795));
#2154 = CARTESIAN_POINT('',(13.939207326337,0.757420680163));
#2155 = CARTESIAN_POINT('',(13.93245857223,0.75741859446));
#2156 = CARTESIAN_POINT('',(11.351067012302,0.756629022389));
#2157 = CARTESIAN_POINT('',(8.893655264411,0.757125656061));
#2158 = CARTESIAN_POINT('',(6.329937590641,0.757037727196));
#2159 = CARTESIAN_POINT('',(3.806425253724,0.757005457695));
#2160 = CARTESIAN_POINT('',(1.25774135369,0.756952103921));
#2161 = CARTESIAN_POINT('',(-1.257741353689,0.756952103919));
#2162 = CARTESIAN_POINT('',(-3.806425253726,0.757005457696));
#2163 = CARTESIAN_POINT('',(-6.32993759064,0.757037727195));
#2164 = CARTESIAN_POINT('',(-8.893655264412,0.757125656062));
#2165 = CARTESIAN_POINT('',(-11.3510670123,0.756629022388));
#2166 = CARTESIAN_POINT('',(-13.93245857223,0.75741859446));
#2167 = CARTESIAN_POINT('',(-13.93920732634,0.757420680163));
#2168 = CARTESIAN_POINT('',(-13.94595727236,0.757422787795));
#2169 = CARTESIAN_POINT('',(-13.95270841235,0.757424917459));
#2170 = CARTESIAN_POINT('',(-13.95946074847,0.757427069267));
#2171 = CARTESIAN_POINT('',(-13.96621428271,0.757429243318));
#2172 = CARTESIAN_POINT('',(-13.97296901728,0.757431439725));
#2173 = CARTESIAN_POINT('',(-13.97972495417,0.75743365859));
#2174 = CARTESIAN_POINT('',(-13.98648209554,0.757435900021));
#2175 = CARTESIAN_POINT('',(-13.99324044345,0.757438164124));
#2176 = CARTESIAN_POINT('',(-14.,0.757440451006));
#2177 = ( GEOMETRIC_REPRESENTATION_CONTEXT(2) 
PARAMETRIC_REPRESENTATION_CONTEXT() REPRESENTATION_CONTEXT('2D SPACE',''
  ) );
#2178 = PCURVE('',#2179,#2276);
#2179 = ( BOUNDED_SURFACE() B_SPLINE_SURFACE(2,11,(
    (#2180,#2181,#2182,#2183,#2184,#2185,#2186,#2187,#2188,#2189,#2190
      ,#2191,#2192,#2193,#2194,#2195,#2196,#2197,#2198,#2199,#2200,#2201
      ,#2202,#2203,#2204,#2205,#2206,#2207,#2208,#2209,#2210,#2211)
    ,(#2212,#2213,#2214,#2215,#2216,#2217,#2218,#2219,#2220,#2221,#2222
      ,#2223,#2224,#2225,#2226,#2227,#2228,#2229,#2230,#2231,#2232,#2233
      ,#2234,#2235,#2236,#2237,#2238,#2239,#2240,#2241,#2242,#2243)
    ,(#2244,#2245,#2246,#2247,#2248,#2249,#2250,#2251,#2252,#2253,#2254
      ,#2255,#2256,#2257,#2258,#2259,#2260,#2261,#2262,#2263,#2264,#2265
      ,#2266,#2267,#2268,#2269,#2270,#2271,#2272,#2273,#2274,#2275
)),.UNSPECIFIED.,.F.,.F.,.F.) B_SPLINE_SURFACE_WITH_KNOTS((3,3),(12,10,
    10,12),(0.,27.342616305262),(88.871620330325,88.942905548283,
    116.14295141759,116.21423663558),.UNSPECIFIED.) 
GEOMETRIC_REPRESENTATION_ITEM() RATIONAL_B_SPLINE_SURFACE((
    (1.,1.,1.,1.,0.999999999999,1.000000000001,0.999999999999,1.,1.,1.
      ,1.,1.,1.,1.,0.999999999999,1.000000000001,0.999999999999,1.,1.,1.
      ,1.,1.,1.,1.,0.999999999999,1.000000000001,0.999999999999,1.,1.,1.
      ,1.,1.)
    ,(0.78482315254,0.784820845716,0.784818561862,0.784816300872
      ,0.784814062636,0.78481184705,0.784809654004,0.784807483394
      ,0.784805335111,0.784803209049,0.7848011051,0.784004623617
      ,0.78450486954,0.784417899749,0.78438313827,0.78433087289
      ,0.784330872889,0.784383138271,0.784417899748,0.78450486954
      ,0.784004623617,0.7848011051,0.784803209049,0.784805335112
      ,0.784807483394,0.784809654005,0.784811847049,0.784814062636
      ,0.784816300871,0.784818561862,0.784820845715,0.784823152538)
    ,(1.,1.,1.,1.,0.999999999999,1.000000000001,0.999999999999,1.,1.,1.
      ,1.,1.,1.,1.,0.999999999999,1.000000000001,0.999999999999,1.,1.,1.
      ,1.,1.,1.,1.,0.999999999999,1.000000000001,0.999999999999,1.,1.,1.
,1.,1.))) REPRESENTATION_ITEM('') SURFACE() );
#2180 = CARTESIAN_POINT('',(13.697023819597,-14.31830359409,
    38.57827371383));
#2181 = CARTESIAN_POINT('',(13.690411462407,-14.31830565228,
    38.578265023677));
#2182 = CARTESIAN_POINT('',(13.683800277622,-14.31830768998,
    38.578256420082));
#2183 = CARTESIAN_POINT('',(13.677190263252,-14.31830970726,
    38.578247902642));
#2184 = CARTESIAN_POINT('',(13.670581417307,-14.31831170424,
    38.578239470953));
#2185 = CARTESIAN_POINT('',(13.663973737801,-14.31831368101,
    38.578231124611));
#2186 = CARTESIAN_POINT('',(13.657367222744,-14.31831563766,
    38.578222863211));
#2187 = CARTESIAN_POINT('',(13.650761870146,-14.31831757428,
    38.578214686348));
#2188 = CARTESIAN_POINT('',(13.64415767802,-14.31831949098,
    38.57820659362));
#2189 = CARTESIAN_POINT('',(13.637554644375,-14.31832138785,
    38.578198584621));
#2190 = CARTESIAN_POINT('',(13.630952767223,-14.31832326498,
    38.578190658947));
#2191 = CARTESIAN_POINT('',(11.105737892777,-14.31903387985,
    38.575190285076));
#2192 = CARTESIAN_POINT('',(8.701181234445,-14.31858690954,
    38.577077493034));
#2193 = CARTESIAN_POINT('',(6.19307439192,-14.31866604552,
    38.576743363342));
#2194 = CARTESIAN_POINT('',(3.724076048208,-14.31869508807,
    38.576620739243));
#2195 = CARTESIAN_POINT('',(1.230578086274,-14.31874310647,
    38.576417994897));
#2196 = CARTESIAN_POINT('',(-1.230578086275,-14.31874310647,
    38.576417994897));
#2197 = CARTESIAN_POINT('',(-3.724076048206,-14.31869508807,
    38.576620739243));
#2198 = CARTESIAN_POINT('',(-6.193074391922,-14.31866604552,
    38.576743363343));
#2199 = CARTESIAN_POINT('',(-8.701181234444,-14.31858690954,
    38.577077493034));
#2200 = CARTESIAN_POINT('',(-11.10573789277,-14.31903387985,
    38.575190285076));
#2201 = CARTESIAN_POINT('',(-13.63095276722,-14.31832326498,
    38.578190658947));
#2202 = CARTESIAN_POINT('',(-13.63755464438,-14.31832138785,
    38.578198584621));
#2203 = CARTESIAN_POINT('',(-13.64415767802,-14.31831949098,
    38.57820659362));
#2204 = CARTESIAN_POINT('',(-13.65076187016,-14.31831757428,
    38.578214686349));
#2205 = CARTESIAN_POINT('',(-13.65736722275,-14.31831563766,
    38.578222863211));
#2206 = CARTESIAN_POINT('',(-13.66397373782,-14.31831368101,
    38.578231124611));
#2207 = CARTESIAN_POINT('',(-13.67058141732,-14.31831170424,
    38.578239470953));
#2208 = CARTESIAN_POINT('',(-13.67719026327,-14.31830970726,
    38.578247902642));
#2209 = CARTESIAN_POINT('',(-13.68380027763,-14.31830768998,
    38.57825642008));
#2210 = CARTESIAN_POINT('',(-13.69041146241,-14.31830565228,
    38.578265023673));
#2211 = CARTESIAN_POINT('',(-13.69702381959,-14.31830359409,
    38.578273713824));
#2212 = CARTESIAN_POINT('',(13.671999151942,-14.1,39.5));
#2213 = CARTESIAN_POINT('',(13.665450216788,-14.1,39.5));
#2214 = CARTESIAN_POINT('',(13.658902003068,-14.1,39.5));
#2215 = CARTESIAN_POINT('',(13.65235450749,-14.1,39.5));
#2216 = CARTESIAN_POINT('',(13.645807726764,-14.1,39.5));
#2217 = CARTESIAN_POINT('',(13.639261657588,-14.1,39.5));
#2218 = CARTESIAN_POINT('',(13.632716296662,-14.1,39.5));
#2219 = CARTESIAN_POINT('',(13.626171640686,-14.1,39.5));
#2220 = CARTESIAN_POINT('',(13.619627686342,-14.1,39.5));
#2221 = CARTESIAN_POINT('',(13.613084430327,-14.1,39.5));
#2222 = CARTESIAN_POINT('',(13.606541869319,-14.1,39.5));
#2223 = CARTESIAN_POINT('',(11.101306419948,-14.1,39.5));
#2224 = CARTESIAN_POINT('',(8.711633849885,-14.1,39.5));
#2225 = CARTESIAN_POINT('',(6.198613873228,-14.1,39.5));
#2226 = CARTESIAN_POINT('',(3.730910090313,-14.1,39.5));
#2227 = CARTESIAN_POINT('',(1.230849395544,-14.1,39.5));
#2228 = CARTESIAN_POINT('',(-1.230849395545,-14.1,39.5));
#2229 = CARTESIAN_POINT('',(-3.730910090311,-14.1,39.5));
#2230 = CARTESIAN_POINT('',(-6.19861387323,-14.1,39.5));
#2231 = CARTESIAN_POINT('',(-8.711633849884,-14.1,39.5));
#2232 = CARTESIAN_POINT('',(-11.10130641994,-14.1,39.5));
#2233 = CARTESIAN_POINT('',(-13.60654186932,-14.1,39.5));
#2234 = CARTESIAN_POINT('',(-13.61308443033,-14.1,39.5));
#2235 = CARTESIAN_POINT('',(-13.61962768635,-14.1,39.5));
#2236 = CARTESIAN_POINT('',(-13.62617164069,-14.1,39.5));
#2237 = CARTESIAN_POINT('',(-13.63271629668,-14.1,39.5));
#2238 = CARTESIAN_POINT('',(-13.6392616576,-14.1,39.5));
#2239 = CARTESIAN_POINT('',(-13.64580772678,-14.1,39.5));
#2240 = CARTESIAN_POINT('',(-13.65235450751,-14.1,39.5));
#2241 = CARTESIAN_POINT('',(-13.65890200309,-14.1,39.5));
#2242 = CARTESIAN_POINT('',(-13.66545021682,-14.1,39.5));
#2243 = CARTESIAN_POINT('',(-13.67199915198,-14.1,39.5));
#2244 = CARTESIAN_POINT('',(13.564085253885,-13.1586092042,39.5));
#2245 = CARTESIAN_POINT('',(13.557806545873,-13.15857093014,39.5));
#2246 = CARTESIAN_POINT('',(13.551526644321,-13.1585330347,39.5));
#2247 = CARTESIAN_POINT('',(13.545245540256,-13.15849551617,39.5));
#2248 = CARTESIAN_POINT('',(13.538963224725,-13.15845837285,39.5));
#2249 = CARTESIAN_POINT('',(13.532679688737,-13.15842160305,39.5));
#2250 = CARTESIAN_POINT('',(13.526394923359,-13.15838520505,39.5));
#2251 = CARTESIAN_POINT('',(13.520108919586,-13.15834917718,39.5));
#2252 = CARTESIAN_POINT('',(13.513821668486,-13.15831351771,39.5));
#2253 = CARTESIAN_POINT('',(13.507533161068,-13.15827822496,39.5));
#2254 = CARTESIAN_POINT('',(13.501243388377,-13.15824329722,39.5));
#2255 = CARTESIAN_POINT('',(11.094500044695,-13.14502010897,39.5));
#2256 = CARTESIAN_POINT('',(8.738895273524,-13.15307744706,39.5));
#2257 = CARTESIAN_POINT('',(6.232083305263,-13.15221661722,39.5));
#2258 = CARTESIAN_POINT('',(3.758701307262,-13.15089497009,39.5));
#2259 = CARTESIAN_POINT('',(1.237658253249,-13.15055088922,39.5));
#2260 = CARTESIAN_POINT('',(-1.23765825325,-13.15055088922,39.5));
#2261 = CARTESIAN_POINT('',(-3.758701307261,-13.15089497009,39.5));
#2262 = CARTESIAN_POINT('',(-6.232083305264,-13.15221661722,39.5));
#2263 = CARTESIAN_POINT('',(-8.738895273523,-13.15307744706,39.5));
#2264 = CARTESIAN_POINT('',(-11.09450004469,-13.14502010897,39.5));
#2265 = CARTESIAN_POINT('',(-13.50124338838,-13.15824329722,39.5));
#2266 = CARTESIAN_POINT('',(-13.50753316107,-13.15827822496,39.5));
#2267 = CARTESIAN_POINT('',(-13.51382166848,-13.15831351771,39.5));
#2268 = CARTESIAN_POINT('',(-13.52010891958,-13.15834917718,39.5));
#2269 = CARTESIAN_POINT('',(-13.52639492336,-13.15838520506,39.5));
#2270 = CARTESIAN_POINT('',(-13.53267968874,-13.15842160305,39.5));
#2271 = CARTESIAN_POINT('',(-13.53896322475,-13.15845837285,39.5));
#2272 = CARTESIAN_POINT('',(-13.54524554031,-13.15849551617,39.5));
#2273 = CARTESIAN_POINT('',(-13.55152664441,-13.15853303469,39.5));
#2274 = CARTESIAN_POINT('',(-13.55780654602,-13.15857093013,39.5));
#2275 = CARTESIAN_POINT('',(-13.5640852541,-13.15860920418,39.5));
#2276 = DEFINITIONAL_REPRESENTATION('',(#2277),#2281);
#2277 = LINE('',#2278,#2279);
#2278 = CARTESIAN_POINT('',(0.,0.));
#2279 = VECTOR('',#2280,1.);
#2280 = DIRECTION('',(0.,1.));
#2281 = ( GEOMETRIC_REPRESENTATION_CONTEXT(2) 
PARAMETRIC_REPRESENTATION_CONTEXT() REPRESENTATION_CONTEXT('2D SPACE',''
  ) );
#2282 = ORIENTED_EDGE('',*,*,#1529,.F.);
#2283 = ORIENTED_EDGE('',*,*,#1829,.T.);
#2284 = ADVANCED_FACE('',(#2285),#1594,.T.);
#2285 = FACE_BOUND('',#2286,.T.);
#2286 = EDGE_LOOP('',(#2287,#2308,#2347,#2348));
#2287 = ORIENTED_EDGE('',*,*,#2288,.T.);
#2288 = EDGE_CURVE('',#1532,#2289,#2291,.T.);
#2289 = VERTEX_POINT('',#2290);
#2290 = CARTESIAN_POINT('',(-13.5640852541,-13.15860920418,39.5));
#2291 = SURFACE_CURVE('',#2292,(#2296,#2302),.PCURVE_S1.);
#2292 = ( BOUNDED_CURVE() B_SPLINE_CURVE(2,(#2293,#2294,#2295),
.UNSPECIFIED.,.F.,.F.) B_SPLINE_CURVE_WITH_KNOTS((3,3),(0.,
27.342616305262),.PIECEWISE_BEZIER_KNOTS.) CURVE() 
GEOMETRIC_REPRESENTATION_ITEM() RATIONAL_B_SPLINE_CURVE((1.,
0.784823152538,1.)) REPRESENTATION_ITEM('') );
#2293 = CARTESIAN_POINT('',(-13.69702381959,-14.31830359409,
    38.578273713824));
#2294 = CARTESIAN_POINT('',(-13.67199915198,-14.1,39.5));
#2295 = CARTESIAN_POINT('',(-13.5640852541,-13.15860920418,39.5));
#2296 = PCURVE('',#1594,#2297);
#2297 = DEFINITIONAL_REPRESENTATION('',(#2298),#2301);
#2298 = B_SPLINE_CURVE_WITH_KNOTS('',1,(#2299,#2300),.UNSPECIFIED.,.F.,
  .F.,(2,2),(0.,27.342616305262),.PIECEWISE_BEZIER_KNOTS.);
#2299 = CARTESIAN_POINT('',(0.,116.21423663558));
#2300 = CARTESIAN_POINT('',(11.61521013624,116.21423663558));
#2301 = ( GEOMETRIC_REPRESENTATION_CONTEXT(2) 
PARAMETRIC_REPRESENTATION_CONTEXT() REPRESENTATION_CONTEXT('2D SPACE',''
  ) );
#2302 = PCURVE('',#2179,#2303);
#2303 = DEFINITIONAL_REPRESENTATION('',(#2304),#2307);
#2304 = B_SPLINE_CURVE_WITH_KNOTS('',1,(#2305,#2306),.UNSPECIFIED.,.F.,
  .F.,(2,2),(0.,27.342616305262),.PIECEWISE_BEZIER_KNOTS.);
#2305 = CARTESIAN_POINT('',(0.,116.21423663558));
#2306 = CARTESIAN_POINT('',(27.342616305262,116.21423663558));
#2307 = ( GEOMETRIC_REPRESENTATION_CONTEXT(2) 
PARAMETRIC_REPRESENTATION_CONTEXT() REPRESENTATION_CONTEXT('2D SPACE',''
  ) );
#2308 = ORIENTED_EDGE('',*,*,#2309,.T.);
#2309 = EDGE_CURVE('',#2289,#1665,#2310,.T.);
#2310 = SURFACE_CURVE('',#2311,(#2324,#2331),.PCURVE_S1.);
#2311 = ( BOUNDED_CURVE() B_SPLINE_CURVE(11,(#2312,#2313,#2314,#2315,
    #2316,#2317,#2318,#2319,#2320,#2321,#2322,#2323),.UNSPECIFIED.,.F.,
.F.) B_SPLINE_CURVE_WITH_KNOTS((12,12),(116.21423663558,127.82944677182)
,.PIECEWISE_BEZIER_KNOTS.) CURVE() GEOMETRIC_REPRESENTATION_ITEM() 
RATIONAL_B_SPLINE_CURVE((1.,1.,1.,1.000000000001,0.999999999999,
    1.000000000002,0.999999999998,1.000000000001,0.999999999999,1.,1.,1.
)) REPRESENTATION_ITEM('') );
#2312 = CARTESIAN_POINT('',(-13.5640852541,-13.15860920418,39.5));
#2313 = CARTESIAN_POINT('',(-14.58713765982,-13.1648455756,39.5));
#2314 = CARTESIAN_POINT('',(-15.55932017374,-13.01320738328,39.5));
#2315 = CARTESIAN_POINT('',(-16.48922099582,-12.70681921568,39.5));
#2316 = CARTESIAN_POINT('',(-17.31992060495,-12.24822676518,39.5));
#2317 = CARTESIAN_POINT('',(-18.04295139488,-11.71382201467,39.5));
#2318 = CARTESIAN_POINT('',(-18.73173847986,-11.05590925462,39.5));
#2319 = CARTESIAN_POINT('',(-19.28624813291,-10.28127189933,39.5));
#2320 = CARTESIAN_POINT('',(-19.72108569579,-9.431917055638,39.5));
#2321 = CARTESIAN_POINT('',(-20.00982543852,-8.529831380644,39.5));
#2322 = CARTESIAN_POINT('',(-20.15317591676,-7.605002864877,39.5));
#2323 = CARTESIAN_POINT('',(-20.15110578742,-6.682498425471,39.5));
#2324 = PCURVE('',#1594,#2325);
#2325 = DEFINITIONAL_REPRESENTATION('',(#2326),#2330);
#2326 = LINE('',#2327,#2328);
#2327 = CARTESIAN_POINT('',(11.61521013624,0.));
#2328 = VECTOR('',#2329,1.);
#2329 = DIRECTION('',(0.,1.));
#2330 = ( GEOMETRIC_REPRESENTATION_CONTEXT(2) 
PARAMETRIC_REPRESENTATION_CONTEXT() REPRESENTATION_CONTEXT('2D SPACE',''
  ) );
#2331 = PCURVE('',#1728,#2332);
#2332 = DEFINITIONAL_REPRESENTATION('',(#2333),#2346);
#2333 = B_SPLINE_CURVE_WITH_KNOTS('',11,(#2334,#2335,#2336,#2337,#2338,
    #2339,#2340,#2341,#2342,#2343,#2344,#2345),.UNSPECIFIED.,.F.,.F.,(12
    ,12),(116.21423663558,127.82944677182),.PIECEWISE_BEZIER_KNOTS.);
#2334 = CARTESIAN_POINT('',(3.591474589439E-02,-6.55860920418));
#2335 = CARTESIAN_POINT('',(-0.987137659824,-6.564845575607));
#2336 = CARTESIAN_POINT('',(-1.959320173748,-6.413207383283));
#2337 = CARTESIAN_POINT('',(-2.889220995827,-6.106819215692));
#2338 = CARTESIAN_POINT('',(-3.719920604954,-5.648226765174));
#2339 = CARTESIAN_POINT('',(-4.442951394884,-5.113822014682));
#2340 = CARTESIAN_POINT('',(-5.131738479862,-4.455909254616));
#2341 = CARTESIAN_POINT('',(-5.686248132917,-3.681271899342));
#2342 = CARTESIAN_POINT('',(-6.121085695792,-2.831917055636));
#2343 = CARTESIAN_POINT('',(-6.409825438529,-1.929831380645));
#2344 = CARTESIAN_POINT('',(-6.553175916767,-1.005002864877));
#2345 = CARTESIAN_POINT('',(-6.551105787427,-8.249842547086E-02));
#2346 = ( GEOMETRIC_REPRESENTATION_CONTEXT(2) 
PARAMETRIC_REPRESENTATION_CONTEXT() REPRESENTATION_CONTEXT('2D SPACE',''
  ) );
#2347 = ORIENTED_EDGE('',*,*,#1664,.F.);
#2348 = ORIENTED_EDGE('',*,*,#1558,.F.);
#2349 = ADVANCED_FACE('',(#2350),#1728,.T.);
#2350 = FACE_BOUND('',#2351,.T.);
#2351 = EDGE_LOOP('',(#2352,#2353,#2354,#2435,#2513,#2661,#2739,#2917));
#2352 = ORIENTED_EDGE('',*,*,#1685,.F.);
#2353 = ORIENTED_EDGE('',*,*,#2309,.F.);
#2354 = ORIENTED_EDGE('',*,*,#2355,.F.);
#2355 = EDGE_CURVE('',#2356,#2289,#2358,.T.);
#2356 = VERTEX_POINT('',#2357);
#2357 = CARTESIAN_POINT('',(13.564085253885,-13.1586092042,39.5));
#2358 = SURFACE_CURVE('',#2359,(#2392,#2428),.PCURVE_S1.);
#2359 = ( BOUNDED_CURVE() B_SPLINE_CURVE(11,(#2360,#2361,#2362,#2363,
    #2364,#2365,#2366,#2367,#2368,#2369,#2370,#2371,#2372,#2373,#2374,
    #2375,#2376,#2377,#2378,#2379,#2380,#2381,#2382,#2383,#2384,#2385,
    #2386,#2387,#2388,#2389,#2390,#2391),.UNSPECIFIED.,.F.,.F.) 
B_SPLINE_CURVE_WITH_KNOTS((12,10,10,12),(88.871620330325,88.942905548283
,116.14295141759,116.21423663558),.UNSPECIFIED.) CURVE() 
GEOMETRIC_REPRESENTATION_ITEM() RATIONAL_B_SPLINE_CURVE((1.,1.,1.,1.,
    0.999999999999,1.000000000001,0.999999999999,1.,1.,1.,1.,1.,1.,1.,
    0.999999999999,1.000000000001,0.999999999999,1.,1.,1.,1.,1.,1.,1.,
    0.999999999999,1.000000000001,0.999999999999,1.,1.,1.,1.,1.)) 
REPRESENTATION_ITEM('') );
#2360 = CARTESIAN_POINT('',(13.564085253885,-13.1586092042,39.5));
#2361 = CARTESIAN_POINT('',(13.557806545873,-13.15857093014,39.5));
#2362 = CARTESIAN_POINT('',(13.551526644321,-13.1585330347,39.5));
#2363 = CARTESIAN_POINT('',(13.545245540256,-13.15849551617,39.5));
#2364 = CARTESIAN_POINT('',(13.538963224725,-13.15845837285,39.5));
#2365 = CARTESIAN_POINT('',(13.532679688737,-13.15842160305,39.5));
#2366 = CARTESIAN_POINT('',(13.526394923359,-13.15838520505,39.5));
#2367 = CARTESIAN_POINT('',(13.520108919586,-13.15834917718,39.5));
#2368 = CARTESIAN_POINT('',(13.513821668486,-13.15831351771,39.5));
#2369 = CARTESIAN_POINT('',(13.507533161068,-13.15827822496,39.5));
#2370 = CARTESIAN_POINT('',(13.501243388377,-13.15824329722,39.5));
#2371 = CARTESIAN_POINT('',(11.094500044695,-13.14502010897,39.5));
#2372 = CARTESIAN_POINT('',(8.738895273524,-13.15307744706,39.5));
#2373 = CARTESIAN_POINT('',(6.232083305263,-13.15221661722,39.5));
#2374 = CARTESIAN_POINT('',(3.758701307262,-13.15089497009,39.5));
#2375 = CARTESIAN_POINT('',(1.237658253249,-13.15055088922,39.5));
#2376 = CARTESIAN_POINT('',(-1.23765825325,-13.15055088922,39.5));
#2377 = CARTESIAN_POINT('',(-3.758701307261,-13.15089497009,39.5));
#2378 = CARTESIAN_POINT('',(-6.232083305264,-13.15221661722,39.5));
#2379 = CARTESIAN_POINT('',(-8.738895273523,-13.15307744706,39.5));
#2380 = CARTESIAN_POINT('',(-11.09450004469,-13.14502010897,39.5));
#2381 = CARTESIAN_POINT('',(-13.50124338838,-13.15824329722,39.5));
#2382 = CARTESIAN_POINT('',(-13.50753316107,-13.15827822496,39.5));
#2383 = CARTESIAN_POINT('',(-13.51382166848,-13.15831351771,39.5));
#2384 = CARTESIAN_POINT('',(-13.52010891958,-13.15834917718,39.5));
#2385 = CARTESIAN_POINT('',(-13.52639492336,-13.15838520506,39.5));
#2386 = CARTESIAN_POINT('',(-13.53267968874,-13.15842160305,39.5));
#2387 = CARTESIAN_POINT('',(-13.53896322475,-13.15845837285,39.5));
#2388 = CARTESIAN_POINT('',(-13.54524554031,-13.15849551617,39.5));
#2389 = CARTESIAN_POINT('',(-13.55152664441,-13.15853303469,39.5));
#2390 = CARTESIAN_POINT('',(-13.55780654602,-13.15857093013,39.5));
#2391 = CARTESIAN_POINT('',(-13.5640852541,-13.15860920418,39.5));
#2392 = PCURVE('',#1728,#2393);
#2393 = DEFINITIONAL_REPRESENTATION('',(#2394),#2427);
#2394 = B_SPLINE_CURVE_WITH_KNOTS('',11,(#2395,#2396,#2397,#2398,#2399,
    #2400,#2401,#2402,#2403,#2404,#2405,#2406,#2407,#2408,#2409,#2410,
    #2411,#2412,#2413,#2414,#2415,#2416,#2417,#2418,#2419,#2420,#2421,
    #2422,#2423,#2424,#2425,#2426),.UNSPECIFIED.,.F.,.F.,(12,10,10,12),(
    88.871620330325,88.942905548283,116.14295141759,116.21423663558),
  .UNSPECIFIED.);
#2395 = CARTESIAN_POINT('',(27.164085253885,-6.558609204205));
#2396 = CARTESIAN_POINT('',(27.157806545874,-6.558570930149));
#2397 = CARTESIAN_POINT('',(27.151526644318,-6.558533034705));
#2398 = CARTESIAN_POINT('',(27.145245540264,-6.558495516175));
#2399 = CARTESIAN_POINT('',(27.138963224713,-6.558458372855));
#2400 = CARTESIAN_POINT('',(27.132679688752,-6.558421603052));
#2401 = CARTESIAN_POINT('',(27.126394923345,-6.558385205058));
#2402 = CARTESIAN_POINT('',(27.120108919596,-6.558349177181));
#2403 = CARTESIAN_POINT('',(27.113821668481,-6.558313517714));
#2404 = CARTESIAN_POINT('',(27.107533161069,-6.558278224963));
#2405 = CARTESIAN_POINT('',(27.101243388377,-6.558243297225));
#2406 = CARTESIAN_POINT('',(24.694500044696,-6.545020108975));
#2407 = CARTESIAN_POINT('',(22.338895273521,-6.553077447067));
#2408 = CARTESIAN_POINT('',(19.832083305269,-6.55221661723));
#2409 = CARTESIAN_POINT('',(17.358701307253,-6.550894970084));
#2410 = CARTESIAN_POINT('',(14.837658253258,-6.550550889233));
#2411 = CARTESIAN_POINT('',(12.362341746744,-6.550550889215));
#2412 = CARTESIAN_POINT('',(9.841298692742,-6.550894970099));
#2413 = CARTESIAN_POINT('',(7.367916694735,-6.552216617221));
#2414 = CARTESIAN_POINT('',(4.861104726477,-6.553077447071));
#2415 = CARTESIAN_POINT('',(2.505499955305,-6.545020108974));
#2416 = CARTESIAN_POINT('',(9.875661161988E-02,-6.558243297225));
#2417 = CARTESIAN_POINT('',(9.246683892875E-02,-6.558278224962));
#2418 = CARTESIAN_POINT('',(8.617833151483E-02,-6.55831351772));
#2419 = CARTESIAN_POINT('',(7.989108040875E-02,-6.558349177175));
#2420 = CARTESIAN_POINT('',(7.36050766421E-02,-6.55838520507));
#2421 = CARTESIAN_POINT('',(6.732031124496E-02,-6.558421603043));
#2422 = CARTESIAN_POINT('',(6.103677524925E-02,-6.558458372862));
#2423 = CARTESIAN_POINT('',(5.475445968512E-02,-6.558495516167));
#2424 = CARTESIAN_POINT('',(4.847335558409E-02,-6.558533034698));
#2425 = CARTESIAN_POINT('',(4.219345397682E-02,-6.558570930132));
#2426 = CARTESIAN_POINT('',(3.591474589439E-02,-6.55860920418));
#2427 = ( GEOMETRIC_REPRESENTATION_CONTEXT(2) 
PARAMETRIC_REPRESENTATION_CONTEXT() REPRESENTATION_CONTEXT('2D SPACE',''
  ) );
#2428 = PCURVE('',#2179,#2429);
#2429 = DEFINITIONAL_REPRESENTATION('',(#2430),#2434);
#2430 = LINE('',#2431,#2432);
#2431 = CARTESIAN_POINT('',(27.342616305262,0.));
#2432 = VECTOR('',#2433,1.);
#2433 = DIRECTION('',(0.,1.));
#2434 = ( GEOMETRIC_REPRESENTATION_CONTEXT(2) 
PARAMETRIC_REPRESENTATION_CONTEXT() REPRESENTATION_CONTEXT('2D SPACE',''
  ) );
#2435 = ORIENTED_EDGE('',*,*,#2436,.F.);
#2436 = EDGE_CURVE('',#2437,#2356,#2439,.T.);
#2437 = VERTEX_POINT('',#2438);
#2438 = CARTESIAN_POINT('',(20.155629799235,-6.593379740774,39.5));
#2439 = SURFACE_CURVE('',#2440,(#2453,#2469),.PCURVE_S1.);
#2440 = ( BOUNDED_CURVE() B_SPLINE_CURVE(11,(#2441,#2442,#2443,#2444,
    #2445,#2446,#2447,#2448,#2449,#2450,#2451,#2452),.UNSPECIFIED.,.F.,
.F.) B_SPLINE_CURVE_WITH_KNOTS((12,12),(77.239159026334,88.871620330325)
,.PIECEWISE_BEZIER_KNOTS.) CURVE() GEOMETRIC_REPRESENTATION_ITEM() 
RATIONAL_B_SPLINE_CURVE((1.,1.,1.,1.,0.999999999999,1.000000000001,
0.999999999999,1.000000000001,1.,1.,1.,1.)) REPRESENTATION_ITEM('') );
#2441 = CARTESIAN_POINT('',(20.155629799235,-6.593379740774,39.5));
#2442 = CARTESIAN_POINT('',(20.162943019373,-7.590741978955,39.5));
#2443 = CARTESIAN_POINT('',(20.012312720902,-8.55436862153,39.5));
#2444 = CARTESIAN_POINT('',(19.708733727942,-9.476013000865,39.5));
#2445 = CARTESIAN_POINT('',(19.258021977524,-10.30973326487,39.5));
#2446 = CARTESIAN_POINT('',(18.716666263302,-11.05341509302,39.5));
#2447 = CARTESIAN_POINT('',(18.046917266864,-11.71031828329,39.5));
#2448 = CARTESIAN_POINT('',(17.32345026647,-12.24576018494,39.5));
#2449 = CARTESIAN_POINT('',(16.493558383187,-12.70538415944,39.5));
#2450 = CARTESIAN_POINT('',(15.562178579706,-13.01276801548,39.5));
#2451 = CARTESIAN_POINT('',(14.588657108659,-13.16485483954,39.5));
#2452 = CARTESIAN_POINT('',(13.564085253885,-13.1586092042,39.5));
#2453 = PCURVE('',#1728,#2454);
#2454 = DEFINITIONAL_REPRESENTATION('',(#2455),#2468);
#2455 = B_SPLINE_CURVE_WITH_KNOTS('',11,(#2456,#2457,#2458,#2459,#2460,
    #2461,#2462,#2463,#2464,#2465,#2466,#2467),.UNSPECIFIED.,.F.,.F.,(12
    ,12),(77.239159026334,88.871620330325),.PIECEWISE_BEZIER_KNOTS.);
#2456 = CARTESIAN_POINT('',(33.755629799235,6.62025922624E-03));
#2457 = CARTESIAN_POINT('',(33.762943019375,-0.990741978955));
#2458 = CARTESIAN_POINT('',(33.612312720898,-1.954368621529));
#2459 = CARTESIAN_POINT('',(33.308733727953,-2.876013000867));
#2460 = CARTESIAN_POINT('',(32.858021977503,-3.709733264871));
#2461 = CARTESIAN_POINT('',(32.316666263328,-4.453415093036));
#2462 = CARTESIAN_POINT('',(31.646917266839,-5.110318283284));
#2463 = CARTESIAN_POINT('',(30.923450266488,-5.645760184952));
#2464 = CARTESIAN_POINT('',(30.093558383177,-6.105384159442));
#2465 = CARTESIAN_POINT('',(29.16217857971,-6.412768015489));
#2466 = CARTESIAN_POINT('',(28.188657108658,-6.564854839549));
#2467 = CARTESIAN_POINT('',(27.164085253885,-6.558609204205));
#2468 = ( GEOMETRIC_REPRESENTATION_CONTEXT(2) 
PARAMETRIC_REPRESENTATION_CONTEXT() REPRESENTATION_CONTEXT('2D SPACE',''
  ) );
#2469 = PCURVE('',#2470,#2507);
#2470 = ( BOUNDED_SURFACE() B_SPLINE_SURFACE(2,11,(
    (#2471,#2472,#2473,#2474,#2475,#2476,#2477,#2478,#2479,#2480,#2481
      ,#2482)
    ,(#2483,#2484,#2485,#2486,#2487,#2488,#2489,#2490,#2491,#2492,#2493
      ,#2494)
    ,(#2495,#2496,#2497,#2498,#2499,#2500,#2501,#2502,#2503,#2504,#2505
,#2506
    )),.UNSPECIFIED.,.F.,.F.,.F.) B_SPLINE_SURFACE_WITH_KNOTS((3,3),(12,
    12),(0.,11.632461303991),(77.239159026334,88.871620330325),
.PIECEWISE_BEZIER_KNOTS.) GEOMETRIC_REPRESENTATION_ITEM() 
RATIONAL_B_SPLINE_SURFACE((
    (1.,1.,1.,1.,0.999999999999,1.000000000001,0.999999999999
      ,1.000000000001,1.,1.,1.,1.)
    ,(0.784643995222,0.788596652721,0.792425851064,0.795343318133
      ,0.797097728458,0.798072837481,0.797892742305,0.797185042824
      ,0.795384759771,0.792445751182,0.788466725381,0.78482315254)
    ,(1.,1.,1.,1.,0.999999999999,1.000000000001,0.999999999999
,1.000000000001,1.,1.,1.,1.))) REPRESENTATION_ITEM('') SURFACE() );
#2471 = CARTESIAN_POINT('',(21.318463423591,-6.697094854929,
    38.57759887817));
#2472 = CARTESIAN_POINT('',(21.314937588549,-7.776137015205,
    38.592485737236));
#2473 = CARTESIAN_POINT('',(21.142903429227,-8.867366670244,
    38.606989743459));
#2474 = CARTESIAN_POINT('',(20.797186297366,-9.940279041101,
    38.618137013638));
#2475 = CARTESIAN_POINT('',(20.275605400117,-10.93700639437,
    38.624872724474));
#2476 = CARTESIAN_POINT('',(19.622312415861,-11.83271674402,
    38.628618579864));
#2477 = CARTESIAN_POINT('',(18.827808825907,-12.62075123448,
    38.627917580468));
#2478 = CARTESIAN_POINT('',(17.942822305889,-13.26992642695,
    38.6252152862));
#2479 = CARTESIAN_POINT('',(16.946422194232,-13.79792845786,
    38.618294056762));
#2480 = CARTESIAN_POINT('',(15.866080821896,-14.14300991166,
    38.607059061362));
#2481 = CARTESIAN_POINT('',(14.775707045461,-14.31505272551,
    38.591999603385));
#2482 = CARTESIAN_POINT('',(13.697023819597,-14.31830359409,
    38.57827371383));
#2483 = CARTESIAN_POINT('',(21.1,-6.677609729593,39.5));
#2484 = CARTESIAN_POINT('',(21.089051108951,-7.735130651831,39.5));
#2485 = CARTESIAN_POINT('',(20.913842757434,-8.796176729401,39.5));
#2486 = CARTESIAN_POINT('',(20.572079918568,-9.836979812077,39.5));
#2487 = CARTESIAN_POINT('',(20.061488858768,-10.80034739928,39.5));
#2488 = CARTESIAN_POINT('',(19.428906284729,-11.6647846829,39.5));
#2489 = CARTESIAN_POINT('',(18.659187883818,-12.42650425438,
    39.499999999999));
#2490 = CARTESIAN_POINT('',(17.808518958594,-13.05392310853,39.5));
#2491 = CARTESIAN_POINT('',(16.84535649628,-13.57221582375,39.5));
#2492 = CARTESIAN_POINT('',(15.796174569208,-13.91393805545,39.5));
#2493 = CARTESIAN_POINT('',(14.734561349675,-14.08984304093,39.5));
#2494 = CARTESIAN_POINT('',(13.671999151942,-14.1,39.5));
#2495 = CARTESIAN_POINT('',(20.155629799235,-6.593379740774,39.5));
#2496 = CARTESIAN_POINT('',(20.162943019373,-7.590741978955,39.5));
#2497 = CARTESIAN_POINT('',(20.012312720902,-8.55436862153,39.5));
#2498 = CARTESIAN_POINT('',(19.708733727942,-9.476013000865,39.5));
#2499 = CARTESIAN_POINT('',(19.258021977524,-10.30973326487,39.5));
#2500 = CARTESIAN_POINT('',(18.716666263302,-11.05341509302,39.5));
#2501 = CARTESIAN_POINT('',(18.046917266864,-11.71031828329,39.5));
#2502 = CARTESIAN_POINT('',(17.32345026647,-12.24576018494,39.5));
#2503 = CARTESIAN_POINT('',(16.493558383187,-12.70538415944,39.5));
#2504 = CARTESIAN_POINT('',(15.562178579706,-13.01276801548,39.5));
#2505 = CARTESIAN_POINT('',(14.588657108659,-13.16485483954,39.5));
#2506 = CARTESIAN_POINT('',(13.564085253885,-13.1586092042,39.5));
#2507 = DEFINITIONAL_REPRESENTATION('',(#2508),#2512);
#2508 = LINE('',#2509,#2510);
#2509 = CARTESIAN_POINT('',(11.632461303991,0.));
#2510 = VECTOR('',#2511,1.);
#2511 = DIRECTION('',(0.,1.));
#2512 = ( GEOMETRIC_REPRESENTATION_CONTEXT(2) 
PARAMETRIC_REPRESENTATION_CONTEXT() REPRESENTATION_CONTEXT('2D SPACE',''
  ) );
#2513 = ORIENTED_EDGE('',*,*,#2514,.F.);
#2514 = EDGE_CURVE('',#2515,#2437,#2517,.T.);
#2515 = VERTEX_POINT('',#2516);
#2516 = CARTESIAN_POINT('',(20.155629799235,6.593379740774,39.5));
#2517 = SURFACE_CURVE('',#2518,(#2545,#2575),.PCURVE_S1.);
#2518 = ( BOUNDED_CURVE() B_SPLINE_CURVE(9,(#2519,#2520,#2521,#2522,
    #2523,#2524,#2525,#2526,#2527,#2528,#2529,#2530,#2531,#2532,#2533,
    #2534,#2535,#2536,#2537,#2538,#2539,#2540,#2541,#2542,#2543,#2544),
.UNSPECIFIED.,.F.,.F.) B_SPLINE_CURVE_WITH_KNOTS((10,8,8,10),(
    63.884753037619,63.961944901923,77.16196716203,77.239159026334),
.UNSPECIFIED.) CURVE() GEOMETRIC_REPRESENTATION_ITEM() 
RATIONAL_B_SPLINE_CURVE((1.,1.,1.,1.,1.,1.,1.,1.,1.,1.,1.,1.,1.,1.,1.,1.
,1.,1.,1.,1.,1.,1.,1.,1.,1.,1.)) REPRESENTATION_ITEM('') );
#2519 = CARTESIAN_POINT('',(20.155629799235,6.593379740774,39.5));
#2520 = CARTESIAN_POINT('',(20.155570485027,6.585290588511,39.5));
#2521 = CARTESIAN_POINT('',(20.155511880485,6.577200181743,39.5));
#2522 = CARTESIAN_POINT('',(20.155453979705,6.569108500524,39.5));
#2523 = CARTESIAN_POINT('',(20.155396776786,6.561015524912,39.5));
#2524 = CARTESIAN_POINT('',(20.155340265824,6.552921234963,39.5));
#2525 = CARTESIAN_POINT('',(20.155284440916,6.544825610734,39.5));
#2526 = CARTESIAN_POINT('',(20.155229296159,6.536728632281,39.5));
#2527 = CARTESIAN_POINT('',(20.155174825651,6.52863027966,39.5));
#2528 = CARTESIAN_POINT('',(20.145920704858,5.135451443022,39.5));
#2529 = CARTESIAN_POINT('',(20.155203001788,3.718847909164,39.5));
#2530 = CARTESIAN_POINT('',(20.149541931184,2.207956037408,39.5));
#2531 = CARTESIAN_POINT('',(20.151132341163,0.757398520036,39.5));
#2532 = CARTESIAN_POINT('',(20.151132341163,-0.757398520036,39.5));
#2533 = CARTESIAN_POINT('',(20.149541931184,-2.207956037408,39.5));
#2534 = CARTESIAN_POINT('',(20.155203001788,-3.718847909164,39.5));
#2535 = CARTESIAN_POINT('',(20.145920704858,-5.135451443022,39.5));
#2536 = CARTESIAN_POINT('',(20.155174825651,-6.52863027966,39.5));
#2537 = CARTESIAN_POINT('',(20.155229296159,-6.53672863228,39.5));
#2538 = CARTESIAN_POINT('',(20.155284440916,-6.544825610734,39.5));
#2539 = CARTESIAN_POINT('',(20.155340265824,-6.552921234963,39.5));
#2540 = CARTESIAN_POINT('',(20.155396776786,-6.561015524912,39.5));
#2541 = CARTESIAN_POINT('',(20.155453979705,-6.569108500524,39.5));
#2542 = CARTESIAN_POINT('',(20.155511880484,-6.577200181743,39.5));
#2543 = CARTESIAN_POINT('',(20.155570485027,-6.585290588511,39.5));
#2544 = CARTESIAN_POINT('',(20.155629799235,-6.593379740774,39.5));
#2545 = PCURVE('',#1728,#2546);
#2546 = DEFINITIONAL_REPRESENTATION('',(#2547),#2574);
#2547 = B_SPLINE_CURVE_WITH_KNOTS('',9,(#2548,#2549,#2550,#2551,#2552,
    #2553,#2554,#2555,#2556,#2557,#2558,#2559,#2560,#2561,#2562,#2563,
    #2564,#2565,#2566,#2567,#2568,#2569,#2570,#2571,#2572,#2573),
  .UNSPECIFIED.,.F.,.F.,(10,8,8,10),(63.884753037619,63.961944901923,
    77.16196716203,77.239159026334),.UNSPECIFIED.);
#2548 = CARTESIAN_POINT('',(33.755629799235,13.193379740774));
#2549 = CARTESIAN_POINT('',(33.755570485026,13.185290588511));
#2550 = CARTESIAN_POINT('',(33.755511880486,13.177200181743));
#2551 = CARTESIAN_POINT('',(33.755453979704,13.169108500523));
#2552 = CARTESIAN_POINT('',(33.755396776788,13.161015524912));
#2553 = CARTESIAN_POINT('',(33.755340265822,13.152921234963));
#2554 = CARTESIAN_POINT('',(33.755284440917,13.144825610734));
#2555 = CARTESIAN_POINT('',(33.755229296158,13.13672863228));
#2556 = CARTESIAN_POINT('',(33.755174825651,13.12863027966));
#2557 = CARTESIAN_POINT('',(33.745920704858,11.735451443022));
#2558 = CARTESIAN_POINT('',(33.755203001788,10.318847909164));
#2559 = CARTESIAN_POINT('',(33.749541931186,8.807956037409));
#2560 = CARTESIAN_POINT('',(33.75113234116,7.357398520036));
#2561 = CARTESIAN_POINT('',(33.751132341165,5.842601479964));
#2562 = CARTESIAN_POINT('',(33.749541931183,4.392043962591));
#2563 = CARTESIAN_POINT('',(33.755203001789,2.881152090836));
#2564 = CARTESIAN_POINT('',(33.745920704858,1.464548556978));
#2565 = CARTESIAN_POINT('',(33.755174825651,7.136972034025E-02));
#2566 = CARTESIAN_POINT('',(33.755229296159,6.327136771957E-02));
#2567 = CARTESIAN_POINT('',(33.755284440914,5.517438926631E-02));
#2568 = CARTESIAN_POINT('',(33.755340265826,4.707876503699E-02));
#2569 = CARTESIAN_POINT('',(33.755396776783,3.898447508807E-02));
#2570 = CARTESIAN_POINT('',(33.755453979708,3.089149947606E-02));
#2571 = CARTESIAN_POINT('',(33.755511880483,2.279981825741E-02));
#2572 = CARTESIAN_POINT('',(33.755570485027,1.470941148865E-02));
#2573 = CARTESIAN_POINT('',(33.755629799235,6.620259226242E-03));
#2574 = ( GEOMETRIC_REPRESENTATION_CONTEXT(2) 
PARAMETRIC_REPRESENTATION_CONTEXT() REPRESENTATION_CONTEXT('2D SPACE',''
  ) );
#2575 = PCURVE('',#2576,#2655);
#2576 = ( BOUNDED_SURFACE() B_SPLINE_SURFACE(2,9,(
    (#2577,#2578,#2579,#2580,#2581,#2582,#2583,#2584,#2585,#2586,#2587
      ,#2588,#2589,#2590,#2591,#2592,#2593,#2594,#2595,#2596,#2597,#2598
      ,#2599,#2600,#2601,#2602)
    ,(#2603,#2604,#2605,#2606,#2607,#2608,#2609,#2610,#2611,#2612,#2613
      ,#2614,#2615,#2616,#2617,#2618,#2619,#2620,#2621,#2622,#2623,#2624
      ,#2625,#2626,#2627,#2628)
    ,(#2629,#2630,#2631,#2632,#2633,#2634,#2635,#2636,#2637,#2638,#2639
      ,#2640,#2641,#2642,#2643,#2644,#2645,#2646,#2647,#2648,#2649,#2650
      ,#2651,#2652,#2653,#2654
)),.UNSPECIFIED.,.F.,.F.,.F.) B_SPLINE_SURFACE_WITH_KNOTS((3,3),(10,8,8,
    10),(0.,13.354405988715),(63.884753037619,63.961944901923,
    77.16196716203,77.239159026334),.UNSPECIFIED.) 
GEOMETRIC_REPRESENTATION_ITEM() RATIONAL_B_SPLINE_SURFACE((
    (1.,1.,1.,1.,1.,1.,1.,1.,1.,1.,1.,1.,1.,1.,1.,1.,1.,1.,1.,1.,1.,1.
      ,1.,1.,1.,1.)
    ,(0.784643995222,0.784640436788,0.784636921297,0.784633448379
      ,0.784630017667,0.784626628792,0.784623281388,0.784619975085
      ,0.784616709516,0.784061965604,0.784623348418,0.784273440533
      ,0.784378369611,0.784378369611,0.784273440533,0.784623348418
      ,0.784061965604,0.784616709516,0.784619975085,0.784623281388
      ,0.784626628792,0.784630017667,0.784633448379,0.784636921297
      ,0.784640436788,0.784643995222)
    ,(1.,1.,1.,1.,1.,1.,1.,1.,1.,1.,1.,1.,1.,1.,1.,1.,1.,1.,1.,1.,1.,1.
,1.,1.,1.,1.))) REPRESENTATION_ITEM('') SURFACE() );
#2577 = CARTESIAN_POINT('',(21.318463423591,6.697094854929,
    38.57759887817));
#2578 = CARTESIAN_POINT('',(21.318466597772,6.68834096645,
    38.577585476073));
#2579 = CARTESIAN_POINT('',(21.318469733632,6.679588939601,
    38.577572235776));
#2580 = CARTESIAN_POINT('',(21.3184728315,6.670838766943,38.57755915589)
  );
#2581 = CARTESIAN_POINT('',(21.318475891704,6.662090441039,
    38.577546235026));
#2582 = CARTESIAN_POINT('',(21.318478914575,6.653343954452,
    38.577533471796));
#2583 = CARTESIAN_POINT('',(21.31848190044,6.644599299742,38.57752086481
    ));
#2584 = CARTESIAN_POINT('',(21.318484849628,6.635856469475,
    38.577508412681));
#2585 = CARTESIAN_POINT('',(21.318487762469,6.62711545621,
    38.577496114019));
#2586 = CARTESIAN_POINT('',(21.318982583857,5.123948252836,
    38.575406868161));
#2587 = CARTESIAN_POINT('',(21.318481623813,3.680002608227,
    38.57752203279));
#2588 = CARTESIAN_POINT('',(21.31879419757,2.180530261216,
    38.576202276926));
#2589 = CARTESIAN_POINT('',(21.318700182491,0.743184249135,
    38.576599229481));
#2590 = CARTESIAN_POINT('',(21.318700182491,-0.743184249135,
    38.576599229481));
#2591 = CARTESIAN_POINT('',(21.31879419757,-2.180530261216,
    38.576202276926));
#2592 = CARTESIAN_POINT('',(21.318481623813,-3.680002608227,
    38.57752203279));
#2593 = CARTESIAN_POINT('',(21.318982583857,-5.123948252836,
    38.575406868161));
#2594 = CARTESIAN_POINT('',(21.318487762469,-6.62711545621,
    38.577496114019));
#2595 = CARTESIAN_POINT('',(21.318484849628,-6.635856469475,
    38.577508412681));
#2596 = CARTESIAN_POINT('',(21.31848190044,-6.644599299743,
    38.57752086481));
#2597 = CARTESIAN_POINT('',(21.318478914575,-6.653343954451,
    38.577533471796));
#2598 = CARTESIAN_POINT('',(21.318475891704,-6.662090441039,
    38.577546235026));
#2599 = CARTESIAN_POINT('',(21.3184728315,-6.670838766943,38.57755915589
    ));
#2600 = CARTESIAN_POINT('',(21.318469733632,-6.679588939601,
    38.577572235776));
#2601 = CARTESIAN_POINT('',(21.318466597772,-6.68834096645,
    38.577585476073));
#2602 = CARTESIAN_POINT('',(21.318463423591,-6.697094854929,
    38.57759887817));
#2603 = CARTESIAN_POINT('',(21.1,6.677609729593,39.5));
#2604 = CARTESIAN_POINT('',(21.1,6.668981451027,39.5));
#2605 = CARTESIAN_POINT('',(21.1,6.660354439101,39.5));
#2606 = CARTESIAN_POINT('',(21.1,6.65172868406,39.5));
#2607 = CARTESIAN_POINT('',(21.1,6.64310417613,39.5));
#2608 = CARTESIAN_POINT('',(21.1,6.634480905527,39.5));
#2609 = CARTESIAN_POINT('',(21.1,6.62585886244,39.5));
#2610 = CARTESIAN_POINT('',(21.1,6.617238037054,39.5));
#2611 = CARTESIAN_POINT('',(21.1,6.608618419525,39.5));
#2612 = CARTESIAN_POINT('',(21.1,5.125183695606,39.5));
#2613 = CARTESIAN_POINT('',(21.1,3.689416533913,39.5));
#2614 = CARTESIAN_POINT('',(21.1,2.182993839534,39.5));
#2615 = CARTESIAN_POINT('',(21.1,0.748263959817,39.5));
#2616 = CARTESIAN_POINT('',(21.1,-0.748263959817,39.5));
#2617 = CARTESIAN_POINT('',(21.1,-2.182993839534,39.5));
#2618 = CARTESIAN_POINT('',(21.1,-3.689416533913,39.5));
#2619 = CARTESIAN_POINT('',(21.1,-5.125183695606,39.5));
#2620 = CARTESIAN_POINT('',(21.1,-6.608618419525,39.5));
#2621 = CARTESIAN_POINT('',(21.1,-6.617238037054,39.5));
#2622 = CARTESIAN_POINT('',(21.1,-6.62585886244,39.5));
#2623 = CARTESIAN_POINT('',(21.1,-6.634480905528,39.5));
#2624 = CARTESIAN_POINT('',(21.1,-6.643104176129,39.5));
#2625 = CARTESIAN_POINT('',(21.1,-6.651728684061,39.5));
#2626 = CARTESIAN_POINT('',(21.1,-6.660354439101,39.5));
#2627 = CARTESIAN_POINT('',(21.1,-6.668981451028,39.5));
#2628 = CARTESIAN_POINT('',(21.1,-6.677609729593,39.5));
#2629 = CARTESIAN_POINT('',(20.155629799235,6.593379740774,39.5));
#2630 = CARTESIAN_POINT('',(20.155570485027,6.585290588511,39.5));
#2631 = CARTESIAN_POINT('',(20.155511880485,6.577200181743,39.5));
#2632 = CARTESIAN_POINT('',(20.155453979705,6.569108500524,39.5));
#2633 = CARTESIAN_POINT('',(20.155396776786,6.561015524912,39.5));
#2634 = CARTESIAN_POINT('',(20.155340265824,6.552921234963,39.5));
#2635 = CARTESIAN_POINT('',(20.155284440916,6.544825610734,39.5));
#2636 = CARTESIAN_POINT('',(20.155229296159,6.536728632281,39.5));
#2637 = CARTESIAN_POINT('',(20.155174825651,6.52863027966,39.5));
#2638 = CARTESIAN_POINT('',(20.145920704858,5.135451443022,39.5));
#2639 = CARTESIAN_POINT('',(20.155203001788,3.718847909164,39.5));
#2640 = CARTESIAN_POINT('',(20.149541931184,2.207956037408,39.5));
#2641 = CARTESIAN_POINT('',(20.151132341163,0.757398520036,39.5));
#2642 = CARTESIAN_POINT('',(20.151132341163,-0.757398520036,39.5));
#2643 = CARTESIAN_POINT('',(20.149541931184,-2.207956037408,39.5));
#2644 = CARTESIAN_POINT('',(20.155203001788,-3.718847909164,39.5));
#2645 = CARTESIAN_POINT('',(20.145920704858,-5.135451443022,39.5));
#2646 = CARTESIAN_POINT('',(20.155174825651,-6.52863027966,39.5));
#2647 = CARTESIAN_POINT('',(20.155229296159,-6.53672863228,39.5));
#2648 = CARTESIAN_POINT('',(20.155284440916,-6.544825610734,39.5));
#2649 = CARTESIAN_POINT('',(20.155340265824,-6.552921234963,39.5));
#2650 = CARTESIAN_POINT('',(20.155396776786,-6.561015524912,39.5));
#2651 = CARTESIAN_POINT('',(20.155453979705,-6.569108500524,39.5));
#2652 = CARTESIAN_POINT('',(20.155511880484,-6.577200181743,39.5));
#2653 = CARTESIAN_POINT('',(20.155570485027,-6.585290588511,39.5));
#2654 = CARTESIAN_POINT('',(20.155629799235,-6.593379740774,39.5));
#2655 = DEFINITIONAL_REPRESENTATION('',(#2656),#2660);
#2656 = LINE('',#2657,#2658);
#2657 = CARTESIAN_POINT('',(13.354405988715,0.));
#2658 = VECTOR('',#2659,1.);
#2659 = DIRECTION('',(0.,1.));
#2660 = ( GEOMETRIC_REPRESENTATION_CONTEXT(2) 
PARAMETRIC_REPRESENTATION_CONTEXT() REPRESENTATION_CONTEXT('2D SPACE',''
  ) );
#2661 = ORIENTED_EDGE('',*,*,#2662,.F.);
#2662 = EDGE_CURVE('',#2663,#2515,#2665,.T.);
#2663 = VERTEX_POINT('',#2664);
#2664 = CARTESIAN_POINT('',(13.564085253885,13.158609204205,39.5));
#2665 = SURFACE_CURVE('',#2666,(#2679,#2695),.PCURVE_S1.);
#2666 = ( BOUNDED_CURVE() B_SPLINE_CURVE(11,(#2667,#2668,#2669,#2670,
    #2671,#2672,#2673,#2674,#2675,#2676,#2677,#2678),.UNSPECIFIED.,.F.,
.F.) B_SPLINE_CURVE_WITH_KNOTS((12,12),(52.252291733628,63.884753037619)
,.PIECEWISE_BEZIER_KNOTS.) CURVE() GEOMETRIC_REPRESENTATION_ITEM() 
RATIONAL_B_SPLINE_CURVE((1.,1.,1.,1.,1.,1.,1.,1.,1.,1.,1.,1.)) 
REPRESENTATION_ITEM('') );
#2667 = CARTESIAN_POINT('',(13.564085253885,13.158609204205,39.5));
#2668 = CARTESIAN_POINT('',(14.588657108659,13.164854839549,39.5));
#2669 = CARTESIAN_POINT('',(15.562178579705,13.012768015488,39.5));
#2670 = CARTESIAN_POINT('',(16.493558383189,12.705384159444,39.5));
#2671 = CARTESIAN_POINT('',(17.323450266468,12.245760184948,39.5));
#2672 = CARTESIAN_POINT('',(18.046917266867,11.71031828329,39.5));
#2673 = CARTESIAN_POINT('',(18.7166662633,11.053415093029,39.5));
#2674 = CARTESIAN_POINT('',(19.258021977525,10.309733264876,39.5));
#2675 = CARTESIAN_POINT('',(19.708733727941,9.476013000864,39.5));
#2676 = CARTESIAN_POINT('',(20.012312720902,8.55436862153,39.5));
#2677 = CARTESIAN_POINT('',(20.162943019373,7.590741978954,39.5));
#2678 = CARTESIAN_POINT('',(20.155629799235,6.593379740774,39.5));
#2679 = PCURVE('',#1728,#2680);
#2680 = DEFINITIONAL_REPRESENTATION('',(#2681),#2694);
#2681 = B_SPLINE_CURVE_WITH_KNOTS('',11,(#2682,#2683,#2684,#2685,#2686,
    #2687,#2688,#2689,#2690,#2691,#2692,#2693),.UNSPECIFIED.,.F.,.F.,(12
    ,12),(52.252291733628,63.884753037619),.PIECEWISE_BEZIER_KNOTS.);
#2682 = CARTESIAN_POINT('',(27.164085253885,19.758609204205));
#2683 = CARTESIAN_POINT('',(28.188657108658,19.764854839549));
#2684 = CARTESIAN_POINT('',(29.162178579712,19.612768015489));
#2685 = CARTESIAN_POINT('',(30.093558383172,19.30538415944));
#2686 = CARTESIAN_POINT('',(30.923450266496,18.845760184954));
#2687 = CARTESIAN_POINT('',(31.64691726683,18.310318283284));
#2688 = CARTESIAN_POINT('',(32.316666263337,17.653415093034));
#2689 = CARTESIAN_POINT('',(32.858021977496,16.909733264873));
#2690 = CARTESIAN_POINT('',(33.308733727958,16.076013000865));
#2691 = CARTESIAN_POINT('',(33.612312720895,15.15436862153));
#2692 = CARTESIAN_POINT('',(33.762943019375,14.190741978955));
#2693 = CARTESIAN_POINT('',(33.755629799235,13.193379740774));
#2694 = ( GEOMETRIC_REPRESENTATION_CONTEXT(2) 
PARAMETRIC_REPRESENTATION_CONTEXT() REPRESENTATION_CONTEXT('2D SPACE',''
  ) );
#2695 = PCURVE('',#2696,#2733);
#2696 = ( BOUNDED_SURFACE() B_SPLINE_SURFACE(2,11,(
    (#2697,#2698,#2699,#2700,#2701,#2702,#2703,#2704,#2705,#2706,#2707
      ,#2708)
    ,(#2709,#2710,#2711,#2712,#2713,#2714,#2715,#2716,#2717,#2718,#2719
      ,#2720)
    ,(#2721,#2722,#2723,#2724,#2725,#2726,#2727,#2728,#2729,#2730,#2731
,#2732
    )),.UNSPECIFIED.,.F.,.F.,.F.) B_SPLINE_SURFACE_WITH_KNOTS((3,3),(12,
    12),(0.,11.632461303991),(52.252291733628,63.884753037619),
.PIECEWISE_BEZIER_KNOTS.) GEOMETRIC_REPRESENTATION_ITEM() 
RATIONAL_B_SPLINE_SURFACE((
    (1.,1.,1.,1.,1.,1.,1.,1.,1.,1.,1.,1.)
    ,(0.78482315254,0.788466725381,0.792445751182,0.795384759772
      ,0.797185042823,0.797892742306,0.79807283748,0.797097728459
      ,0.795343318133,0.792425851064,0.788596652721,0.784643995222)
,(1.,1.,1.,1.,1.,1.,1.,1.,1.,1.,1.,1.
))) REPRESENTATION_ITEM('') SURFACE() );
#2697 = CARTESIAN_POINT('',(13.697023819597,14.318303594093,
    38.57827371383));
#2698 = CARTESIAN_POINT('',(14.775707045461,14.315052725514,
    38.591999603385));
#2699 = CARTESIAN_POINT('',(15.866080821896,14.143009911662,
    38.607059061362));
#2700 = CARTESIAN_POINT('',(16.946422194234,13.797928457859,
    38.618294056761));
#2701 = CARTESIAN_POINT('',(17.942822305887,13.269926426955,
    38.6252152862));
#2702 = CARTESIAN_POINT('',(18.82780882591,12.620751234484,
    38.627917580467));
#2703 = CARTESIAN_POINT('',(19.622312415859,11.832716744023,
    38.628618579865));
#2704 = CARTESIAN_POINT('',(20.275605400118,10.937006394373,
    38.624872724474));
#2705 = CARTESIAN_POINT('',(20.797186297366,9.940279041102,
    38.618137013638));
#2706 = CARTESIAN_POINT('',(21.142903429226,8.867366670244,
    38.606989743459));
#2707 = CARTESIAN_POINT('',(21.314937588549,7.776137015205,
    38.592485737236));
#2708 = CARTESIAN_POINT('',(21.318463423591,6.697094854929,
    38.57759887817));
#2709 = CARTESIAN_POINT('',(13.671999151942,14.1,39.5));
#2710 = CARTESIAN_POINT('',(14.734561349675,14.089843040938,39.5));
#2711 = CARTESIAN_POINT('',(15.796174569208,13.913938055455,39.5));
#2712 = CARTESIAN_POINT('',(16.845356496281,13.572215823749,39.5));
#2713 = CARTESIAN_POINT('',(17.808518958593,13.053923108541,39.5));
#2714 = CARTESIAN_POINT('',(18.659187883818,12.426504254379,39.5));
#2715 = CARTESIAN_POINT('',(19.42890628473,11.664784682909,39.5));
#2716 = CARTESIAN_POINT('',(20.061488858766,10.800347399282,39.5));
#2717 = CARTESIAN_POINT('',(20.57207991857,9.836979812077,39.5));
#2718 = CARTESIAN_POINT('',(20.913842757433,8.796176729402,39.5));
#2719 = CARTESIAN_POINT('',(21.089051108952,7.735130651831,39.5));
#2720 = CARTESIAN_POINT('',(21.1,6.677609729593,39.5));
#2721 = CARTESIAN_POINT('',(13.564085253885,13.158609204205,39.5));
#2722 = CARTESIAN_POINT('',(14.588657108659,13.164854839549,39.5));
#2723 = CARTESIAN_POINT('',(15.562178579705,13.012768015488,39.5));
#2724 = CARTESIAN_POINT('',(16.493558383189,12.705384159444,39.5));
#2725 = CARTESIAN_POINT('',(17.323450266468,12.245760184948,39.5));
#2726 = CARTESIAN_POINT('',(18.046917266867,11.71031828329,39.5));
#2727 = CARTESIAN_POINT('',(18.7166662633,11.053415093029,39.5));
#2728 = CARTESIAN_POINT('',(19.258021977525,10.309733264876,39.5));
#2729 = CARTESIAN_POINT('',(19.708733727941,9.476013000864,39.5));
#2730 = CARTESIAN_POINT('',(20.012312720902,8.55436862153,39.5));
#2731 = CARTESIAN_POINT('',(20.162943019373,7.590741978954,39.5));
#2732 = CARTESIAN_POINT('',(20.155629799235,6.593379740774,39.5));
#2733 = DEFINITIONAL_REPRESENTATION('',(#2734),#2738);
#2734 = LINE('',#2735,#2736);
#2735 = CARTESIAN_POINT('',(11.632461303991,0.));
#2736 = VECTOR('',#2737,1.);
#2737 = DIRECTION('',(0.,1.));
#2738 = ( GEOMETRIC_REPRESENTATION_CONTEXT(2) 
PARAMETRIC_REPRESENTATION_CONTEXT() REPRESENTATION_CONTEXT('2D SPACE',''
  ) );
#2739 = ORIENTED_EDGE('',*,*,#2740,.F.);
#2740 = EDGE_CURVE('',#2741,#2663,#2743,.T.);
#2741 = VERTEX_POINT('',#2742);
#2742 = CARTESIAN_POINT('',(-13.56408525388,13.158609204205,39.5));
#2743 = SURFACE_CURVE('',#2744,(#2777,#2813),.PCURVE_S1.);
#2744 = ( BOUNDED_CURVE() B_SPLINE_CURVE(11,(#2745,#2746,#2747,#2748,
    #2749,#2750,#2751,#2752,#2753,#2754,#2755,#2756,#2757,#2758,#2759,
    #2760,#2761,#2762,#2763,#2764,#2765,#2766,#2767,#2768,#2769,#2770,
    #2771,#2772,#2773,#2774,#2775,#2776),.UNSPECIFIED.,.F.,.F.) 
B_SPLINE_CURVE_WITH_KNOTS((12,10,10,12),(24.909675428402,24.98096064636,
52.181006515669,52.252291733628),.UNSPECIFIED.) CURVE() 
GEOMETRIC_REPRESENTATION_ITEM() RATIONAL_B_SPLINE_CURVE((1.,1.,1.,
    0.999999999999,1.000000000002,0.999999999998,1.000000000002,
    0.999999999999,1.000000000001,1.,1.,1.,1.,1.,1.,1.000000000001,
    0.999999999999,1.,1.,1.,1.,1.,1.,1.,1.000000000001,0.999999999999,
1.000000000001,1.,1.,1.,1.,1.)) REPRESENTATION_ITEM('') );
#2745 = CARTESIAN_POINT('',(-13.56408525388,13.158609204205,39.5));
#2746 = CARTESIAN_POINT('',(-13.55780654587,13.158570930149,39.5));
#2747 = CARTESIAN_POINT('',(-13.55152664431,13.158533034705,39.5));
#2748 = CARTESIAN_POINT('',(-13.54524554026,13.158495516174,39.5));
#2749 = CARTESIAN_POINT('',(-13.53896322471,13.158458372856,39.5));
#2750 = CARTESIAN_POINT('',(-13.53267968875,13.158421603051,39.5));
#2751 = CARTESIAN_POINT('',(-13.52639492334,13.158385205059,39.5));
#2752 = CARTESIAN_POINT('',(-13.52010891959,13.15834917718,39.5));
#2753 = CARTESIAN_POINT('',(-13.51382166848,13.158313517715,39.5));
#2754 = CARTESIAN_POINT('',(-13.50753316107,13.158278224963,39.5));
#2755 = CARTESIAN_POINT('',(-13.50124338837,13.158243297225,39.5));
#2756 = CARTESIAN_POINT('',(-11.09450004469,13.145020108975,39.5));
#2757 = CARTESIAN_POINT('',(-8.738895273524,13.153077447069,39.5));
#2758 = CARTESIAN_POINT('',(-6.232083305262,13.152216617225,39.5));
#2759 = CARTESIAN_POINT('',(-3.758701307263,13.150894970091,39.5));
#2760 = CARTESIAN_POINT('',(-1.237658253249,13.150550889224,39.5));
#2761 = CARTESIAN_POINT('',(1.237658253251,13.150550889224,39.5));
#2762 = CARTESIAN_POINT('',(3.75870130726,13.150894970091,39.5));
#2763 = CARTESIAN_POINT('',(6.232083305265,13.152216617225,39.5));
#2764 = CARTESIAN_POINT('',(8.738895273522,13.153077447069,39.5));
#2765 = CARTESIAN_POINT('',(11.094500044695,13.145020108975,39.5));
#2766 = CARTESIAN_POINT('',(13.501243388377,13.158243297225,39.5));
#2767 = CARTESIAN_POINT('',(13.507533161068,13.158278224963,39.5));
#2768 = CARTESIAN_POINT('',(13.513821668483,13.158313517715,39.5));
#2769 = CARTESIAN_POINT('',(13.520108919591,13.15834917718,39.5));
#2770 = CARTESIAN_POINT('',(13.526394923354,13.158385205059,39.5));
#2771 = CARTESIAN_POINT('',(13.532679688742,13.158421603051,39.5));
#2772 = CARTESIAN_POINT('',(13.538963224722,13.158458372856,39.5));
#2773 = CARTESIAN_POINT('',(13.545245540258,13.158495516174,39.5));
#2774 = CARTESIAN_POINT('',(13.55152664432,13.158533034705,39.5));
#2775 = CARTESIAN_POINT('',(13.557806545874,13.158570930149,39.5));
#2776 = CARTESIAN_POINT('',(13.564085253885,13.158609204205,39.5));
#2777 = PCURVE('',#1728,#2778);
#2778 = DEFINITIONAL_REPRESENTATION('',(#2779),#2812);
#2779 = B_SPLINE_CURVE_WITH_KNOTS('',11,(#2780,#2781,#2782,#2783,#2784,
    #2785,#2786,#2787,#2788,#2789,#2790,#2791,#2792,#2793,#2794,#2795,
    #2796,#2797,#2798,#2799,#2800,#2801,#2802,#2803,#2804,#2805,#2806,
    #2807,#2808,#2809,#2810,#2811),.UNSPECIFIED.,.F.,.F.,(12,10,10,12),(
    24.909675428402,24.98096064636,52.181006515669,52.252291733628),
  .UNSPECIFIED.);
#2780 = CARTESIAN_POINT('',(3.591474611501E-02,19.758609204205));
#2781 = CARTESIAN_POINT('',(4.219345412638E-02,19.758570930147));
#2782 = CARTESIAN_POINT('',(4.847335567963E-02,19.758533034714));
#2783 = CARTESIAN_POINT('',(5.475445974137E-02,19.758495516154));
#2784 = CARTESIAN_POINT('',(6.103677527874E-02,19.758458372888));
#2785 = CARTESIAN_POINT('',(6.732031125784E-02,19.758421603014));
#2786 = CARTESIAN_POINT('',(7.36050766463E-02,19.758385205093));
#2787 = CARTESIAN_POINT('',(7.989108040996E-02,19.758349177157));
#2788 = CARTESIAN_POINT('',(8.617833151635E-02,19.758313517727));
#2789 = CARTESIAN_POINT('',(9.246683893173E-02,19.758278224959));
#2790 = CARTESIAN_POINT('',(9.87566116231E-02,19.758243297225));
#2791 = CARTESIAN_POINT('',(2.505499955305,19.745020108974));
#2792 = CARTESIAN_POINT('',(4.861104726475,19.753077447068));
#2793 = CARTESIAN_POINT('',(7.36791669474,19.752216617229));
#2794 = CARTESIAN_POINT('',(9.841298692733,19.750894970084));
#2795 = CARTESIAN_POINT('',(12.362341746757,19.750550889235));
#2796 = CARTESIAN_POINT('',(14.837658253244,19.750550889214));
#2797 = CARTESIAN_POINT('',(17.358701307265,19.750894970098));
#2798 = CARTESIAN_POINT('',(19.832083305262,19.752216617222));
#2799 = CARTESIAN_POINT('',(22.338895273523,19.753077447069));
#2800 = CARTESIAN_POINT('',(24.694500044695,19.745020108975));
#2801 = CARTESIAN_POINT('',(27.101243388377,19.758243297225));
#2802 = CARTESIAN_POINT('',(27.107533161071,19.758278224966));
#2803 = CARTESIAN_POINT('',(27.113821668477,19.758313517706));
#2804 = CARTESIAN_POINT('',(27.120108919602,19.758349177195));
#2805 = CARTESIAN_POINT('',(27.126394923339,19.758385205042));
#2806 = CARTESIAN_POINT('',(27.132679688756,19.758421603066));
#2807 = CARTESIAN_POINT('',(27.138963224712,19.758458372846));
#2808 = CARTESIAN_POINT('',(27.145245540263,19.758495516179));
#2809 = CARTESIAN_POINT('',(27.151526644319,19.758533034703));
#2810 = CARTESIAN_POINT('',(27.157806545874,19.758570930149));
#2811 = CARTESIAN_POINT('',(27.164085253885,19.758609204205));
#2812 = ( GEOMETRIC_REPRESENTATION_CONTEXT(2) 
PARAMETRIC_REPRESENTATION_CONTEXT() REPRESENTATION_CONTEXT('2D SPACE',''
  ) );
#2813 = PCURVE('',#2814,#2911);
#2814 = ( BOUNDED_SURFACE() B_SPLINE_SURFACE(2,11,(
    (#2815,#2816,#2817,#2818,#2819,#2820,#2821,#2822,#2823,#2824,#2825
      ,#2826,#2827,#2828,#2829,#2830,#2831,#2832,#2833,#2834,#2835,#2836
      ,#2837,#2838,#2839,#2840,#2841,#2842,#2843,#2844,#2845,#2846)
    ,(#2847,#2848,#2849,#2850,#2851,#2852,#2853,#2854,#2855,#2856,#2857
      ,#2858,#2859,#2860,#2861,#2862,#2863,#2864,#2865,#2866,#2867,#2868
      ,#2869,#2870,#2871,#2872,#2873,#2874,#2875,#2876,#2877,#2878)
    ,(#2879,#2880,#2881,#2882,#2883,#2884,#2885,#2886,#2887,#2888,#2889
      ,#2890,#2891,#2892,#2893,#2894,#2895,#2896,#2897,#2898,#2899,#2900
      ,#2901,#2902,#2903,#2904,#2905,#2906,#2907,#2908,#2909,#2910
)),.UNSPECIFIED.,.F.,.F.,.F.) B_SPLINE_SURFACE_WITH_KNOTS((3,3),(12,10,
    10,12),(0.,27.342616305226),(24.909675428402,24.98096064636,
    52.181006515669,52.252291733628),.UNSPECIFIED.) 
GEOMETRIC_REPRESENTATION_ITEM() RATIONAL_B_SPLINE_SURFACE((
    (1.,1.,1.,0.999999999999,1.000000000002,0.999999999998
      ,1.000000000002,0.999999999999,1.000000000001,1.,1.,1.,1.,1.,1.
      ,1.000000000001,0.999999999999,1.,1.,1.,1.,1.,1.,1.,1.000000000001
      ,0.999999999999,1.000000000001,1.,1.,1.,1.,1.)
    ,(0.78482315254,0.784820845716,0.784818561863,0.784816300871
      ,0.784814062637,0.784811847048,0.784809654006,0.784807483393
      ,0.784805335112,0.784803209049,0.7848011051,0.784004623617
      ,0.78450486954,0.784417899748,0.78438313827,0.78433087289
      ,0.78433087289,0.78438313827,0.784417899748,0.78450486954
      ,0.784004623617,0.7848011051,0.784803209049,0.784805335111
      ,0.784807483395,0.784809654004,0.78481184705,0.784814062636
      ,0.784816300872,0.784818561862,0.784820845716,0.78482315254)
    ,(1.,1.,1.,0.999999999999,1.000000000002,0.999999999998
      ,1.000000000002,0.999999999999,1.000000000001,1.,1.,1.,1.,1.,1.
      ,1.000000000001,0.999999999999,1.,1.,1.,1.,1.,1.,1.,1.000000000001
      ,0.999999999999,1.000000000001,1.,1.,1.,1.,1.
))) REPRESENTATION_ITEM('') SURFACE() );
#2815 = CARTESIAN_POINT('',(-13.69702381959,14.318303594093,
    38.57827371383));
#2816 = CARTESIAN_POINT('',(-13.6904114624,14.318305652287,
    38.578265023677));
#2817 = CARTESIAN_POINT('',(-13.68380027762,14.318307689981,
    38.578256420082));
#2818 = CARTESIAN_POINT('',(-13.67719026324,14.318309707269,
    38.578247902642));
#2819 = CARTESIAN_POINT('',(-13.67058141731,14.318311704248,
    38.578239470953));
#2820 = CARTESIAN_POINT('',(-13.66397373779,14.318313681013,
    38.578231124611));
#2821 = CARTESIAN_POINT('',(-13.65736722274,14.318315637661,
    38.578222863211));
#2822 = CARTESIAN_POINT('',(-13.65076187014,14.318317574286,
    38.578214686348));
#2823 = CARTESIAN_POINT('',(-13.64415767802,14.318319490985,
    38.57820659362));
#2824 = CARTESIAN_POINT('',(-13.63755464437,14.318321387853,
    38.57819858462));
#2825 = CARTESIAN_POINT('',(-13.63095276722,14.318323264986,
    38.578190658947));
#2826 = CARTESIAN_POINT('',(-11.10573789277,14.31903387985,
    38.575190285076));
#2827 = CARTESIAN_POINT('',(-8.701181234446,14.318586909545,
    38.577077493034));
#2828 = CARTESIAN_POINT('',(-6.193074391919,14.318666045524,
    38.576743363342));
#2829 = CARTESIAN_POINT('',(-3.72407604821,14.318695088074,
    38.576620739244));
#2830 = CARTESIAN_POINT('',(-1.230578086273,14.318743106471,
    38.576417994896));
#2831 = CARTESIAN_POINT('',(1.230578086274,14.318743106472,
    38.576417994898));
#2832 = CARTESIAN_POINT('',(3.724076048206,14.318695088073,
    38.576620739243));
#2833 = CARTESIAN_POINT('',(6.193074391922,14.318666045524,
    38.576743363343));
#2834 = CARTESIAN_POINT('',(8.701181234444,14.318586909545,
    38.577077493034));
#2835 = CARTESIAN_POINT('',(11.105737892778,14.31903387985,
    38.575190285076));
#2836 = CARTESIAN_POINT('',(13.630952767223,14.318323264986,
    38.578190658947));
#2837 = CARTESIAN_POINT('',(13.637554644375,14.318321387853,
    38.578198584621));
#2838 = CARTESIAN_POINT('',(13.644157678019,14.318319490985,
    38.57820659362));
#2839 = CARTESIAN_POINT('',(13.650761870147,14.318317574286,
    38.578214686348));
#2840 = CARTESIAN_POINT('',(13.657367222741,14.318315637661,
    38.578222863211));
#2841 = CARTESIAN_POINT('',(13.663973737805,14.318313681013,
    38.578231124611));
#2842 = CARTESIAN_POINT('',(13.670581417305,14.318311704248,
    38.578239470954));
#2843 = CARTESIAN_POINT('',(13.677190263254,14.318309707269,
    38.578247902642));
#2844 = CARTESIAN_POINT('',(13.683800277621,14.318307689981,
    38.578256420082));
#2845 = CARTESIAN_POINT('',(13.690411462408,14.318305652287,
    38.578265023677));
#2846 = CARTESIAN_POINT('',(13.697023819597,14.318303594093,
    38.57827371383));
#2847 = CARTESIAN_POINT('',(-13.67199915194,14.1,39.5));
#2848 = CARTESIAN_POINT('',(-13.66545021678,14.1,39.5));
#2849 = CARTESIAN_POINT('',(-13.65890200306,14.1,39.5));
#2850 = CARTESIAN_POINT('',(-13.65235450748,14.1,39.5));
#2851 = CARTESIAN_POINT('',(-13.64580772676,14.1,39.5));
#2852 = CARTESIAN_POINT('',(-13.63926165758,14.1,39.5));
#2853 = CARTESIAN_POINT('',(-13.63271629666,14.1,39.5));
#2854 = CARTESIAN_POINT('',(-13.62617164068,14.1,39.5));
#2855 = CARTESIAN_POINT('',(-13.61962768634,14.1,39.5));
#2856 = CARTESIAN_POINT('',(-13.61308443032,14.1,39.5));
#2857 = CARTESIAN_POINT('',(-13.60654186931,14.1,39.5));
#2858 = CARTESIAN_POINT('',(-11.10130641994,14.1,39.5));
#2859 = CARTESIAN_POINT('',(-8.711633849884,14.1,39.5));
#2860 = CARTESIAN_POINT('',(-6.19861387323,14.1,39.5));
#2861 = CARTESIAN_POINT('',(-3.730910090311,14.1,39.5));
#2862 = CARTESIAN_POINT('',(-1.230849395546,14.1,39.499999999999));
#2863 = CARTESIAN_POINT('',(1.230849395546,14.1,39.500000000001));
#2864 = CARTESIAN_POINT('',(3.730910090311,14.1,39.499999999999));
#2865 = CARTESIAN_POINT('',(6.19861387323,14.1,39.5));
#2866 = CARTESIAN_POINT('',(8.711633849884,14.1,39.5));
#2867 = CARTESIAN_POINT('',(11.101306419948,14.1,39.5));
#2868 = CARTESIAN_POINT('',(13.606541869319,14.1,39.5));
#2869 = CARTESIAN_POINT('',(13.613084430327,14.1,39.5));
#2870 = CARTESIAN_POINT('',(13.619627686344,14.1,39.5));
#2871 = CARTESIAN_POINT('',(13.626171640683,14.1,39.5));
#2872 = CARTESIAN_POINT('',(13.632716296665,14.1,39.5));
#2873 = CARTESIAN_POINT('',(13.639261657586,14.1,39.5));
#2874 = CARTESIAN_POINT('',(13.645807726765,14.1,39.5));
#2875 = CARTESIAN_POINT('',(13.65235450749,14.1,39.5));
#2876 = CARTESIAN_POINT('',(13.658902003068,14.1,39.5));
#2877 = CARTESIAN_POINT('',(13.665450216788,14.1,39.5));
#2878 = CARTESIAN_POINT('',(13.671999151942,14.1,39.5));
#2879 = CARTESIAN_POINT('',(-13.56408525388,13.158609204205,39.5));
#2880 = CARTESIAN_POINT('',(-13.55780654587,13.158570930149,39.5));
#2881 = CARTESIAN_POINT('',(-13.55152664431,13.158533034705,39.5));
#2882 = CARTESIAN_POINT('',(-13.54524554026,13.158495516174,39.5));
#2883 = CARTESIAN_POINT('',(-13.53896322471,13.158458372856,39.5));
#2884 = CARTESIAN_POINT('',(-13.53267968875,13.158421603051,39.5));
#2885 = CARTESIAN_POINT('',(-13.52639492334,13.158385205059,39.5));
#2886 = CARTESIAN_POINT('',(-13.52010891959,13.15834917718,39.5));
#2887 = CARTESIAN_POINT('',(-13.51382166848,13.158313517715,39.5));
#2888 = CARTESIAN_POINT('',(-13.50753316107,13.158278224963,39.5));
#2889 = CARTESIAN_POINT('',(-13.50124338837,13.158243297225,39.5));
#2890 = CARTESIAN_POINT('',(-11.09450004469,13.145020108975,39.5));
#2891 = CARTESIAN_POINT('',(-8.738895273524,13.153077447069,39.5));
#2892 = CARTESIAN_POINT('',(-6.232083305262,13.152216617225,39.5));
#2893 = CARTESIAN_POINT('',(-3.758701307263,13.150894970091,39.5));
#2894 = CARTESIAN_POINT('',(-1.237658253249,13.150550889224,39.5));
#2895 = CARTESIAN_POINT('',(1.237658253251,13.150550889224,39.5));
#2896 = CARTESIAN_POINT('',(3.75870130726,13.150894970091,39.5));
#2897 = CARTESIAN_POINT('',(6.232083305265,13.152216617225,39.5));
#2898 = CARTESIAN_POINT('',(8.738895273522,13.153077447069,39.5));
#2899 = CARTESIAN_POINT('',(11.094500044695,13.145020108975,39.5));
#2900 = CARTESIAN_POINT('',(13.501243388377,13.158243297225,39.5));
#2901 = CARTESIAN_POINT('',(13.507533161068,13.158278224963,39.5));
#2902 = CARTESIAN_POINT('',(13.513821668483,13.158313517715,39.5));
#2903 = CARTESIAN_POINT('',(13.520108919591,13.15834917718,39.5));
#2904 = CARTESIAN_POINT('',(13.526394923354,13.158385205059,39.5));
#2905 = CARTESIAN_POINT('',(13.532679688742,13.158421603051,39.5));
#2906 = CARTESIAN_POINT('',(13.538963224722,13.158458372856,39.5));
#2907 = CARTESIAN_POINT('',(13.545245540258,13.158495516174,39.5));
#2908 = CARTESIAN_POINT('',(13.55152664432,13.158533034705,39.5));
#2909 = CARTESIAN_POINT('',(13.557806545874,13.158570930149,39.5));
#2910 = CARTESIAN_POINT('',(13.564085253885,13.158609204205,39.5));
#2911 = DEFINITIONAL_REPRESENTATION('',(#2912),#2916);
#2912 = LINE('',#2913,#2914);
#2913 = CARTESIAN_POINT('',(27.342616305226,0.));
#2914 = VECTOR('',#2915,1.);
#2915 = DIRECTION('',(0.,1.));
#2916 = ( GEOMETRIC_REPRESENTATION_CONTEXT(2) 
PARAMETRIC_REPRESENTATION_CONTEXT() REPRESENTATION_CONTEXT('2D SPACE',''
  ) );
#2917 = ORIENTED_EDGE('',*,*,#2918,.F.);
#2918 = EDGE_CURVE('',#1686,#2741,#2919,.T.);
#2919 = SURFACE_CURVE('',#2920,(#2933,#2949),.PCURVE_S1.);
#2920 = ( BOUNDED_CURVE() B_SPLINE_CURVE(11,(#2921,#2922,#2923,#2924,
    #2925,#2926,#2927,#2928,#2929,#2930,#2931,#2932),.UNSPECIFIED.,.F.,
.F.) B_SPLINE_CURVE_WITH_KNOTS((12,12),(13.27721412441,24.909675428402),
.PIECEWISE_BEZIER_KNOTS.) CURVE() GEOMETRIC_REPRESENTATION_ITEM() 
RATIONAL_B_SPLINE_CURVE((1.,1.,1.,1.,1.,1.,1.,1.,1.,1.,1.,1.)) 
REPRESENTATION_ITEM('') );
#2921 = CARTESIAN_POINT('',(-20.15562979923,6.593379740774,39.5));
#2922 = CARTESIAN_POINT('',(-20.16294301937,7.590741978954,39.5));
#2923 = CARTESIAN_POINT('',(-20.0123127209,8.55436862153,39.5));
#2924 = CARTESIAN_POINT('',(-19.70873372794,9.476013000864,39.5));
#2925 = CARTESIAN_POINT('',(-19.25802197752,10.309733264877,39.5));
#2926 = CARTESIAN_POINT('',(-18.7166662633,11.053415093028,39.5));
#2927 = CARTESIAN_POINT('',(-18.04691726686,11.710318283291,39.5));
#2928 = CARTESIAN_POINT('',(-17.32345026646,12.245760184946,39.5));
#2929 = CARTESIAN_POINT('',(-16.49355838318,12.705384159445,39.5));
#2930 = CARTESIAN_POINT('',(-15.5621785797,13.012768015488,39.5));
#2931 = CARTESIAN_POINT('',(-14.58865710865,13.164854839549,39.5));
#2932 = CARTESIAN_POINT('',(-13.56408525388,13.158609204205,39.5));
#2933 = PCURVE('',#1728,#2934);
#2934 = DEFINITIONAL_REPRESENTATION('',(#2935),#2948);
#2935 = B_SPLINE_CURVE_WITH_KNOTS('',11,(#2936,#2937,#2938,#2939,#2940,
    #2941,#2942,#2943,#2944,#2945,#2946,#2947),.UNSPECIFIED.,.F.,.F.,(12
    ,12),(13.27721412441,24.909675428402),.PIECEWISE_BEZIER_KNOTS.);
#2936 = CARTESIAN_POINT('',(-6.555629799235,13.193379740774));
#2937 = CARTESIAN_POINT('',(-6.562943019373,14.190741978954));
#2938 = CARTESIAN_POINT('',(-6.412312720902,15.154368621531));
#2939 = CARTESIAN_POINT('',(-6.108733727942,16.076013000863));
#2940 = CARTESIAN_POINT('',(-5.658021977524,16.909733264878));
#2941 = CARTESIAN_POINT('',(-5.116666263301,17.653415093027));
#2942 = CARTESIAN_POINT('',(-4.446917266865,18.310318283292));
#2943 = CARTESIAN_POINT('',(-3.723450266468,18.845760184945));
#2944 = CARTESIAN_POINT('',(-2.893558383188,19.305384159446));
#2945 = CARTESIAN_POINT('',(-1.962178579705,19.612768015487));
#2946 = CARTESIAN_POINT('',(-0.988657108659,19.76485483955));
#2947 = CARTESIAN_POINT('',(3.591474611501E-02,19.758609204205));
#2948 = ( GEOMETRIC_REPRESENTATION_CONTEXT(2) 
PARAMETRIC_REPRESENTATION_CONTEXT() REPRESENTATION_CONTEXT('2D SPACE',''
  ) );
#2949 = PCURVE('',#1780,#2950);
#2950 = DEFINITIONAL_REPRESENTATION('',(#2951),#2955);
#2951 = LINE('',#2952,#2953);
#2952 = CARTESIAN_POINT('',(11.632461303991,0.));
#2953 = VECTOR('',#2954,1.);
#2954 = DIRECTION('',(0.,1.));
#2955 = ( GEOMETRIC_REPRESENTATION_CONTEXT(2) 
PARAMETRIC_REPRESENTATION_CONTEXT() REPRESENTATION_CONTEXT('2D SPACE',''
  ) );
#2956 = ADVANCED_FACE('',(#2957),#1780,.T.);
#2957 = FACE_BOUND('',#2958,.T.);
#2958 = EDGE_LOOP('',(#2959,#2960,#2961,#2980));
#2959 = ORIENTED_EDGE('',*,*,#1767,.T.);
#2960 = ORIENTED_EDGE('',*,*,#2918,.T.);
#2961 = ORIENTED_EDGE('',*,*,#2962,.F.);
#2962 = EDGE_CURVE('',#2021,#2741,#2963,.T.);
#2963 = SURFACE_CURVE('',#2964,(#2968,#2974),.PCURVE_S1.);
#2964 = ( BOUNDED_CURVE() B_SPLINE_CURVE(2,(#2965,#2966,#2967),
.UNSPECIFIED.,.F.,.F.) B_SPLINE_CURVE_WITH_KNOTS((3,3),(0.,
11.632461303991),.PIECEWISE_BEZIER_KNOTS.) CURVE() 
GEOMETRIC_REPRESENTATION_ITEM() RATIONAL_B_SPLINE_CURVE((1.,
0.78482315254,1.)) REPRESENTATION_ITEM('') );
#2965 = CARTESIAN_POINT('',(-13.69702381959,14.318303594093,
    38.57827371383));
#2966 = CARTESIAN_POINT('',(-13.67199915194,14.1,39.5));
#2967 = CARTESIAN_POINT('',(-13.56408525388,13.158609204205,39.5));
#2968 = PCURVE('',#1780,#2969);
#2969 = DEFINITIONAL_REPRESENTATION('',(#2970),#2973);
#2970 = B_SPLINE_CURVE_WITH_KNOTS('',1,(#2971,#2972),.UNSPECIFIED.,.F.,
  .F.,(2,2),(0.,11.632461303991),.PIECEWISE_BEZIER_KNOTS.);
#2971 = CARTESIAN_POINT('',(0.,24.909675428402));
#2972 = CARTESIAN_POINT('',(11.632461303991,24.909675428402));
#2973 = ( GEOMETRIC_REPRESENTATION_CONTEXT(2) 
PARAMETRIC_REPRESENTATION_CONTEXT() REPRESENTATION_CONTEXT('2D SPACE',''
  ) );
#2974 = PCURVE('',#2814,#2975);
#2975 = DEFINITIONAL_REPRESENTATION('',(#2976),#2979);
#2976 = B_SPLINE_CURVE_WITH_KNOTS('',1,(#2977,#2978),.UNSPECIFIED.,.F.,
  .F.,(2,2),(0.,11.632461303991),.PIECEWISE_BEZIER_KNOTS.);
#2977 = CARTESIAN_POINT('',(0.,24.909675428402));
#2978 = CARTESIAN_POINT('',(27.342616305226,24.909675428402));
#2979 = ( GEOMETRIC_REPRESENTATION_CONTEXT(2) 
PARAMETRIC_REPRESENTATION_CONTEXT() REPRESENTATION_CONTEXT('2D SPACE',''
  ) );
#2980 = ORIENTED_EDGE('',*,*,#2020,.F.);
#2981 = ADVANCED_FACE('',(#2982),#1869,.T.);
#2982 = FACE_BOUND('',#2983,.T.);
#2983 = EDGE_LOOP('',(#2984,#3006,#3045,#3046));
#2984 = ORIENTED_EDGE('',*,*,#2985,.T.);
#2985 = EDGE_CURVE('',#1853,#2986,#2988,.T.);
#2986 = VERTEX_POINT('',#2987);
#2987 = CARTESIAN_POINT('',(21.318463423591,-6.697094854929,
    38.57759887817));
#2988 = SURFACE_CURVE('',#2989,(#2992,#2999),.PCURVE_S1.);
#2989 = B_SPLINE_CURVE_WITH_KNOTS('',1,(#2990,#2991),.UNSPECIFIED.,.F.,
  .F.,(2,2),(0.,1.),.PIECEWISE_BEZIER_KNOTS.);
#2990 = CARTESIAN_POINT('',(22.,-7.,35.7));
#2991 = CARTESIAN_POINT('',(21.1,-6.6,39.5));
#2992 = PCURVE('',#1869,#2993);
#2993 = DEFINITIONAL_REPRESENTATION('',(#2994),#2998);
#2994 = LINE('',#2995,#2996);
#2995 = CARTESIAN_POINT('',(3.14159265359,0.));
#2996 = VECTOR('',#2997,1.);
#2997 = DIRECTION('',(0.,1.));
#2998 = ( GEOMETRIC_REPRESENTATION_CONTEXT(2) 
PARAMETRIC_REPRESENTATION_CONTEXT() REPRESENTATION_CONTEXT('2D SPACE',''
  ) );
#2999 = PCURVE('',#1911,#3000);
#3000 = DEFINITIONAL_REPRESENTATION('',(#3001),#3005);
#3001 = LINE('',#3002,#3003);
#3002 = CARTESIAN_POINT('',(-7.,0.));
#3003 = VECTOR('',#3004,1.);
#3004 = DIRECTION('',(0.,1.));
#3005 = ( GEOMETRIC_REPRESENTATION_CONTEXT(2) 
PARAMETRIC_REPRESENTATION_CONTEXT() REPRESENTATION_CONTEXT('2D SPACE',''
  ) );
#3006 = ORIENTED_EDGE('',*,*,#3007,.T.);
#3007 = EDGE_CURVE('',#2986,#2086,#3008,.T.);
#3008 = SURFACE_CURVE('',#3009,(#3022,#3038),.PCURVE_S1.);
#3009 = ( BOUNDED_CURVE() B_SPLINE_CURVE(11,(#3010,#3011,#3012,#3013,
    #3014,#3015,#3016,#3017,#3018,#3019,#3020,#3021),.UNSPECIFIED.,.F.,
.F.) B_SPLINE_CURVE_WITH_KNOTS((12,12),(77.239159026334,88.871620330325)
,.PIECEWISE_BEZIER_KNOTS.) CURVE() GEOMETRIC_REPRESENTATION_ITEM() 
RATIONAL_B_SPLINE_CURVE((1.,1.,1.,1.,0.999999999999,1.000000000001,
0.999999999999,1.000000000001,1.,1.,1.,1.)) REPRESENTATION_ITEM('') );
#3010 = CARTESIAN_POINT('',(21.318463423591,-6.697094854929,
    38.57759887817));
#3011 = CARTESIAN_POINT('',(21.314937588549,-7.776137015205,
    38.592485737236));
#3012 = CARTESIAN_POINT('',(21.142903429227,-8.867366670244,
    38.606989743459));
#3013 = CARTESIAN_POINT('',(20.797186297366,-9.940279041101,
    38.618137013638));
#3014 = CARTESIAN_POINT('',(20.275605400117,-10.93700639437,
    38.624872724474));
#3015 = CARTESIAN_POINT('',(19.622312415861,-11.83271674402,
    38.628618579864));
#3016 = CARTESIAN_POINT('',(18.827808825907,-12.62075123448,
    38.627917580468));
#3017 = CARTESIAN_POINT('',(17.942822305889,-13.26992642695,
    38.6252152862));
#3018 = CARTESIAN_POINT('',(16.946422194232,-13.79792845786,
    38.618294056762));
#3019 = CARTESIAN_POINT('',(15.866080821896,-14.14300991166,
    38.607059061362));
#3020 = CARTESIAN_POINT('',(14.775707045461,-14.31505272551,
    38.591999603385));
#3021 = CARTESIAN_POINT('',(13.697023819597,-14.31830359409,
    38.57827371383));
#3022 = PCURVE('',#1869,#3023);
#3023 = DEFINITIONAL_REPRESENTATION('',(#3024),#3037);
#3024 = B_SPLINE_CURVE_WITH_KNOTS('',11,(#3025,#3026,#3027,#3028,#3029,
    #3030,#3031,#3032,#3033,#3034,#3035,#3036),.UNSPECIFIED.,.F.,.F.,(12
    ,12),(77.239159026334,88.871620330325),.PIECEWISE_BEZIER_KNOTS.);
#3025 = CARTESIAN_POINT('',(3.14159265359,0.757262862676));
#3026 = CARTESIAN_POINT('',(2.999805888085,0.761180457168));
#3027 = CARTESIAN_POINT('',(2.856341607526,0.76499728016));
#3028 = CARTESIAN_POINT('',(2.711448246622,0.767930873415));
#3029 = CARTESIAN_POINT('',(2.568440421517,0.769703218976));
#3030 = CARTESIAN_POINT('',(2.426862865278,0.770689182403));
#3031 = CARTESIAN_POINT('',(2.285361333982,0.770504664581));
#3032 = CARTESIAN_POINT('',(2.144664994644,0.76979339095));
#3033 = CARTESIAN_POINT('',(2.001750018897,0.767972194613));
#3034 = CARTESIAN_POINT('',(1.855876138813,0.765015521846));
#3035 = CARTESIAN_POINT('',(1.712521612876,0.761052527207));
#3036 = CARTESIAN_POINT('',(1.570796326795,0.757440451008));
#3037 = ( GEOMETRIC_REPRESENTATION_CONTEXT(2) 
PARAMETRIC_REPRESENTATION_CONTEXT() REPRESENTATION_CONTEXT('2D SPACE',''
  ) );
#3038 = PCURVE('',#2470,#3039);
#3039 = DEFINITIONAL_REPRESENTATION('',(#3040),#3044);
#3040 = LINE('',#3041,#3042);
#3041 = CARTESIAN_POINT('',(0.,0.));
#3042 = VECTOR('',#3043,1.);
#3043 = DIRECTION('',(0.,1.));
#3044 = ( GEOMETRIC_REPRESENTATION_CONTEXT(2) 
PARAMETRIC_REPRESENTATION_CONTEXT() REPRESENTATION_CONTEXT('2D SPACE',''
  ) );
#3045 = ORIENTED_EDGE('',*,*,#2085,.F.);
#3046 = ORIENTED_EDGE('',*,*,#1852,.F.);
#3047 = ADVANCED_FACE('',(#3048),#1911,.T.);
#3048 = FACE_BOUND('',#3049,.T.);
#3049 = EDGE_LOOP('',(#3050,#3072,#3139,#3140));
#3050 = ORIENTED_EDGE('',*,*,#3051,.T.);
#3051 = EDGE_CURVE('',#1896,#3052,#3054,.T.);
#3052 = VERTEX_POINT('',#3053);
#3053 = CARTESIAN_POINT('',(21.318463423591,6.697094854929,
    38.57759887817));
#3054 = SURFACE_CURVE('',#3055,(#3058,#3065),.PCURVE_S1.);
#3055 = B_SPLINE_CURVE_WITH_KNOTS('',1,(#3056,#3057),.UNSPECIFIED.,.F.,
  .F.,(2,2),(0.,1.),.PIECEWISE_BEZIER_KNOTS.);
#3056 = CARTESIAN_POINT('',(22.,7.,35.7));
#3057 = CARTESIAN_POINT('',(21.1,6.6,39.5));
#3058 = PCURVE('',#1911,#3059);
#3059 = DEFINITIONAL_REPRESENTATION('',(#3060),#3064);
#3060 = LINE('',#3061,#3062);
#3061 = CARTESIAN_POINT('',(7.,0.));
#3062 = VECTOR('',#3063,1.);
#3063 = DIRECTION('',(0.,1.));
#3064 = ( GEOMETRIC_REPRESENTATION_CONTEXT(2) 
PARAMETRIC_REPRESENTATION_CONTEXT() REPRESENTATION_CONTEXT('2D SPACE',''
  ) );
#3065 = PCURVE('',#1940,#3066);
#3066 = DEFINITIONAL_REPRESENTATION('',(#3067),#3071);
#3067 = LINE('',#3068,#3069);
#3068 = CARTESIAN_POINT('',(3.14159265359,0.));
#3069 = VECTOR('',#3070,1.);
#3070 = DIRECTION('',(0.,1.));
#3071 = ( GEOMETRIC_REPRESENTATION_CONTEXT(2) 
PARAMETRIC_REPRESENTATION_CONTEXT() REPRESENTATION_CONTEXT('2D SPACE',''
  ) );
#3072 = ORIENTED_EDGE('',*,*,#3073,.T.);
#3073 = EDGE_CURVE('',#3052,#2986,#3074,.T.);
#3074 = SURFACE_CURVE('',#3075,(#3102,#3132),.PCURVE_S1.);
#3075 = ( BOUNDED_CURVE() B_SPLINE_CURVE(9,(#3076,#3077,#3078,#3079,
    #3080,#3081,#3082,#3083,#3084,#3085,#3086,#3087,#3088,#3089,#3090,
    #3091,#3092,#3093,#3094,#3095,#3096,#3097,#3098,#3099,#3100,#3101),
.UNSPECIFIED.,.F.,.F.) B_SPLINE_CURVE_WITH_KNOTS((10,8,8,10),(
    63.884753037619,63.961944901923,77.16196716203,77.239159026334),
.UNSPECIFIED.) CURVE() GEOMETRIC_REPRESENTATION_ITEM() 
RATIONAL_B_SPLINE_CURVE((1.,1.,1.,1.,1.,1.,1.,1.,1.,1.,1.,1.,1.,1.,1.,1.
,1.,1.,1.,1.,1.,1.,1.,1.,1.,1.)) REPRESENTATION_ITEM('') );
#3076 = CARTESIAN_POINT('',(21.318463423591,6.697094854929,
    38.57759887817));
#3077 = CARTESIAN_POINT('',(21.318466597772,6.68834096645,
    38.577585476073));
#3078 = CARTESIAN_POINT('',(21.318469733632,6.679588939601,
    38.577572235776));
#3079 = CARTESIAN_POINT('',(21.3184728315,6.670838766943,38.57755915589)
  );
#3080 = CARTESIAN_POINT('',(21.318475891704,6.662090441039,
    38.577546235026));
#3081 = CARTESIAN_POINT('',(21.318478914575,6.653343954452,
    38.577533471796));
#3082 = CARTESIAN_POINT('',(21.31848190044,6.644599299742,38.57752086481
    ));
#3083 = CARTESIAN_POINT('',(21.318484849628,6.635856469475,
    38.577508412681));
#3084 = CARTESIAN_POINT('',(21.318487762469,6.62711545621,
    38.577496114019));
#3085 = CARTESIAN_POINT('',(21.318982583857,5.123948252836,
    38.575406868161));
#3086 = CARTESIAN_POINT('',(21.318481623813,3.680002608227,
    38.57752203279));
#3087 = CARTESIAN_POINT('',(21.31879419757,2.180530261216,
    38.576202276926));
#3088 = CARTESIAN_POINT('',(21.318700182491,0.743184249135,
    38.576599229481));
#3089 = CARTESIAN_POINT('',(21.318700182491,-0.743184249135,
    38.576599229481));
#3090 = CARTESIAN_POINT('',(21.31879419757,-2.180530261216,
    38.576202276926));
#3091 = CARTESIAN_POINT('',(21.318481623813,-3.680002608227,
    38.57752203279));
#3092 = CARTESIAN_POINT('',(21.318982583857,-5.123948252836,
    38.575406868161));
#3093 = CARTESIAN_POINT('',(21.318487762469,-6.62711545621,
    38.577496114019));
#3094 = CARTESIAN_POINT('',(21.318484849628,-6.635856469475,
    38.577508412681));
#3095 = CARTESIAN_POINT('',(21.31848190044,-6.644599299743,
    38.57752086481));
#3096 = CARTESIAN_POINT('',(21.318478914575,-6.653343954451,
    38.577533471796));
#3097 = CARTESIAN_POINT('',(21.318475891704,-6.662090441039,
    38.577546235026));
#3098 = CARTESIAN_POINT('',(21.3184728315,-6.670838766943,38.57755915589
    ));
#3099 = CARTESIAN_POINT('',(21.318469733632,-6.679588939601,
    38.577572235776));
#3100 = CARTESIAN_POINT('',(21.318466597772,-6.68834096645,
    38.577585476073));
#3101 = CARTESIAN_POINT('',(21.318463423591,-6.697094854929,
    38.57759887817));
#3102 = PCURVE('',#1911,#3103);
#3103 = DEFINITIONAL_REPRESENTATION('',(#3104),#3131);
#3104 = B_SPLINE_CURVE_WITH_KNOTS('',9,(#3105,#3106,#3107,#3108,#3109,
    #3110,#3111,#3112,#3113,#3114,#3115,#3116,#3117,#3118,#3119,#3120,
    #3121,#3122,#3123,#3124,#3125,#3126,#3127,#3128,#3129,#3130),
  .UNSPECIFIED.,.F.,.F.,(10,8,8,10),(63.884753037619,63.961944901923,
    77.16196716203,77.239159026334),.UNSPECIFIED.);
#3105 = CARTESIAN_POINT('',(7.,0.757262862676));
#3106 = CARTESIAN_POINT('',(6.990848704414,0.757259335809));
#3107 = CARTESIAN_POINT('',(6.981699376793,0.75725585152));
#3108 = CARTESIAN_POINT('',(6.972552009122,0.757252409445));
#3109 = CARTESIAN_POINT('',(6.963406593386,0.757249009217));
#3110 = CARTESIAN_POINT('',(6.954263121573,0.757245650473));
#3111 = CARTESIAN_POINT('',(6.945121585664,0.757242332845));
#3112 = CARTESIAN_POINT('',(6.935981977649,0.757239055969));
#3113 = CARTESIAN_POINT('',(6.926844289511,0.757235819479));
#3114 = CARTESIAN_POINT('',(5.355465506454,0.756686017937));
#3115 = CARTESIAN_POINT('',(3.84655903777,0.757242640208));
#3116 = CARTESIAN_POINT('',(2.278952625527,0.756895336033));
#3117 = CARTESIAN_POINT('',(0.776931317232,0.756999797232));
#3118 = CARTESIAN_POINT('',(-0.776931317232,0.756999797232));
#3119 = CARTESIAN_POINT('',(-2.278952625527,0.756895336033));
#3120 = CARTESIAN_POINT('',(-3.84655903777,0.757242640208));
#3121 = CARTESIAN_POINT('',(-5.355465506454,0.756686017937));
#3122 = CARTESIAN_POINT('',(-6.926844289511,0.757235819479));
#3123 = CARTESIAN_POINT('',(-6.935981977649,0.757239055969));
#3124 = CARTESIAN_POINT('',(-6.945121585665,0.757242332845));
#3125 = CARTESIAN_POINT('',(-6.954263121572,0.757245650473));
#3126 = CARTESIAN_POINT('',(-6.963406593386,0.757249009217));
#3127 = CARTESIAN_POINT('',(-6.972552009122,0.757252409445));
#3128 = CARTESIAN_POINT('',(-6.981699376793,0.75725585152));
#3129 = CARTESIAN_POINT('',(-6.990848704414,0.757259335809));
#3130 = CARTESIAN_POINT('',(-7.,0.757262862676));
#3131 = ( GEOMETRIC_REPRESENTATION_CONTEXT(2) 
PARAMETRIC_REPRESENTATION_CONTEXT() REPRESENTATION_CONTEXT('2D SPACE',''
  ) );
#3132 = PCURVE('',#2576,#3133);
#3133 = DEFINITIONAL_REPRESENTATION('',(#3134),#3138);
#3134 = LINE('',#3135,#3136);
#3135 = CARTESIAN_POINT('',(0.,0.));
#3136 = VECTOR('',#3137,1.);
#3137 = DIRECTION('',(0.,1.));
#3138 = ( GEOMETRIC_REPRESENTATION_CONTEXT(2) 
PARAMETRIC_REPRESENTATION_CONTEXT() REPRESENTATION_CONTEXT('2D SPACE',''
  ) );
#3139 = ORIENTED_EDGE('',*,*,#2985,.F.);
#3140 = ORIENTED_EDGE('',*,*,#1895,.T.);
#3141 = ADVANCED_FACE('',(#3142),#1940,.T.);
#3142 = FACE_BOUND('',#3143,.T.);
#3143 = EDGE_LOOP('',(#3144,#3166,#3205,#3206));
#3144 = ORIENTED_EDGE('',*,*,#3145,.T.);
#3145 = EDGE_CURVE('',#1924,#3146,#3148,.T.);
#3146 = VERTEX_POINT('',#3147);
#3147 = CARTESIAN_POINT('',(13.697023819597,14.318303594093,
    38.57827371383));
#3148 = SURFACE_CURVE('',#3149,(#3152,#3159),.PCURVE_S1.);
#3149 = B_SPLINE_CURVE_WITH_KNOTS('',1,(#3150,#3151),.UNSPECIFIED.,.F.,
  .F.,(2,2),(0.,1.),.PIECEWISE_BEZIER_KNOTS.);
#3150 = CARTESIAN_POINT('',(14.,15.,35.7));
#3151 = CARTESIAN_POINT('',(13.6,14.1,39.5));
#3152 = PCURVE('',#1940,#3153);
#3153 = DEFINITIONAL_REPRESENTATION('',(#3154),#3158);
#3154 = LINE('',#3155,#3156);
#3155 = CARTESIAN_POINT('',(4.712388980385,0.));
#3156 = VECTOR('',#3157,1.);
#3157 = DIRECTION('',(0.,1.));
#3158 = ( GEOMETRIC_REPRESENTATION_CONTEXT(2) 
PARAMETRIC_REPRESENTATION_CONTEXT() REPRESENTATION_CONTEXT('2D SPACE',''
  ) );
#3159 = PCURVE('',#1982,#3160);
#3160 = DEFINITIONAL_REPRESENTATION('',(#3161),#3165);
#3161 = LINE('',#3162,#3163);
#3162 = CARTESIAN_POINT('',(-14.,0.));
#3163 = VECTOR('',#3164,1.);
#3164 = DIRECTION('',(0.,1.));
#3165 = ( GEOMETRIC_REPRESENTATION_CONTEXT(2) 
PARAMETRIC_REPRESENTATION_CONTEXT() REPRESENTATION_CONTEXT('2D SPACE',''
  ) );
#3166 = ORIENTED_EDGE('',*,*,#3167,.T.);
#3167 = EDGE_CURVE('',#3146,#3052,#3168,.T.);
#3168 = SURFACE_CURVE('',#3169,(#3182,#3198),.PCURVE_S1.);
#3169 = ( BOUNDED_CURVE() B_SPLINE_CURVE(11,(#3170,#3171,#3172,#3173,
    #3174,#3175,#3176,#3177,#3178,#3179,#3180,#3181),.UNSPECIFIED.,.F.,
.F.) B_SPLINE_CURVE_WITH_KNOTS((12,12),(52.252291733628,63.884753037619)
,.PIECEWISE_BEZIER_KNOTS.) CURVE() GEOMETRIC_REPRESENTATION_ITEM() 
RATIONAL_B_SPLINE_CURVE((1.,1.,1.,1.,1.,1.,1.,1.,1.,1.,1.,1.)) 
REPRESENTATION_ITEM('') );
#3170 = CARTESIAN_POINT('',(13.697023819597,14.318303594093,
    38.57827371383));
#3171 = CARTESIAN_POINT('',(14.775707045461,14.315052725514,
    38.591999603385));
#3172 = CARTESIAN_POINT('',(15.866080821896,14.143009911662,
    38.607059061362));
#3173 = CARTESIAN_POINT('',(16.946422194234,13.797928457859,
    38.618294056761));
#3174 = CARTESIAN_POINT('',(17.942822305887,13.269926426955,
    38.6252152862));
#3175 = CARTESIAN_POINT('',(18.82780882591,12.620751234484,
    38.627917580467));
#3176 = CARTESIAN_POINT('',(19.622312415859,11.832716744023,
    38.628618579865));
#3177 = CARTESIAN_POINT('',(20.275605400118,10.937006394373,
    38.624872724474));
#3178 = CARTESIAN_POINT('',(20.797186297366,9.940279041102,
    38.618137013638));
#3179 = CARTESIAN_POINT('',(21.142903429226,8.867366670244,
    38.606989743459));
#3180 = CARTESIAN_POINT('',(21.314937588549,7.776137015205,
    38.592485737236));
#3181 = CARTESIAN_POINT('',(21.318463423591,6.697094854929,
    38.57759887817));
#3182 = PCURVE('',#1940,#3183);
#3183 = DEFINITIONAL_REPRESENTATION('',(#3184),#3197);
#3184 = B_SPLINE_CURVE_WITH_KNOTS('',11,(#3185,#3186,#3187,#3188,#3189,
    #3190,#3191,#3192,#3193,#3194,#3195,#3196),.UNSPECIFIED.,.F.,.F.,(12
    ,12),(52.252291733628,63.884753037619),.PIECEWISE_BEZIER_KNOTS.);
#3185 = CARTESIAN_POINT('',(4.712388980385,0.757440451008));
#3186 = CARTESIAN_POINT('',(4.570663694304,0.761052527207));
#3187 = CARTESIAN_POINT('',(4.427309168367,0.765015521846));
#3188 = CARTESIAN_POINT('',(4.281435288281,0.767972194614));
#3189 = CARTESIAN_POINT('',(4.138520312538,0.769793390949));
#3190 = CARTESIAN_POINT('',(3.997823973195,0.770504664582));
#3191 = CARTESIAN_POINT('',(3.856322441903,0.770689182402));
#3192 = CARTESIAN_POINT('',(3.714744885661,0.769703218977));
#3193 = CARTESIAN_POINT('',(3.571737060558,0.767930873414));
#3194 = CARTESIAN_POINT('',(3.426843699654,0.76499728016));
#3195 = CARTESIAN_POINT('',(3.283379419095,0.761180457167));
#3196 = CARTESIAN_POINT('',(3.14159265359,0.757262862676));
#3197 = ( GEOMETRIC_REPRESENTATION_CONTEXT(2) 
PARAMETRIC_REPRESENTATION_CONTEXT() REPRESENTATION_CONTEXT('2D SPACE',''
  ) );
#3198 = PCURVE('',#2696,#3199);
#3199 = DEFINITIONAL_REPRESENTATION('',(#3200),#3204);
#3200 = LINE('',#3201,#3202);
#3201 = CARTESIAN_POINT('',(0.,0.));
#3202 = VECTOR('',#3203,1.);
#3203 = DIRECTION('',(0.,1.));
#3204 = ( GEOMETRIC_REPRESENTATION_CONTEXT(2) 
PARAMETRIC_REPRESENTATION_CONTEXT() REPRESENTATION_CONTEXT('2D SPACE',''
  ) );
#3205 = ORIENTED_EDGE('',*,*,#3051,.F.);
#3206 = ORIENTED_EDGE('',*,*,#1923,.F.);
#3207 = ADVANCED_FACE('',(#3208),#1982,.T.);
#3208 = FACE_BOUND('',#3209,.T.);
#3209 = EDGE_LOOP('',(#3210,#3211,#3290,#3291));
#3210 = ORIENTED_EDGE('',*,*,#2061,.T.);
#3211 = ORIENTED_EDGE('',*,*,#3212,.T.);
#3212 = EDGE_CURVE('',#2021,#3146,#3213,.T.);
#3213 = SURFACE_CURVE('',#3214,(#3247,#3283),.PCURVE_S1.);
#3214 = ( BOUNDED_CURVE() B_SPLINE_CURVE(11,(#3215,#3216,#3217,#3218,
    #3219,#3220,#3221,#3222,#3223,#3224,#3225,#3226,#3227,#3228,#3229,
    #3230,#3231,#3232,#3233,#3234,#3235,#3236,#3237,#3238,#3239,#3240,
    #3241,#3242,#3243,#3244,#3245,#3246),.UNSPECIFIED.,.F.,.F.) 
B_SPLINE_CURVE_WITH_KNOTS((12,10,10,12),(24.909675428402,24.98096064636,
52.181006515669,52.252291733628),.UNSPECIFIED.) CURVE() 
GEOMETRIC_REPRESENTATION_ITEM() RATIONAL_B_SPLINE_CURVE((1.,1.,1.,
    0.999999999999,1.000000000002,0.999999999998,1.000000000002,
    0.999999999999,1.000000000001,1.,1.,1.,1.,1.,1.,1.000000000001,
    0.999999999999,1.,1.,1.,1.,1.,1.,1.,1.000000000001,0.999999999999,
1.000000000001,1.,1.,1.,1.,1.)) REPRESENTATION_ITEM('') );
#3215 = CARTESIAN_POINT('',(-13.69702381959,14.318303594093,
    38.57827371383));
#3216 = CARTESIAN_POINT('',(-13.6904114624,14.318305652287,
    38.578265023677));
#3217 = CARTESIAN_POINT('',(-13.68380027762,14.318307689981,
    38.578256420082));
#3218 = CARTESIAN_POINT('',(-13.67719026324,14.318309707269,
    38.578247902642));
#3219 = CARTESIAN_POINT('',(-13.67058141731,14.318311704248,
    38.578239470953));
#3220 = CARTESIAN_POINT('',(-13.66397373779,14.318313681013,
    38.578231124611));
#3221 = CARTESIAN_POINT('',(-13.65736722274,14.318315637661,
    38.578222863211));
#3222 = CARTESIAN_POINT('',(-13.65076187014,14.318317574286,
    38.578214686348));
#3223 = CARTESIAN_POINT('',(-13.64415767802,14.318319490985,
    38.57820659362));
#3224 = CARTESIAN_POINT('',(-13.63755464437,14.318321387853,
    38.57819858462));
#3225 = CARTESIAN_POINT('',(-13.63095276722,14.318323264986,
    38.578190658947));
#3226 = CARTESIAN_POINT('',(-11.10573789277,14.31903387985,
    38.575190285076));
#3227 = CARTESIAN_POINT('',(-8.701181234446,14.318586909545,
    38.577077493034));
#3228 = CARTESIAN_POINT('',(-6.193074391919,14.318666045524,
    38.576743363342));
#3229 = CARTESIAN_POINT('',(-3.72407604821,14.318695088074,
    38.576620739244));
#3230 = CARTESIAN_POINT('',(-1.230578086273,14.318743106471,
    38.576417994896));
#3231 = CARTESIAN_POINT('',(1.230578086274,14.318743106472,
    38.576417994898));
#3232 = CARTESIAN_POINT('',(3.724076048206,14.318695088073,
    38.576620739243));
#3233 = CARTESIAN_POINT('',(6.193074391922,14.318666045524,
    38.576743363343));
#3234 = CARTESIAN_POINT('',(8.701181234444,14.318586909545,
    38.577077493034));
#3235 = CARTESIAN_POINT('',(11.105737892778,14.31903387985,
    38.575190285076));
#3236 = CARTESIAN_POINT('',(13.630952767223,14.318323264986,
    38.578190658947));
#3237 = CARTESIAN_POINT('',(13.637554644375,14.318321387853,
    38.578198584621));
#3238 = CARTESIAN_POINT('',(13.644157678019,14.318319490985,
    38.57820659362));
#3239 = CARTESIAN_POINT('',(13.650761870147,14.318317574286,
    38.578214686348));
#3240 = CARTESIAN_POINT('',(13.657367222741,14.318315637661,
    38.578222863211));
#3241 = CARTESIAN_POINT('',(13.663973737805,14.318313681013,
    38.578231124611));
#3242 = CARTESIAN_POINT('',(13.670581417305,14.318311704248,
    38.578239470954));
#3243 = CARTESIAN_POINT('',(13.677190263254,14.318309707269,
    38.578247902642));
#3244 = CARTESIAN_POINT('',(13.683800277621,14.318307689981,
    38.578256420082));
#3245 = CARTESIAN_POINT('',(13.690411462408,14.318305652287,
    38.578265023677));
#3246 = CARTESIAN_POINT('',(13.697023819597,14.318303594093,
    38.57827371383));
#3247 = PCURVE('',#1982,#3248);
#3248 = DEFINITIONAL_REPRESENTATION('',(#3249),#3282);
#3249 = B_SPLINE_CURVE_WITH_KNOTS('',11,(#3250,#3251,#3252,#3253,#3254,
    #3255,#3256,#3257,#3258,#3259,#3260,#3261,#3262,#3263,#3264,#3265,
    #3266,#3267,#3268,#3269,#3270,#3271,#3272,#3273,#3274,#3275,#3276,
    #3277,#3278,#3279,#3280,#3281),.UNSPECIFIED.,.F.,.F.,(12,10,10,12),(
    24.909675428402,24.98096064636,52.181006515669,52.252291733628),
  .UNSPECIFIED.);
#3250 = CARTESIAN_POINT('',(14.,0.757440451008));
#3251 = CARTESIAN_POINT('',(13.99324044344,0.757438164125));
#3252 = CARTESIAN_POINT('',(13.986482095532,0.757435900022));
#3253 = CARTESIAN_POINT('',(13.979724954144,0.757433658589));
#3254 = CARTESIAN_POINT('',(13.972969017277,0.757431439726));
#3255 = CARTESIAN_POINT('',(13.96621428268,0.757429243317));
#3256 = CARTESIAN_POINT('',(13.959460748465,0.757427069268));
#3257 = CARTESIAN_POINT('',(13.95270841233,0.757424917459));
#3258 = CARTESIAN_POINT('',(13.945957272355,0.757422787795));
#3259 = CARTESIAN_POINT('',(13.939207326333,0.757420680163));
#3260 = CARTESIAN_POINT('',(13.93245857223,0.75741859446));
#3261 = CARTESIAN_POINT('',(11.351067012301,0.756629022388));
#3262 = CARTESIAN_POINT('',(8.893655264412,0.757125656061));
#3263 = CARTESIAN_POINT('',(6.32993759064,0.757037727196));
#3264 = CARTESIAN_POINT('',(3.806425253724,0.757005457695));
#3265 = CARTESIAN_POINT('',(1.257741353691,0.756952103921));
#3266 = CARTESIAN_POINT('',(-1.257741353692,0.75695210392));
#3267 = CARTESIAN_POINT('',(-3.806425253724,0.757005457696));
#3268 = CARTESIAN_POINT('',(-6.329937590641,0.757037727195));
#3269 = CARTESIAN_POINT('',(-8.89365526441,0.757125656062));
#3270 = CARTESIAN_POINT('',(-11.3510670123,0.756629022388));
#3271 = CARTESIAN_POINT('',(-13.93245857223,0.75741859446));
#3272 = CARTESIAN_POINT('',(-13.93920732633,0.757420680163));
#3273 = CARTESIAN_POINT('',(-13.94595727234,0.757422787794));
#3274 = CARTESIAN_POINT('',(-13.95270841235,0.757424917461));
#3275 = CARTESIAN_POINT('',(-13.95946074843,0.757427069265));
#3276 = CARTESIAN_POINT('',(-13.96621428271,0.757429243319));
#3277 = CARTESIAN_POINT('',(-13.97296901724,0.757431439724));
#3278 = CARTESIAN_POINT('',(-13.97972495416,0.75743365859));
#3279 = CARTESIAN_POINT('',(-13.98648209552,0.757435900022));
#3280 = CARTESIAN_POINT('',(-13.99324044344,0.757438164125));
#3281 = CARTESIAN_POINT('',(-14.,0.757440451008));
#3282 = ( GEOMETRIC_REPRESENTATION_CONTEXT(2) 
PARAMETRIC_REPRESENTATION_CONTEXT() REPRESENTATION_CONTEXT('2D SPACE',''
  ) );
#3283 = PCURVE('',#2814,#3284);
#3284 = DEFINITIONAL_REPRESENTATION('',(#3285),#3289);
#3285 = LINE('',#3286,#3287);
#3286 = CARTESIAN_POINT('',(0.,0.));
#3287 = VECTOR('',#3288,1.);
#3288 = DIRECTION('',(0.,1.));
#3289 = ( GEOMETRIC_REPRESENTATION_CONTEXT(2) 
PARAMETRIC_REPRESENTATION_CONTEXT() REPRESENTATION_CONTEXT('2D SPACE',''
  ) );
#3290 = ORIENTED_EDGE('',*,*,#3145,.F.);
#3291 = ORIENTED_EDGE('',*,*,#1966,.F.);
#3292 = ADVANCED_FACE('',(#3293),#2179,.T.);
#3293 = FACE_BOUND('',#3294,.T.);
#3294 = EDGE_LOOP('',(#3295,#3314,#3315,#3316));
#3295 = ORIENTED_EDGE('',*,*,#3296,.T.);
#3296 = EDGE_CURVE('',#2086,#2356,#3297,.T.);
#3297 = SURFACE_CURVE('',#3298,(#3302,#3308),.PCURVE_S1.);
#3298 = ( BOUNDED_CURVE() B_SPLINE_CURVE(2,(#3299,#3300,#3301),
.UNSPECIFIED.,.F.,.F.) B_SPLINE_CURVE_WITH_KNOTS((3,3),(0.,
11.632461303991),.PIECEWISE_BEZIER_KNOTS.) CURVE() 
GEOMETRIC_REPRESENTATION_ITEM() RATIONAL_B_SPLINE_CURVE((1.,
0.78482315254,1.)) REPRESENTATION_ITEM('') );
#3299 = CARTESIAN_POINT('',(13.697023819597,-14.31830359409,
    38.57827371383));
#3300 = CARTESIAN_POINT('',(13.671999151942,-14.1,39.5));
#3301 = CARTESIAN_POINT('',(13.564085253885,-13.1586092042,39.5));
#3302 = PCURVE('',#2179,#3303);
#3303 = DEFINITIONAL_REPRESENTATION('',(#3304),#3307);
#3304 = B_SPLINE_CURVE_WITH_KNOTS('',1,(#3305,#3306),.UNSPECIFIED.,.F.,
  .F.,(2,2),(0.,11.632461303991),.PIECEWISE_BEZIER_KNOTS.);
#3305 = CARTESIAN_POINT('',(0.,88.871620330325));
#3306 = CARTESIAN_POINT('',(27.342616305262,88.871620330325));
#3307 = ( GEOMETRIC_REPRESENTATION_CONTEXT(2) 
PARAMETRIC_REPRESENTATION_CONTEXT() REPRESENTATION_CONTEXT('2D SPACE',''
  ) );
#3308 = PCURVE('',#2470,#3309);
#3309 = DEFINITIONAL_REPRESENTATION('',(#3310),#3313);
#3310 = B_SPLINE_CURVE_WITH_KNOTS('',1,(#3311,#3312),.UNSPECIFIED.,.F.,
  .F.,(2,2),(0.,11.632461303991),.PIECEWISE_BEZIER_KNOTS.);
#3311 = CARTESIAN_POINT('',(0.,88.871620330325));
#3312 = CARTESIAN_POINT('',(11.632461303991,88.871620330325));
#3313 = ( GEOMETRIC_REPRESENTATION_CONTEXT(2) 
PARAMETRIC_REPRESENTATION_CONTEXT() REPRESENTATION_CONTEXT('2D SPACE',''
  ) );
#3314 = ORIENTED_EDGE('',*,*,#2355,.T.);
#3315 = ORIENTED_EDGE('',*,*,#2288,.F.);
#3316 = ORIENTED_EDGE('',*,*,#2107,.F.);
#3317 = ADVANCED_FACE('',(#3318),#2814,.T.);
#3318 = FACE_BOUND('',#3319,.T.);
#3319 = EDGE_LOOP('',(#3320,#3321,#3322,#3341));
#3320 = ORIENTED_EDGE('',*,*,#2962,.T.);
#3321 = ORIENTED_EDGE('',*,*,#2740,.T.);
#3322 = ORIENTED_EDGE('',*,*,#3323,.F.);
#3323 = EDGE_CURVE('',#3146,#2663,#3324,.T.);
#3324 = SURFACE_CURVE('',#3325,(#3329,#3335),.PCURVE_S1.);
#3325 = ( BOUNDED_CURVE() B_SPLINE_CURVE(2,(#3326,#3327,#3328),
.UNSPECIFIED.,.F.,.F.) B_SPLINE_CURVE_WITH_KNOTS((3,3),(0.,
27.342616305226),.PIECEWISE_BEZIER_KNOTS.) CURVE() 
GEOMETRIC_REPRESENTATION_ITEM() RATIONAL_B_SPLINE_CURVE((1.,
0.78482315254,1.)) REPRESENTATION_ITEM('') );
#3326 = CARTESIAN_POINT('',(13.697023819597,14.318303594093,
    38.57827371383));
#3327 = CARTESIAN_POINT('',(13.671999151942,14.1,39.5));
#3328 = CARTESIAN_POINT('',(13.564085253885,13.158609204205,39.5));
#3329 = PCURVE('',#2814,#3330);
#3330 = DEFINITIONAL_REPRESENTATION('',(#3331),#3334);
#3331 = B_SPLINE_CURVE_WITH_KNOTS('',1,(#3332,#3333),.UNSPECIFIED.,.F.,
  .F.,(2,2),(0.,27.342616305226),.PIECEWISE_BEZIER_KNOTS.);
#3332 = CARTESIAN_POINT('',(0.,52.252291733628));
#3333 = CARTESIAN_POINT('',(27.342616305226,52.252291733628));
#3334 = ( GEOMETRIC_REPRESENTATION_CONTEXT(2) 
PARAMETRIC_REPRESENTATION_CONTEXT() REPRESENTATION_CONTEXT('2D SPACE',''
  ) );
#3335 = PCURVE('',#2696,#3336);
#3336 = DEFINITIONAL_REPRESENTATION('',(#3337),#3340);
#3337 = B_SPLINE_CURVE_WITH_KNOTS('',1,(#3338,#3339),.UNSPECIFIED.,.F.,
  .F.,(2,2),(0.,27.342616305226),.PIECEWISE_BEZIER_KNOTS.);
#3338 = CARTESIAN_POINT('',(0.,52.252291733628));
#3339 = CARTESIAN_POINT('',(11.632461303991,52.252291733628));
#3340 = ( GEOMETRIC_REPRESENTATION_CONTEXT(2) 
PARAMETRIC_REPRESENTATION_CONTEXT() REPRESENTATION_CONTEXT('2D SPACE',''
  ) );
#3341 = ORIENTED_EDGE('',*,*,#3212,.F.);
#3342 = ADVANCED_FACE('',(#3343),#2470,.T.);
#3343 = FACE_BOUND('',#3344,.T.);
#3344 = EDGE_LOOP('',(#3345,#3364,#3365,#3366));
#3345 = ORIENTED_EDGE('',*,*,#3346,.T.);
#3346 = EDGE_CURVE('',#2986,#2437,#3347,.T.);
#3347 = SURFACE_CURVE('',#3348,(#3352,#3358),.PCURVE_S1.);
#3348 = ( BOUNDED_CURVE() B_SPLINE_CURVE(2,(#3349,#3350,#3351),
.UNSPECIFIED.,.F.,.F.) B_SPLINE_CURVE_WITH_KNOTS((3,3),(0.,
13.354405988715),.PIECEWISE_BEZIER_KNOTS.) CURVE() 
GEOMETRIC_REPRESENTATION_ITEM() RATIONAL_B_SPLINE_CURVE((1.,
0.784643995222,1.)) REPRESENTATION_ITEM('') );
#3349 = CARTESIAN_POINT('',(21.318463423591,-6.697094854929,
    38.57759887817));
#3350 = CARTESIAN_POINT('',(21.1,-6.677609729593,39.5));
#3351 = CARTESIAN_POINT('',(20.155629799235,-6.593379740774,39.5));
#3352 = PCURVE('',#2470,#3353);
#3353 = DEFINITIONAL_REPRESENTATION('',(#3354),#3357);
#3354 = B_SPLINE_CURVE_WITH_KNOTS('',1,(#3355,#3356),.UNSPECIFIED.,.F.,
  .F.,(2,2),(0.,13.354405988715),.PIECEWISE_BEZIER_KNOTS.);
#3355 = CARTESIAN_POINT('',(0.,77.239159026334));
#3356 = CARTESIAN_POINT('',(11.632461303991,77.239159026334));
#3357 = ( GEOMETRIC_REPRESENTATION_CONTEXT(2) 
PARAMETRIC_REPRESENTATION_CONTEXT() REPRESENTATION_CONTEXT('2D SPACE',''
  ) );
#3358 = PCURVE('',#2576,#3359);
#3359 = DEFINITIONAL_REPRESENTATION('',(#3360),#3363);
#3360 = B_SPLINE_CURVE_WITH_KNOTS('',1,(#3361,#3362),.UNSPECIFIED.,.F.,
  .F.,(2,2),(0.,13.354405988715),.PIECEWISE_BEZIER_KNOTS.);
#3361 = CARTESIAN_POINT('',(0.,77.239159026334));
#3362 = CARTESIAN_POINT('',(13.354405988715,77.239159026334));
#3363 = ( GEOMETRIC_REPRESENTATION_CONTEXT(2) 
PARAMETRIC_REPRESENTATION_CONTEXT() REPRESENTATION_CONTEXT('2D SPACE',''
  ) );
#3364 = ORIENTED_EDGE('',*,*,#2436,.T.);
#3365 = ORIENTED_EDGE('',*,*,#3296,.F.);
#3366 = ORIENTED_EDGE('',*,*,#3007,.F.);
#3367 = ADVANCED_FACE('',(#3368),#2696,.T.);
#3368 = FACE_BOUND('',#3369,.T.);
#3369 = EDGE_LOOP('',(#3370,#3371,#3372,#3391));
#3370 = ORIENTED_EDGE('',*,*,#3323,.T.);
#3371 = ORIENTED_EDGE('',*,*,#2662,.T.);
#3372 = ORIENTED_EDGE('',*,*,#3373,.F.);
#3373 = EDGE_CURVE('',#3052,#2515,#3374,.T.);
#3374 = SURFACE_CURVE('',#3375,(#3379,#3385),.PCURVE_S1.);
#3375 = ( BOUNDED_CURVE() B_SPLINE_CURVE(2,(#3376,#3377,#3378),
.UNSPECIFIED.,.F.,.F.) B_SPLINE_CURVE_WITH_KNOTS((3,3),(0.,
11.632461303991),.PIECEWISE_BEZIER_KNOTS.) CURVE() 
GEOMETRIC_REPRESENTATION_ITEM() RATIONAL_B_SPLINE_CURVE((1.,
0.784643995222,1.)) REPRESENTATION_ITEM('') );
#3376 = CARTESIAN_POINT('',(21.318463423591,6.697094854929,
    38.57759887817));
#3377 = CARTESIAN_POINT('',(21.1,6.677609729593,39.5));
#3378 = CARTESIAN_POINT('',(20.155629799235,6.593379740774,39.5));
#3379 = PCURVE('',#2696,#3380);
#3380 = DEFINITIONAL_REPRESENTATION('',(#3381),#3384);
#3381 = B_SPLINE_CURVE_WITH_KNOTS('',1,(#3382,#3383),.UNSPECIFIED.,.F.,
  .F.,(2,2),(0.,11.632461303991),.PIECEWISE_BEZIER_KNOTS.);
#3382 = CARTESIAN_POINT('',(0.,63.884753037619));
#3383 = CARTESIAN_POINT('',(11.632461303991,63.884753037619));
#3384 = ( GEOMETRIC_REPRESENTATION_CONTEXT(2) 
PARAMETRIC_REPRESENTATION_CONTEXT() REPRESENTATION_CONTEXT('2D SPACE',''
  ) );
#3385 = PCURVE('',#2576,#3386);
#3386 = DEFINITIONAL_REPRESENTATION('',(#3387),#3390);
#3387 = B_SPLINE_CURVE_WITH_KNOTS('',1,(#3388,#3389),.UNSPECIFIED.,.F.,
  .F.,(2,2),(0.,11.632461303991),.PIECEWISE_BEZIER_KNOTS.);
#3388 = CARTESIAN_POINT('',(0.,63.884753037619));
#3389 = CARTESIAN_POINT('',(13.354405988715,63.884753037619));
#3390 = ( GEOMETRIC_REPRESENTATION_CONTEXT(2) 
PARAMETRIC_REPRESENTATION_CONTEXT() REPRESENTATION_CONTEXT('2D SPACE',''
  ) );
#3391 = ORIENTED_EDGE('',*,*,#3167,.F.);
#3392 = ADVANCED_FACE('',(#3393),#2576,.T.);
#3393 = FACE_BOUND('',#3394,.T.);
#3394 = EDGE_LOOP('',(#3395,#3396,#3397,#3398));
#3395 = ORIENTED_EDGE('',*,*,#3373,.T.);
#3396 = ORIENTED_EDGE('',*,*,#2514,.T.);
#3397 = ORIENTED_EDGE('',*,*,#3346,.F.);
#3398 = ORIENTED_EDGE('',*,*,#3073,.F.);
#3399 = ( GEOMETRIC_REPRESENTATION_CONTEXT(3) 
GLOBAL_UNCERTAINTY_ASSIGNED_CONTEXT((#3403)) 
GLOBAL_UNIT_ASSIGNED_CONTEXT((#3400,#3401,#3402)) REPRESENTATION_CONTEXT
('Context #1','3D Context with UNIT and UNCERTAINTY') );
#3400 = ( LENGTH_UNIT() NAMED_UNIT(*) SI_UNIT(.MILLI.,.METRE.) );
#3401 = ( NAMED_UNIT(*) PLANE_ANGLE_UNIT() SI_UNIT($,.RADIAN.) );
#3402 = ( NAMED_UNIT(*) SI_UNIT($,.STERADIAN.) SOLID_ANGLE_UNIT() );
#3403 = UNCERTAINTY_MEASURE_WITH_UNIT(LENGTH_MEASURE(5.E-05),#3400,
  'distance_accuracy_value','confusion accuracy');
#3404 = CONTEXT_DEPENDENT_SHAPE_REPRESENTATION(#3405,#3407);
#3405 = ( REPRESENTATION_RELATIONSHIP('','',#1236,#10) 
REPRESENTATION_RELATIONSHIP_WITH_TRANSFORMATION(#3406) 
SHAPE_REPRESENTATION_RELATIONSHIP() );
#3406 = ITEM_DEFINED_TRANSFORMATION('','',#11,#23);
#3407 = PRODUCT_DEFINITION_SHAPE('Placement','Placement of an item',
  #3408);
#3408 = NEXT_ASSEMBLY_USAGE_OCCURRENCE('3','body.2','',#5,#1231,$);
#3409 = PRODUCT_RELATED_PRODUCT_CATEGORY('part',$,(#1233));
#3410 = SHAPE_DEFINITION_REPRESENTATION(#3411,#3417);
#3411 = PRODUCT_DEFINITION_SHAPE('','',#3412);
#3412 = PRODUCT_DEFINITION('design','',#3413,#3416);
#3413 = PRODUCT_DEFINITION_FORMATION('','',#3414);
#3414 = PRODUCT('glass.1','glass.1','',(#3415));
#3415 = PRODUCT_CONTEXT('',#2,'mechanical');
#3416 = PRODUCT_DEFINITION_CONTEXT('part definition',#2,'design');
#3417 = ADVANCED_BREP_SHAPE_REPRESENTATION('',(#11,#3418),#3516);
#3418 = MANIFOLD_SOLID_BREP('',#3419);
#3419 = CLOSED_SHELL('',(#3420,#3508,#3512));
#3420 = ADVANCED_FACE('',(#3421),#3434,.T.);
#3421 = FACE_BOUND('',#3422,.T.);
#3422 = EDGE_LOOP('',(#3423,#3457,#3480,#3507));
#3423 = ORIENTED_EDGE('',*,*,#3424,.F.);
#3424 = EDGE_CURVE('',#3425,#3425,#3427,.T.);
#3425 = VERTEX_POINT('',#3426);
#3426 = CARTESIAN_POINT('',(7.3,-1.787984326755E-15,0.75));
#3427 = SURFACE_CURVE('',#3428,(#3433,#3445),.PCURVE_S1.);
#3428 = CIRCLE('',#3429,7.3);
#3429 = AXIS2_PLACEMENT_3D('',#3430,#3431,#3432);
#3430 = CARTESIAN_POINT('',(0.,0.,0.75));
#3431 = DIRECTION('',(0.,0.,1.));
#3432 = DIRECTION('',(1.,0.,-0.));
#3433 = PCURVE('',#3434,#3439);
#3434 = CYLINDRICAL_SURFACE('',#3435,7.3);
#3435 = AXIS2_PLACEMENT_3D('',#3436,#3437,#3438);
#3436 = CARTESIAN_POINT('',(0.,0.,0.));
#3437 = DIRECTION('',(0.,0.,1.));
#3438 = DIRECTION('',(1.,0.,-0.));
#3439 = DEFINITIONAL_REPRESENTATION('',(#3440),#3444);
#3440 = LINE('',#3441,#3442);
#3441 = CARTESIAN_POINT('',(0.,0.75));
#3442 = VECTOR('',#3443,1.);
#3443 = DIRECTION('',(1.,0.));
#3444 = ( GEOMETRIC_REPRESENTATION_CONTEXT(2) 
PARAMETRIC_REPRESENTATION_CONTEXT() REPRESENTATION_CONTEXT('2D SPACE',''
  ) );
#3445 = PCURVE('',#3446,#3451);
#3446 = PLANE('',#3447);
#3447 = AXIS2_PLACEMENT_3D('',#3448,#3449,#3450);
#3448 = CARTESIAN_POINT('',(0.,0.,0.75));
#3449 = DIRECTION('',(0.,0.,1.));
#3450 = DIRECTION('',(1.,0.,-0.));
#3451 = DEFINITIONAL_REPRESENTATION('',(#3452),#3456);
#3452 = CIRCLE('',#3453,7.3);
#3453 = AXIS2_PLACEMENT_2D('',#3454,#3455);
#3454 = CARTESIAN_POINT('',(0.,0.));
#3455 = DIRECTION('',(1.,0.));
#3456 = ( GEOMETRIC_REPRESENTATION_CONTEXT(2) 
PARAMETRIC_REPRESENTATION_CONTEXT() REPRESENTATION_CONTEXT('2D SPACE',''
  ) );
#3457 = ORIENTED_EDGE('',*,*,#3458,.F.);
#3458 = EDGE_CURVE('',#3459,#3425,#3461,.T.);
#3459 = VERTEX_POINT('',#3460);
#3460 = CARTESIAN_POINT('',(7.3,-1.787984326755E-15,0.));
#3461 = SEAM_CURVE('',#3462,(#3466,#3473),.PCURVE_S1.);
#3462 = LINE('',#3463,#3464);
#3463 = CARTESIAN_POINT('',(7.3,-1.787984326755E-15,0.));
#3464 = VECTOR('',#3465,1.);
#3465 = DIRECTION('',(0.,0.,1.));
#3466 = PCURVE('',#3434,#3467);
#3467 = DEFINITIONAL_REPRESENTATION('',(#3468),#3472);
#3468 = LINE('',#3469,#3470);
#3469 = CARTESIAN_POINT('',(6.28318530718,-0.));
#3470 = VECTOR('',#3471,1.);
#3471 = DIRECTION('',(0.,1.));
#3472 = ( GEOMETRIC_REPRESENTATION_CONTEXT(2) 
PARAMETRIC_REPRESENTATION_CONTEXT() REPRESENTATION_CONTEXT('2D SPACE',''
  ) );
#3473 = PCURVE('',#3434,#3474);
#3474 = DEFINITIONAL_REPRESENTATION('',(#3475),#3479);
#3475 = LINE('',#3476,#3477);
#3476 = CARTESIAN_POINT('',(0.,-0.));
#3477 = VECTOR('',#3478,1.);
#3478 = DIRECTION('',(0.,1.));
#3479 = ( GEOMETRIC_REPRESENTATION_CONTEXT(2) 
PARAMETRIC_REPRESENTATION_CONTEXT() REPRESENTATION_CONTEXT('2D SPACE',''
  ) );
#3480 = ORIENTED_EDGE('',*,*,#3481,.T.);
#3481 = EDGE_CURVE('',#3459,#3459,#3482,.T.);
#3482 = SURFACE_CURVE('',#3483,(#3488,#3495),.PCURVE_S1.);
#3483 = CIRCLE('',#3484,7.3);
#3484 = AXIS2_PLACEMENT_3D('',#3485,#3486,#3487);
#3485 = CARTESIAN_POINT('',(0.,0.,0.));
#3486 = DIRECTION('',(0.,0.,1.));
#3487 = DIRECTION('',(1.,0.,-0.));
#3488 = PCURVE('',#3434,#3489);
#3489 = DEFINITIONAL_REPRESENTATION('',(#3490),#3494);
#3490 = LINE('',#3491,#3492);
#3491 = CARTESIAN_POINT('',(0.,0.));
#3492 = VECTOR('',#3493,1.);
#3493 = DIRECTION('',(1.,0.));
#3494 = ( GEOMETRIC_REPRESENTATION_CONTEXT(2) 
PARAMETRIC_REPRESENTATION_CONTEXT() REPRESENTATION_CONTEXT('2D SPACE',''
  ) );
#3495 = PCURVE('',#3496,#3501);
#3496 = PLANE('',#3497);
#3497 = AXIS2_PLACEMENT_3D('',#3498,#3499,#3500);
#3498 = CARTESIAN_POINT('',(0.,0.,0.));
#3499 = DIRECTION('',(0.,0.,1.));
#3500 = DIRECTION('',(1.,0.,-0.));
#3501 = DEFINITIONAL_REPRESENTATION('',(#3502),#3506);
#3502 = CIRCLE('',#3503,7.3);
#3503 = AXIS2_PLACEMENT_2D('',#3504,#3505);
#3504 = CARTESIAN_POINT('',(0.,0.));
#3505 = DIRECTION('',(1.,0.));
#3506 = ( GEOMETRIC_REPRESENTATION_CONTEXT(2) 
PARAMETRIC_REPRESENTATION_CONTEXT() REPRESENTATION_CONTEXT('2D SPACE',''
  ) );
#3507 = ORIENTED_EDGE('',*,*,#3458,.T.);
#3508 = ADVANCED_FACE('',(#3509),#3446,.T.);
#3509 = FACE_BOUND('',#3510,.T.);
#3510 = EDGE_LOOP('',(#3511));
#3511 = ORIENTED_EDGE('',*,*,#3424,.T.);
#3512 = ADVANCED_FACE('',(#3513),#3496,.F.);
#3513 = FACE_BOUND('',#3514,.T.);
#3514 = EDGE_LOOP('',(#3515));
#3515 = ORIENTED_EDGE('',*,*,#3481,.F.);
#3516 = ( GEOMETRIC_REPRESENTATION_CONTEXT(3) 
GLOBAL_UNCERTAINTY_ASSIGNED_CONTEXT((#3520)) 
GLOBAL_UNIT_ASSIGNED_CONTEXT((#3517,#3518,#3519)) REPRESENTATION_CONTEXT
('Context #1','3D Context with UNIT and UNCERTAINTY') );
#3517 = ( LENGTH_UNIT() NAMED_UNIT(*) SI_UNIT(.MILLI.,.METRE.) );
#3518 = ( NAMED_UNIT(*) PLANE_ANGLE_UNIT() SI_UNIT($,.RADIAN.) );
#3519 = ( NAMED_UNIT(*) SI_UNIT($,.STERADIAN.) SOLID_ANGLE_UNIT() );
#3520 = UNCERTAINTY_MEASURE_WITH_UNIT(LENGTH_MEASURE(1.E-07),#3517,
  'distance_accuracy_value','confusion accuracy');
#3521 = CONTEXT_DEPENDENT_SHAPE_REPRESENTATION(#3522,#3524);
#3522 = ( REPRESENTATION_RELATIONSHIP('','',#3417,#10) 
REPRESENTATION_RELATIONSHIP_WITH_TRANSFORMATION(#3523) 
SHAPE_REPRESENTATION_RELATIONSHIP() );
#3523 = ITEM_DEFINED_TRANSFORMATION('','',#11,#27);
#3524 = PRODUCT_DEFINITION_SHAPE('Placement','Placement of an item',
  #3525);
#3525 = NEXT_ASSEMBLY_USAGE_OCCURRENCE('4','glass.1','',#5,#3412,$);
#3526 = PRODUCT_RELATED_PRODUCT_CATEGORY('part',$,(#3414));
#3527 = SHAPE_DEFINITION_REPRESENTATION(#3528,#3534);
#3528 = PRODUCT_DEFINITION_SHAPE('','',#3529);
#3529 = PRODUCT_DEFINITION('design','',#3530,#3533);
#3530 = PRODUCT_DEFINITION_FORMATION('','',#3531);
#3531 = PRODUCT('led.1','led.1','',(#3532));
#3532 = PRODUCT_CONTEXT('',#2,'mechanical');
#3533 = PRODUCT_DEFINITION_CONTEXT('part definition',#2,'design');
#3534 = ADVANCED_BREP_SHAPE_REPRESENTATION('',(#11,#3535),#3633);
#3535 = MANIFOLD_SOLID_BREP('',#3536);
#3536 = CLOSED_SHELL('',(#3537,#3625,#3629));
#3537 = ADVANCED_FACE('',(#3538),#3551,.T.);
#3538 = FACE_BOUND('',#3539,.T.);
#3539 = EDGE_LOOP('',(#3540,#3574,#3597,#3624));
#3540 = ORIENTED_EDGE('',*,*,#3541,.F.);
#3541 = EDGE_CURVE('',#3542,#3542,#3544,.T.);
#3542 = VERTEX_POINT('',#3543);
#3543 = CARTESIAN_POINT('',(1.25,-3.061616997868E-16,0.18));
#3544 = SURFACE_CURVE('',#3545,(#3550,#3562),.PCURVE_S1.);
#3545 = CIRCLE('',#3546,1.25);
#3546 = AXIS2_PLACEMENT_3D('',#3547,#3548,#3549);
#3547 = CARTESIAN_POINT('',(0.,0.,0.18));
#3548 = DIRECTION('',(0.,0.,1.));
#3549 = DIRECTION('',(1.,0.,-0.));
#3550 = PCURVE('',#3551,#3556);
#3551 = CYLINDRICAL_SURFACE('',#3552,1.25);
#3552 = AXIS2_PLACEMENT_3D('',#3553,#3554,#3555);
#3553 = CARTESIAN_POINT('',(0.,0.,0.));
#3554 = DIRECTION('',(0.,0.,1.));
#3555 = DIRECTION('',(1.,0.,-0.));
#3556 = DEFINITIONAL_REPRESENTATION('',(#3557),#3561);
#3557 = LINE('',#3558,#3559);
#3558 = CARTESIAN_POINT('',(0.,0.18));
#3559 = VECTOR('',#3560,1.);
#3560 = DIRECTION('',(1.,0.));
#3561 = ( GEOMETRIC_REPRESENTATION_CONTEXT(2) 
PARAMETRIC_REPRESENTATION_CONTEXT() REPRESENTATION_CONTEXT('2D SPACE',''
  ) );
#3562 = PCURVE('',#3563,#3568);
#3563 = PLANE('',#3564);
#3564 = AXIS2_PLACEMENT_3D('',#3565,#3566,#3567);
#3565 = CARTESIAN_POINT('',(0.,0.,0.18));
#3566 = DIRECTION('',(0.,0.,1.));
#3567 = DIRECTION('',(1.,0.,-0.));
#3568 = DEFINITIONAL_REPRESENTATION('',(#3569),#3573);
#3569 = CIRCLE('',#3570,1.25);
#3570 = AXIS2_PLACEMENT_2D('',#3571,#3572);
#3571 = CARTESIAN_POINT('',(0.,0.));
#3572 = DIRECTION('',(1.,0.));
#3573 = ( GEOMETRIC_REPRESENTATION_CONTEXT(2) 
PARAMETRIC_REPRESENTATION_CONTEXT() REPRESENTATION_CONTEXT('2D SPACE',''
  ) );
#3574 = ORIENTED_EDGE('',*,*,#3575,.F.);
#3575 = EDGE_CURVE('',#3576,#3542,#3578,.T.);
#3576 = VERTEX_POINT('',#3577);
#3577 = CARTESIAN_POINT('',(1.25,-3.061616997868E-16,0.));
#3578 = SEAM_CURVE('',#3579,(#3583,#3590),.PCURVE_S1.);
#3579 = LINE('',#3580,#3581);
#3580 = CARTESIAN_POINT('',(1.25,-3.061616997868E-16,0.));
#3581 = VECTOR('',#3582,1.);
#3582 = DIRECTION('',(0.,0.,1.));
#3583 = PCURVE('',#3551,#3584);
#3584 = DEFINITIONAL_REPRESENTATION('',(#3585),#3589);
#3585 = LINE('',#3586,#3587);
#3586 = CARTESIAN_POINT('',(6.28318530718,-0.));
#3587 = VECTOR('',#3588,1.);
#3588 = DIRECTION('',(0.,1.));
#3589 = ( GEOMETRIC_REPRESENTATION_CONTEXT(2) 
PARAMETRIC_REPRESENTATION_CONTEXT() REPRESENTATION_CONTEXT('2D SPACE',''
  ) );
#3590 = PCURVE('',#3551,#3591);
#3591 = DEFINITIONAL_REPRESENTATION('',(#3592),#3596);
#3592 = LINE('',#3593,#3594);
#3593 = CARTESIAN_POINT('',(0.,-0.));
#3594 = VECTOR('',#3595,1.);
#3595 = DIRECTION('',(0.,1.));
#3596 = ( GEOMETRIC_REPRESENTATION_CONTEXT(2) 
PARAMETRIC_REPRESENTATION_CONTEXT() REPRESENTATION_CONTEXT('2D SPACE',''
  ) );
#3597 = ORIENTED_EDGE('',*,*,#3598,.T.);
#3598 = EDGE_CURVE('',#3576,#3576,#3599,.T.);
#3599 = SURFACE_CURVE('',#3600,(#3605,#3612),.PCURVE_S1.);
#3600 = CIRCLE('',#3601,1.25);
#3601 = AXIS2_PLACEMENT_3D('',#3602,#3603,#3604);
#3602 = CARTESIAN_POINT('',(0.,0.,0.));
#3603 = DIRECTION('',(0.,0.,1.));
#3604 = DIRECTION('',(1.,0.,-0.));
#3605 = PCURVE('',#3551,#3606);
#3606 = DEFINITIONAL_REPRESENTATION('',(#3607),#3611);
#3607 = LINE('',#3608,#3609);
#3608 = CARTESIAN_POINT('',(0.,0.));
#3609 = VECTOR('',#3610,1.);
#3610 = DIRECTION('',(1.,0.));
#3611 = ( GEOMETRIC_REPRESENTATION_CONTEXT(2) 
PARAMETRIC_REPRESENTATION_CONTEXT() REPRESENTATION_CONTEXT('2D SPACE',''
  ) );
#3612 = PCURVE('',#3613,#3618);
#3613 = PLANE('',#3614);
#3614 = AXIS2_PLACEMENT_3D('',#3615,#3616,#3617);
#3615 = CARTESIAN_POINT('',(0.,0.,0.));
#3616 = DIRECTION('',(0.,0.,1.));
#3617 = DIRECTION('',(1.,0.,-0.));
#3618 = DEFINITIONAL_REPRESENTATION('',(#3619),#3623);
#3619 = CIRCLE('',#3620,1.25);
#3620 = AXIS2_PLACEMENT_2D('',#3621,#3622);
#3621 = CARTESIAN_POINT('',(0.,0.));
#3622 = DIRECTION('',(1.,0.));
#3623 = ( GEOMETRIC_REPRESENTATION_CONTEXT(2) 
PARAMETRIC_REPRESENTATION_CONTEXT() REPRESENTATION_CONTEXT('2D SPACE',''
  ) );
#3624 = ORIENTED_EDGE('',*,*,#3575,.T.);
#3625 = ADVANCED_FACE('',(#3626),#3563,.T.);
#3626 = FACE_BOUND('',#3627,.T.);
#3627 = EDGE_LOOP('',(#3628));
#3628 = ORIENTED_EDGE('',*,*,#3541,.T.);
#3629 = ADVANCED_FACE('',(#3630),#3613,.F.);
#3630 = FACE_BOUND('',#3631,.T.);
#3631 = EDGE_LOOP('',(#3632));
#3632 = ORIENTED_EDGE('',*,*,#3598,.F.);
#3633 = ( GEOMETRIC_REPRESENTATION_CONTEXT(3) 
GLOBAL_UNCERTAINTY_ASSIGNED_CONTEXT((#3637)) 
GLOBAL_UNIT_ASSIGNED_CONTEXT((#3634,#3635,#3636)) REPRESENTATION_CONTEXT
('Context #1','3D Context with UNIT and UNCERTAINTY') );
#3634 = ( LENGTH_UNIT() NAMED_UNIT(*) SI_UNIT(.MILLI.,.METRE.) );
#3635 = ( NAMED_UNIT(*) PLANE_ANGLE_UNIT() SI_UNIT($,.RADIAN.) );
#3636 = ( NAMED_UNIT(*) SI_UNIT($,.STERADIAN.) SOLID_ANGLE_UNIT() );
#3637 = UNCERTAINTY_MEASURE_WITH_UNIT(LENGTH_MEASURE(1.E-07),#3634,
  'distance_accuracy_value','confusion accuracy');
#3638 = CONTEXT_DEPENDENT_SHAPE_REPRESENTATION(#3639,#3641);
#3639 = ( REPRESENTATION_RELATIONSHIP('','',#3534,#10) 
REPRESENTATION_RELATIONSHIP_WITH_TRANSFORMATION(#3640) 
SHAPE_REPRESENTATION_RELATIONSHIP() );
#3640 = ITEM_DEFINED_TRANSFORMATION('','',#11,#31);
#3641 = PRODUCT_DEFINITION_SHAPE('Placement','Placement of an item',
  #3642);
#3642 = NEXT_ASSEMBLY_USAGE_OCCURRENCE('5','led.1','',#5,#3529,$);
#3643 = PRODUCT_RELATED_PRODUCT_CATEGORY('part',$,(#3531));
#3644 = SHAPE_DEFINITION_REPRESENTATION(#3645,#3651);
#3645 = PRODUCT_DEFINITION_SHAPE('','',#3646);
#3646 = PRODUCT_DEFINITION('design','',#3647,#3650);
#3647 = PRODUCT_DEFINITION_FORMATION('','',#3648);
#3648 = PRODUCT('led.2','led.2','',(#3649));
#3649 = PRODUCT_CONTEXT('',#2,'mechanical');
#3650 = PRODUCT_DEFINITION_CONTEXT('part definition',#2,'design');
#3651 = ADVANCED_BREP_SHAPE_REPRESENTATION('',(#11,#3652),#3750);
#3652 = MANIFOLD_SOLID_BREP('',#3653);
#3653 = CLOSED_SHELL('',(#3654,#3742,#3746));
#3654 = ADVANCED_FACE('',(#3655),#3668,.T.);
#3655 = FACE_BOUND('',#3656,.T.);
#3656 = EDGE_LOOP('',(#3657,#3691,#3714,#3741));
#3657 = ORIENTED_EDGE('',*,*,#3658,.F.);
#3658 = EDGE_CURVE('',#3659,#3659,#3661,.T.);
#3659 = VERTEX_POINT('',#3660);
#3660 = CARTESIAN_POINT('',(1.25,-3.061616997868E-16,0.18));
#3661 = SURFACE_CURVE('',#3662,(#3667,#3679),.PCURVE_S1.);
#3662 = CIRCLE('',#3663,1.25);
#3663 = AXIS2_PLACEMENT_3D('',#3664,#3665,#3666);
#3664 = CARTESIAN_POINT('',(0.,0.,0.18));
#3665 = DIRECTION('',(0.,0.,1.));
#3666 = DIRECTION('',(1.,0.,-0.));
#3667 = PCURVE('',#3668,#3673);
#3668 = CYLINDRICAL_SURFACE('',#3669,1.25);
#3669 = AXIS2_PLACEMENT_3D('',#3670,#3671,#3672);
#3670 = CARTESIAN_POINT('',(0.,0.,0.));
#3671 = DIRECTION('',(0.,0.,1.));
#3672 = DIRECTION('',(1.,0.,-0.));
#3673 = DEFINITIONAL_REPRESENTATION('',(#3674),#3678);
#3674 = LINE('',#3675,#3676);
#3675 = CARTESIAN_POINT('',(0.,0.18));
#3676 = VECTOR('',#3677,1.);
#3677 = DIRECTION('',(1.,0.));
#3678 = ( GEOMETRIC_REPRESENTATION_CONTEXT(2) 
PARAMETRIC_REPRESENTATION_CONTEXT() REPRESENTATION_CONTEXT('2D SPACE',''
  ) );
#3679 = PCURVE('',#3680,#3685);
#3680 = PLANE('',#3681);
#3681 = AXIS2_PLACEMENT_3D('',#3682,#3683,#3684);
#3682 = CARTESIAN_POINT('',(0.,0.,0.18));
#3683 = DIRECTION('',(0.,0.,1.));
#3684 = DIRECTION('',(1.,0.,-0.));
#3685 = DEFINITIONAL_REPRESENTATION('',(#3686),#3690);
#3686 = CIRCLE('',#3687,1.25);
#3687 = AXIS2_PLACEMENT_2D('',#3688,#3689);
#3688 = CARTESIAN_POINT('',(0.,0.));
#3689 = DIRECTION('',(1.,0.));
#3690 = ( GEOMETRIC_REPRESENTATION_CONTEXT(2) 
PARAMETRIC_REPRESENTATION_CONTEXT() REPRESENTATION_CONTEXT('2D SPACE',''
  ) );
#3691 = ORIENTED_EDGE('',*,*,#3692,.F.);
#3692 = EDGE_CURVE('',#3693,#3659,#3695,.T.);
#3693 = VERTEX_POINT('',#3694);
#3694 = CARTESIAN_POINT('',(1.25,-3.061616997868E-16,0.));
#3695 = SEAM_CURVE('',#3696,(#3700,#3707),.PCURVE_S1.);
#3696 = LINE('',#3697,#3698);
#3697 = CARTESIAN_POINT('',(1.25,-3.061616997868E-16,0.));
#3698 = VECTOR('',#3699,1.);
#3699 = DIRECTION('',(0.,0.,1.));
#3700 = PCURVE('',#3668,#3701);
#3701 = DEFINITIONAL_REPRESENTATION('',(#3702),#3706);
#3702 = LINE('',#3703,#3704);
#3703 = CARTESIAN_POINT('',(6.28318530718,-0.));
#3704 = VECTOR('',#3705,1.);
#3705 = DIRECTION('',(0.,1.));
#3706 = ( GEOMETRIC_REPRESENTATION_CONTEXT(2) 
PARAMETRIC_REPRESENTATION_CONTEXT() REPRESENTATION_CONTEXT('2D SPACE',''
  ) );
#3707 = PCURVE('',#3668,#3708);
#3708 = DEFINITIONAL_REPRESENTATION('',(#3709),#3713);
#3709 = LINE('',#3710,#3711);
#3710 = CARTESIAN_POINT('',(0.,-0.));
#3711 = VECTOR('',#3712,1.);
#3712 = DIRECTION('',(0.,1.));
#3713 = ( GEOMETRIC_REPRESENTATION_CONTEXT(2) 
PARAMETRIC_REPRESENTATION_CONTEXT() REPRESENTATION_CONTEXT('2D SPACE',''
  ) );
#3714 = ORIENTED_EDGE('',*,*,#3715,.T.);
#3715 = EDGE_CURVE('',#3693,#3693,#3716,.T.);
#3716 = SURFACE_CURVE('',#3717,(#3722,#3729),.PCURVE_S1.);
#3717 = CIRCLE('',#3718,1.25);
#3718 = AXIS2_PLACEMENT_3D('',#3719,#3720,#3721);
#3719 = CARTESIAN_POINT('',(0.,0.,0.));
#3720 = DIRECTION('',(0.,0.,1.));
#3721 = DIRECTION('',(1.,0.,-0.));
#3722 = PCURVE('',#3668,#3723);
#3723 = DEFINITIONAL_REPRESENTATION('',(#3724),#3728);
#3724 = LINE('',#3725,#3726);
#3725 = CARTESIAN_POINT('',(0.,0.));
#3726 = VECTOR('',#3727,1.);
#3727 = DIRECTION('',(1.,0.));
#3728 = ( GEOMETRIC_REPRESENTATION_CONTEXT(2) 
PARAMETRIC_REPRESENTATION_CONTEXT() REPRESENTATION_CONTEXT('2D SPACE',''
  ) );
#3729 = PCURVE('',#3730,#3735);
#3730 = PLANE('',#3731);
#3731 = AXIS2_PLACEMENT_3D('',#3732,#3733,#3734);
#3732 = CARTESIAN_POINT('',(0.,0.,0.));
#3733 = DIRECTION('',(0.,0.,1.));
#3734 = DIRECTION('',(1.,0.,-0.));
#3735 = DEFINITIONAL_REPRESENTATION('',(#3736),#3740);
#3736 = CIRCLE('',#3737,1.25);
#3737 = AXIS2_PLACEMENT_2D('',#3738,#3739);
#3738 = CARTESIAN_POINT('',(0.,0.));
#3739 = DIRECTION('',(1.,0.));
#3740 = ( GEOMETRIC_REPRESENTATION_CONTEXT(2) 
PARAMETRIC_REPRESENTATION_CONTEXT() REPRESENTATION_CONTEXT('2D SPACE',''
  ) );
#3741 = ORIENTED_EDGE('',*,*,#3692,.T.);
#3742 = ADVANCED_FACE('',(#3743),#3680,.T.);
#3743 = FACE_BOUND('',#3744,.T.);
#3744 = EDGE_LOOP('',(#3745));
#3745 = ORIENTED_EDGE('',*,*,#3658,.T.);
#3746 = ADVANCED_FACE('',(#3747),#3730,.F.);
#3747 = FACE_BOUND('',#3748,.T.);
#3748 = EDGE_LOOP('',(#3749));
#3749 = ORIENTED_EDGE('',*,*,#3715,.F.);
#3750 = ( GEOMETRIC_REPRESENTATION_CONTEXT(3) 
GLOBAL_UNCERTAINTY_ASSIGNED_CONTEXT((#3754)) 
GLOBAL_UNIT_ASSIGNED_CONTEXT((#3751,#3752,#3753)) REPRESENTATION_CONTEXT
('Context #1','3D Context with UNIT and UNCERTAINTY') );
#3751 = ( LENGTH_UNIT() NAMED_UNIT(*) SI_UNIT(.MILLI.,.METRE.) );
#3752 = ( NAMED_UNIT(*) PLANE_ANGLE_UNIT() SI_UNIT($,.RADIAN.) );
#3753 = ( NAMED_UNIT(*) SI_UNIT($,.STERADIAN.) SOLID_ANGLE_UNIT() );
#3754 = UNCERTAINTY_MEASURE_WITH_UNIT(LENGTH_MEASURE(1.E-07),#3751,
  'distance_accuracy_value','confusion accuracy');
#3755 = CONTEXT_DEPENDENT_SHAPE_REPRESENTATION(#3756,#3758);
#3756 = ( REPRESENTATION_RELATIONSHIP('','',#3651,#10) 
REPRESENTATION_RELATIONSHIP_WITH_TRANSFORMATION(#3757) 
SHAPE_REPRESENTATION_RELATIONSHIP() );
#3757 = ITEM_DEFINED_TRANSFORMATION('','',#11,#35);
#3758 = PRODUCT_DEFINITION_SHAPE('Placement','Placement of an item',
  #3759);
#3759 = NEXT_ASSEMBLY_USAGE_OCCURRENCE('6','led.2','',#5,#3646,$);
#3760 = PRODUCT_RELATED_PRODUCT_CATEGORY('part',$,(#3648));
#3761 = SHAPE_DEFINITION_REPRESENTATION(#3762,#3768);
#3762 = PRODUCT_DEFINITION_SHAPE('','',#3763);
#3763 = PRODUCT_DEFINITION('design','',#3764,#3767);
#3764 = PRODUCT_DEFINITION_FORMATION('','',#3765);
#3765 = PRODUCT('diffuser.1','diffuser.1','',(#3766));
#3766 = PRODUCT_CONTEXT('',#2,'mechanical');
#3767 = PRODUCT_DEFINITION_CONTEXT('part definition',#2,'design');
#3768 = ADVANCED_BREP_SHAPE_REPRESENTATION('',(#11,#3769),#3867);
#3769 = MANIFOLD_SOLID_BREP('',#3770);
#3770 = CLOSED_SHELL('',(#3771,#3859,#3863));
#3771 = ADVANCED_FACE('',(#3772),#3785,.T.);
#3772 = FACE_BOUND('',#3773,.T.);
#3773 = EDGE_LOOP('',(#3774,#3808,#3831,#3858));
#3774 = ORIENTED_EDGE('',*,*,#3775,.F.);
#3775 = EDGE_CURVE('',#3776,#3776,#3778,.T.);
#3776 = VERTEX_POINT('',#3777);
#3777 = CARTESIAN_POINT('',(0.85,-2.081899558551E-16,0.12));
#3778 = SURFACE_CURVE('',#3779,(#3784,#3796),.PCURVE_S1.);
#3779 = CIRCLE('',#3780,0.85);
#3780 = AXIS2_PLACEMENT_3D('',#3781,#3782,#3783);
#3781 = CARTESIAN_POINT('',(0.,0.,0.12));
#3782 = DIRECTION('',(0.,0.,1.));
#3783 = DIRECTION('',(1.,0.,-0.));
#3784 = PCURVE('',#3785,#3790);
#3785 = CYLINDRICAL_SURFACE('',#3786,0.85);
#3786 = AXIS2_PLACEMENT_3D('',#3787,#3788,#3789);
#3787 = CARTESIAN_POINT('',(0.,0.,0.));
#3788 = DIRECTION('',(0.,0.,1.));
#3789 = DIRECTION('',(1.,0.,-0.));
#3790 = DEFINITIONAL_REPRESENTATION('',(#3791),#3795);
#3791 = LINE('',#3792,#3793);
#3792 = CARTESIAN_POINT('',(0.,0.12));
#3793 = VECTOR('',#3794,1.);
#3794 = DIRECTION('',(1.,0.));
#3795 = ( GEOMETRIC_REPRESENTATION_CONTEXT(2) 
PARAMETRIC_REPRESENTATION_CONTEXT() REPRESENTATION_CONTEXT('2D SPACE',''
  ) );
#3796 = PCURVE('',#3797,#3802);
#3797 = PLANE('',#3798);
#3798 = AXIS2_PLACEMENT_3D('',#3799,#3800,#3801);
#3799 = CARTESIAN_POINT('',(0.,0.,0.12));
#3800 = DIRECTION('',(0.,0.,1.));
#3801 = DIRECTION('',(1.,0.,-0.));
#3802 = DEFINITIONAL_REPRESENTATION('',(#3803),#3807);
#3803 = CIRCLE('',#3804,0.85);
#3804 = AXIS2_PLACEMENT_2D('',#3805,#3806);
#3805 = CARTESIAN_POINT('',(0.,0.));
#3806 = DIRECTION('',(1.,0.));
#3807 = ( GEOMETRIC_REPRESENTATION_CONTEXT(2) 
PARAMETRIC_REPRESENTATION_CONTEXT() REPRESENTATION_CONTEXT('2D SPACE',''
  ) );
#3808 = ORIENTED_EDGE('',*,*,#3809,.F.);
#3809 = EDGE_CURVE('',#3810,#3776,#3812,.T.);
#3810 = VERTEX_POINT('',#3811);
#3811 = CARTESIAN_POINT('',(0.85,-2.081899558551E-16,0.));
#3812 = SEAM_CURVE('',#3813,(#3817,#3824),.PCURVE_S1.);
#3813 = LINE('',#3814,#3815);
#3814 = CARTESIAN_POINT('',(0.85,-2.081899558551E-16,0.));
#3815 = VECTOR('',#3816,1.);
#3816 = DIRECTION('',(0.,0.,1.));
#3817 = PCURVE('',#3785,#3818);
#3818 = DEFINITIONAL_REPRESENTATION('',(#3819),#3823);
#3819 = LINE('',#3820,#3821);
#3820 = CARTESIAN_POINT('',(6.28318530718,-0.));
#3821 = VECTOR('',#3822,1.);
#3822 = DIRECTION('',(0.,1.));
#3823 = ( GEOMETRIC_REPRESENTATION_CONTEXT(2) 
PARAMETRIC_REPRESENTATION_CONTEXT() REPRESENTATION_CONTEXT('2D SPACE',''
  ) );
#3824 = PCURVE('',#3785,#3825);
#3825 = DEFINITIONAL_REPRESENTATION('',(#3826),#3830);
#3826 = LINE('',#3827,#3828);
#3827 = CARTESIAN_POINT('',(0.,-0.));
#3828 = VECTOR('',#3829,1.);
#3829 = DIRECTION('',(0.,1.));
#3830 = ( GEOMETRIC_REPRESENTATION_CONTEXT(2) 
PARAMETRIC_REPRESENTATION_CONTEXT() REPRESENTATION_CONTEXT('2D SPACE',''
  ) );
#3831 = ORIENTED_EDGE('',*,*,#3832,.T.);
#3832 = EDGE_CURVE('',#3810,#3810,#3833,.T.);
#3833 = SURFACE_CURVE('',#3834,(#3839,#3846),.PCURVE_S1.);
#3834 = CIRCLE('',#3835,0.85);
#3835 = AXIS2_PLACEMENT_3D('',#3836,#3837,#3838);
#3836 = CARTESIAN_POINT('',(0.,0.,0.));
#3837 = DIRECTION('',(0.,0.,1.));
#3838 = DIRECTION('',(1.,0.,-0.));
#3839 = PCURVE('',#3785,#3840);
#3840 = DEFINITIONAL_REPRESENTATION('',(#3841),#3845);
#3841 = LINE('',#3842,#3843);
#3842 = CARTESIAN_POINT('',(0.,0.));
#3843 = VECTOR('',#3844,1.);
#3844 = DIRECTION('',(1.,0.));
#3845 = ( GEOMETRIC_REPRESENTATION_CONTEXT(2) 
PARAMETRIC_REPRESENTATION_CONTEXT() REPRESENTATION_CONTEXT('2D SPACE',''
  ) );
#3846 = PCURVE('',#3847,#3852);
#3847 = PLANE('',#3848);
#3848 = AXIS2_PLACEMENT_3D('',#3849,#3850,#3851);
#3849 = CARTESIAN_POINT('',(0.,0.,0.));
#3850 = DIRECTION('',(0.,0.,1.));
#3851 = DIRECTION('',(1.,0.,-0.));
#3852 = DEFINITIONAL_REPRESENTATION('',(#3853),#3857);
#3853 = CIRCLE('',#3854,0.85);
#3854 = AXIS2_PLACEMENT_2D('',#3855,#3856);
#3855 = CARTESIAN_POINT('',(0.,0.));
#3856 = DIRECTION('',(1.,0.));
#3857 = ( GEOMETRIC_REPRESENTATION_CONTEXT(2) 
PARAMETRIC_REPRESENTATION_CONTEXT() REPRESENTATION_CONTEXT('2D SPACE',''
  ) );
#3858 = ORIENTED_EDGE('',*,*,#3809,.T.);
#3859 = ADVANCED_FACE('',(#3860),#3797,.T.);
#3860 = FACE_BOUND('',#3861,.T.);
#3861 = EDGE_LOOP('',(#3862));
#3862 = ORIENTED_EDGE('',*,*,#3775,.T.);
#3863 = ADVANCED_FACE('',(#3864),#3847,.F.);
#3864 = FACE_BOUND('',#3865,.T.);
#3865 = EDGE_LOOP('',(#3866));
#3866 = ORIENTED_EDGE('',*,*,#3832,.F.);
#3867 = ( GEOMETRIC_REPRESENTATION_CONTEXT(3) 
GLOBAL_UNCERTAINTY_ASSIGNED_CONTEXT((#3871)) 
GLOBAL_UNIT_ASSIGNED_CONTEXT((#3868,#3869,#3870)) REPRESENTATION_CONTEXT
('Context #1','3D Context with UNIT and UNCERTAINTY') );
#3868 = ( LENGTH_UNIT() NAMED_UNIT(*) SI_UNIT(.MILLI.,.METRE.) );
#3869 = ( NAMED_UNIT(*) PLANE_ANGLE_UNIT() SI_UNIT($,.RADIAN.) );
#3870 = ( NAMED_UNIT(*) SI_UNIT($,.STERADIAN.) SOLID_ANGLE_UNIT() );
#3871 = UNCERTAINTY_MEASURE_WITH_UNIT(LENGTH_MEASURE(1.E-07),#3868,
  'distance_accuracy_value','confusion accuracy');
#3872 = CONTEXT_DEPENDENT_SHAPE_REPRESENTATION(#3873,#3875);
#3873 = ( REPRESENTATION_RELATIONSHIP('','',#3768,#10) 
REPRESENTATION_RELATIONSHIP_WITH_TRANSFORMATION(#3874) 
SHAPE_REPRESENTATION_RELATIONSHIP() );
#3874 = ITEM_DEFINED_TRANSFORMATION('','',#11,#39);
#3875 = PRODUCT_DEFINITION_SHAPE('Placement','Placement of an item',
  #3876);
#3876 = NEXT_ASSEMBLY_USAGE_OCCURRENCE('7','diffuser.1','',#5,#3763,$);
#3877 = PRODUCT_RELATED_PRODUCT_CATEGORY('part',$,(#3765));
ENDSEC;
END-ISO-10303-21;
