ISO-10303-21;
HEADER;
FILE_DESCRIPTION(('Open CASCADE Model'),'2;1');
FILE_NAME('product','2026-09-27T02:11:11',('Author'),('Open CASCADE'),
  'Open CASCADE STEP processor 8.0','build123d','Unknown');
FILE_SCHEMA(('AUTOMOTIVE_DESIGN { 1 0 10303 214 1 1 1 1 }'));
ENDSEC;
DATA;
#1 = APPLICATION_PROTOCOL_DEFINITION('international standard',
  'automotive_design',2000,#2);
#2 = APPLICATION_CONTEXT(
  'core data for automotive mechanical design processes');
#3 = SHAPE_DEFINITION_REPRESENTATION(#4,#10);
#4 = PRODUCT_DEFINITION_SHAPE('','',#5);
#5 = PRODUCT_DEFINITION('design','',#6,#9);
#6 = PRODUCT_DEFINITION_FORMATION('','',#7);
#7 = PRODUCT('product','product','',(#8));
#8 = PRODUCT_CONTEXT('',#2,'mechanical');
#9 = PRODUCT_DEFINITION_CONTEXT('part definition',#2,'design');
#10 = SHAPE_REPRESENTATION('',(#11,#15,#19,#23,#27,#31,#35,#39,#43,#47,
    #51,#55,#59,#63,#67),#71);
#11 = AXIS2_PLACEMENT_3D('',#12,#13,#14);
#12 = CARTESIAN_POINT('',(0.,0.,0.));
#13 = DIRECTION('',(0.,0.,1.));
#14 = DIRECTION('',(1.,0.,-0.));
#15 = AXIS2_PLACEMENT_3D('',#16,#17,#18);
#16 = CARTESIAN_POINT('',(0.,0.,0.));
#17 = DIRECTION('',(0.,0.,1.));
#18 = DIRECTION('',(1.,0.,-0.));
#19 = AXIS2_PLACEMENT_3D('',#20,#21,#22);
#20 = CARTESIAN_POINT('',(0.,0.,9.9));
#21 = DIRECTION('',(0.,0.,1.));
#22 = DIRECTION('',(1.,0.,-0.));
#23 = AXIS2_PLACEMENT_3D('',#24,#25,#26);
#24 = CARTESIAN_POINT('',(15.,48.5,0.));
#25 = DIRECTION('',(0.,0.,1.));
#26 = DIRECTION('',(1.,0.,-0.));
#27 = AXIS2_PLACEMENT_3D('',#28,#29,#30);
#28 = CARTESIAN_POINT('',(15.,48.5,-0.6));
#29 = DIRECTION('',(0.,0.,1.));
#30 = DIRECTION('',(1.,0.,-0.));
#31 = AXIS2_PLACEMENT_3D('',#32,#33,#34);
#32 = CARTESIAN_POINT('',(15.,48.5,-0.8));
#33 = DIRECTION('',(0.,0.,1.));
#34 = DIRECTION('',(1.,0.,-0.));
#35 = AXIS2_PLACEMENT_3D('',#36,#37,#38);
#36 = CARTESIAN_POINT('',(20.28,43.22,-0.3));
#37 = DIRECTION('',(0.,0.,1.));
#38 = DIRECTION('',(1.,0.,-0.));
#39 = AXIS2_PLACEMENT_3D('',#40,#41,#42);
#40 = CARTESIAN_POINT('',(32.4,23.58,6.2));
#41 = DIRECTION('',(0.,0.,1.));
#42 = DIRECTION('',(1.,0.,-0.));
#43 = AXIS2_PLACEMENT_3D('',#44,#45,#46);
#44 = CARTESIAN_POINT('',(32.4,2.62,6.2));
#45 = DIRECTION('',(0.,0.,1.));
#46 = DIRECTION('',(1.,0.,-0.));
#47 = AXIS2_PLACEMENT_3D('',#48,#49,#50);
#48 = CARTESIAN_POINT('',(0.,-65.1,6.2));
#49 = DIRECTION('',(0.,0.,1.));
#50 = DIRECTION('',(1.,0.,-0.));
#51 = AXIS2_PLACEMENT_3D('',#52,#53,#54);
#52 = CARTESIAN_POINT('',(12.,-65.2,6.2));
#53 = DIRECTION('',(0.,0.,1.));
#54 = DIRECTION('',(1.,0.,-0.));
#55 = AXIS2_PLACEMENT_3D('',#56,#57,#58);
#56 = CARTESIAN_POINT('',(15.2,-65.2,6.2));
#57 = DIRECTION('',(0.,0.,1.));
#58 = DIRECTION('',(1.,0.,-0.));
#59 = AXIS2_PLACEMENT_3D('',#60,#61,#62);
#60 = CARTESIAN_POINT('',(18.4,-65.2,6.2));
#61 = DIRECTION('',(0.,0.,1.));
#62 = DIRECTION('',(1.,0.,-0.));
#63 = AXIS2_PLACEMENT_3D('',#64,#65,#66);
#64 = CARTESIAN_POINT('',(21.6,-65.2,6.2));
#65 = DIRECTION('',(0.,0.,1.));
#66 = DIRECTION('',(1.,0.,-0.));
#67 = AXIS2_PLACEMENT_3D('',#68,#69,#70);
#68 = CARTESIAN_POINT('',(24.8,-65.2,6.2));
#69 = DIRECTION('',(0.,0.,1.));
#70 = DIRECTION('',(1.,0.,-0.));
#71 = ( GEOMETRIC_REPRESENTATION_CONTEXT(3) 
GLOBAL_UNCERTAINTY_ASSIGNED_CONTEXT((#75)) GLOBAL_UNIT_ASSIGNED_CONTEXT(
(#72,#73,#74)) REPRESENTATION_CONTEXT('Context #1',
  '3D Context with UNIT and UNCERTAINTY') );
#72 = ( LENGTH_UNIT() NAMED_UNIT(*) SI_UNIT(.MILLI.,.METRE.) );
#73 = ( NAMED_UNIT(*) PLANE_ANGLE_UNIT() SI_UNIT($,.RADIAN.) );
#74 = ( NAMED_UNIT(*) SI_UNIT($,.STERADIAN.) SOLID_ANGLE_UNIT() );
#75 = UNCERTAINTY_MEASURE_WITH_UNIT(LENGTH_MEASURE(1.E-07),#72,
  'distance_accuracy_value','confusion accuracy');
#76 = PRODUCT_RELATED_PRODUCT_CATEGORY('part',$,(#7));
#77 = SHAPE_DEFINITION_REPRESENTATION(#78,#84);
#78 = PRODUCT_DEFINITION_SHAPE('','',#79);
#79 = PRODUCT_DEFINITION('design','',#80,#83);
#80 = PRODUCT_DEFINITION_FORMATION('','',#81);
#81 = PRODUCT('metal.1','metal.1','',(#82));
#82 = PRODUCT_CONTEXT('',#2,'mechanical');
#83 = PRODUCT_DEFINITION_CONTEXT('part definition',#2,'design');
#84 = ADVANCED_BREP_SHAPE_REPRESENTATION('',(#11,#85),#1195);
#85 = MANIFOLD_SOLID_BREP('',#86);
#86 = CLOSED_SHELL('',(#87,#207,#294,#373,#549,#599,#653,#706,#882,#908,
    #958,#1007,#1057,#1084,#1110,#1136,#1162,#1188));
#87 = ADVANCED_FACE('',(#88),#102,.T.);
#88 = FACE_BOUND('',#89,.T.);
#89 = EDGE_LOOP('',(#90,#125,#153,#181));
#90 = ORIENTED_EDGE('',*,*,#91,.T.);
#91 = EDGE_CURVE('',#92,#94,#96,.T.);
#92 = VERTEX_POINT('',#93);
#93 = CARTESIAN_POINT('',(-32.,-56.5,3.4));
#94 = VERTEX_POINT('',#95);
#95 = CARTESIAN_POINT('',(-32.,-56.5,9.9));
#96 = SURFACE_CURVE('',#97,(#101,#113),.PCURVE_S1.);
#97 = LINE('',#98,#99);
#98 = CARTESIAN_POINT('',(-32.,-56.5,1.8));
#99 = VECTOR('',#100,1.);
#100 = DIRECTION('',(0.,0.,1.));
#101 = PCURVE('',#102,#107);
#102 = PLANE('',#103);
#103 = AXIS2_PLACEMENT_3D('',#104,#105,#106);
#104 = CARTESIAN_POINT('',(-32.,-56.5,1.8));
#105 = DIRECTION('',(-1.,0.,0.));
#106 = DIRECTION('',(0.,1.,0.));
#107 = DEFINITIONAL_REPRESENTATION('',(#108),#112);
#108 = LINE('',#109,#110);
#109 = CARTESIAN_POINT('',(0.,0.));
#110 = VECTOR('',#111,1.);
#111 = DIRECTION('',(0.,-1.));
#112 = ( GEOMETRIC_REPRESENTATION_CONTEXT(2) 
PARAMETRIC_REPRESENTATION_CONTEXT() REPRESENTATION_CONTEXT('2D SPACE',''
  ) );
#113 = PCURVE('',#114,#119);
#114 = CYLINDRICAL_SURFACE('',#115,9.);
#115 = AXIS2_PLACEMENT_3D('',#116,#117,#118);
#116 = CARTESIAN_POINT('',(-23.,-56.5,1.8));
#117 = DIRECTION('',(0.,0.,-1.));
#118 = DIRECTION('',(-1.,0.,0.));
#119 = DEFINITIONAL_REPRESENTATION('',(#120),#124);
#120 = LINE('',#121,#122);
#121 = CARTESIAN_POINT('',(6.28318530718,0.));
#122 = VECTOR('',#123,1.);
#123 = DIRECTION('',(0.,-1.));
#124 = ( GEOMETRIC_REPRESENTATION_CONTEXT(2) 
PARAMETRIC_REPRESENTATION_CONTEXT() REPRESENTATION_CONTEXT('2D SPACE',''
  ) );
#125 = ORIENTED_EDGE('',*,*,#126,.T.);
#126 = EDGE_CURVE('',#94,#127,#129,.T.);
#127 = VERTEX_POINT('',#128);
#128 = CARTESIAN_POINT('',(-32.,56.5,9.9));
#129 = SURFACE_CURVE('',#130,(#134,#141),.PCURVE_S1.);
#130 = LINE('',#131,#132);
#131 = CARTESIAN_POINT('',(-32.,0.,9.9));
#132 = VECTOR('',#133,1.);
#133 = DIRECTION('',(0.,1.,0.));
#134 = PCURVE('',#102,#135);
#135 = DEFINITIONAL_REPRESENTATION('',(#136),#140);
#136 = LINE('',#137,#138);
#137 = CARTESIAN_POINT('',(56.5,-8.1));
#138 = VECTOR('',#139,1.);
#139 = DIRECTION('',(1.,0.));
#140 = ( GEOMETRIC_REPRESENTATION_CONTEXT(2) 
PARAMETRIC_REPRESENTATION_CONTEXT() REPRESENTATION_CONTEXT('2D SPACE',''
  ) );
#141 = PCURVE('',#142,#147);
#142 = PLANE('',#143);
#143 = AXIS2_PLACEMENT_3D('',#144,#145,#146);
#144 = CARTESIAN_POINT('',(3.705643557516E-15,-2.584448840114E-15,9.9));
#145 = DIRECTION('',(0.,0.,1.));
#146 = DIRECTION('',(1.,0.,-0.));
#147 = DEFINITIONAL_REPRESENTATION('',(#148),#152);
#148 = LINE('',#149,#150);
#149 = CARTESIAN_POINT('',(-32.,2.584448840114E-15));
#150 = VECTOR('',#151,1.);
#151 = DIRECTION('',(0.,1.));
#152 = ( GEOMETRIC_REPRESENTATION_CONTEXT(2) 
PARAMETRIC_REPRESENTATION_CONTEXT() REPRESENTATION_CONTEXT('2D SPACE',''
  ) );
#153 = ORIENTED_EDGE('',*,*,#154,.F.);
#154 = EDGE_CURVE('',#155,#127,#157,.T.);
#155 = VERTEX_POINT('',#156);
#156 = CARTESIAN_POINT('',(-32.,56.5,3.4));
#157 = SURFACE_CURVE('',#158,(#162,#169),.PCURVE_S1.);
#158 = LINE('',#159,#160);
#159 = CARTESIAN_POINT('',(-32.,56.5,1.8));
#160 = VECTOR('',#161,1.);
#161 = DIRECTION('',(0.,0.,1.));
#162 = PCURVE('',#102,#163);
#163 = DEFINITIONAL_REPRESENTATION('',(#164),#168);
#164 = LINE('',#165,#166);
#165 = CARTESIAN_POINT('',(113.,0.));
#166 = VECTOR('',#167,1.);
#167 = DIRECTION('',(0.,-1.));
#168 = ( GEOMETRIC_REPRESENTATION_CONTEXT(2) 
PARAMETRIC_REPRESENTATION_CONTEXT() REPRESENTATION_CONTEXT('2D SPACE',''
  ) );
#169 = PCURVE('',#170,#175);
#170 = CYLINDRICAL_SURFACE('',#171,9.);
#171 = AXIS2_PLACEMENT_3D('',#172,#173,#174);
#172 = CARTESIAN_POINT('',(-23.,56.5,1.8));
#173 = DIRECTION('',(0.,0.,-1.));
#174 = DIRECTION('',(-1.,0.,0.));
#175 = DEFINITIONAL_REPRESENTATION('',(#176),#180);
#176 = LINE('',#177,#178);
#177 = CARTESIAN_POINT('',(0.,0.));
#178 = VECTOR('',#179,1.);
#179 = DIRECTION('',(0.,-1.));
#180 = ( GEOMETRIC_REPRESENTATION_CONTEXT(2) 
PARAMETRIC_REPRESENTATION_CONTEXT() REPRESENTATION_CONTEXT('2D SPACE',''
  ) );
#181 = ORIENTED_EDGE('',*,*,#182,.F.);
#182 = EDGE_CURVE('',#92,#155,#183,.T.);
#183 = SURFACE_CURVE('',#184,(#188,#195),.PCURVE_S1.);
#184 = LINE('',#185,#186);
#185 = CARTESIAN_POINT('',(-32.,-56.5,3.4));
#186 = VECTOR('',#187,1.);
#187 = DIRECTION('',(0.,1.,0.));
#188 = PCURVE('',#102,#189);
#189 = DEFINITIONAL_REPRESENTATION('',(#190),#194);
#190 = LINE('',#191,#192);
#191 = CARTESIAN_POINT('',(0.,-1.6));
#192 = VECTOR('',#193,1.);
#193 = DIRECTION('',(1.,0.));
#194 = ( GEOMETRIC_REPRESENTATION_CONTEXT(2) 
PARAMETRIC_REPRESENTATION_CONTEXT() REPRESENTATION_CONTEXT('2D SPACE',''
  ) );
#195 = PCURVE('',#196,#201);
#196 = CYLINDRICAL_SURFACE('',#197,1.6);
#197 = AXIS2_PLACEMENT_3D('',#198,#199,#200);
#198 = CARTESIAN_POINT('',(-30.4,-56.5,3.4));
#199 = DIRECTION('',(0.,1.,0.));
#200 = DIRECTION('',(-1.,0.,0.));
#201 = DEFINITIONAL_REPRESENTATION('',(#202),#206);
#202 = LINE('',#203,#204);
#203 = CARTESIAN_POINT('',(-0.,0.));
#204 = VECTOR('',#205,1.);
#205 = DIRECTION('',(-0.,1.));
#206 = ( GEOMETRIC_REPRESENTATION_CONTEXT(2) 
PARAMETRIC_REPRESENTATION_CONTEXT() REPRESENTATION_CONTEXT('2D SPACE',''
  ) );
#207 = ADVANCED_FACE('',(#208),#114,.T.);
#208 = FACE_BOUND('',#209,.T.);
#209 = EDGE_LOOP('',(#210,#240,#266,#267));
#210 = ORIENTED_EDGE('',*,*,#211,.T.);
#211 = EDGE_CURVE('',#212,#214,#216,.T.);
#212 = VERTEX_POINT('',#213);
#213 = CARTESIAN_POINT('',(-23.,-65.5,3.4));
#214 = VERTEX_POINT('',#215);
#215 = CARTESIAN_POINT('',(-23.,-65.5,9.9));
#216 = SURFACE_CURVE('',#217,(#221,#228),.PCURVE_S1.);
#217 = LINE('',#218,#219);
#218 = CARTESIAN_POINT('',(-23.,-65.5,1.8));
#219 = VECTOR('',#220,1.);
#220 = DIRECTION('',(0.,0.,1.));
#221 = PCURVE('',#114,#222);
#222 = DEFINITIONAL_REPRESENTATION('',(#223),#227);
#223 = LINE('',#224,#225);
#224 = CARTESIAN_POINT('',(4.712388980385,0.));
#225 = VECTOR('',#226,1.);
#226 = DIRECTION('',(0.,-1.));
#227 = ( GEOMETRIC_REPRESENTATION_CONTEXT(2) 
PARAMETRIC_REPRESENTATION_CONTEXT() REPRESENTATION_CONTEXT('2D SPACE',''
  ) );
#228 = PCURVE('',#229,#234);
#229 = PLANE('',#230);
#230 = AXIS2_PLACEMENT_3D('',#231,#232,#233);
#231 = CARTESIAN_POINT('',(-23.,-65.5,1.8));
#232 = DIRECTION('',(0.,1.,0.));
#233 = DIRECTION('',(1.,0.,0.));
#234 = DEFINITIONAL_REPRESENTATION('',(#235),#239);
#235 = LINE('',#236,#237);
#236 = CARTESIAN_POINT('',(0.,0.));
#237 = VECTOR('',#238,1.);
#238 = DIRECTION('',(0.,-1.));
#239 = ( GEOMETRIC_REPRESENTATION_CONTEXT(2) 
PARAMETRIC_REPRESENTATION_CONTEXT() REPRESENTATION_CONTEXT('2D SPACE',''
  ) );
#240 = ORIENTED_EDGE('',*,*,#241,.T.);
#241 = EDGE_CURVE('',#214,#94,#242,.T.);
#242 = SURFACE_CURVE('',#243,(#248,#255),.PCURVE_S1.);
#243 = CIRCLE('',#244,9.);
#244 = AXIS2_PLACEMENT_3D('',#245,#246,#247);
#245 = CARTESIAN_POINT('',(-23.,-56.5,9.9));
#246 = DIRECTION('',(0.,0.,-1.));
#247 = DIRECTION('',(-1.,0.,0.));
#248 = PCURVE('',#114,#249);
#249 = DEFINITIONAL_REPRESENTATION('',(#250),#254);
#250 = LINE('',#251,#252);
#251 = CARTESIAN_POINT('',(0.,-8.1));
#252 = VECTOR('',#253,1.);
#253 = DIRECTION('',(1.,0.));
#254 = ( GEOMETRIC_REPRESENTATION_CONTEXT(2) 
PARAMETRIC_REPRESENTATION_CONTEXT() REPRESENTATION_CONTEXT('2D SPACE',''
  ) );
#255 = PCURVE('',#142,#256);
#256 = DEFINITIONAL_REPRESENTATION('',(#257),#265);
#257 = ( BOUNDED_CURVE() B_SPLINE_CURVE(2,(#258,#259,#260,#261,#262,#263
,#264),.UNSPECIFIED.,.T.,.F.) B_SPLINE_CURVE_WITH_KNOTS((1,2,2,2,2,1),(
    -2.094395102393,0.,2.094395102393,4.188790204786,6.28318530718,
8.377580409573),.UNSPECIFIED.) CURVE() GEOMETRIC_REPRESENTATION_ITEM() 
RATIONAL_B_SPLINE_CURVE((1.,0.5,1.,0.5,1.,0.5,1.)) REPRESENTATION_ITEM(
  '') );
#258 = CARTESIAN_POINT('',(-32.,-56.5));
#259 = CARTESIAN_POINT('',(-32.,-40.91154273188));
#260 = CARTESIAN_POINT('',(-18.5,-48.70577136594));
#261 = CARTESIAN_POINT('',(-5.,-56.5));
#262 = CARTESIAN_POINT('',(-18.5,-64.29422863406));
#263 = CARTESIAN_POINT('',(-32.,-72.08845726812));
#264 = CARTESIAN_POINT('',(-32.,-56.5));
#265 = ( GEOMETRIC_REPRESENTATION_CONTEXT(2) 
PARAMETRIC_REPRESENTATION_CONTEXT() REPRESENTATION_CONTEXT('2D SPACE',''
  ) );
#266 = ORIENTED_EDGE('',*,*,#91,.F.);
#267 = ORIENTED_EDGE('',*,*,#268,.F.);
#268 = EDGE_CURVE('',#212,#92,#269,.T.);
#269 = SURFACE_CURVE('',#270,(#275,#282),.PCURVE_S1.);
#270 = CIRCLE('',#271,9.);
#271 = AXIS2_PLACEMENT_3D('',#272,#273,#274);
#272 = CARTESIAN_POINT('',(-23.,-56.5,3.4));
#273 = DIRECTION('',(-0.,-0.,-1.));
#274 = DIRECTION('',(0.,-1.,0.));
#275 = PCURVE('',#114,#276);
#276 = DEFINITIONAL_REPRESENTATION('',(#277),#281);
#277 = LINE('',#278,#279);
#278 = CARTESIAN_POINT('',(4.712388980385,-1.6));
#279 = VECTOR('',#280,1.);
#280 = DIRECTION('',(1.,0.));
#281 = ( GEOMETRIC_REPRESENTATION_CONTEXT(2) 
PARAMETRIC_REPRESENTATION_CONTEXT() REPRESENTATION_CONTEXT('2D SPACE',''
  ) );
#282 = PCURVE('',#283,#288);
#283 = TOROIDAL_SURFACE('',#284,7.4,1.6);
#284 = AXIS2_PLACEMENT_3D('',#285,#286,#287);
#285 = CARTESIAN_POINT('',(-23.,-56.5,3.4));
#286 = DIRECTION('',(-0.,-0.,-1.));
#287 = DIRECTION('',(0.,-1.,0.));
#288 = DEFINITIONAL_REPRESENTATION('',(#289),#293);
#289 = LINE('',#290,#291);
#290 = CARTESIAN_POINT('',(0.,0.));
#291 = VECTOR('',#292,1.);
#292 = DIRECTION('',(1.,0.));
#293 = ( GEOMETRIC_REPRESENTATION_CONTEXT(2) 
PARAMETRIC_REPRESENTATION_CONTEXT() REPRESENTATION_CONTEXT('2D SPACE',''
  ) );
#294 = ADVANCED_FACE('',(#295),#196,.T.);
#295 = FACE_BOUND('',#296,.F.);
#296 = EDGE_LOOP('',(#297,#319,#347,#372));
#297 = ORIENTED_EDGE('',*,*,#298,.T.);
#298 = EDGE_CURVE('',#92,#299,#301,.T.);
#299 = VERTEX_POINT('',#300);
#300 = CARTESIAN_POINT('',(-30.4,-56.5,1.8));
#301 = SURFACE_CURVE('',#302,(#307,#313),.PCURVE_S1.);
#302 = CIRCLE('',#303,1.6);
#303 = AXIS2_PLACEMENT_3D('',#304,#305,#306);
#304 = CARTESIAN_POINT('',(-30.4,-56.5,3.4));
#305 = DIRECTION('',(-0.,-1.,-0.));
#306 = DIRECTION('',(-1.,0.,0.));
#307 = PCURVE('',#196,#308);
#308 = DEFINITIONAL_REPRESENTATION('',(#309),#312);
#309 = B_SPLINE_CURVE_WITH_KNOTS('',1,(#310,#311),.UNSPECIFIED.,.F.,.F.,
  (2,2),(0.,1.570796326795),.PIECEWISE_BEZIER_KNOTS.);
#310 = CARTESIAN_POINT('',(0.,0.));
#311 = CARTESIAN_POINT('',(-1.570796326795,0.));
#312 = ( GEOMETRIC_REPRESENTATION_CONTEXT(2) 
PARAMETRIC_REPRESENTATION_CONTEXT() REPRESENTATION_CONTEXT('2D SPACE',''
  ) );
#313 = PCURVE('',#283,#314);
#314 = DEFINITIONAL_REPRESENTATION('',(#315),#318);
#315 = B_SPLINE_CURVE_WITH_KNOTS('',1,(#316,#317),.UNSPECIFIED.,.F.,.F.,
  (2,2),(0.,1.570796326795),.PIECEWISE_BEZIER_KNOTS.);
#316 = CARTESIAN_POINT('',(1.570796326795,0.));
#317 = CARTESIAN_POINT('',(1.570796326795,1.570796326795));
#318 = ( GEOMETRIC_REPRESENTATION_CONTEXT(2) 
PARAMETRIC_REPRESENTATION_CONTEXT() REPRESENTATION_CONTEXT('2D SPACE',''
  ) );
#319 = ORIENTED_EDGE('',*,*,#320,.T.);
#320 = EDGE_CURVE('',#299,#321,#323,.T.);
#321 = VERTEX_POINT('',#322);
#322 = CARTESIAN_POINT('',(-30.4,56.5,1.8));
#323 = SURFACE_CURVE('',#324,(#328,#335),.PCURVE_S1.);
#324 = LINE('',#325,#326);
#325 = CARTESIAN_POINT('',(-30.4,-56.5,1.8));
#326 = VECTOR('',#327,1.);
#327 = DIRECTION('',(0.,1.,0.));
#328 = PCURVE('',#196,#329);
#329 = DEFINITIONAL_REPRESENTATION('',(#330),#334);
#330 = LINE('',#331,#332);
#331 = CARTESIAN_POINT('',(-1.570796326795,0.));
#332 = VECTOR('',#333,1.);
#333 = DIRECTION('',(-0.,1.));
#334 = ( GEOMETRIC_REPRESENTATION_CONTEXT(2) 
PARAMETRIC_REPRESENTATION_CONTEXT() REPRESENTATION_CONTEXT('2D SPACE',''
  ) );
#335 = PCURVE('',#336,#341);
#336 = PLANE('',#337);
#337 = AXIS2_PLACEMENT_3D('',#338,#339,#340);
#338 = CARTESIAN_POINT('',(3.705643557516E-15,-2.584448840114E-15,1.8));
#339 = DIRECTION('',(0.,0.,1.));
#340 = DIRECTION('',(1.,0.,-0.));
#341 = DEFINITIONAL_REPRESENTATION('',(#342),#346);
#342 = LINE('',#343,#344);
#343 = CARTESIAN_POINT('',(-30.4,-56.5));
#344 = VECTOR('',#345,1.);
#345 = DIRECTION('',(0.,1.));
#346 = ( GEOMETRIC_REPRESENTATION_CONTEXT(2) 
PARAMETRIC_REPRESENTATION_CONTEXT() REPRESENTATION_CONTEXT('2D SPACE',''
  ) );
#347 = ORIENTED_EDGE('',*,*,#348,.F.);
#348 = EDGE_CURVE('',#155,#321,#349,.T.);
#349 = SURFACE_CURVE('',#350,(#355,#361),.PCURVE_S1.);
#350 = CIRCLE('',#351,1.6);
#351 = AXIS2_PLACEMENT_3D('',#352,#353,#354);
#352 = CARTESIAN_POINT('',(-30.4,56.5,3.4));
#353 = DIRECTION('',(-0.,-1.,-0.));
#354 = DIRECTION('',(-1.,0.,0.));
#355 = PCURVE('',#196,#356);
#356 = DEFINITIONAL_REPRESENTATION('',(#357),#360);
#357 = B_SPLINE_CURVE_WITH_KNOTS('',1,(#358,#359),.UNSPECIFIED.,.F.,.F.,
  (2,2),(0.,1.570796326795),.PIECEWISE_BEZIER_KNOTS.);
#358 = CARTESIAN_POINT('',(0.,113.));
#359 = CARTESIAN_POINT('',(-1.570796326795,113.));
#360 = ( GEOMETRIC_REPRESENTATION_CONTEXT(2) 
PARAMETRIC_REPRESENTATION_CONTEXT() REPRESENTATION_CONTEXT('2D SPACE',''
  ) );
#361 = PCURVE('',#362,#367);
#362 = TOROIDAL_SURFACE('',#363,7.4,1.6);
#363 = AXIS2_PLACEMENT_3D('',#364,#365,#366);
#364 = CARTESIAN_POINT('',(-23.,56.5,3.4));
#365 = DIRECTION('',(-0.,-0.,-1.));
#366 = DIRECTION('',(-1.,0.,0.));
#367 = DEFINITIONAL_REPRESENTATION('',(#368),#371);
#368 = B_SPLINE_CURVE_WITH_KNOTS('',1,(#369,#370),.UNSPECIFIED.,.F.,.F.,
  (2,2),(0.,1.570796326795),.PIECEWISE_BEZIER_KNOTS.);
#369 = CARTESIAN_POINT('',(0.,0.));
#370 = CARTESIAN_POINT('',(0.,1.570796326795));
#371 = ( GEOMETRIC_REPRESENTATION_CONTEXT(2) 
PARAMETRIC_REPRESENTATION_CONTEXT() REPRESENTATION_CONTEXT('2D SPACE',''
  ) );
#372 = ORIENTED_EDGE('',*,*,#182,.F.);
#373 = ADVANCED_FACE('',(#374),#142,.T.);
#374 = FACE_BOUND('',#375,.T.);
#375 = EDGE_LOOP('',(#376,#377,#378,#401,#434,#462,#495,#523));
#376 = ORIENTED_EDGE('',*,*,#126,.F.);
#377 = ORIENTED_EDGE('',*,*,#241,.F.);
#378 = ORIENTED_EDGE('',*,*,#379,.T.);
#379 = EDGE_CURVE('',#214,#380,#382,.T.);
#380 = VERTEX_POINT('',#381);
#381 = CARTESIAN_POINT('',(23.,-65.5,9.9));
#382 = SURFACE_CURVE('',#383,(#387,#394),.PCURVE_S1.);
#383 = LINE('',#384,#385);
#384 = CARTESIAN_POINT('',(0.,-65.5,9.9));
#385 = VECTOR('',#386,1.);
#386 = DIRECTION('',(1.,0.,0.));
#387 = PCURVE('',#142,#388);
#388 = DEFINITIONAL_REPRESENTATION('',(#389),#393);
#389 = LINE('',#390,#391);
#390 = CARTESIAN_POINT('',(-3.705643557516E-15,-65.5));
#391 = VECTOR('',#392,1.);
#392 = DIRECTION('',(1.,0.));
#393 = ( GEOMETRIC_REPRESENTATION_CONTEXT(2) 
PARAMETRIC_REPRESENTATION_CONTEXT() REPRESENTATION_CONTEXT('2D SPACE',''
  ) );
#394 = PCURVE('',#229,#395);
#395 = DEFINITIONAL_REPRESENTATION('',(#396),#400);
#396 = LINE('',#397,#398);
#397 = CARTESIAN_POINT('',(23.,-8.1));
#398 = VECTOR('',#399,1.);
#399 = DIRECTION('',(1.,0.));
#400 = ( GEOMETRIC_REPRESENTATION_CONTEXT(2) 
PARAMETRIC_REPRESENTATION_CONTEXT() REPRESENTATION_CONTEXT('2D SPACE',''
  ) );
#401 = ORIENTED_EDGE('',*,*,#402,.F.);
#402 = EDGE_CURVE('',#403,#380,#405,.T.);
#403 = VERTEX_POINT('',#404);
#404 = CARTESIAN_POINT('',(32.,-56.5,9.9));
#405 = SURFACE_CURVE('',#406,(#411,#422),.PCURVE_S1.);
#406 = CIRCLE('',#407,9.);
#407 = AXIS2_PLACEMENT_3D('',#408,#409,#410);
#408 = CARTESIAN_POINT('',(23.,-56.5,9.9));
#409 = DIRECTION('',(0.,0.,-1.));
#410 = DIRECTION('',(-1.,0.,0.));
#411 = PCURVE('',#142,#412);
#412 = DEFINITIONAL_REPRESENTATION('',(#413),#421);
#413 = ( BOUNDED_CURVE() B_SPLINE_CURVE(2,(#414,#415,#416,#417,#418,#419
,#420),.UNSPECIFIED.,.T.,.F.) B_SPLINE_CURVE_WITH_KNOTS((1,2,2,2,2,1),(
    -2.094395102393,0.,2.094395102393,4.188790204786,6.28318530718,
8.377580409573),.UNSPECIFIED.) CURVE() GEOMETRIC_REPRESENTATION_ITEM() 
RATIONAL_B_SPLINE_CURVE((1.,0.5,1.,0.5,1.,0.5,1.)) REPRESENTATION_ITEM(
  '') );
#414 = CARTESIAN_POINT('',(14.,-56.5));
#415 = CARTESIAN_POINT('',(14.,-40.91154273188));
#416 = CARTESIAN_POINT('',(27.5,-48.70577136594));
#417 = CARTESIAN_POINT('',(41.,-56.5));
#418 = CARTESIAN_POINT('',(27.5,-64.29422863406));
#419 = CARTESIAN_POINT('',(14.,-72.08845726812));
#420 = CARTESIAN_POINT('',(14.,-56.5));
#421 = ( GEOMETRIC_REPRESENTATION_CONTEXT(2) 
PARAMETRIC_REPRESENTATION_CONTEXT() REPRESENTATION_CONTEXT('2D SPACE',''
  ) );
#422 = PCURVE('',#423,#428);
#423 = CYLINDRICAL_SURFACE('',#424,9.);
#424 = AXIS2_PLACEMENT_3D('',#425,#426,#427);
#425 = CARTESIAN_POINT('',(23.,-56.5,1.8));
#426 = DIRECTION('',(0.,0.,-1.));
#427 = DIRECTION('',(-1.,0.,0.));
#428 = DEFINITIONAL_REPRESENTATION('',(#429),#433);
#429 = LINE('',#430,#431);
#430 = CARTESIAN_POINT('',(0.,-8.1));
#431 = VECTOR('',#432,1.);
#432 = DIRECTION('',(1.,0.));
#433 = ( GEOMETRIC_REPRESENTATION_CONTEXT(2) 
PARAMETRIC_REPRESENTATION_CONTEXT() REPRESENTATION_CONTEXT('2D SPACE',''
  ) );
#434 = ORIENTED_EDGE('',*,*,#435,.T.);
#435 = EDGE_CURVE('',#403,#436,#438,.T.);
#436 = VERTEX_POINT('',#437);
#437 = CARTESIAN_POINT('',(32.,56.5,9.9));
#438 = SURFACE_CURVE('',#439,(#443,#450),.PCURVE_S1.);
#439 = LINE('',#440,#441);
#440 = CARTESIAN_POINT('',(32.,0.,9.9));
#441 = VECTOR('',#442,1.);
#442 = DIRECTION('',(0.,1.,0.));
#443 = PCURVE('',#142,#444);
#444 = DEFINITIONAL_REPRESENTATION('',(#445),#449);
#445 = LINE('',#446,#447);
#446 = CARTESIAN_POINT('',(32.,2.584448840114E-15));
#447 = VECTOR('',#448,1.);
#448 = DIRECTION('',(0.,1.));
#449 = ( GEOMETRIC_REPRESENTATION_CONTEXT(2) 
PARAMETRIC_REPRESENTATION_CONTEXT() REPRESENTATION_CONTEXT('2D SPACE',''
  ) );
#450 = PCURVE('',#451,#456);
#451 = PLANE('',#452);
#452 = AXIS2_PLACEMENT_3D('',#453,#454,#455);
#453 = CARTESIAN_POINT('',(32.,-56.5,1.8));
#454 = DIRECTION('',(-1.,0.,0.));
#455 = DIRECTION('',(0.,1.,0.));
#456 = DEFINITIONAL_REPRESENTATION('',(#457),#461);
#457 = LINE('',#458,#459);
#458 = CARTESIAN_POINT('',(56.5,-8.1));
#459 = VECTOR('',#460,1.);
#460 = DIRECTION('',(1.,0.));
#461 = ( GEOMETRIC_REPRESENTATION_CONTEXT(2) 
PARAMETRIC_REPRESENTATION_CONTEXT() REPRESENTATION_CONTEXT('2D SPACE',''
  ) );
#462 = ORIENTED_EDGE('',*,*,#463,.F.);
#463 = EDGE_CURVE('',#464,#436,#466,.T.);
#464 = VERTEX_POINT('',#465);
#465 = CARTESIAN_POINT('',(23.,65.5,9.9));
#466 = SURFACE_CURVE('',#467,(#472,#483),.PCURVE_S1.);
#467 = CIRCLE('',#468,9.);
#468 = AXIS2_PLACEMENT_3D('',#469,#470,#471);
#469 = CARTESIAN_POINT('',(23.,56.5,9.9));
#470 = DIRECTION('',(0.,0.,-1.));
#471 = DIRECTION('',(-1.,0.,0.));
#472 = PCURVE('',#142,#473);
#473 = DEFINITIONAL_REPRESENTATION('',(#474),#482);
#474 = ( BOUNDED_CURVE() B_SPLINE_CURVE(2,(#475,#476,#477,#478,#479,#480
,#481),.UNSPECIFIED.,.T.,.F.) B_SPLINE_CURVE_WITH_KNOTS((1,2,2,2,2,1),(
    -2.094395102393,0.,2.094395102393,4.188790204786,6.28318530718,
8.377580409573),.UNSPECIFIED.) CURVE() GEOMETRIC_REPRESENTATION_ITEM() 
RATIONAL_B_SPLINE_CURVE((1.,0.5,1.,0.5,1.,0.5,1.)) REPRESENTATION_ITEM(
  '') );
#475 = CARTESIAN_POINT('',(14.,56.5));
#476 = CARTESIAN_POINT('',(14.,72.08845726812));
#477 = CARTESIAN_POINT('',(27.5,64.29422863406));
#478 = CARTESIAN_POINT('',(41.,56.5));
#479 = CARTESIAN_POINT('',(27.5,48.70577136594));
#480 = CARTESIAN_POINT('',(14.,40.91154273188));
#481 = CARTESIAN_POINT('',(14.,56.5));
#482 = ( GEOMETRIC_REPRESENTATION_CONTEXT(2) 
PARAMETRIC_REPRESENTATION_CONTEXT() REPRESENTATION_CONTEXT('2D SPACE',''
  ) );
#483 = PCURVE('',#484,#489);
#484 = CYLINDRICAL_SURFACE('',#485,9.);
#485 = AXIS2_PLACEMENT_3D('',#486,#487,#488);
#486 = CARTESIAN_POINT('',(23.,56.5,1.8));
#487 = DIRECTION('',(0.,0.,-1.));
#488 = DIRECTION('',(-1.,0.,0.));
#489 = DEFINITIONAL_REPRESENTATION('',(#490),#494);
#490 = LINE('',#491,#492);
#491 = CARTESIAN_POINT('',(0.,-8.1));
#492 = VECTOR('',#493,1.);
#493 = DIRECTION('',(1.,0.));
#494 = ( GEOMETRIC_REPRESENTATION_CONTEXT(2) 
PARAMETRIC_REPRESENTATION_CONTEXT() REPRESENTATION_CONTEXT('2D SPACE',''
  ) );
#495 = ORIENTED_EDGE('',*,*,#496,.F.);
#496 = EDGE_CURVE('',#497,#464,#499,.T.);
#497 = VERTEX_POINT('',#498);
#498 = CARTESIAN_POINT('',(-23.,65.5,9.9));
#499 = SURFACE_CURVE('',#500,(#504,#511),.PCURVE_S1.);
#500 = LINE('',#501,#502);
#501 = CARTESIAN_POINT('',(0.,65.5,9.9));
#502 = VECTOR('',#503,1.);
#503 = DIRECTION('',(1.,0.,0.));
#504 = PCURVE('',#142,#505);
#505 = DEFINITIONAL_REPRESENTATION('',(#506),#510);
#506 = LINE('',#507,#508);
#507 = CARTESIAN_POINT('',(-3.705643557516E-15,65.5));
#508 = VECTOR('',#509,1.);
#509 = DIRECTION('',(1.,0.));
#510 = ( GEOMETRIC_REPRESENTATION_CONTEXT(2) 
PARAMETRIC_REPRESENTATION_CONTEXT() REPRESENTATION_CONTEXT('2D SPACE',''
  ) );
#511 = PCURVE('',#512,#517);
#512 = PLANE('',#513);
#513 = AXIS2_PLACEMENT_3D('',#514,#515,#516);
#514 = CARTESIAN_POINT('',(-23.,65.5,1.8));
#515 = DIRECTION('',(0.,1.,0.));
#516 = DIRECTION('',(1.,0.,0.));
#517 = DEFINITIONAL_REPRESENTATION('',(#518),#522);
#518 = LINE('',#519,#520);
#519 = CARTESIAN_POINT('',(23.,-8.1));
#520 = VECTOR('',#521,1.);
#521 = DIRECTION('',(1.,0.));
#522 = ( GEOMETRIC_REPRESENTATION_CONTEXT(2) 
PARAMETRIC_REPRESENTATION_CONTEXT() REPRESENTATION_CONTEXT('2D SPACE',''
  ) );
#523 = ORIENTED_EDGE('',*,*,#524,.F.);
#524 = EDGE_CURVE('',#127,#497,#525,.T.);
#525 = SURFACE_CURVE('',#526,(#531,#542),.PCURVE_S1.);
#526 = CIRCLE('',#527,9.);
#527 = AXIS2_PLACEMENT_3D('',#528,#529,#530);
#528 = CARTESIAN_POINT('',(-23.,56.5,9.9));
#529 = DIRECTION('',(0.,0.,-1.));
#530 = DIRECTION('',(-1.,0.,0.));
#531 = PCURVE('',#142,#532);
#532 = DEFINITIONAL_REPRESENTATION('',(#533),#541);
#533 = ( BOUNDED_CURVE() B_SPLINE_CURVE(2,(#534,#535,#536,#537,#538,#539
,#540),.UNSPECIFIED.,.T.,.F.) B_SPLINE_CURVE_WITH_KNOTS((1,2,2,2,2,1),(
    -2.094395102393,0.,2.094395102393,4.188790204786,6.28318530718,
8.377580409573),.UNSPECIFIED.) CURVE() GEOMETRIC_REPRESENTATION_ITEM() 
RATIONAL_B_SPLINE_CURVE((1.,0.5,1.,0.5,1.,0.5,1.)) REPRESENTATION_ITEM(
  '') );
#534 = CARTESIAN_POINT('',(-32.,56.5));
#535 = CARTESIAN_POINT('',(-32.,72.08845726812));
#536 = CARTESIAN_POINT('',(-18.5,64.29422863406));
#537 = CARTESIAN_POINT('',(-5.,56.5));
#538 = CARTESIAN_POINT('',(-18.5,48.70577136594));
#539 = CARTESIAN_POINT('',(-32.,40.91154273188));
#540 = CARTESIAN_POINT('',(-32.,56.5));
#541 = ( GEOMETRIC_REPRESENTATION_CONTEXT(2) 
PARAMETRIC_REPRESENTATION_CONTEXT() REPRESENTATION_CONTEXT('2D SPACE',''
  ) );
#542 = PCURVE('',#170,#543);
#543 = DEFINITIONAL_REPRESENTATION('',(#544),#548);
#544 = LINE('',#545,#546);
#545 = CARTESIAN_POINT('',(0.,-8.1));
#546 = VECTOR('',#547,1.);
#547 = DIRECTION('',(1.,0.));
#548 = ( GEOMETRIC_REPRESENTATION_CONTEXT(2) 
PARAMETRIC_REPRESENTATION_CONTEXT() REPRESENTATION_CONTEXT('2D SPACE',''
  ) );
#549 = ADVANCED_FACE('',(#550),#170,.T.);
#550 = FACE_BOUND('',#551,.T.);
#551 = EDGE_LOOP('',(#552,#553,#554,#577));
#552 = ORIENTED_EDGE('',*,*,#154,.T.);
#553 = ORIENTED_EDGE('',*,*,#524,.T.);
#554 = ORIENTED_EDGE('',*,*,#555,.F.);
#555 = EDGE_CURVE('',#556,#497,#558,.T.);
#556 = VERTEX_POINT('',#557);
#557 = CARTESIAN_POINT('',(-23.,65.5,3.4));
#558 = SURFACE_CURVE('',#559,(#563,#570),.PCURVE_S1.);
#559 = LINE('',#560,#561);
#560 = CARTESIAN_POINT('',(-23.,65.5,1.8));
#561 = VECTOR('',#562,1.);
#562 = DIRECTION('',(0.,0.,1.));
#563 = PCURVE('',#170,#564);
#564 = DEFINITIONAL_REPRESENTATION('',(#565),#569);
#565 = LINE('',#566,#567);
#566 = CARTESIAN_POINT('',(1.570796326795,0.));
#567 = VECTOR('',#568,1.);
#568 = DIRECTION('',(0.,-1.));
#569 = ( GEOMETRIC_REPRESENTATION_CONTEXT(2) 
PARAMETRIC_REPRESENTATION_CONTEXT() REPRESENTATION_CONTEXT('2D SPACE',''
  ) );
#570 = PCURVE('',#512,#571);
#571 = DEFINITIONAL_REPRESENTATION('',(#572),#576);
#572 = LINE('',#573,#574);
#573 = CARTESIAN_POINT('',(0.,0.));
#574 = VECTOR('',#575,1.);
#575 = DIRECTION('',(0.,-1.));
#576 = ( GEOMETRIC_REPRESENTATION_CONTEXT(2) 
PARAMETRIC_REPRESENTATION_CONTEXT() REPRESENTATION_CONTEXT('2D SPACE',''
  ) );
#577 = ORIENTED_EDGE('',*,*,#578,.F.);
#578 = EDGE_CURVE('',#155,#556,#579,.T.);
#579 = SURFACE_CURVE('',#580,(#585,#592),.PCURVE_S1.);
#580 = CIRCLE('',#581,9.);
#581 = AXIS2_PLACEMENT_3D('',#582,#583,#584);
#582 = CARTESIAN_POINT('',(-23.,56.5,3.4));
#583 = DIRECTION('',(-0.,0.,-1.));
#584 = DIRECTION('',(-1.,0.,0.));
#585 = PCURVE('',#170,#586);
#586 = DEFINITIONAL_REPRESENTATION('',(#587),#591);
#587 = LINE('',#588,#589);
#588 = CARTESIAN_POINT('',(0.,-1.6));
#589 = VECTOR('',#590,1.);
#590 = DIRECTION('',(1.,0.));
#591 = ( GEOMETRIC_REPRESENTATION_CONTEXT(2) 
PARAMETRIC_REPRESENTATION_CONTEXT() REPRESENTATION_CONTEXT('2D SPACE',''
  ) );
#592 = PCURVE('',#362,#593);
#593 = DEFINITIONAL_REPRESENTATION('',(#594),#598);
#594 = LINE('',#595,#596);
#595 = CARTESIAN_POINT('',(0.,0.));
#596 = VECTOR('',#597,1.);
#597 = DIRECTION('',(1.,0.));
#598 = ( GEOMETRIC_REPRESENTATION_CONTEXT(2) 
PARAMETRIC_REPRESENTATION_CONTEXT() REPRESENTATION_CONTEXT('2D SPACE',''
  ) );
#599 = ADVANCED_FACE('',(#600),#229,.F.);
#600 = FACE_BOUND('',#601,.F.);
#601 = EDGE_LOOP('',(#602,#603,#604,#627));
#602 = ORIENTED_EDGE('',*,*,#211,.T.);
#603 = ORIENTED_EDGE('',*,*,#379,.T.);
#604 = ORIENTED_EDGE('',*,*,#605,.F.);
#605 = EDGE_CURVE('',#606,#380,#608,.T.);
#606 = VERTEX_POINT('',#607);
#607 = CARTESIAN_POINT('',(23.,-65.5,3.4));
#608 = SURFACE_CURVE('',#609,(#613,#620),.PCURVE_S1.);
#609 = LINE('',#610,#611);
#610 = CARTESIAN_POINT('',(23.,-65.5,1.8));
#611 = VECTOR('',#612,1.);
#612 = DIRECTION('',(0.,0.,1.));
#613 = PCURVE('',#229,#614);
#614 = DEFINITIONAL_REPRESENTATION('',(#615),#619);
#615 = LINE('',#616,#617);
#616 = CARTESIAN_POINT('',(46.,0.));
#617 = VECTOR('',#618,1.);
#618 = DIRECTION('',(0.,-1.));
#619 = ( GEOMETRIC_REPRESENTATION_CONTEXT(2) 
PARAMETRIC_REPRESENTATION_CONTEXT() REPRESENTATION_CONTEXT('2D SPACE',''
  ) );
#620 = PCURVE('',#423,#621);
#621 = DEFINITIONAL_REPRESENTATION('',(#622),#626);
#622 = LINE('',#623,#624);
#623 = CARTESIAN_POINT('',(4.712388980385,0.));
#624 = VECTOR('',#625,1.);
#625 = DIRECTION('',(0.,-1.));
#626 = ( GEOMETRIC_REPRESENTATION_CONTEXT(2) 
PARAMETRIC_REPRESENTATION_CONTEXT() REPRESENTATION_CONTEXT('2D SPACE',''
  ) );
#627 = ORIENTED_EDGE('',*,*,#628,.T.);
#628 = EDGE_CURVE('',#606,#212,#629,.T.);
#629 = SURFACE_CURVE('',#630,(#634,#641),.PCURVE_S1.);
#630 = LINE('',#631,#632);
#631 = CARTESIAN_POINT('',(23.,-65.5,3.4));
#632 = VECTOR('',#633,1.);
#633 = DIRECTION('',(-1.,-0.,-0.));
#634 = PCURVE('',#229,#635);
#635 = DEFINITIONAL_REPRESENTATION('',(#636),#640);
#636 = LINE('',#637,#638);
#637 = CARTESIAN_POINT('',(46.,-1.6));
#638 = VECTOR('',#639,1.);
#639 = DIRECTION('',(-1.,0.));
#640 = ( GEOMETRIC_REPRESENTATION_CONTEXT(2) 
PARAMETRIC_REPRESENTATION_CONTEXT() REPRESENTATION_CONTEXT('2D SPACE',''
  ) );
#641 = PCURVE('',#642,#647);
#642 = CYLINDRICAL_SURFACE('',#643,1.6);
#643 = AXIS2_PLACEMENT_3D('',#644,#645,#646);
#644 = CARTESIAN_POINT('',(23.,-63.9,3.4));
#645 = DIRECTION('',(-1.,-0.,-0.));
#646 = DIRECTION('',(0.,-1.,0.));
#647 = DEFINITIONAL_REPRESENTATION('',(#648),#652);
#648 = LINE('',#649,#650);
#649 = CARTESIAN_POINT('',(-0.,0.));
#650 = VECTOR('',#651,1.);
#651 = DIRECTION('',(-0.,1.));
#652 = ( GEOMETRIC_REPRESENTATION_CONTEXT(2) 
PARAMETRIC_REPRESENTATION_CONTEXT() REPRESENTATION_CONTEXT('2D SPACE',''
  ) );
#653 = ADVANCED_FACE('',(#654),#283,.T.);
#654 = FACE_BOUND('',#655,.T.);
#655 = EDGE_LOOP('',(#656,#678,#679,#680));
#656 = ORIENTED_EDGE('',*,*,#657,.F.);
#657 = EDGE_CURVE('',#212,#658,#660,.T.);
#658 = VERTEX_POINT('',#659);
#659 = CARTESIAN_POINT('',(-23.,-63.9,1.8));
#660 = SURFACE_CURVE('',#661,(#666,#672),.PCURVE_S1.);
#661 = CIRCLE('',#662,1.6);
#662 = AXIS2_PLACEMENT_3D('',#663,#664,#665);
#663 = CARTESIAN_POINT('',(-23.,-63.9,3.4));
#664 = DIRECTION('',(1.,0.,0.));
#665 = DIRECTION('',(0.,-1.,0.));
#666 = PCURVE('',#283,#667);
#667 = DEFINITIONAL_REPRESENTATION('',(#668),#671);
#668 = B_SPLINE_CURVE_WITH_KNOTS('',1,(#669,#670),.UNSPECIFIED.,.F.,.F.,
  (2,2),(0.,1.570796326795),.PIECEWISE_BEZIER_KNOTS.);
#669 = CARTESIAN_POINT('',(0.,0.));
#670 = CARTESIAN_POINT('',(0.,1.570796326795));
#671 = ( GEOMETRIC_REPRESENTATION_CONTEXT(2) 
PARAMETRIC_REPRESENTATION_CONTEXT() REPRESENTATION_CONTEXT('2D SPACE',''
  ) );
#672 = PCURVE('',#642,#673);
#673 = DEFINITIONAL_REPRESENTATION('',(#674),#677);
#674 = B_SPLINE_CURVE_WITH_KNOTS('',1,(#675,#676),.UNSPECIFIED.,.F.,.F.,
  (2,2),(0.,1.570796326795),.PIECEWISE_BEZIER_KNOTS.);
#675 = CARTESIAN_POINT('',(0.,46.));
#676 = CARTESIAN_POINT('',(-1.570796326795,46.));
#677 = ( GEOMETRIC_REPRESENTATION_CONTEXT(2) 
PARAMETRIC_REPRESENTATION_CONTEXT() REPRESENTATION_CONTEXT('2D SPACE',''
  ) );
#678 = ORIENTED_EDGE('',*,*,#268,.T.);
#679 = ORIENTED_EDGE('',*,*,#298,.T.);
#680 = ORIENTED_EDGE('',*,*,#681,.F.);
#681 = EDGE_CURVE('',#658,#299,#682,.T.);
#682 = SURFACE_CURVE('',#683,(#688,#695),.PCURVE_S1.);
#683 = CIRCLE('',#684,7.4);
#684 = AXIS2_PLACEMENT_3D('',#685,#686,#687);
#685 = CARTESIAN_POINT('',(-23.,-56.5,1.8));
#686 = DIRECTION('',(-0.,-0.,-1.));
#687 = DIRECTION('',(0.,-1.,0.));
#688 = PCURVE('',#283,#689);
#689 = DEFINITIONAL_REPRESENTATION('',(#690),#694);
#690 = LINE('',#691,#692);
#691 = CARTESIAN_POINT('',(0.,1.570796326795));
#692 = VECTOR('',#693,1.);
#693 = DIRECTION('',(1.,0.));
#694 = ( GEOMETRIC_REPRESENTATION_CONTEXT(2) 
PARAMETRIC_REPRESENTATION_CONTEXT() REPRESENTATION_CONTEXT('2D SPACE',''
  ) );
#695 = PCURVE('',#336,#696);
#696 = DEFINITIONAL_REPRESENTATION('',(#697),#705);
#697 = ( BOUNDED_CURVE() B_SPLINE_CURVE(2,(#698,#699,#700,#701,#702,#703
,#704),.UNSPECIFIED.,.T.,.F.) B_SPLINE_CURVE_WITH_KNOTS((1,2,2,2,2,1),(
    -2.094395102393,0.,2.094395102393,4.188790204786,6.28318530718,
8.377580409573),.UNSPECIFIED.) CURVE() GEOMETRIC_REPRESENTATION_ITEM() 
RATIONAL_B_SPLINE_CURVE((1.,0.5,1.,0.5,1.,0.5,1.)) REPRESENTATION_ITEM(
  '') );
#698 = CARTESIAN_POINT('',(-23.,-63.9));
#699 = CARTESIAN_POINT('',(-35.81717597601,-63.9));
#700 = CARTESIAN_POINT('',(-29.408587988,-52.8));
#701 = CARTESIAN_POINT('',(-23.,-41.7));
#702 = CARTESIAN_POINT('',(-16.59141201199,-52.8));
#703 = CARTESIAN_POINT('',(-10.18282402399,-63.9));
#704 = CARTESIAN_POINT('',(-23.,-63.9));
#705 = ( GEOMETRIC_REPRESENTATION_CONTEXT(2) 
PARAMETRIC_REPRESENTATION_CONTEXT() REPRESENTATION_CONTEXT('2D SPACE',''
  ) );
#706 = ADVANCED_FACE('',(#707),#336,.F.);
#707 = FACE_BOUND('',#708,.F.);
#708 = EDGE_LOOP('',(#709,#710,#711,#734,#767,#795,#828,#856));
#709 = ORIENTED_EDGE('',*,*,#320,.F.);
#710 = ORIENTED_EDGE('',*,*,#681,.F.);
#711 = ORIENTED_EDGE('',*,*,#712,.F.);
#712 = EDGE_CURVE('',#713,#658,#715,.T.);
#713 = VERTEX_POINT('',#714);
#714 = CARTESIAN_POINT('',(23.,-63.9,1.8));
#715 = SURFACE_CURVE('',#716,(#720,#727),.PCURVE_S1.);
#716 = LINE('',#717,#718);
#717 = CARTESIAN_POINT('',(23.,-63.9,1.8));
#718 = VECTOR('',#719,1.);
#719 = DIRECTION('',(-1.,-0.,-0.));
#720 = PCURVE('',#336,#721);
#721 = DEFINITIONAL_REPRESENTATION('',(#722),#726);
#722 = LINE('',#723,#724);
#723 = CARTESIAN_POINT('',(23.,-63.9));
#724 = VECTOR('',#725,1.);
#725 = DIRECTION('',(-1.,0.));
#726 = ( GEOMETRIC_REPRESENTATION_CONTEXT(2) 
PARAMETRIC_REPRESENTATION_CONTEXT() REPRESENTATION_CONTEXT('2D SPACE',''
  ) );
#727 = PCURVE('',#642,#728);
#728 = DEFINITIONAL_REPRESENTATION('',(#729),#733);
#729 = LINE('',#730,#731);
#730 = CARTESIAN_POINT('',(-1.570796326795,0.));
#731 = VECTOR('',#732,1.);
#732 = DIRECTION('',(-0.,1.));
#733 = ( GEOMETRIC_REPRESENTATION_CONTEXT(2) 
PARAMETRIC_REPRESENTATION_CONTEXT() REPRESENTATION_CONTEXT('2D SPACE',''
  ) );
#734 = ORIENTED_EDGE('',*,*,#735,.F.);
#735 = EDGE_CURVE('',#736,#713,#738,.T.);
#736 = VERTEX_POINT('',#737);
#737 = CARTESIAN_POINT('',(30.4,-56.5,1.8));
#738 = SURFACE_CURVE('',#739,(#744,#755),.PCURVE_S1.);
#739 = CIRCLE('',#740,7.4);
#740 = AXIS2_PLACEMENT_3D('',#741,#742,#743);
#741 = CARTESIAN_POINT('',(23.,-56.5,1.8));
#742 = DIRECTION('',(0.,-0.,-1.));
#743 = DIRECTION('',(1.,0.,-0.));
#744 = PCURVE('',#336,#745);
#745 = DEFINITIONAL_REPRESENTATION('',(#746),#754);
#746 = ( BOUNDED_CURVE() B_SPLINE_CURVE(2,(#747,#748,#749,#750,#751,#752
,#753),.UNSPECIFIED.,.T.,.F.) B_SPLINE_CURVE_WITH_KNOTS((1,2,2,2,2,1),(
    -2.094395102393,0.,2.094395102393,4.188790204786,6.28318530718,
8.377580409573),.UNSPECIFIED.) CURVE() GEOMETRIC_REPRESENTATION_ITEM() 
RATIONAL_B_SPLINE_CURVE((1.,0.5,1.,0.5,1.,0.5,1.)) REPRESENTATION_ITEM(
  '') );
#747 = CARTESIAN_POINT('',(30.4,-56.5));
#748 = CARTESIAN_POINT('',(30.4,-69.31717597601));
#749 = CARTESIAN_POINT('',(19.3,-62.908587988));
#750 = CARTESIAN_POINT('',(8.2,-56.5));
#751 = CARTESIAN_POINT('',(19.3,-50.09141201199));
#752 = CARTESIAN_POINT('',(30.4,-43.68282402399));
#753 = CARTESIAN_POINT('',(30.4,-56.5));
#754 = ( GEOMETRIC_REPRESENTATION_CONTEXT(2) 
PARAMETRIC_REPRESENTATION_CONTEXT() REPRESENTATION_CONTEXT('2D SPACE',''
  ) );
#755 = PCURVE('',#756,#761);
#756 = TOROIDAL_SURFACE('',#757,7.4,1.6);
#757 = AXIS2_PLACEMENT_3D('',#758,#759,#760);
#758 = CARTESIAN_POINT('',(23.,-56.5,3.4));
#759 = DIRECTION('',(-0.,-0.,-1.));
#760 = DIRECTION('',(1.,0.,-0.));
#761 = DEFINITIONAL_REPRESENTATION('',(#762),#766);
#762 = LINE('',#763,#764);
#763 = CARTESIAN_POINT('',(0.,1.570796326795));
#764 = VECTOR('',#765,1.);
#765 = DIRECTION('',(1.,0.));
#766 = ( GEOMETRIC_REPRESENTATION_CONTEXT(2) 
PARAMETRIC_REPRESENTATION_CONTEXT() REPRESENTATION_CONTEXT('2D SPACE',''
  ) );
#767 = ORIENTED_EDGE('',*,*,#768,.F.);
#768 = EDGE_CURVE('',#769,#736,#771,.T.);
#769 = VERTEX_POINT('',#770);
#770 = CARTESIAN_POINT('',(30.4,56.5,1.8));
#771 = SURFACE_CURVE('',#772,(#776,#783),.PCURVE_S1.);
#772 = LINE('',#773,#774);
#773 = CARTESIAN_POINT('',(30.4,56.5,1.8));
#774 = VECTOR('',#775,1.);
#775 = DIRECTION('',(-0.,-1.,-0.));
#776 = PCURVE('',#336,#777);
#777 = DEFINITIONAL_REPRESENTATION('',(#778),#782);
#778 = LINE('',#779,#780);
#779 = CARTESIAN_POINT('',(30.4,56.5));
#780 = VECTOR('',#781,1.);
#781 = DIRECTION('',(0.,-1.));
#782 = ( GEOMETRIC_REPRESENTATION_CONTEXT(2) 
PARAMETRIC_REPRESENTATION_CONTEXT() REPRESENTATION_CONTEXT('2D SPACE',''
  ) );
#783 = PCURVE('',#784,#789);
#784 = CYLINDRICAL_SURFACE('',#785,1.6);
#785 = AXIS2_PLACEMENT_3D('',#786,#787,#788);
#786 = CARTESIAN_POINT('',(30.4,56.5,3.4));
#787 = DIRECTION('',(-0.,-1.,-0.));
#788 = DIRECTION('',(1.,-0.,0.));
#789 = DEFINITIONAL_REPRESENTATION('',(#790),#794);
#790 = LINE('',#791,#792);
#791 = CARTESIAN_POINT('',(-1.570796326795,0.));
#792 = VECTOR('',#793,1.);
#793 = DIRECTION('',(-0.,1.));
#794 = ( GEOMETRIC_REPRESENTATION_CONTEXT(2) 
PARAMETRIC_REPRESENTATION_CONTEXT() REPRESENTATION_CONTEXT('2D SPACE',''
  ) );
#795 = ORIENTED_EDGE('',*,*,#796,.F.);
#796 = EDGE_CURVE('',#797,#769,#799,.T.);
#797 = VERTEX_POINT('',#798);
#798 = CARTESIAN_POINT('',(23.,63.9,1.8));
#799 = SURFACE_CURVE('',#800,(#805,#816),.PCURVE_S1.);
#800 = CIRCLE('',#801,7.4);
#801 = AXIS2_PLACEMENT_3D('',#802,#803,#804);
#802 = CARTESIAN_POINT('',(23.,56.5,1.8));
#803 = DIRECTION('',(0.,-0.,-1.));
#804 = DIRECTION('',(0.,1.,-0.));
#805 = PCURVE('',#336,#806);
#806 = DEFINITIONAL_REPRESENTATION('',(#807),#815);
#807 = ( BOUNDED_CURVE() B_SPLINE_CURVE(2,(#808,#809,#810,#811,#812,#813
,#814),.UNSPECIFIED.,.T.,.F.) B_SPLINE_CURVE_WITH_KNOTS((1,2,2,2,2,1),(
    -2.094395102393,0.,2.094395102393,4.188790204786,6.28318530718,
8.377580409573),.UNSPECIFIED.) CURVE() GEOMETRIC_REPRESENTATION_ITEM() 
RATIONAL_B_SPLINE_CURVE((1.,0.5,1.,0.5,1.,0.5,1.)) REPRESENTATION_ITEM(
  '') );
#808 = CARTESIAN_POINT('',(23.,63.9));
#809 = CARTESIAN_POINT('',(35.81717597601,63.9));
#810 = CARTESIAN_POINT('',(29.408587988005,52.8));
#811 = CARTESIAN_POINT('',(23.,41.7));
#812 = CARTESIAN_POINT('',(16.591412011995,52.8));
#813 = CARTESIAN_POINT('',(10.18282402399,63.9));
#814 = CARTESIAN_POINT('',(23.,63.9));
#815 = ( GEOMETRIC_REPRESENTATION_CONTEXT(2) 
PARAMETRIC_REPRESENTATION_CONTEXT() REPRESENTATION_CONTEXT('2D SPACE',''
  ) );
#816 = PCURVE('',#817,#822);
#817 = TOROIDAL_SURFACE('',#818,7.4,1.6);
#818 = AXIS2_PLACEMENT_3D('',#819,#820,#821);
#819 = CARTESIAN_POINT('',(23.,56.5,3.4));
#820 = DIRECTION('',(-0.,-0.,-1.));
#821 = DIRECTION('',(0.,1.,-0.));
#822 = DEFINITIONAL_REPRESENTATION('',(#823),#827);
#823 = LINE('',#824,#825);
#824 = CARTESIAN_POINT('',(0.,1.570796326795));
#825 = VECTOR('',#826,1.);
#826 = DIRECTION('',(1.,0.));
#827 = ( GEOMETRIC_REPRESENTATION_CONTEXT(2) 
PARAMETRIC_REPRESENTATION_CONTEXT() REPRESENTATION_CONTEXT('2D SPACE',''
  ) );
#828 = ORIENTED_EDGE('',*,*,#829,.F.);
#829 = EDGE_CURVE('',#830,#797,#832,.T.);
#830 = VERTEX_POINT('',#831);
#831 = CARTESIAN_POINT('',(-23.,63.9,1.8));
#832 = SURFACE_CURVE('',#833,(#837,#844),.PCURVE_S1.);
#833 = LINE('',#834,#835);
#834 = CARTESIAN_POINT('',(-23.,63.9,1.8));
#835 = VECTOR('',#836,1.);
#836 = DIRECTION('',(1.,0.,0.));
#837 = PCURVE('',#336,#838);
#838 = DEFINITIONAL_REPRESENTATION('',(#839),#843);
#839 = LINE('',#840,#841);
#840 = CARTESIAN_POINT('',(-23.,63.9));
#841 = VECTOR('',#842,1.);
#842 = DIRECTION('',(1.,0.));
#843 = ( GEOMETRIC_REPRESENTATION_CONTEXT(2) 
PARAMETRIC_REPRESENTATION_CONTEXT() REPRESENTATION_CONTEXT('2D SPACE',''
  ) );
#844 = PCURVE('',#845,#850);
#845 = CYLINDRICAL_SURFACE('',#846,1.6);
#846 = AXIS2_PLACEMENT_3D('',#847,#848,#849);
#847 = CARTESIAN_POINT('',(-23.,63.9,3.4));
#848 = DIRECTION('',(1.,0.,0.));
#849 = DIRECTION('',(-0.,1.,0.));
#850 = DEFINITIONAL_REPRESENTATION('',(#851),#855);
#851 = LINE('',#852,#853);
#852 = CARTESIAN_POINT('',(-1.570796326795,0.));
#853 = VECTOR('',#854,1.);
#854 = DIRECTION('',(-0.,1.));
#855 = ( GEOMETRIC_REPRESENTATION_CONTEXT(2) 
PARAMETRIC_REPRESENTATION_CONTEXT() REPRESENTATION_CONTEXT('2D SPACE',''
  ) );
#856 = ORIENTED_EDGE('',*,*,#857,.F.);
#857 = EDGE_CURVE('',#321,#830,#858,.T.);
#858 = SURFACE_CURVE('',#859,(#864,#875),.PCURVE_S1.);
#859 = CIRCLE('',#860,7.4);
#860 = AXIS2_PLACEMENT_3D('',#861,#862,#863);
#861 = CARTESIAN_POINT('',(-23.,56.5,1.8));
#862 = DIRECTION('',(-0.,0.,-1.));
#863 = DIRECTION('',(-1.,0.,0.));
#864 = PCURVE('',#336,#865);
#865 = DEFINITIONAL_REPRESENTATION('',(#866),#874);
#866 = ( BOUNDED_CURVE() B_SPLINE_CURVE(2,(#867,#868,#869,#870,#871,#872
,#873),.UNSPECIFIED.,.T.,.F.) B_SPLINE_CURVE_WITH_KNOTS((1,2,2,2,2,1),(
    -2.094395102393,0.,2.094395102393,4.188790204786,6.28318530718,
8.377580409573),.UNSPECIFIED.) CURVE() GEOMETRIC_REPRESENTATION_ITEM() 
RATIONAL_B_SPLINE_CURVE((1.,0.5,1.,0.5,1.,0.5,1.)) REPRESENTATION_ITEM(
  '') );
#867 = CARTESIAN_POINT('',(-30.4,56.5));
#868 = CARTESIAN_POINT('',(-30.4,69.31717597601));
#869 = CARTESIAN_POINT('',(-19.3,62.908587988005));
#870 = CARTESIAN_POINT('',(-8.2,56.5));
#871 = CARTESIAN_POINT('',(-19.3,50.091412011995));
#872 = CARTESIAN_POINT('',(-30.4,43.68282402399));
#873 = CARTESIAN_POINT('',(-30.4,56.5));
#874 = ( GEOMETRIC_REPRESENTATION_CONTEXT(2) 
PARAMETRIC_REPRESENTATION_CONTEXT() REPRESENTATION_CONTEXT('2D SPACE',''
  ) );
#875 = PCURVE('',#362,#876);
#876 = DEFINITIONAL_REPRESENTATION('',(#877),#881);
#877 = LINE('',#878,#879);
#878 = CARTESIAN_POINT('',(0.,1.570796326795));
#879 = VECTOR('',#880,1.);
#880 = DIRECTION('',(1.,0.));
#881 = ( GEOMETRIC_REPRESENTATION_CONTEXT(2) 
PARAMETRIC_REPRESENTATION_CONTEXT() REPRESENTATION_CONTEXT('2D SPACE',''
  ) );
#882 = ADVANCED_FACE('',(#883),#362,.T.);
#883 = FACE_BOUND('',#884,.T.);
#884 = EDGE_LOOP('',(#885,#886,#887,#907));
#885 = ORIENTED_EDGE('',*,*,#348,.F.);
#886 = ORIENTED_EDGE('',*,*,#578,.T.);
#887 = ORIENTED_EDGE('',*,*,#888,.T.);
#888 = EDGE_CURVE('',#556,#830,#889,.T.);
#889 = SURFACE_CURVE('',#890,(#895,#901),.PCURVE_S1.);
#890 = CIRCLE('',#891,1.6);
#891 = AXIS2_PLACEMENT_3D('',#892,#893,#894);
#892 = CARTESIAN_POINT('',(-23.,63.9,3.4));
#893 = DIRECTION('',(-1.,-6.123233995737E-17,0.));
#894 = DIRECTION('',(-6.123233995737E-17,1.,0.));
#895 = PCURVE('',#362,#896);
#896 = DEFINITIONAL_REPRESENTATION('',(#897),#900);
#897 = B_SPLINE_CURVE_WITH_KNOTS('',1,(#898,#899),.UNSPECIFIED.,.F.,.F.,
  (2,2),(0.,1.570796326795),.PIECEWISE_BEZIER_KNOTS.);
#898 = CARTESIAN_POINT('',(1.570796326795,0.));
#899 = CARTESIAN_POINT('',(1.570796326795,1.570796326795));
#900 = ( GEOMETRIC_REPRESENTATION_CONTEXT(2) 
PARAMETRIC_REPRESENTATION_CONTEXT() REPRESENTATION_CONTEXT('2D SPACE',''
  ) );
#901 = PCURVE('',#845,#902);
#902 = DEFINITIONAL_REPRESENTATION('',(#903),#906);
#903 = B_SPLINE_CURVE_WITH_KNOTS('',1,(#904,#905),.UNSPECIFIED.,.F.,.F.,
  (2,2),(0.,1.570796326795),.PIECEWISE_BEZIER_KNOTS.);
#904 = CARTESIAN_POINT('',(0.,0.));
#905 = CARTESIAN_POINT('',(-1.570796326795,0.));
#906 = ( GEOMETRIC_REPRESENTATION_CONTEXT(2) 
PARAMETRIC_REPRESENTATION_CONTEXT() REPRESENTATION_CONTEXT('2D SPACE',''
  ) );
#907 = ORIENTED_EDGE('',*,*,#857,.F.);
#908 = ADVANCED_FACE('',(#909),#423,.T.);
#909 = FACE_BOUND('',#910,.T.);
#910 = EDGE_LOOP('',(#911,#934,#935,#936));
#911 = ORIENTED_EDGE('',*,*,#912,.T.);
#912 = EDGE_CURVE('',#913,#403,#915,.T.);
#913 = VERTEX_POINT('',#914);
#914 = CARTESIAN_POINT('',(32.,-56.5,3.4));
#915 = SURFACE_CURVE('',#916,(#920,#927),.PCURVE_S1.);
#916 = LINE('',#917,#918);
#917 = CARTESIAN_POINT('',(32.,-56.5,1.8));
#918 = VECTOR('',#919,1.);
#919 = DIRECTION('',(0.,0.,1.));
#920 = PCURVE('',#423,#921);
#921 = DEFINITIONAL_REPRESENTATION('',(#922),#926);
#922 = LINE('',#923,#924);
#923 = CARTESIAN_POINT('',(3.14159265359,0.));
#924 = VECTOR('',#925,1.);
#925 = DIRECTION('',(0.,-1.));
#926 = ( GEOMETRIC_REPRESENTATION_CONTEXT(2) 
PARAMETRIC_REPRESENTATION_CONTEXT() REPRESENTATION_CONTEXT('2D SPACE',''
  ) );
#927 = PCURVE('',#451,#928);
#928 = DEFINITIONAL_REPRESENTATION('',(#929),#933);
#929 = LINE('',#930,#931);
#930 = CARTESIAN_POINT('',(0.,0.));
#931 = VECTOR('',#932,1.);
#932 = DIRECTION('',(0.,-1.));
#933 = ( GEOMETRIC_REPRESENTATION_CONTEXT(2) 
PARAMETRIC_REPRESENTATION_CONTEXT() REPRESENTATION_CONTEXT('2D SPACE',''
  ) );
#934 = ORIENTED_EDGE('',*,*,#402,.T.);
#935 = ORIENTED_EDGE('',*,*,#605,.F.);
#936 = ORIENTED_EDGE('',*,*,#937,.F.);
#937 = EDGE_CURVE('',#913,#606,#938,.T.);
#938 = SURFACE_CURVE('',#939,(#944,#951),.PCURVE_S1.);
#939 = CIRCLE('',#940,9.);
#940 = AXIS2_PLACEMENT_3D('',#941,#942,#943);
#941 = CARTESIAN_POINT('',(23.,-56.5,3.4));
#942 = DIRECTION('',(0.,-0.,-1.));
#943 = DIRECTION('',(1.,0.,-0.));
#944 = PCURVE('',#423,#945);
#945 = DEFINITIONAL_REPRESENTATION('',(#946),#950);
#946 = LINE('',#947,#948);
#947 = CARTESIAN_POINT('',(3.14159265359,-1.6));
#948 = VECTOR('',#949,1.);
#949 = DIRECTION('',(1.,0.));
#950 = ( GEOMETRIC_REPRESENTATION_CONTEXT(2) 
PARAMETRIC_REPRESENTATION_CONTEXT() REPRESENTATION_CONTEXT('2D SPACE',''
  ) );
#951 = PCURVE('',#756,#952);
#952 = DEFINITIONAL_REPRESENTATION('',(#953),#957);
#953 = LINE('',#954,#955);
#954 = CARTESIAN_POINT('',(0.,0.));
#955 = VECTOR('',#956,1.);
#956 = DIRECTION('',(1.,0.));
#957 = ( GEOMETRIC_REPRESENTATION_CONTEXT(2) 
PARAMETRIC_REPRESENTATION_CONTEXT() REPRESENTATION_CONTEXT('2D SPACE',''
  ) );
#958 = ADVANCED_FACE('',(#959),#451,.F.);
#959 = FACE_BOUND('',#960,.F.);
#960 = EDGE_LOOP('',(#961,#962,#963,#986));
#961 = ORIENTED_EDGE('',*,*,#912,.T.);
#962 = ORIENTED_EDGE('',*,*,#435,.T.);
#963 = ORIENTED_EDGE('',*,*,#964,.F.);
#964 = EDGE_CURVE('',#965,#436,#967,.T.);
#965 = VERTEX_POINT('',#966);
#966 = CARTESIAN_POINT('',(32.,56.5,3.4));
#967 = SURFACE_CURVE('',#968,(#972,#979),.PCURVE_S1.);
#968 = LINE('',#969,#970);
#969 = CARTESIAN_POINT('',(32.,56.5,1.8));
#970 = VECTOR('',#971,1.);
#971 = DIRECTION('',(0.,0.,1.));
#972 = PCURVE('',#451,#973);
#973 = DEFINITIONAL_REPRESENTATION('',(#974),#978);
#974 = LINE('',#975,#976);
#975 = CARTESIAN_POINT('',(113.,0.));
#976 = VECTOR('',#977,1.);
#977 = DIRECTION('',(0.,-1.));
#978 = ( GEOMETRIC_REPRESENTATION_CONTEXT(2) 
PARAMETRIC_REPRESENTATION_CONTEXT() REPRESENTATION_CONTEXT('2D SPACE',''
  ) );
#979 = PCURVE('',#484,#980);
#980 = DEFINITIONAL_REPRESENTATION('',(#981),#985);
#981 = LINE('',#982,#983);
#982 = CARTESIAN_POINT('',(3.14159265359,0.));
#983 = VECTOR('',#984,1.);
#984 = DIRECTION('',(0.,-1.));
#985 = ( GEOMETRIC_REPRESENTATION_CONTEXT(2) 
PARAMETRIC_REPRESENTATION_CONTEXT() REPRESENTATION_CONTEXT('2D SPACE',''
  ) );
#986 = ORIENTED_EDGE('',*,*,#987,.T.);
#987 = EDGE_CURVE('',#965,#913,#988,.T.);
#988 = SURFACE_CURVE('',#989,(#993,#1000),.PCURVE_S1.);
#989 = LINE('',#990,#991);
#990 = CARTESIAN_POINT('',(32.,56.5,3.4));
#991 = VECTOR('',#992,1.);
#992 = DIRECTION('',(-0.,-1.,-0.));
#993 = PCURVE('',#451,#994);
#994 = DEFINITIONAL_REPRESENTATION('',(#995),#999);
#995 = LINE('',#996,#997);
#996 = CARTESIAN_POINT('',(113.,-1.6));
#997 = VECTOR('',#998,1.);
#998 = DIRECTION('',(-1.,0.));
#999 = ( GEOMETRIC_REPRESENTATION_CONTEXT(2) 
PARAMETRIC_REPRESENTATION_CONTEXT() REPRESENTATION_CONTEXT('2D SPACE',''
  ) );
#1000 = PCURVE('',#784,#1001);
#1001 = DEFINITIONAL_REPRESENTATION('',(#1002),#1006);
#1002 = LINE('',#1003,#1004);
#1003 = CARTESIAN_POINT('',(-0.,0.));
#1004 = VECTOR('',#1005,1.);
#1005 = DIRECTION('',(-0.,1.));
#1006 = ( GEOMETRIC_REPRESENTATION_CONTEXT(2) 
PARAMETRIC_REPRESENTATION_CONTEXT() REPRESENTATION_CONTEXT('2D SPACE',''
  ) );
#1007 = ADVANCED_FACE('',(#1008),#484,.T.);
#1008 = FACE_BOUND('',#1009,.T.);
#1009 = EDGE_LOOP('',(#1010,#1033,#1034,#1035));
#1010 = ORIENTED_EDGE('',*,*,#1011,.T.);
#1011 = EDGE_CURVE('',#1012,#464,#1014,.T.);
#1012 = VERTEX_POINT('',#1013);
#1013 = CARTESIAN_POINT('',(23.,65.5,3.4));
#1014 = SURFACE_CURVE('',#1015,(#1019,#1026),.PCURVE_S1.);
#1015 = LINE('',#1016,#1017);
#1016 = CARTESIAN_POINT('',(23.,65.5,1.8));
#1017 = VECTOR('',#1018,1.);
#1018 = DIRECTION('',(0.,0.,1.));
#1019 = PCURVE('',#484,#1020);
#1020 = DEFINITIONAL_REPRESENTATION('',(#1021),#1025);
#1021 = LINE('',#1022,#1023);
#1022 = CARTESIAN_POINT('',(1.570796326795,0.));
#1023 = VECTOR('',#1024,1.);
#1024 = DIRECTION('',(0.,-1.));
#1025 = ( GEOMETRIC_REPRESENTATION_CONTEXT(2) 
PARAMETRIC_REPRESENTATION_CONTEXT() REPRESENTATION_CONTEXT('2D SPACE',''
  ) );
#1026 = PCURVE('',#512,#1027);
#1027 = DEFINITIONAL_REPRESENTATION('',(#1028),#1032);
#1028 = LINE('',#1029,#1030);
#1029 = CARTESIAN_POINT('',(46.,0.));
#1030 = VECTOR('',#1031,1.);
#1031 = DIRECTION('',(0.,-1.));
#1032 = ( GEOMETRIC_REPRESENTATION_CONTEXT(2) 
PARAMETRIC_REPRESENTATION_CONTEXT() REPRESENTATION_CONTEXT('2D SPACE',''
  ) );
#1033 = ORIENTED_EDGE('',*,*,#463,.T.);
#1034 = ORIENTED_EDGE('',*,*,#964,.F.);
#1035 = ORIENTED_EDGE('',*,*,#1036,.F.);
#1036 = EDGE_CURVE('',#1012,#965,#1037,.T.);
#1037 = SURFACE_CURVE('',#1038,(#1043,#1050),.PCURVE_S1.);
#1038 = CIRCLE('',#1039,9.);
#1039 = AXIS2_PLACEMENT_3D('',#1040,#1041,#1042);
#1040 = CARTESIAN_POINT('',(23.,56.5,3.4));
#1041 = DIRECTION('',(0.,-0.,-1.));
#1042 = DIRECTION('',(0.,1.,-0.));
#1043 = PCURVE('',#484,#1044);
#1044 = DEFINITIONAL_REPRESENTATION('',(#1045),#1049);
#1045 = LINE('',#1046,#1047);
#1046 = CARTESIAN_POINT('',(1.570796326795,-1.6));
#1047 = VECTOR('',#1048,1.);
#1048 = DIRECTION('',(1.,0.));
#1049 = ( GEOMETRIC_REPRESENTATION_CONTEXT(2) 
PARAMETRIC_REPRESENTATION_CONTEXT() REPRESENTATION_CONTEXT('2D SPACE',''
  ) );
#1050 = PCURVE('',#817,#1051);
#1051 = DEFINITIONAL_REPRESENTATION('',(#1052),#1056);
#1052 = LINE('',#1053,#1054);
#1053 = CARTESIAN_POINT('',(0.,0.));
#1054 = VECTOR('',#1055,1.);
#1055 = DIRECTION('',(1.,0.));
#1056 = ( GEOMETRIC_REPRESENTATION_CONTEXT(2) 
PARAMETRIC_REPRESENTATION_CONTEXT() REPRESENTATION_CONTEXT('2D SPACE',''
  ) );
#1057 = ADVANCED_FACE('',(#1058),#512,.T.);
#1058 = FACE_BOUND('',#1059,.T.);
#1059 = EDGE_LOOP('',(#1060,#1061,#1062,#1063));
#1060 = ORIENTED_EDGE('',*,*,#555,.T.);
#1061 = ORIENTED_EDGE('',*,*,#496,.T.);
#1062 = ORIENTED_EDGE('',*,*,#1011,.F.);
#1063 = ORIENTED_EDGE('',*,*,#1064,.F.);
#1064 = EDGE_CURVE('',#556,#1012,#1065,.T.);
#1065 = SURFACE_CURVE('',#1066,(#1070,#1077),.PCURVE_S1.);
#1066 = LINE('',#1067,#1068);
#1067 = CARTESIAN_POINT('',(-23.,65.5,3.4));
#1068 = VECTOR('',#1069,1.);
#1069 = DIRECTION('',(1.,0.,0.));
#1070 = PCURVE('',#512,#1071);
#1071 = DEFINITIONAL_REPRESENTATION('',(#1072),#1076);
#1072 = LINE('',#1073,#1074);
#1073 = CARTESIAN_POINT('',(0.,-1.6));
#1074 = VECTOR('',#1075,1.);
#1075 = DIRECTION('',(1.,0.));
#1076 = ( GEOMETRIC_REPRESENTATION_CONTEXT(2) 
PARAMETRIC_REPRESENTATION_CONTEXT() REPRESENTATION_CONTEXT('2D SPACE',''
  ) );
#1077 = PCURVE('',#845,#1078);
#1078 = DEFINITIONAL_REPRESENTATION('',(#1079),#1083);
#1079 = LINE('',#1080,#1081);
#1080 = CARTESIAN_POINT('',(-0.,0.));
#1081 = VECTOR('',#1082,1.);
#1082 = DIRECTION('',(-0.,1.));
#1083 = ( GEOMETRIC_REPRESENTATION_CONTEXT(2) 
PARAMETRIC_REPRESENTATION_CONTEXT() REPRESENTATION_CONTEXT('2D SPACE',''
  ) );
#1084 = ADVANCED_FACE('',(#1085),#642,.T.);
#1085 = FACE_BOUND('',#1086,.F.);
#1086 = EDGE_LOOP('',(#1087,#1107,#1108,#1109));
#1087 = ORIENTED_EDGE('',*,*,#1088,.T.);
#1088 = EDGE_CURVE('',#606,#713,#1089,.T.);
#1089 = SURFACE_CURVE('',#1090,(#1095,#1101),.PCURVE_S1.);
#1090 = CIRCLE('',#1091,1.6);
#1091 = AXIS2_PLACEMENT_3D('',#1092,#1093,#1094);
#1092 = CARTESIAN_POINT('',(23.,-63.9,3.4));
#1093 = DIRECTION('',(1.,6.123233995737E-17,0.));
#1094 = DIRECTION('',(6.123233995737E-17,-1.,0.));
#1095 = PCURVE('',#642,#1096);
#1096 = DEFINITIONAL_REPRESENTATION('',(#1097),#1100);
#1097 = B_SPLINE_CURVE_WITH_KNOTS('',1,(#1098,#1099),.UNSPECIFIED.,.F.,
  .F.,(2,2),(0.,1.570796326795),.PIECEWISE_BEZIER_KNOTS.);
#1098 = CARTESIAN_POINT('',(0.,0.));
#1099 = CARTESIAN_POINT('',(-1.570796326795,0.));
#1100 = ( GEOMETRIC_REPRESENTATION_CONTEXT(2) 
PARAMETRIC_REPRESENTATION_CONTEXT() REPRESENTATION_CONTEXT('2D SPACE',''
  ) );
#1101 = PCURVE('',#756,#1102);
#1102 = DEFINITIONAL_REPRESENTATION('',(#1103),#1106);
#1103 = B_SPLINE_CURVE_WITH_KNOTS('',1,(#1104,#1105),.UNSPECIFIED.,.F.,
  .F.,(2,2),(0.,1.570796326795),.PIECEWISE_BEZIER_KNOTS.);
#1104 = CARTESIAN_POINT('',(1.570796326795,0.));
#1105 = CARTESIAN_POINT('',(1.570796326795,1.570796326795));
#1106 = ( GEOMETRIC_REPRESENTATION_CONTEXT(2) 
PARAMETRIC_REPRESENTATION_CONTEXT() REPRESENTATION_CONTEXT('2D SPACE',''
  ) );
#1107 = ORIENTED_EDGE('',*,*,#712,.T.);
#1108 = ORIENTED_EDGE('',*,*,#657,.F.);
#1109 = ORIENTED_EDGE('',*,*,#628,.F.);
#1110 = ADVANCED_FACE('',(#1111),#845,.T.);
#1111 = FACE_BOUND('',#1112,.F.);
#1112 = EDGE_LOOP('',(#1113,#1114,#1115,#1135));
#1113 = ORIENTED_EDGE('',*,*,#888,.T.);
#1114 = ORIENTED_EDGE('',*,*,#829,.T.);
#1115 = ORIENTED_EDGE('',*,*,#1116,.F.);
#1116 = EDGE_CURVE('',#1012,#797,#1117,.T.);
#1117 = SURFACE_CURVE('',#1118,(#1123,#1129),.PCURVE_S1.);
#1118 = CIRCLE('',#1119,1.6);
#1119 = AXIS2_PLACEMENT_3D('',#1120,#1121,#1122);
#1120 = CARTESIAN_POINT('',(23.,63.9,3.4));
#1121 = DIRECTION('',(-1.,0.,-0.));
#1122 = DIRECTION('',(-0.,1.,0.));
#1123 = PCURVE('',#845,#1124);
#1124 = DEFINITIONAL_REPRESENTATION('',(#1125),#1128);
#1125 = B_SPLINE_CURVE_WITH_KNOTS('',1,(#1126,#1127),.UNSPECIFIED.,.F.,
  .F.,(2,2),(0.,1.570796326795),.PIECEWISE_BEZIER_KNOTS.);
#1126 = CARTESIAN_POINT('',(0.,46.));
#1127 = CARTESIAN_POINT('',(-1.570796326795,46.));
#1128 = ( GEOMETRIC_REPRESENTATION_CONTEXT(2) 
PARAMETRIC_REPRESENTATION_CONTEXT() REPRESENTATION_CONTEXT('2D SPACE',''
  ) );
#1129 = PCURVE('',#817,#1130);
#1130 = DEFINITIONAL_REPRESENTATION('',(#1131),#1134);
#1131 = B_SPLINE_CURVE_WITH_KNOTS('',1,(#1132,#1133),.UNSPECIFIED.,.F.,
  .F.,(2,2),(0.,1.570796326795),.PIECEWISE_BEZIER_KNOTS.);
#1132 = CARTESIAN_POINT('',(0.,0.));
#1133 = CARTESIAN_POINT('',(0.,1.570796326795));
#1134 = ( GEOMETRIC_REPRESENTATION_CONTEXT(2) 
PARAMETRIC_REPRESENTATION_CONTEXT() REPRESENTATION_CONTEXT('2D SPACE',''
  ) );
#1135 = ORIENTED_EDGE('',*,*,#1064,.F.);
#1136 = ADVANCED_FACE('',(#1137),#756,.T.);
#1137 = FACE_BOUND('',#1138,.T.);
#1138 = EDGE_LOOP('',(#1139,#1159,#1160,#1161));
#1139 = ORIENTED_EDGE('',*,*,#1140,.F.);
#1140 = EDGE_CURVE('',#913,#736,#1141,.T.);
#1141 = SURFACE_CURVE('',#1142,(#1147,#1153),.PCURVE_S1.);
#1142 = CIRCLE('',#1143,1.6);
#1143 = AXIS2_PLACEMENT_3D('',#1144,#1145,#1146);
#1144 = CARTESIAN_POINT('',(30.4,-56.5,3.4));
#1145 = DIRECTION('',(0.,1.,0.));
#1146 = DIRECTION('',(1.,-0.,0.));
#1147 = PCURVE('',#756,#1148);
#1148 = DEFINITIONAL_REPRESENTATION('',(#1149),#1152);
#1149 = B_SPLINE_CURVE_WITH_KNOTS('',1,(#1150,#1151),.UNSPECIFIED.,.F.,
  .F.,(2,2),(0.,1.570796326795),.PIECEWISE_BEZIER_KNOTS.);
#1150 = CARTESIAN_POINT('',(0.,0.));
#1151 = CARTESIAN_POINT('',(0.,1.570796326795));
#1152 = ( GEOMETRIC_REPRESENTATION_CONTEXT(2) 
PARAMETRIC_REPRESENTATION_CONTEXT() REPRESENTATION_CONTEXT('2D SPACE',''
  ) );
#1153 = PCURVE('',#784,#1154);
#1154 = DEFINITIONAL_REPRESENTATION('',(#1155),#1158);
#1155 = B_SPLINE_CURVE_WITH_KNOTS('',1,(#1156,#1157),.UNSPECIFIED.,.F.,
  .F.,(2,2),(0.,1.570796326795),.PIECEWISE_BEZIER_KNOTS.);
#1156 = CARTESIAN_POINT('',(0.,113.));
#1157 = CARTESIAN_POINT('',(-1.570796326795,113.));
#1158 = ( GEOMETRIC_REPRESENTATION_CONTEXT(2) 
PARAMETRIC_REPRESENTATION_CONTEXT() REPRESENTATION_CONTEXT('2D SPACE',''
  ) );
#1159 = ORIENTED_EDGE('',*,*,#937,.T.);
#1160 = ORIENTED_EDGE('',*,*,#1088,.T.);
#1161 = ORIENTED_EDGE('',*,*,#735,.F.);
#1162 = ADVANCED_FACE('',(#1163),#817,.T.);
#1163 = FACE_BOUND('',#1164,.T.);
#1164 = EDGE_LOOP('',(#1165,#1166,#1167,#1187));
#1165 = ORIENTED_EDGE('',*,*,#1116,.F.);
#1166 = ORIENTED_EDGE('',*,*,#1036,.T.);
#1167 = ORIENTED_EDGE('',*,*,#1168,.T.);
#1168 = EDGE_CURVE('',#965,#769,#1169,.T.);
#1169 = SURFACE_CURVE('',#1170,(#1175,#1181),.PCURVE_S1.);
#1170 = CIRCLE('',#1171,1.6);
#1171 = AXIS2_PLACEMENT_3D('',#1172,#1173,#1174);
#1172 = CARTESIAN_POINT('',(30.4,56.5,3.4));
#1173 = DIRECTION('',(-6.123233995737E-17,1.,0.));
#1174 = DIRECTION('',(1.,6.123233995737E-17,0.));
#1175 = PCURVE('',#817,#1176);
#1176 = DEFINITIONAL_REPRESENTATION('',(#1177),#1180);
#1177 = B_SPLINE_CURVE_WITH_KNOTS('',1,(#1178,#1179),.UNSPECIFIED.,.F.,
  .F.,(2,2),(0.,1.570796326795),.PIECEWISE_BEZIER_KNOTS.);
#1178 = CARTESIAN_POINT('',(1.570796326795,0.));
#1179 = CARTESIAN_POINT('',(1.570796326795,1.570796326795));
#1180 = ( GEOMETRIC_REPRESENTATION_CONTEXT(2) 
PARAMETRIC_REPRESENTATION_CONTEXT() REPRESENTATION_CONTEXT('2D SPACE',''
  ) );
#1181 = PCURVE('',#784,#1182);
#1182 = DEFINITIONAL_REPRESENTATION('',(#1183),#1186);
#1183 = B_SPLINE_CURVE_WITH_KNOTS('',1,(#1184,#1185),.UNSPECIFIED.,.F.,
  .F.,(2,2),(0.,1.570796326795),.PIECEWISE_BEZIER_KNOTS.);
#1184 = CARTESIAN_POINT('',(0.,0.));
#1185 = CARTESIAN_POINT('',(-1.570796326795,0.));
#1186 = ( GEOMETRIC_REPRESENTATION_CONTEXT(2) 
PARAMETRIC_REPRESENTATION_CONTEXT() REPRESENTATION_CONTEXT('2D SPACE',''
  ) );
#1187 = ORIENTED_EDGE('',*,*,#796,.F.);
#1188 = ADVANCED_FACE('',(#1189),#784,.T.);
#1189 = FACE_BOUND('',#1190,.F.);
#1190 = EDGE_LOOP('',(#1191,#1192,#1193,#1194));
#1191 = ORIENTED_EDGE('',*,*,#1168,.T.);
#1192 = ORIENTED_EDGE('',*,*,#768,.T.);
#1193 = ORIENTED_EDGE('',*,*,#1140,.F.);
#1194 = ORIENTED_EDGE('',*,*,#987,.F.);
#1195 = ( GEOMETRIC_REPRESENTATION_CONTEXT(3) 
GLOBAL_UNCERTAINTY_ASSIGNED_CONTEXT((#1199)) 
GLOBAL_UNIT_ASSIGNED_CONTEXT((#1196,#1197,#1198)) REPRESENTATION_CONTEXT
('Context #1','3D Context with UNIT and UNCERTAINTY') );
#1196 = ( LENGTH_UNIT() NAMED_UNIT(*) SI_UNIT(.MILLI.,.METRE.) );
#1197 = ( NAMED_UNIT(*) PLANE_ANGLE_UNIT() SI_UNIT($,.RADIAN.) );
#1198 = ( NAMED_UNIT(*) SI_UNIT($,.STERADIAN.) SOLID_ANGLE_UNIT() );
#1199 = UNCERTAINTY_MEASURE_WITH_UNIT(LENGTH_MEASURE(1.E-07),#1196,
  'distance_accuracy_value','confusion accuracy');
#1200 = CONTEXT_DEPENDENT_SHAPE_REPRESENTATION(#1201,#1203);
#1201 = ( REPRESENTATION_RELATIONSHIP('','',#84,#10) 
REPRESENTATION_RELATIONSHIP_WITH_TRANSFORMATION(#1202) 
SHAPE_REPRESENTATION_RELATIONSHIP() );
#1202 = ITEM_DEFINED_TRANSFORMATION('','',#11,#15);
#1203 = PRODUCT_DEFINITION_SHAPE('Placement','Placement of an item',
  #1204);
#1204 = NEXT_ASSEMBLY_USAGE_OCCURRENCE('846','metal.1','',#5,#79,$);
#1205 = PRODUCT_RELATED_PRODUCT_CATEGORY('part',$,(#81));
#1206 = SHAPE_DEFINITION_REPRESENTATION(#1207,#1213);
#1207 = PRODUCT_DEFINITION_SHAPE('','',#1208);
#1208 = PRODUCT_DEFINITION('design','',#1209,#1212);
#1209 = PRODUCT_DEFINITION_FORMATION('','',#1210);
#1210 = PRODUCT('glass.1','glass.1','',(#1211));
#1211 = PRODUCT_CONTEXT('',#2,'mechanical');
#1212 = PRODUCT_DEFINITION_CONTEXT('part definition',#2,'design');
#1213 = ADVANCED_BREP_SHAPE_REPRESENTATION('',(#11,#1214),#1864);
#1214 = MANIFOLD_SOLID_BREP('',#1215);
#1215 = CLOSED_SHELL('',(#1216,#1336,#1414,#1490,#1568,#1644,#1722,#1793
    ,#1842,#1853));
#1216 = ADVANCED_FACE('',(#1217),#1231,.T.);
#1217 = FACE_BOUND('',#1218,.T.);
#1218 = EDGE_LOOP('',(#1219,#1254,#1282,#1310));
#1219 = ORIENTED_EDGE('',*,*,#1220,.T.);
#1220 = EDGE_CURVE('',#1221,#1223,#1225,.T.);
#1221 = VERTEX_POINT('',#1222);
#1222 = CARTESIAN_POINT('',(-31.7,-56.5,0.));
#1223 = VERTEX_POINT('',#1224);
#1224 = CARTESIAN_POINT('',(-31.7,-56.5,0.7));
#1225 = SURFACE_CURVE('',#1226,(#1230,#1242),.PCURVE_S1.);
#1226 = LINE('',#1227,#1228);
#1227 = CARTESIAN_POINT('',(-31.7,-56.5,0.));
#1228 = VECTOR('',#1229,1.);
#1229 = DIRECTION('',(0.,0.,1.));
#1230 = PCURVE('',#1231,#1236);
#1231 = PLANE('',#1232);
#1232 = AXIS2_PLACEMENT_3D('',#1233,#1234,#1235);
#1233 = CARTESIAN_POINT('',(-31.7,-56.5,0.));
#1234 = DIRECTION('',(-1.,0.,0.));
#1235 = DIRECTION('',(0.,1.,0.));
#1236 = DEFINITIONAL_REPRESENTATION('',(#1237),#1241);
#1237 = LINE('',#1238,#1239);
#1238 = CARTESIAN_POINT('',(0.,0.));
#1239 = VECTOR('',#1240,1.);
#1240 = DIRECTION('',(0.,-1.));
#1241 = ( GEOMETRIC_REPRESENTATION_CONTEXT(2) 
PARAMETRIC_REPRESENTATION_CONTEXT() REPRESENTATION_CONTEXT('2D SPACE',''
  ) );
#1242 = PCURVE('',#1243,#1248);
#1243 = CYLINDRICAL_SURFACE('',#1244,8.7);
#1244 = AXIS2_PLACEMENT_3D('',#1245,#1246,#1247);
#1245 = CARTESIAN_POINT('',(-23.,-56.5,0.));
#1246 = DIRECTION('',(-0.,-0.,-1.));
#1247 = DIRECTION('',(1.,0.,0.));
#1248 = DEFINITIONAL_REPRESENTATION('',(#1249),#1253);
#1249 = LINE('',#1250,#1251);
#1250 = CARTESIAN_POINT('',(-3.14159265359,0.));
#1251 = VECTOR('',#1252,1.);
#1252 = DIRECTION('',(-0.,-1.));
#1253 = ( GEOMETRIC_REPRESENTATION_CONTEXT(2) 
PARAMETRIC_REPRESENTATION_CONTEXT() REPRESENTATION_CONTEXT('2D SPACE',''
  ) );
#1254 = ORIENTED_EDGE('',*,*,#1255,.T.);
#1255 = EDGE_CURVE('',#1223,#1256,#1258,.T.);
#1256 = VERTEX_POINT('',#1257);
#1257 = CARTESIAN_POINT('',(-31.7,56.5,0.7));
#1258 = SURFACE_CURVE('',#1259,(#1263,#1270),.PCURVE_S1.);
#1259 = LINE('',#1260,#1261);
#1260 = CARTESIAN_POINT('',(-31.7,0.,0.7));
#1261 = VECTOR('',#1262,1.);
#1262 = DIRECTION('',(0.,1.,0.));
#1263 = PCURVE('',#1231,#1264);
#1264 = DEFINITIONAL_REPRESENTATION('',(#1265),#1269);
#1265 = LINE('',#1266,#1267);
#1266 = CARTESIAN_POINT('',(56.5,-0.7));
#1267 = VECTOR('',#1268,1.);
#1268 = DIRECTION('',(1.,0.));
#1269 = ( GEOMETRIC_REPRESENTATION_CONTEXT(2) 
PARAMETRIC_REPRESENTATION_CONTEXT() REPRESENTATION_CONTEXT('2D SPACE',''
  ) );
#1270 = PCURVE('',#1271,#1276);
#1271 = PLANE('',#1272);
#1272 = AXIS2_PLACEMENT_3D('',#1273,#1274,#1275);
#1273 = CARTESIAN_POINT('',(1.814553809094E-15,-3.32313636332E-15,0.7));
#1274 = DIRECTION('',(0.,0.,1.));
#1275 = DIRECTION('',(1.,0.,-0.));
#1276 = DEFINITIONAL_REPRESENTATION('',(#1277),#1281);
#1277 = LINE('',#1278,#1279);
#1278 = CARTESIAN_POINT('',(-31.7,3.32313636332E-15));
#1279 = VECTOR('',#1280,1.);
#1280 = DIRECTION('',(0.,1.));
#1281 = ( GEOMETRIC_REPRESENTATION_CONTEXT(2) 
PARAMETRIC_REPRESENTATION_CONTEXT() REPRESENTATION_CONTEXT('2D SPACE',''
  ) );
#1282 = ORIENTED_EDGE('',*,*,#1283,.F.);
#1283 = EDGE_CURVE('',#1284,#1256,#1286,.T.);
#1284 = VERTEX_POINT('',#1285);
#1285 = CARTESIAN_POINT('',(-31.7,56.5,0.));
#1286 = SURFACE_CURVE('',#1287,(#1291,#1298),.PCURVE_S1.);
#1287 = LINE('',#1288,#1289);
#1288 = CARTESIAN_POINT('',(-31.7,56.5,0.));
#1289 = VECTOR('',#1290,1.);
#1290 = DIRECTION('',(0.,0.,1.));
#1291 = PCURVE('',#1231,#1292);
#1292 = DEFINITIONAL_REPRESENTATION('',(#1293),#1297);
#1293 = LINE('',#1294,#1295);
#1294 = CARTESIAN_POINT('',(113.,0.));
#1295 = VECTOR('',#1296,1.);
#1296 = DIRECTION('',(0.,-1.));
#1297 = ( GEOMETRIC_REPRESENTATION_CONTEXT(2) 
PARAMETRIC_REPRESENTATION_CONTEXT() REPRESENTATION_CONTEXT('2D SPACE',''
  ) );
#1298 = PCURVE('',#1299,#1304);
#1299 = CYLINDRICAL_SURFACE('',#1300,8.7);
#1300 = AXIS2_PLACEMENT_3D('',#1301,#1302,#1303);
#1301 = CARTESIAN_POINT('',(-23.,56.5,0.));
#1302 = DIRECTION('',(-0.,-0.,-1.));
#1303 = DIRECTION('',(1.,0.,0.));
#1304 = DEFINITIONAL_REPRESENTATION('',(#1305),#1309);
#1305 = LINE('',#1306,#1307);
#1306 = CARTESIAN_POINT('',(-3.14159265359,0.));
#1307 = VECTOR('',#1308,1.);
#1308 = DIRECTION('',(-0.,-1.));
#1309 = ( GEOMETRIC_REPRESENTATION_CONTEXT(2) 
PARAMETRIC_REPRESENTATION_CONTEXT() REPRESENTATION_CONTEXT('2D SPACE',''
  ) );
#1310 = ORIENTED_EDGE('',*,*,#1311,.F.);
#1311 = EDGE_CURVE('',#1221,#1284,#1312,.T.);
#1312 = SURFACE_CURVE('',#1313,(#1317,#1324),.PCURVE_S1.);
#1313 = LINE('',#1314,#1315);
#1314 = CARTESIAN_POINT('',(-31.7,0.,0.));
#1315 = VECTOR('',#1316,1.);
#1316 = DIRECTION('',(0.,1.,0.));
#1317 = PCURVE('',#1231,#1318);
#1318 = DEFINITIONAL_REPRESENTATION('',(#1319),#1323);
#1319 = LINE('',#1320,#1321);
#1320 = CARTESIAN_POINT('',(56.5,0.));
#1321 = VECTOR('',#1322,1.);
#1322 = DIRECTION('',(1.,0.));
#1323 = ( GEOMETRIC_REPRESENTATION_CONTEXT(2) 
PARAMETRIC_REPRESENTATION_CONTEXT() REPRESENTATION_CONTEXT('2D SPACE',''
  ) );
#1324 = PCURVE('',#1325,#1330);
#1325 = PLANE('',#1326);
#1326 = AXIS2_PLACEMENT_3D('',#1327,#1328,#1329);
#1327 = CARTESIAN_POINT('',(1.814553809094E-15,-3.32313636332E-15,0.));
#1328 = DIRECTION('',(0.,0.,1.));
#1329 = DIRECTION('',(1.,0.,-0.));
#1330 = DEFINITIONAL_REPRESENTATION('',(#1331),#1335);
#1331 = LINE('',#1332,#1333);
#1332 = CARTESIAN_POINT('',(-31.7,3.32313636332E-15));
#1333 = VECTOR('',#1334,1.);
#1334 = DIRECTION('',(0.,1.));
#1335 = ( GEOMETRIC_REPRESENTATION_CONTEXT(2) 
PARAMETRIC_REPRESENTATION_CONTEXT() REPRESENTATION_CONTEXT('2D SPACE',''
  ) );
#1336 = ADVANCED_FACE('',(#1337),#1243,.T.);
#1337 = FACE_BOUND('',#1338,.F.);
#1338 = EDGE_LOOP('',(#1339,#1340,#1364,#1392));
#1339 = ORIENTED_EDGE('',*,*,#1220,.T.);
#1340 = ORIENTED_EDGE('',*,*,#1341,.T.);
#1341 = EDGE_CURVE('',#1223,#1342,#1344,.T.);
#1342 = VERTEX_POINT('',#1343);
#1343 = CARTESIAN_POINT('',(-23.,-65.2,0.7));
#1344 = SURFACE_CURVE('',#1345,(#1350,#1357),.PCURVE_S1.);
#1345 = CIRCLE('',#1346,8.7);
#1346 = AXIS2_PLACEMENT_3D('',#1347,#1348,#1349);
#1347 = CARTESIAN_POINT('',(-23.,-56.5,0.7));
#1348 = DIRECTION('',(0.,0.,1.));
#1349 = DIRECTION('',(1.,0.,0.));
#1350 = PCURVE('',#1243,#1351);
#1351 = DEFINITIONAL_REPRESENTATION('',(#1352),#1356);
#1352 = LINE('',#1353,#1354);
#1353 = CARTESIAN_POINT('',(-0.,-0.7));
#1354 = VECTOR('',#1355,1.);
#1355 = DIRECTION('',(-1.,0.));
#1356 = ( GEOMETRIC_REPRESENTATION_CONTEXT(2) 
PARAMETRIC_REPRESENTATION_CONTEXT() REPRESENTATION_CONTEXT('2D SPACE',''
  ) );
#1357 = PCURVE('',#1271,#1358);
#1358 = DEFINITIONAL_REPRESENTATION('',(#1359),#1363);
#1359 = CIRCLE('',#1360,8.7);
#1360 = AXIS2_PLACEMENT_2D('',#1361,#1362);
#1361 = CARTESIAN_POINT('',(-23.,-56.5));
#1362 = DIRECTION('',(1.,0.));
#1363 = ( GEOMETRIC_REPRESENTATION_CONTEXT(2) 
PARAMETRIC_REPRESENTATION_CONTEXT() REPRESENTATION_CONTEXT('2D SPACE',''
  ) );
#1364 = ORIENTED_EDGE('',*,*,#1365,.F.);
#1365 = EDGE_CURVE('',#1366,#1342,#1368,.T.);
#1366 = VERTEX_POINT('',#1367);
#1367 = CARTESIAN_POINT('',(-23.,-65.2,0.));
#1368 = SURFACE_CURVE('',#1369,(#1373,#1380),.PCURVE_S1.);
#1369 = LINE('',#1370,#1371);
#1370 = CARTESIAN_POINT('',(-23.,-65.2,0.));
#1371 = VECTOR('',#1372,1.);
#1372 = DIRECTION('',(0.,0.,1.));
#1373 = PCURVE('',#1243,#1374);
#1374 = DEFINITIONAL_REPRESENTATION('',(#1375),#1379);
#1375 = LINE('',#1376,#1377);
#1376 = CARTESIAN_POINT('',(-4.712388980385,0.));
#1377 = VECTOR('',#1378,1.);
#1378 = DIRECTION('',(-0.,-1.));
#1379 = ( GEOMETRIC_REPRESENTATION_CONTEXT(2) 
PARAMETRIC_REPRESENTATION_CONTEXT() REPRESENTATION_CONTEXT('2D SPACE',''
  ) );
#1380 = PCURVE('',#1381,#1386);
#1381 = PLANE('',#1382);
#1382 = AXIS2_PLACEMENT_3D('',#1383,#1384,#1385);
#1383 = CARTESIAN_POINT('',(-23.,-65.2,0.));
#1384 = DIRECTION('',(0.,1.,0.));
#1385 = DIRECTION('',(1.,0.,0.));
#1386 = DEFINITIONAL_REPRESENTATION('',(#1387),#1391);
#1387 = LINE('',#1388,#1389);
#1388 = CARTESIAN_POINT('',(0.,0.));
#1389 = VECTOR('',#1390,1.);
#1390 = DIRECTION('',(0.,-1.));
#1391 = ( GEOMETRIC_REPRESENTATION_CONTEXT(2) 
PARAMETRIC_REPRESENTATION_CONTEXT() REPRESENTATION_CONTEXT('2D SPACE',''
  ) );
#1392 = ORIENTED_EDGE('',*,*,#1393,.F.);
#1393 = EDGE_CURVE('',#1221,#1366,#1394,.T.);
#1394 = SURFACE_CURVE('',#1395,(#1400,#1407),.PCURVE_S1.);
#1395 = CIRCLE('',#1396,8.7);
#1396 = AXIS2_PLACEMENT_3D('',#1397,#1398,#1399);
#1397 = CARTESIAN_POINT('',(-23.,-56.5,0.));
#1398 = DIRECTION('',(0.,0.,1.));
#1399 = DIRECTION('',(1.,0.,0.));
#1400 = PCURVE('',#1243,#1401);
#1401 = DEFINITIONAL_REPRESENTATION('',(#1402),#1406);
#1402 = LINE('',#1403,#1404);
#1403 = CARTESIAN_POINT('',(-0.,0.));
#1404 = VECTOR('',#1405,1.);
#1405 = DIRECTION('',(-1.,0.));
#1406 = ( GEOMETRIC_REPRESENTATION_CONTEXT(2) 
PARAMETRIC_REPRESENTATION_CONTEXT() REPRESENTATION_CONTEXT('2D SPACE',''
  ) );
#1407 = PCURVE('',#1325,#1408);
#1408 = DEFINITIONAL_REPRESENTATION('',(#1409),#1413);
#1409 = CIRCLE('',#1410,8.7);
#1410 = AXIS2_PLACEMENT_2D('',#1411,#1412);
#1411 = CARTESIAN_POINT('',(-23.,-56.5));
#1412 = DIRECTION('',(1.,0.));
#1413 = ( GEOMETRIC_REPRESENTATION_CONTEXT(2) 
PARAMETRIC_REPRESENTATION_CONTEXT() REPRESENTATION_CONTEXT('2D SPACE',''
  ) );
#1414 = ADVANCED_FACE('',(#1415),#1381,.F.);
#1415 = FACE_BOUND('',#1416,.F.);
#1416 = EDGE_LOOP('',(#1417,#1418,#1441,#1469));
#1417 = ORIENTED_EDGE('',*,*,#1365,.T.);
#1418 = ORIENTED_EDGE('',*,*,#1419,.T.);
#1419 = EDGE_CURVE('',#1342,#1420,#1422,.T.);
#1420 = VERTEX_POINT('',#1421);
#1421 = CARTESIAN_POINT('',(23.,-65.2,0.7));
#1422 = SURFACE_CURVE('',#1423,(#1427,#1434),.PCURVE_S1.);
#1423 = LINE('',#1424,#1425);
#1424 = CARTESIAN_POINT('',(3.552713678801E-15,-65.2,0.7));
#1425 = VECTOR('',#1426,1.);
#1426 = DIRECTION('',(1.,0.,0.));
#1427 = PCURVE('',#1381,#1428);
#1428 = DEFINITIONAL_REPRESENTATION('',(#1429),#1433);
#1429 = LINE('',#1430,#1431);
#1430 = CARTESIAN_POINT('',(23.,-0.7));
#1431 = VECTOR('',#1432,1.);
#1432 = DIRECTION('',(1.,0.));
#1433 = ( GEOMETRIC_REPRESENTATION_CONTEXT(2) 
PARAMETRIC_REPRESENTATION_CONTEXT() REPRESENTATION_CONTEXT('2D SPACE',''
  ) );
#1434 = PCURVE('',#1271,#1435);
#1435 = DEFINITIONAL_REPRESENTATION('',(#1436),#1440);
#1436 = LINE('',#1437,#1438);
#1437 = CARTESIAN_POINT('',(-3.819696969334E-17,-65.2));
#1438 = VECTOR('',#1439,1.);
#1439 = DIRECTION('',(1.,0.));
#1440 = ( GEOMETRIC_REPRESENTATION_CONTEXT(2) 
PARAMETRIC_REPRESENTATION_CONTEXT() REPRESENTATION_CONTEXT('2D SPACE',''
  ) );
#1441 = ORIENTED_EDGE('',*,*,#1442,.F.);
#1442 = EDGE_CURVE('',#1443,#1420,#1445,.T.);
#1443 = VERTEX_POINT('',#1444);
#1444 = CARTESIAN_POINT('',(23.,-65.2,0.));
#1445 = SURFACE_CURVE('',#1446,(#1450,#1457),.PCURVE_S1.);
#1446 = LINE('',#1447,#1448);
#1447 = CARTESIAN_POINT('',(23.,-65.2,0.));
#1448 = VECTOR('',#1449,1.);
#1449 = DIRECTION('',(0.,0.,1.));
#1450 = PCURVE('',#1381,#1451);
#1451 = DEFINITIONAL_REPRESENTATION('',(#1452),#1456);
#1452 = LINE('',#1453,#1454);
#1453 = CARTESIAN_POINT('',(46.,0.));
#1454 = VECTOR('',#1455,1.);
#1455 = DIRECTION('',(0.,-1.));
#1456 = ( GEOMETRIC_REPRESENTATION_CONTEXT(2) 
PARAMETRIC_REPRESENTATION_CONTEXT() REPRESENTATION_CONTEXT('2D SPACE',''
  ) );
#1457 = PCURVE('',#1458,#1463);
#1458 = CYLINDRICAL_SURFACE('',#1459,8.7);
#1459 = AXIS2_PLACEMENT_3D('',#1460,#1461,#1462);
#1460 = CARTESIAN_POINT('',(23.,-56.5,0.));
#1461 = DIRECTION('',(-0.,-0.,-1.));
#1462 = DIRECTION('',(1.,0.,0.));
#1463 = DEFINITIONAL_REPRESENTATION('',(#1464),#1468);
#1464 = LINE('',#1465,#1466);
#1465 = CARTESIAN_POINT('',(-4.712388980385,0.));
#1466 = VECTOR('',#1467,1.);
#1467 = DIRECTION('',(-0.,-1.));
#1468 = ( GEOMETRIC_REPRESENTATION_CONTEXT(2) 
PARAMETRIC_REPRESENTATION_CONTEXT() REPRESENTATION_CONTEXT('2D SPACE',''
  ) );
#1469 = ORIENTED_EDGE('',*,*,#1470,.F.);
#1470 = EDGE_CURVE('',#1366,#1443,#1471,.T.);
#1471 = SURFACE_CURVE('',#1472,(#1476,#1483),.PCURVE_S1.);
#1472 = LINE('',#1473,#1474);
#1473 = CARTESIAN_POINT('',(3.552713678801E-15,-65.2,0.));
#1474 = VECTOR('',#1475,1.);
#1475 = DIRECTION('',(1.,0.,0.));
#1476 = PCURVE('',#1381,#1477);
#1477 = DEFINITIONAL_REPRESENTATION('',(#1478),#1482);
#1478 = LINE('',#1479,#1480);
#1479 = CARTESIAN_POINT('',(23.,0.));
#1480 = VECTOR('',#1481,1.);
#1481 = DIRECTION('',(1.,0.));
#1482 = ( GEOMETRIC_REPRESENTATION_CONTEXT(2) 
PARAMETRIC_REPRESENTATION_CONTEXT() REPRESENTATION_CONTEXT('2D SPACE',''
  ) );
#1483 = PCURVE('',#1325,#1484);
#1484 = DEFINITIONAL_REPRESENTATION('',(#1485),#1489);
#1485 = LINE('',#1486,#1487);
#1486 = CARTESIAN_POINT('',(-3.819696969334E-17,-65.2));
#1487 = VECTOR('',#1488,1.);
#1488 = DIRECTION('',(1.,0.));
#1489 = ( GEOMETRIC_REPRESENTATION_CONTEXT(2) 
PARAMETRIC_REPRESENTATION_CONTEXT() REPRESENTATION_CONTEXT('2D SPACE',''
  ) );
#1490 = ADVANCED_FACE('',(#1491),#1458,.T.);
#1491 = FACE_BOUND('',#1492,.F.);
#1492 = EDGE_LOOP('',(#1493,#1494,#1518,#1546));
#1493 = ORIENTED_EDGE('',*,*,#1442,.T.);
#1494 = ORIENTED_EDGE('',*,*,#1495,.T.);
#1495 = EDGE_CURVE('',#1420,#1496,#1498,.T.);
#1496 = VERTEX_POINT('',#1497);
#1497 = CARTESIAN_POINT('',(31.7,-56.5,0.7));
#1498 = SURFACE_CURVE('',#1499,(#1504,#1511),.PCURVE_S1.);
#1499 = CIRCLE('',#1500,8.7);
#1500 = AXIS2_PLACEMENT_3D('',#1501,#1502,#1503);
#1501 = CARTESIAN_POINT('',(23.,-56.5,0.7));
#1502 = DIRECTION('',(0.,0.,1.));
#1503 = DIRECTION('',(1.,0.,0.));
#1504 = PCURVE('',#1458,#1505);
#1505 = DEFINITIONAL_REPRESENTATION('',(#1506),#1510);
#1506 = LINE('',#1507,#1508);
#1507 = CARTESIAN_POINT('',(-0.,-0.7));
#1508 = VECTOR('',#1509,1.);
#1509 = DIRECTION('',(-1.,0.));
#1510 = ( GEOMETRIC_REPRESENTATION_CONTEXT(2) 
PARAMETRIC_REPRESENTATION_CONTEXT() REPRESENTATION_CONTEXT('2D SPACE',''
  ) );
#1511 = PCURVE('',#1271,#1512);
#1512 = DEFINITIONAL_REPRESENTATION('',(#1513),#1517);
#1513 = CIRCLE('',#1514,8.7);
#1514 = AXIS2_PLACEMENT_2D('',#1515,#1516);
#1515 = CARTESIAN_POINT('',(23.,-56.5));
#1516 = DIRECTION('',(1.,0.));
#1517 = ( GEOMETRIC_REPRESENTATION_CONTEXT(2) 
PARAMETRIC_REPRESENTATION_CONTEXT() REPRESENTATION_CONTEXT('2D SPACE',''
  ) );
#1518 = ORIENTED_EDGE('',*,*,#1519,.F.);
#1519 = EDGE_CURVE('',#1520,#1496,#1522,.T.);
#1520 = VERTEX_POINT('',#1521);
#1521 = CARTESIAN_POINT('',(31.7,-56.5,0.));
#1522 = SURFACE_CURVE('',#1523,(#1527,#1534),.PCURVE_S1.);
#1523 = LINE('',#1524,#1525);
#1524 = CARTESIAN_POINT('',(31.7,-56.5,0.));
#1525 = VECTOR('',#1526,1.);
#1526 = DIRECTION('',(0.,0.,1.));
#1527 = PCURVE('',#1458,#1528);
#1528 = DEFINITIONAL_REPRESENTATION('',(#1529),#1533);
#1529 = LINE('',#1530,#1531);
#1530 = CARTESIAN_POINT('',(-6.28318530718,0.));
#1531 = VECTOR('',#1532,1.);
#1532 = DIRECTION('',(-0.,-1.));
#1533 = ( GEOMETRIC_REPRESENTATION_CONTEXT(2) 
PARAMETRIC_REPRESENTATION_CONTEXT() REPRESENTATION_CONTEXT('2D SPACE',''
  ) );
#1534 = PCURVE('',#1535,#1540);
#1535 = PLANE('',#1536);
#1536 = AXIS2_PLACEMENT_3D('',#1537,#1538,#1539);
#1537 = CARTESIAN_POINT('',(31.7,-56.5,0.));
#1538 = DIRECTION('',(-1.,0.,0.));
#1539 = DIRECTION('',(0.,1.,0.));
#1540 = DEFINITIONAL_REPRESENTATION('',(#1541),#1545);
#1541 = LINE('',#1542,#1543);
#1542 = CARTESIAN_POINT('',(0.,0.));
#1543 = VECTOR('',#1544,1.);
#1544 = DIRECTION('',(0.,-1.));
#1545 = ( GEOMETRIC_REPRESENTATION_CONTEXT(2) 
PARAMETRIC_REPRESENTATION_CONTEXT() REPRESENTATION_CONTEXT('2D SPACE',''
  ) );
#1546 = ORIENTED_EDGE('',*,*,#1547,.F.);
#1547 = EDGE_CURVE('',#1443,#1520,#1548,.T.);
#1548 = SURFACE_CURVE('',#1549,(#1554,#1561),.PCURVE_S1.);
#1549 = CIRCLE('',#1550,8.7);
#1550 = AXIS2_PLACEMENT_3D('',#1551,#1552,#1553);
#1551 = CARTESIAN_POINT('',(23.,-56.5,0.));
#1552 = DIRECTION('',(0.,0.,1.));
#1553 = DIRECTION('',(1.,0.,0.));
#1554 = PCURVE('',#1458,#1555);
#1555 = DEFINITIONAL_REPRESENTATION('',(#1556),#1560);
#1556 = LINE('',#1557,#1558);
#1557 = CARTESIAN_POINT('',(-0.,0.));
#1558 = VECTOR('',#1559,1.);
#1559 = DIRECTION('',(-1.,0.));
#1560 = ( GEOMETRIC_REPRESENTATION_CONTEXT(2) 
PARAMETRIC_REPRESENTATION_CONTEXT() REPRESENTATION_CONTEXT('2D SPACE',''
  ) );
#1561 = PCURVE('',#1325,#1562);
#1562 = DEFINITIONAL_REPRESENTATION('',(#1563),#1567);
#1563 = CIRCLE('',#1564,8.7);
#1564 = AXIS2_PLACEMENT_2D('',#1565,#1566);
#1565 = CARTESIAN_POINT('',(23.,-56.5));
#1566 = DIRECTION('',(1.,0.));
#1567 = ( GEOMETRIC_REPRESENTATION_CONTEXT(2) 
PARAMETRIC_REPRESENTATION_CONTEXT() REPRESENTATION_CONTEXT('2D SPACE',''
  ) );
#1568 = ADVANCED_FACE('',(#1569),#1535,.F.);
#1569 = FACE_BOUND('',#1570,.F.);
#1570 = EDGE_LOOP('',(#1571,#1572,#1595,#1623));
#1571 = ORIENTED_EDGE('',*,*,#1519,.T.);
#1572 = ORIENTED_EDGE('',*,*,#1573,.T.);
#1573 = EDGE_CURVE('',#1496,#1574,#1576,.T.);
#1574 = VERTEX_POINT('',#1575);
#1575 = CARTESIAN_POINT('',(31.7,56.5,0.7));
#1576 = SURFACE_CURVE('',#1577,(#1581,#1588),.PCURVE_S1.);
#1577 = LINE('',#1578,#1579);
#1578 = CARTESIAN_POINT('',(31.7,0.,0.7));
#1579 = VECTOR('',#1580,1.);
#1580 = DIRECTION('',(0.,1.,0.));
#1581 = PCURVE('',#1535,#1582);
#1582 = DEFINITIONAL_REPRESENTATION('',(#1583),#1587);
#1583 = LINE('',#1584,#1585);
#1584 = CARTESIAN_POINT('',(56.5,-0.7));
#1585 = VECTOR('',#1586,1.);
#1586 = DIRECTION('',(1.,0.));
#1587 = ( GEOMETRIC_REPRESENTATION_CONTEXT(2) 
PARAMETRIC_REPRESENTATION_CONTEXT() REPRESENTATION_CONTEXT('2D SPACE',''
  ) );
#1588 = PCURVE('',#1271,#1589);
#1589 = DEFINITIONAL_REPRESENTATION('',(#1590),#1594);
#1590 = LINE('',#1591,#1592);
#1591 = CARTESIAN_POINT('',(31.7,3.32313636332E-15));
#1592 = VECTOR('',#1593,1.);
#1593 = DIRECTION('',(0.,1.));
#1594 = ( GEOMETRIC_REPRESENTATION_CONTEXT(2) 
PARAMETRIC_REPRESENTATION_CONTEXT() REPRESENTATION_CONTEXT('2D SPACE',''
  ) );
#1595 = ORIENTED_EDGE('',*,*,#1596,.F.);
#1596 = EDGE_CURVE('',#1597,#1574,#1599,.T.);
#1597 = VERTEX_POINT('',#1598);
#1598 = CARTESIAN_POINT('',(31.7,56.5,0.));
#1599 = SURFACE_CURVE('',#1600,(#1604,#1611),.PCURVE_S1.);
#1600 = LINE('',#1601,#1602);
#1601 = CARTESIAN_POINT('',(31.7,56.5,0.));
#1602 = VECTOR('',#1603,1.);
#1603 = DIRECTION('',(0.,0.,1.));
#1604 = PCURVE('',#1535,#1605);
#1605 = DEFINITIONAL_REPRESENTATION('',(#1606),#1610);
#1606 = LINE('',#1607,#1608);
#1607 = CARTESIAN_POINT('',(113.,0.));
#1608 = VECTOR('',#1609,1.);
#1609 = DIRECTION('',(0.,-1.));
#1610 = ( GEOMETRIC_REPRESENTATION_CONTEXT(2) 
PARAMETRIC_REPRESENTATION_CONTEXT() REPRESENTATION_CONTEXT('2D SPACE',''
  ) );
#1611 = PCURVE('',#1612,#1617);
#1612 = CYLINDRICAL_SURFACE('',#1613,8.7);
#1613 = AXIS2_PLACEMENT_3D('',#1614,#1615,#1616);
#1614 = CARTESIAN_POINT('',(23.,56.5,0.));
#1615 = DIRECTION('',(-0.,-0.,-1.));
#1616 = DIRECTION('',(1.,0.,0.));
#1617 = DEFINITIONAL_REPRESENTATION('',(#1618),#1622);
#1618 = LINE('',#1619,#1620);
#1619 = CARTESIAN_POINT('',(-0.,0.));
#1620 = VECTOR('',#1621,1.);
#1621 = DIRECTION('',(-0.,-1.));
#1622 = ( GEOMETRIC_REPRESENTATION_CONTEXT(2) 
PARAMETRIC_REPRESENTATION_CONTEXT() REPRESENTATION_CONTEXT('2D SPACE',''
  ) );
#1623 = ORIENTED_EDGE('',*,*,#1624,.F.);
#1624 = EDGE_CURVE('',#1520,#1597,#1625,.T.);
#1625 = SURFACE_CURVE('',#1626,(#1630,#1637),.PCURVE_S1.);
#1626 = LINE('',#1627,#1628);
#1627 = CARTESIAN_POINT('',(31.7,0.,0.));
#1628 = VECTOR('',#1629,1.);
#1629 = DIRECTION('',(0.,1.,0.));
#1630 = PCURVE('',#1535,#1631);
#1631 = DEFINITIONAL_REPRESENTATION('',(#1632),#1636);
#1632 = LINE('',#1633,#1634);
#1633 = CARTESIAN_POINT('',(56.5,0.));
#1634 = VECTOR('',#1635,1.);
#1635 = DIRECTION('',(1.,0.));
#1636 = ( GEOMETRIC_REPRESENTATION_CONTEXT(2) 
PARAMETRIC_REPRESENTATION_CONTEXT() REPRESENTATION_CONTEXT('2D SPACE',''
  ) );
#1637 = PCURVE('',#1325,#1638);
#1638 = DEFINITIONAL_REPRESENTATION('',(#1639),#1643);
#1639 = LINE('',#1640,#1641);
#1640 = CARTESIAN_POINT('',(31.7,3.32313636332E-15));
#1641 = VECTOR('',#1642,1.);
#1642 = DIRECTION('',(0.,1.));
#1643 = ( GEOMETRIC_REPRESENTATION_CONTEXT(2) 
PARAMETRIC_REPRESENTATION_CONTEXT() REPRESENTATION_CONTEXT('2D SPACE',''
  ) );
#1644 = ADVANCED_FACE('',(#1645),#1612,.T.);
#1645 = FACE_BOUND('',#1646,.F.);
#1646 = EDGE_LOOP('',(#1647,#1648,#1672,#1700));
#1647 = ORIENTED_EDGE('',*,*,#1596,.T.);
#1648 = ORIENTED_EDGE('',*,*,#1649,.T.);
#1649 = EDGE_CURVE('',#1574,#1650,#1652,.T.);
#1650 = VERTEX_POINT('',#1651);
#1651 = CARTESIAN_POINT('',(23.,65.2,0.7));
#1652 = SURFACE_CURVE('',#1653,(#1658,#1665),.PCURVE_S1.);
#1653 = CIRCLE('',#1654,8.7);
#1654 = AXIS2_PLACEMENT_3D('',#1655,#1656,#1657);
#1655 = CARTESIAN_POINT('',(23.,56.5,0.7));
#1656 = DIRECTION('',(0.,0.,1.));
#1657 = DIRECTION('',(1.,0.,0.));
#1658 = PCURVE('',#1612,#1659);
#1659 = DEFINITIONAL_REPRESENTATION('',(#1660),#1664);
#1660 = LINE('',#1661,#1662);
#1661 = CARTESIAN_POINT('',(-0.,-0.7));
#1662 = VECTOR('',#1663,1.);
#1663 = DIRECTION('',(-1.,0.));
#1664 = ( GEOMETRIC_REPRESENTATION_CONTEXT(2) 
PARAMETRIC_REPRESENTATION_CONTEXT() REPRESENTATION_CONTEXT('2D SPACE',''
  ) );
#1665 = PCURVE('',#1271,#1666);
#1666 = DEFINITIONAL_REPRESENTATION('',(#1667),#1671);
#1667 = CIRCLE('',#1668,8.7);
#1668 = AXIS2_PLACEMENT_2D('',#1669,#1670);
#1669 = CARTESIAN_POINT('',(23.,56.5));
#1670 = DIRECTION('',(1.,0.));
#1671 = ( GEOMETRIC_REPRESENTATION_CONTEXT(2) 
PARAMETRIC_REPRESENTATION_CONTEXT() REPRESENTATION_CONTEXT('2D SPACE',''
  ) );
#1672 = ORIENTED_EDGE('',*,*,#1673,.F.);
#1673 = EDGE_CURVE('',#1674,#1650,#1676,.T.);
#1674 = VERTEX_POINT('',#1675);
#1675 = CARTESIAN_POINT('',(23.,65.2,0.));
#1676 = SURFACE_CURVE('',#1677,(#1681,#1688),.PCURVE_S1.);
#1677 = LINE('',#1678,#1679);
#1678 = CARTESIAN_POINT('',(23.,65.2,0.));
#1679 = VECTOR('',#1680,1.);
#1680 = DIRECTION('',(0.,0.,1.));
#1681 = PCURVE('',#1612,#1682);
#1682 = DEFINITIONAL_REPRESENTATION('',(#1683),#1687);
#1683 = LINE('',#1684,#1685);
#1684 = CARTESIAN_POINT('',(-1.570796326795,0.));
#1685 = VECTOR('',#1686,1.);
#1686 = DIRECTION('',(-0.,-1.));
#1687 = ( GEOMETRIC_REPRESENTATION_CONTEXT(2) 
PARAMETRIC_REPRESENTATION_CONTEXT() REPRESENTATION_CONTEXT('2D SPACE',''
  ) );
#1688 = PCURVE('',#1689,#1694);
#1689 = PLANE('',#1690);
#1690 = AXIS2_PLACEMENT_3D('',#1691,#1692,#1693);
#1691 = CARTESIAN_POINT('',(-23.,65.2,0.));
#1692 = DIRECTION('',(0.,1.,0.));
#1693 = DIRECTION('',(1.,0.,0.));
#1694 = DEFINITIONAL_REPRESENTATION('',(#1695),#1699);
#1695 = LINE('',#1696,#1697);
#1696 = CARTESIAN_POINT('',(46.,0.));
#1697 = VECTOR('',#1698,1.);
#1698 = DIRECTION('',(0.,-1.));
#1699 = ( GEOMETRIC_REPRESENTATION_CONTEXT(2) 
PARAMETRIC_REPRESENTATION_CONTEXT() REPRESENTATION_CONTEXT('2D SPACE',''
  ) );
#1700 = ORIENTED_EDGE('',*,*,#1701,.F.);
#1701 = EDGE_CURVE('',#1597,#1674,#1702,.T.);
#1702 = SURFACE_CURVE('',#1703,(#1708,#1715),.PCURVE_S1.);
#1703 = CIRCLE('',#1704,8.7);
#1704 = AXIS2_PLACEMENT_3D('',#1705,#1706,#1707);
#1705 = CARTESIAN_POINT('',(23.,56.5,0.));
#1706 = DIRECTION('',(0.,0.,1.));
#1707 = DIRECTION('',(1.,0.,0.));
#1708 = PCURVE('',#1612,#1709);
#1709 = DEFINITIONAL_REPRESENTATION('',(#1710),#1714);
#1710 = LINE('',#1711,#1712);
#1711 = CARTESIAN_POINT('',(-0.,0.));
#1712 = VECTOR('',#1713,1.);
#1713 = DIRECTION('',(-1.,0.));
#1714 = ( GEOMETRIC_REPRESENTATION_CONTEXT(2) 
PARAMETRIC_REPRESENTATION_CONTEXT() REPRESENTATION_CONTEXT('2D SPACE',''
  ) );
#1715 = PCURVE('',#1325,#1716);
#1716 = DEFINITIONAL_REPRESENTATION('',(#1717),#1721);
#1717 = CIRCLE('',#1718,8.7);
#1718 = AXIS2_PLACEMENT_2D('',#1719,#1720);
#1719 = CARTESIAN_POINT('',(23.,56.5));
#1720 = DIRECTION('',(1.,0.));
#1721 = ( GEOMETRIC_REPRESENTATION_CONTEXT(2) 
PARAMETRIC_REPRESENTATION_CONTEXT() REPRESENTATION_CONTEXT('2D SPACE',''
  ) );
#1722 = ADVANCED_FACE('',(#1723),#1689,.T.);
#1723 = FACE_BOUND('',#1724,.T.);
#1724 = EDGE_LOOP('',(#1725,#1750,#1771,#1772));
#1725 = ORIENTED_EDGE('',*,*,#1726,.T.);
#1726 = EDGE_CURVE('',#1727,#1729,#1731,.T.);
#1727 = VERTEX_POINT('',#1728);
#1728 = CARTESIAN_POINT('',(-23.,65.2,0.));
#1729 = VERTEX_POINT('',#1730);
#1730 = CARTESIAN_POINT('',(-23.,65.2,0.7));
#1731 = SURFACE_CURVE('',#1732,(#1736,#1743),.PCURVE_S1.);
#1732 = LINE('',#1733,#1734);
#1733 = CARTESIAN_POINT('',(-23.,65.2,0.));
#1734 = VECTOR('',#1735,1.);
#1735 = DIRECTION('',(0.,0.,1.));
#1736 = PCURVE('',#1689,#1737);
#1737 = DEFINITIONAL_REPRESENTATION('',(#1738),#1742);
#1738 = LINE('',#1739,#1740);
#1739 = CARTESIAN_POINT('',(0.,0.));
#1740 = VECTOR('',#1741,1.);
#1741 = DIRECTION('',(0.,-1.));
#1742 = ( GEOMETRIC_REPRESENTATION_CONTEXT(2) 
PARAMETRIC_REPRESENTATION_CONTEXT() REPRESENTATION_CONTEXT('2D SPACE',''
  ) );
#1743 = PCURVE('',#1299,#1744);
#1744 = DEFINITIONAL_REPRESENTATION('',(#1745),#1749);
#1745 = LINE('',#1746,#1747);
#1746 = CARTESIAN_POINT('',(-1.570796326795,0.));
#1747 = VECTOR('',#1748,1.);
#1748 = DIRECTION('',(-0.,-1.));
#1749 = ( GEOMETRIC_REPRESENTATION_CONTEXT(2) 
PARAMETRIC_REPRESENTATION_CONTEXT() REPRESENTATION_CONTEXT('2D SPACE',''
  ) );
#1750 = ORIENTED_EDGE('',*,*,#1751,.T.);
#1751 = EDGE_CURVE('',#1729,#1650,#1752,.T.);
#1752 = SURFACE_CURVE('',#1753,(#1757,#1764),.PCURVE_S1.);
#1753 = LINE('',#1754,#1755);
#1754 = CARTESIAN_POINT('',(3.552713678801E-15,65.2,0.7));
#1755 = VECTOR('',#1756,1.);
#1756 = DIRECTION('',(1.,0.,0.));
#1757 = PCURVE('',#1689,#1758);
#1758 = DEFINITIONAL_REPRESENTATION('',(#1759),#1763);
#1759 = LINE('',#1760,#1761);
#1760 = CARTESIAN_POINT('',(23.,-0.7));
#1761 = VECTOR('',#1762,1.);
#1762 = DIRECTION('',(1.,0.));
#1763 = ( GEOMETRIC_REPRESENTATION_CONTEXT(2) 
PARAMETRIC_REPRESENTATION_CONTEXT() REPRESENTATION_CONTEXT('2D SPACE',''
  ) );
#1764 = PCURVE('',#1271,#1765);
#1765 = DEFINITIONAL_REPRESENTATION('',(#1766),#1770);
#1766 = LINE('',#1767,#1768);
#1767 = CARTESIAN_POINT('',(-3.819696969334E-17,65.2));
#1768 = VECTOR('',#1769,1.);
#1769 = DIRECTION('',(1.,0.));
#1770 = ( GEOMETRIC_REPRESENTATION_CONTEXT(2) 
PARAMETRIC_REPRESENTATION_CONTEXT() REPRESENTATION_CONTEXT('2D SPACE',''
  ) );
#1771 = ORIENTED_EDGE('',*,*,#1673,.F.);
#1772 = ORIENTED_EDGE('',*,*,#1773,.F.);
#1773 = EDGE_CURVE('',#1727,#1674,#1774,.T.);
#1774 = SURFACE_CURVE('',#1775,(#1779,#1786),.PCURVE_S1.);
#1775 = LINE('',#1776,#1777);
#1776 = CARTESIAN_POINT('',(3.552713678801E-15,65.2,0.));
#1777 = VECTOR('',#1778,1.);
#1778 = DIRECTION('',(1.,0.,0.));
#1779 = PCURVE('',#1689,#1780);
#1780 = DEFINITIONAL_REPRESENTATION('',(#1781),#1785);
#1781 = LINE('',#1782,#1783);
#1782 = CARTESIAN_POINT('',(23.,0.));
#1783 = VECTOR('',#1784,1.);
#1784 = DIRECTION('',(1.,0.));
#1785 = ( GEOMETRIC_REPRESENTATION_CONTEXT(2) 
PARAMETRIC_REPRESENTATION_CONTEXT() REPRESENTATION_CONTEXT('2D SPACE',''
  ) );
#1786 = PCURVE('',#1325,#1787);
#1787 = DEFINITIONAL_REPRESENTATION('',(#1788),#1792);
#1788 = LINE('',#1789,#1790);
#1789 = CARTESIAN_POINT('',(-3.819696969334E-17,65.2));
#1790 = VECTOR('',#1791,1.);
#1791 = DIRECTION('',(1.,0.));
#1792 = ( GEOMETRIC_REPRESENTATION_CONTEXT(2) 
PARAMETRIC_REPRESENTATION_CONTEXT() REPRESENTATION_CONTEXT('2D SPACE',''
  ) );
#1793 = ADVANCED_FACE('',(#1794),#1299,.T.);
#1794 = FACE_BOUND('',#1795,.F.);
#1795 = EDGE_LOOP('',(#1796,#1797,#1819,#1820));
#1796 = ORIENTED_EDGE('',*,*,#1726,.T.);
#1797 = ORIENTED_EDGE('',*,*,#1798,.T.);
#1798 = EDGE_CURVE('',#1729,#1256,#1799,.T.);
#1799 = SURFACE_CURVE('',#1800,(#1805,#1812),.PCURVE_S1.);
#1800 = CIRCLE('',#1801,8.7);
#1801 = AXIS2_PLACEMENT_3D('',#1802,#1803,#1804);
#1802 = CARTESIAN_POINT('',(-23.,56.5,0.7));
#1803 = DIRECTION('',(0.,0.,1.));
#1804 = DIRECTION('',(1.,0.,0.));
#1805 = PCURVE('',#1299,#1806);
#1806 = DEFINITIONAL_REPRESENTATION('',(#1807),#1811);
#1807 = LINE('',#1808,#1809);
#1808 = CARTESIAN_POINT('',(-0.,-0.7));
#1809 = VECTOR('',#1810,1.);
#1810 = DIRECTION('',(-1.,0.));
#1811 = ( GEOMETRIC_REPRESENTATION_CONTEXT(2) 
PARAMETRIC_REPRESENTATION_CONTEXT() REPRESENTATION_CONTEXT('2D SPACE',''
  ) );
#1812 = PCURVE('',#1271,#1813);
#1813 = DEFINITIONAL_REPRESENTATION('',(#1814),#1818);
#1814 = CIRCLE('',#1815,8.7);
#1815 = AXIS2_PLACEMENT_2D('',#1816,#1817);
#1816 = CARTESIAN_POINT('',(-23.,56.5));
#1817 = DIRECTION('',(1.,0.));
#1818 = ( GEOMETRIC_REPRESENTATION_CONTEXT(2) 
PARAMETRIC_REPRESENTATION_CONTEXT() REPRESENTATION_CONTEXT('2D SPACE',''
  ) );
#1819 = ORIENTED_EDGE('',*,*,#1283,.F.);
#1820 = ORIENTED_EDGE('',*,*,#1821,.F.);
#1821 = EDGE_CURVE('',#1727,#1284,#1822,.T.);
#1822 = SURFACE_CURVE('',#1823,(#1828,#1835),.PCURVE_S1.);
#1823 = CIRCLE('',#1824,8.7);
#1824 = AXIS2_PLACEMENT_3D('',#1825,#1826,#1827);
#1825 = CARTESIAN_POINT('',(-23.,56.5,0.));
#1826 = DIRECTION('',(0.,0.,1.));
#1827 = DIRECTION('',(1.,0.,0.));
#1828 = PCURVE('',#1299,#1829);
#1829 = DEFINITIONAL_REPRESENTATION('',(#1830),#1834);
#1830 = LINE('',#1831,#1832);
#1831 = CARTESIAN_POINT('',(-0.,0.));
#1832 = VECTOR('',#1833,1.);
#1833 = DIRECTION('',(-1.,0.));
#1834 = ( GEOMETRIC_REPRESENTATION_CONTEXT(2) 
PARAMETRIC_REPRESENTATION_CONTEXT() REPRESENTATION_CONTEXT('2D SPACE',''
  ) );
#1835 = PCURVE('',#1325,#1836);
#1836 = DEFINITIONAL_REPRESENTATION('',(#1837),#1841);
#1837 = CIRCLE('',#1838,8.7);
#1838 = AXIS2_PLACEMENT_2D('',#1839,#1840);
#1839 = CARTESIAN_POINT('',(-23.,56.5));
#1840 = DIRECTION('',(1.,0.));
#1841 = ( GEOMETRIC_REPRESENTATION_CONTEXT(2) 
PARAMETRIC_REPRESENTATION_CONTEXT() REPRESENTATION_CONTEXT('2D SPACE',''
  ) );
#1842 = ADVANCED_FACE('',(#1843),#1325,.F.);
#1843 = FACE_BOUND('',#1844,.F.);
#1844 = EDGE_LOOP('',(#1845,#1846,#1847,#1848,#1849,#1850,#1851,#1852));
#1845 = ORIENTED_EDGE('',*,*,#1311,.F.);
#1846 = ORIENTED_EDGE('',*,*,#1393,.T.);
#1847 = ORIENTED_EDGE('',*,*,#1470,.T.);
#1848 = ORIENTED_EDGE('',*,*,#1547,.T.);
#1849 = ORIENTED_EDGE('',*,*,#1624,.T.);
#1850 = ORIENTED_EDGE('',*,*,#1701,.T.);
#1851 = ORIENTED_EDGE('',*,*,#1773,.F.);
#1852 = ORIENTED_EDGE('',*,*,#1821,.T.);
#1853 = ADVANCED_FACE('',(#1854),#1271,.T.);
#1854 = FACE_BOUND('',#1855,.T.);
#1855 = EDGE_LOOP('',(#1856,#1857,#1858,#1859,#1860,#1861,#1862,#1863));
#1856 = ORIENTED_EDGE('',*,*,#1255,.F.);
#1857 = ORIENTED_EDGE('',*,*,#1341,.T.);
#1858 = ORIENTED_EDGE('',*,*,#1419,.T.);
#1859 = ORIENTED_EDGE('',*,*,#1495,.T.);
#1860 = ORIENTED_EDGE('',*,*,#1573,.T.);
#1861 = ORIENTED_EDGE('',*,*,#1649,.T.);
#1862 = ORIENTED_EDGE('',*,*,#1751,.F.);
#1863 = ORIENTED_EDGE('',*,*,#1798,.T.);
#1864 = ( GEOMETRIC_REPRESENTATION_CONTEXT(3) 
GLOBAL_UNCERTAINTY_ASSIGNED_CONTEXT((#1868)) 
GLOBAL_UNIT_ASSIGNED_CONTEXT((#1865,#1866,#1867)) REPRESENTATION_CONTEXT
('Context #1','3D Context with UNIT and UNCERTAINTY') );
#1865 = ( LENGTH_UNIT() NAMED_UNIT(*) SI_UNIT(.MILLI.,.METRE.) );
#1866 = ( NAMED_UNIT(*) PLANE_ANGLE_UNIT() SI_UNIT($,.RADIAN.) );
#1867 = ( NAMED_UNIT(*) SI_UNIT($,.STERADIAN.) SOLID_ANGLE_UNIT() );
#1868 = UNCERTAINTY_MEASURE_WITH_UNIT(LENGTH_MEASURE(1.E-07),#1865,
  'distance_accuracy_value','confusion accuracy');
#1869 = CONTEXT_DEPENDENT_SHAPE_REPRESENTATION(#1870,#1872);
#1870 = ( REPRESENTATION_RELATIONSHIP('','',#1213,#10) 
REPRESENTATION_RELATIONSHIP_WITH_TRANSFORMATION(#1871) 
SHAPE_REPRESENTATION_RELATIONSHIP() );
#1871 = ITEM_DEFINED_TRANSFORMATION('','',#11,#19);
#1872 = PRODUCT_DEFINITION_SHAPE('Placement','Placement of an item',
  #1873);
#1873 = NEXT_ASSEMBLY_USAGE_OCCURRENCE('847','glass.1','',#5,#1208,$);
#1874 = PRODUCT_RELATED_PRODUCT_CATEGORY('part',$,(#1210));
#1875 = SHAPE_DEFINITION_REPRESENTATION(#1876,#1882);
#1876 = PRODUCT_DEFINITION_SHAPE('','',#1877);
#1877 = PRODUCT_DEFINITION('design','',#1878,#1881);
#1878 = PRODUCT_DEFINITION_FORMATION('','',#1879);
#1879 = PRODUCT('glass.2','glass.2','',(#1880));
#1880 = PRODUCT_CONTEXT('',#2,'mechanical');
#1881 = PRODUCT_DEFINITION_CONTEXT('part definition',#2,'design');
#1882 = ADVANCED_BREP_SHAPE_REPRESENTATION('',(#11,#1883),#2533);
#1883 = MANIFOLD_SOLID_BREP('',#1884);
#1884 = CLOSED_SHELL('',(#1885,#2005,#2083,#2159,#2237,#2313,#2391,#2462
    ,#2511,#2522));
#1885 = ADVANCED_FACE('',(#1886),#1900,.T.);
#1886 = FACE_BOUND('',#1887,.T.);
#1887 = EDGE_LOOP('',(#1888,#1923,#1951,#1979));
#1888 = ORIENTED_EDGE('',*,*,#1889,.T.);
#1889 = EDGE_CURVE('',#1890,#1892,#1894,.T.);
#1890 = VERTEX_POINT('',#1891);
#1891 = CARTESIAN_POINT('',(-12.,-6.,0.));
#1892 = VERTEX_POINT('',#1893);
#1893 = CARTESIAN_POINT('',(-12.,-6.,1.8));
#1894 = SURFACE_CURVE('',#1895,(#1899,#1911),.PCURVE_S1.);
#1895 = LINE('',#1896,#1897);
#1896 = CARTESIAN_POINT('',(-12.,-6.,0.));
#1897 = VECTOR('',#1898,1.);
#1898 = DIRECTION('',(0.,0.,1.));
#1899 = PCURVE('',#1900,#1905);
#1900 = PLANE('',#1901);
#1901 = AXIS2_PLACEMENT_3D('',#1902,#1903,#1904);
#1902 = CARTESIAN_POINT('',(-12.,-6.,0.));
#1903 = DIRECTION('',(-1.,0.,0.));
#1904 = DIRECTION('',(0.,1.,0.));
#1905 = DEFINITIONAL_REPRESENTATION('',(#1906),#1910);
#1906 = LINE('',#1907,#1908);
#1907 = CARTESIAN_POINT('',(0.,0.));
#1908 = VECTOR('',#1909,1.);
#1909 = DIRECTION('',(0.,-1.));
#1910 = ( GEOMETRIC_REPRESENTATION_CONTEXT(2) 
PARAMETRIC_REPRESENTATION_CONTEXT() REPRESENTATION_CONTEXT('2D SPACE',''
  ) );
#1911 = PCURVE('',#1912,#1917);
#1912 = CYLINDRICAL_SURFACE('',#1913,6.);
#1913 = AXIS2_PLACEMENT_3D('',#1914,#1915,#1916);
#1914 = CARTESIAN_POINT('',(-6.,-6.,0.));
#1915 = DIRECTION('',(-0.,-0.,-1.));
#1916 = DIRECTION('',(1.,0.,0.));
#1917 = DEFINITIONAL_REPRESENTATION('',(#1918),#1922);
#1918 = LINE('',#1919,#1920);
#1919 = CARTESIAN_POINT('',(-3.14159265359,0.));
#1920 = VECTOR('',#1921,1.);
#1921 = DIRECTION('',(-0.,-1.));
#1922 = ( GEOMETRIC_REPRESENTATION_CONTEXT(2) 
PARAMETRIC_REPRESENTATION_CONTEXT() REPRESENTATION_CONTEXT('2D SPACE',''
  ) );
#1923 = ORIENTED_EDGE('',*,*,#1924,.T.);
#1924 = EDGE_CURVE('',#1892,#1925,#1927,.T.);
#1925 = VERTEX_POINT('',#1926);
#1926 = CARTESIAN_POINT('',(-12.,6.,1.8));
#1927 = SURFACE_CURVE('',#1928,(#1932,#1939),.PCURVE_S1.);
#1928 = LINE('',#1929,#1930);
#1929 = CARTESIAN_POINT('',(-12.,0.,1.8));
#1930 = VECTOR('',#1931,1.);
#1931 = DIRECTION('',(0.,1.,0.));
#1932 = PCURVE('',#1900,#1933);
#1933 = DEFINITIONAL_REPRESENTATION('',(#1934),#1938);
#1934 = LINE('',#1935,#1936);
#1935 = CARTESIAN_POINT('',(6.,-1.8));
#1936 = VECTOR('',#1937,1.);
#1937 = DIRECTION('',(1.,0.));
#1938 = ( GEOMETRIC_REPRESENTATION_CONTEXT(2) 
PARAMETRIC_REPRESENTATION_CONTEXT() REPRESENTATION_CONTEXT('2D SPACE',''
  ) );
#1939 = PCURVE('',#1940,#1945);
#1940 = PLANE('',#1941);
#1941 = AXIS2_PLACEMENT_3D('',#1942,#1943,#1944);
#1942 = CARTESIAN_POINT('',(-2.499858854028E-16,3.958109852212E-16,1.8)
  );
#1943 = DIRECTION('',(0.,0.,1.));
#1944 = DIRECTION('',(1.,0.,-0.));
#1945 = DEFINITIONAL_REPRESENTATION('',(#1946),#1950);
#1946 = LINE('',#1947,#1948);
#1947 = CARTESIAN_POINT('',(-12.,-3.958109852212E-16));
#1948 = VECTOR('',#1949,1.);
#1949 = DIRECTION('',(0.,1.));
#1950 = ( GEOMETRIC_REPRESENTATION_CONTEXT(2) 
PARAMETRIC_REPRESENTATION_CONTEXT() REPRESENTATION_CONTEXT('2D SPACE',''
  ) );
#1951 = ORIENTED_EDGE('',*,*,#1952,.F.);
#1952 = EDGE_CURVE('',#1953,#1925,#1955,.T.);
#1953 = VERTEX_POINT('',#1954);
#1954 = CARTESIAN_POINT('',(-12.,6.,0.));
#1955 = SURFACE_CURVE('',#1956,(#1960,#1967),.PCURVE_S1.);
#1956 = LINE('',#1957,#1958);
#1957 = CARTESIAN_POINT('',(-12.,6.,0.));
#1958 = VECTOR('',#1959,1.);
#1959 = DIRECTION('',(0.,0.,1.));
#1960 = PCURVE('',#1900,#1961);
#1961 = DEFINITIONAL_REPRESENTATION('',(#1962),#1966);
#1962 = LINE('',#1963,#1964);
#1963 = CARTESIAN_POINT('',(12.,0.));
#1964 = VECTOR('',#1965,1.);
#1965 = DIRECTION('',(0.,-1.));
#1966 = ( GEOMETRIC_REPRESENTATION_CONTEXT(2) 
PARAMETRIC_REPRESENTATION_CONTEXT() REPRESENTATION_CONTEXT('2D SPACE',''
  ) );
#1967 = PCURVE('',#1968,#1973);
#1968 = CYLINDRICAL_SURFACE('',#1969,6.);
#1969 = AXIS2_PLACEMENT_3D('',#1970,#1971,#1972);
#1970 = CARTESIAN_POINT('',(-6.,6.,0.));
#1971 = DIRECTION('',(-0.,-0.,-1.));
#1972 = DIRECTION('',(1.,0.,0.));
#1973 = DEFINITIONAL_REPRESENTATION('',(#1974),#1978);
#1974 = LINE('',#1975,#1976);
#1975 = CARTESIAN_POINT('',(-3.14159265359,0.));
#1976 = VECTOR('',#1977,1.);
#1977 = DIRECTION('',(-0.,-1.));
#1978 = ( GEOMETRIC_REPRESENTATION_CONTEXT(2) 
PARAMETRIC_REPRESENTATION_CONTEXT() REPRESENTATION_CONTEXT('2D SPACE',''
  ) );
#1979 = ORIENTED_EDGE('',*,*,#1980,.F.);
#1980 = EDGE_CURVE('',#1890,#1953,#1981,.T.);
#1981 = SURFACE_CURVE('',#1982,(#1986,#1993),.PCURVE_S1.);
#1982 = LINE('',#1983,#1984);
#1983 = CARTESIAN_POINT('',(-12.,0.,0.));
#1984 = VECTOR('',#1985,1.);
#1985 = DIRECTION('',(0.,1.,0.));
#1986 = PCURVE('',#1900,#1987);
#1987 = DEFINITIONAL_REPRESENTATION('',(#1988),#1992);
#1988 = LINE('',#1989,#1990);
#1989 = CARTESIAN_POINT('',(6.,0.));
#1990 = VECTOR('',#1991,1.);
#1991 = DIRECTION('',(1.,0.));
#1992 = ( GEOMETRIC_REPRESENTATION_CONTEXT(2) 
PARAMETRIC_REPRESENTATION_CONTEXT() REPRESENTATION_CONTEXT('2D SPACE',''
  ) );
#1993 = PCURVE('',#1994,#1999);
#1994 = PLANE('',#1995);
#1995 = AXIS2_PLACEMENT_3D('',#1996,#1997,#1998);
#1996 = CARTESIAN_POINT('',(-2.499858854028E-16,3.958109852212E-16,0.));
#1997 = DIRECTION('',(0.,0.,1.));
#1998 = DIRECTION('',(1.,0.,-0.));
#1999 = DEFINITIONAL_REPRESENTATION('',(#2000),#2004);
#2000 = LINE('',#2001,#2002);
#2001 = CARTESIAN_POINT('',(-12.,-3.958109852212E-16));
#2002 = VECTOR('',#2003,1.);
#2003 = DIRECTION('',(0.,1.));
#2004 = ( GEOMETRIC_REPRESENTATION_CONTEXT(2) 
PARAMETRIC_REPRESENTATION_CONTEXT() REPRESENTATION_CONTEXT('2D SPACE',''
  ) );
#2005 = ADVANCED_FACE('',(#2006),#1912,.T.);
#2006 = FACE_BOUND('',#2007,.F.);
#2007 = EDGE_LOOP('',(#2008,#2009,#2033,#2061));
#2008 = ORIENTED_EDGE('',*,*,#1889,.T.);
#2009 = ORIENTED_EDGE('',*,*,#2010,.T.);
#2010 = EDGE_CURVE('',#1892,#2011,#2013,.T.);
#2011 = VERTEX_POINT('',#2012);
#2012 = CARTESIAN_POINT('',(-6.,-12.,1.8));
#2013 = SURFACE_CURVE('',#2014,(#2019,#2026),.PCURVE_S1.);
#2014 = CIRCLE('',#2015,6.);
#2015 = AXIS2_PLACEMENT_3D('',#2016,#2017,#2018);
#2016 = CARTESIAN_POINT('',(-6.,-6.,1.8));
#2017 = DIRECTION('',(0.,0.,1.));
#2018 = DIRECTION('',(1.,0.,0.));
#2019 = PCURVE('',#1912,#2020);
#2020 = DEFINITIONAL_REPRESENTATION('',(#2021),#2025);
#2021 = LINE('',#2022,#2023);
#2022 = CARTESIAN_POINT('',(-0.,-1.8));
#2023 = VECTOR('',#2024,1.);
#2024 = DIRECTION('',(-1.,0.));
#2025 = ( GEOMETRIC_REPRESENTATION_CONTEXT(2) 
PARAMETRIC_REPRESENTATION_CONTEXT() REPRESENTATION_CONTEXT('2D SPACE',''
  ) );
#2026 = PCURVE('',#1940,#2027);
#2027 = DEFINITIONAL_REPRESENTATION('',(#2028),#2032);
#2028 = CIRCLE('',#2029,6.);
#2029 = AXIS2_PLACEMENT_2D('',#2030,#2031);
#2030 = CARTESIAN_POINT('',(-6.,-6.));
#2031 = DIRECTION('',(1.,0.));
#2032 = ( GEOMETRIC_REPRESENTATION_CONTEXT(2) 
PARAMETRIC_REPRESENTATION_CONTEXT() REPRESENTATION_CONTEXT('2D SPACE',''
  ) );
#2033 = ORIENTED_EDGE('',*,*,#2034,.F.);
#2034 = EDGE_CURVE('',#2035,#2011,#2037,.T.);
#2035 = VERTEX_POINT('',#2036);
#2036 = CARTESIAN_POINT('',(-6.,-12.,0.));
#2037 = SURFACE_CURVE('',#2038,(#2042,#2049),.PCURVE_S1.);
#2038 = LINE('',#2039,#2040);
#2039 = CARTESIAN_POINT('',(-6.,-12.,0.));
#2040 = VECTOR('',#2041,1.);
#2041 = DIRECTION('',(0.,0.,1.));
#2042 = PCURVE('',#1912,#2043);
#2043 = DEFINITIONAL_REPRESENTATION('',(#2044),#2048);
#2044 = LINE('',#2045,#2046);
#2045 = CARTESIAN_POINT('',(-4.712388980385,0.));
#2046 = VECTOR('',#2047,1.);
#2047 = DIRECTION('',(-0.,-1.));
#2048 = ( GEOMETRIC_REPRESENTATION_CONTEXT(2) 
PARAMETRIC_REPRESENTATION_CONTEXT() REPRESENTATION_CONTEXT('2D SPACE',''
  ) );
#2049 = PCURVE('',#2050,#2055);
#2050 = PLANE('',#2051);
#2051 = AXIS2_PLACEMENT_3D('',#2052,#2053,#2054);
#2052 = CARTESIAN_POINT('',(-6.,-12.,0.));
#2053 = DIRECTION('',(0.,1.,0.));
#2054 = DIRECTION('',(1.,0.,0.));
#2055 = DEFINITIONAL_REPRESENTATION('',(#2056),#2060);
#2056 = LINE('',#2057,#2058);
#2057 = CARTESIAN_POINT('',(0.,0.));
#2058 = VECTOR('',#2059,1.);
#2059 = DIRECTION('',(0.,-1.));
#2060 = ( GEOMETRIC_REPRESENTATION_CONTEXT(2) 
PARAMETRIC_REPRESENTATION_CONTEXT() REPRESENTATION_CONTEXT('2D SPACE',''
  ) );
#2061 = ORIENTED_EDGE('',*,*,#2062,.F.);
#2062 = EDGE_CURVE('',#1890,#2035,#2063,.T.);
#2063 = SURFACE_CURVE('',#2064,(#2069,#2076),.PCURVE_S1.);
#2064 = CIRCLE('',#2065,6.);
#2065 = AXIS2_PLACEMENT_3D('',#2066,#2067,#2068);
#2066 = CARTESIAN_POINT('',(-6.,-6.,0.));
#2067 = DIRECTION('',(0.,0.,1.));
#2068 = DIRECTION('',(1.,0.,0.));
#2069 = PCURVE('',#1912,#2070);
#2070 = DEFINITIONAL_REPRESENTATION('',(#2071),#2075);
#2071 = LINE('',#2072,#2073);
#2072 = CARTESIAN_POINT('',(-0.,0.));
#2073 = VECTOR('',#2074,1.);
#2074 = DIRECTION('',(-1.,0.));
#2075 = ( GEOMETRIC_REPRESENTATION_CONTEXT(2) 
PARAMETRIC_REPRESENTATION_CONTEXT() REPRESENTATION_CONTEXT('2D SPACE',''
  ) );
#2076 = PCURVE('',#1994,#2077);
#2077 = DEFINITIONAL_REPRESENTATION('',(#2078),#2082);
#2078 = CIRCLE('',#2079,6.);
#2079 = AXIS2_PLACEMENT_2D('',#2080,#2081);
#2080 = CARTESIAN_POINT('',(-6.,-6.));
#2081 = DIRECTION('',(1.,0.));
#2082 = ( GEOMETRIC_REPRESENTATION_CONTEXT(2) 
PARAMETRIC_REPRESENTATION_CONTEXT() REPRESENTATION_CONTEXT('2D SPACE',''
  ) );
#2083 = ADVANCED_FACE('',(#2084),#2050,.F.);
#2084 = FACE_BOUND('',#2085,.F.);
#2085 = EDGE_LOOP('',(#2086,#2087,#2110,#2138));
#2086 = ORIENTED_EDGE('',*,*,#2034,.T.);
#2087 = ORIENTED_EDGE('',*,*,#2088,.T.);
#2088 = EDGE_CURVE('',#2011,#2089,#2091,.T.);
#2089 = VERTEX_POINT('',#2090);
#2090 = CARTESIAN_POINT('',(6.,-12.,1.8));
#2091 = SURFACE_CURVE('',#2092,(#2096,#2103),.PCURVE_S1.);
#2092 = LINE('',#2093,#2094);
#2093 = CARTESIAN_POINT('',(0.,-12.,1.8));
#2094 = VECTOR('',#2095,1.);
#2095 = DIRECTION('',(1.,0.,0.));
#2096 = PCURVE('',#2050,#2097);
#2097 = DEFINITIONAL_REPRESENTATION('',(#2098),#2102);
#2098 = LINE('',#2099,#2100);
#2099 = CARTESIAN_POINT('',(6.,-1.8));
#2100 = VECTOR('',#2101,1.);
#2101 = DIRECTION('',(1.,0.));
#2102 = ( GEOMETRIC_REPRESENTATION_CONTEXT(2) 
PARAMETRIC_REPRESENTATION_CONTEXT() REPRESENTATION_CONTEXT('2D SPACE',''
  ) );
#2103 = PCURVE('',#1940,#2104);
#2104 = DEFINITIONAL_REPRESENTATION('',(#2105),#2109);
#2105 = LINE('',#2106,#2107);
#2106 = CARTESIAN_POINT('',(2.499858854028E-16,-12.));
#2107 = VECTOR('',#2108,1.);
#2108 = DIRECTION('',(1.,0.));
#2109 = ( GEOMETRIC_REPRESENTATION_CONTEXT(2) 
PARAMETRIC_REPRESENTATION_CONTEXT() REPRESENTATION_CONTEXT('2D SPACE',''
  ) );
#2110 = ORIENTED_EDGE('',*,*,#2111,.F.);
#2111 = EDGE_CURVE('',#2112,#2089,#2114,.T.);
#2112 = VERTEX_POINT('',#2113);
#2113 = CARTESIAN_POINT('',(6.,-12.,0.));
#2114 = SURFACE_CURVE('',#2115,(#2119,#2126),.PCURVE_S1.);
#2115 = LINE('',#2116,#2117);
#2116 = CARTESIAN_POINT('',(6.,-12.,0.));
#2117 = VECTOR('',#2118,1.);
#2118 = DIRECTION('',(0.,0.,1.));
#2119 = PCURVE('',#2050,#2120);
#2120 = DEFINITIONAL_REPRESENTATION('',(#2121),#2125);
#2121 = LINE('',#2122,#2123);
#2122 = CARTESIAN_POINT('',(12.,0.));
#2123 = VECTOR('',#2124,1.);
#2124 = DIRECTION('',(0.,-1.));
#2125 = ( GEOMETRIC_REPRESENTATION_CONTEXT(2) 
PARAMETRIC_REPRESENTATION_CONTEXT() REPRESENTATION_CONTEXT('2D SPACE',''
  ) );
#2126 = PCURVE('',#2127,#2132);
#2127 = CYLINDRICAL_SURFACE('',#2128,6.);
#2128 = AXIS2_PLACEMENT_3D('',#2129,#2130,#2131);
#2129 = CARTESIAN_POINT('',(6.,-6.,0.));
#2130 = DIRECTION('',(-0.,-0.,-1.));
#2131 = DIRECTION('',(1.,0.,0.));
#2132 = DEFINITIONAL_REPRESENTATION('',(#2133),#2137);
#2133 = LINE('',#2134,#2135);
#2134 = CARTESIAN_POINT('',(-4.712388980385,0.));
#2135 = VECTOR('',#2136,1.);
#2136 = DIRECTION('',(-0.,-1.));
#2137 = ( GEOMETRIC_REPRESENTATION_CONTEXT(2) 
PARAMETRIC_REPRESENTATION_CONTEXT() REPRESENTATION_CONTEXT('2D SPACE',''
  ) );
#2138 = ORIENTED_EDGE('',*,*,#2139,.F.);
#2139 = EDGE_CURVE('',#2035,#2112,#2140,.T.);
#2140 = SURFACE_CURVE('',#2141,(#2145,#2152),.PCURVE_S1.);
#2141 = LINE('',#2142,#2143);
#2142 = CARTESIAN_POINT('',(0.,-12.,0.));
#2143 = VECTOR('',#2144,1.);
#2144 = DIRECTION('',(1.,0.,0.));
#2145 = PCURVE('',#2050,#2146);
#2146 = DEFINITIONAL_REPRESENTATION('',(#2147),#2151);
#2147 = LINE('',#2148,#2149);
#2148 = CARTESIAN_POINT('',(6.,0.));
#2149 = VECTOR('',#2150,1.);
#2150 = DIRECTION('',(1.,0.));
#2151 = ( GEOMETRIC_REPRESENTATION_CONTEXT(2) 
PARAMETRIC_REPRESENTATION_CONTEXT() REPRESENTATION_CONTEXT('2D SPACE',''
  ) );
#2152 = PCURVE('',#1994,#2153);
#2153 = DEFINITIONAL_REPRESENTATION('',(#2154),#2158);
#2154 = LINE('',#2155,#2156);
#2155 = CARTESIAN_POINT('',(2.499858854028E-16,-12.));
#2156 = VECTOR('',#2157,1.);
#2157 = DIRECTION('',(1.,0.));
#2158 = ( GEOMETRIC_REPRESENTATION_CONTEXT(2) 
PARAMETRIC_REPRESENTATION_CONTEXT() REPRESENTATION_CONTEXT('2D SPACE',''
  ) );
#2159 = ADVANCED_FACE('',(#2160),#2127,.T.);
#2160 = FACE_BOUND('',#2161,.F.);
#2161 = EDGE_LOOP('',(#2162,#2163,#2187,#2215));
#2162 = ORIENTED_EDGE('',*,*,#2111,.T.);
#2163 = ORIENTED_EDGE('',*,*,#2164,.T.);
#2164 = EDGE_CURVE('',#2089,#2165,#2167,.T.);
#2165 = VERTEX_POINT('',#2166);
#2166 = CARTESIAN_POINT('',(12.,-6.,1.8));
#2167 = SURFACE_CURVE('',#2168,(#2173,#2180),.PCURVE_S1.);
#2168 = CIRCLE('',#2169,6.);
#2169 = AXIS2_PLACEMENT_3D('',#2170,#2171,#2172);
#2170 = CARTESIAN_POINT('',(6.,-6.,1.8));
#2171 = DIRECTION('',(0.,0.,1.));
#2172 = DIRECTION('',(1.,0.,0.));
#2173 = PCURVE('',#2127,#2174);
#2174 = DEFINITIONAL_REPRESENTATION('',(#2175),#2179);
#2175 = LINE('',#2176,#2177);
#2176 = CARTESIAN_POINT('',(-0.,-1.8));
#2177 = VECTOR('',#2178,1.);
#2178 = DIRECTION('',(-1.,0.));
#2179 = ( GEOMETRIC_REPRESENTATION_CONTEXT(2) 
PARAMETRIC_REPRESENTATION_CONTEXT() REPRESENTATION_CONTEXT('2D SPACE',''
  ) );
#2180 = PCURVE('',#1940,#2181);
#2181 = DEFINITIONAL_REPRESENTATION('',(#2182),#2186);
#2182 = CIRCLE('',#2183,6.);
#2183 = AXIS2_PLACEMENT_2D('',#2184,#2185);
#2184 = CARTESIAN_POINT('',(6.,-6.));
#2185 = DIRECTION('',(1.,0.));
#2186 = ( GEOMETRIC_REPRESENTATION_CONTEXT(2) 
PARAMETRIC_REPRESENTATION_CONTEXT() REPRESENTATION_CONTEXT('2D SPACE',''
  ) );
#2187 = ORIENTED_EDGE('',*,*,#2188,.F.);
#2188 = EDGE_CURVE('',#2189,#2165,#2191,.T.);
#2189 = VERTEX_POINT('',#2190);
#2190 = CARTESIAN_POINT('',(12.,-6.,0.));
#2191 = SURFACE_CURVE('',#2192,(#2196,#2203),.PCURVE_S1.);
#2192 = LINE('',#2193,#2194);
#2193 = CARTESIAN_POINT('',(12.,-6.,0.));
#2194 = VECTOR('',#2195,1.);
#2195 = DIRECTION('',(0.,0.,1.));
#2196 = PCURVE('',#2127,#2197);
#2197 = DEFINITIONAL_REPRESENTATION('',(#2198),#2202);
#2198 = LINE('',#2199,#2200);
#2199 = CARTESIAN_POINT('',(-6.28318530718,0.));
#2200 = VECTOR('',#2201,1.);
#2201 = DIRECTION('',(-0.,-1.));
#2202 = ( GEOMETRIC_REPRESENTATION_CONTEXT(2) 
PARAMETRIC_REPRESENTATION_CONTEXT() REPRESENTATION_CONTEXT('2D SPACE',''
  ) );
#2203 = PCURVE('',#2204,#2209);
#2204 = PLANE('',#2205);
#2205 = AXIS2_PLACEMENT_3D('',#2206,#2207,#2208);
#2206 = CARTESIAN_POINT('',(12.,-6.,0.));
#2207 = DIRECTION('',(-1.,0.,0.));
#2208 = DIRECTION('',(0.,1.,0.));
#2209 = DEFINITIONAL_REPRESENTATION('',(#2210),#2214);
#2210 = LINE('',#2211,#2212);
#2211 = CARTESIAN_POINT('',(0.,0.));
#2212 = VECTOR('',#2213,1.);
#2213 = DIRECTION('',(0.,-1.));
#2214 = ( GEOMETRIC_REPRESENTATION_CONTEXT(2) 
PARAMETRIC_REPRESENTATION_CONTEXT() REPRESENTATION_CONTEXT('2D SPACE',''
  ) );
#2215 = ORIENTED_EDGE('',*,*,#2216,.F.);
#2216 = EDGE_CURVE('',#2112,#2189,#2217,.T.);
#2217 = SURFACE_CURVE('',#2218,(#2223,#2230),.PCURVE_S1.);
#2218 = CIRCLE('',#2219,6.);
#2219 = AXIS2_PLACEMENT_3D('',#2220,#2221,#2222);
#2220 = CARTESIAN_POINT('',(6.,-6.,0.));
#2221 = DIRECTION('',(0.,0.,1.));
#2222 = DIRECTION('',(1.,0.,0.));
#2223 = PCURVE('',#2127,#2224);
#2224 = DEFINITIONAL_REPRESENTATION('',(#2225),#2229);
#2225 = LINE('',#2226,#2227);
#2226 = CARTESIAN_POINT('',(-0.,0.));
#2227 = VECTOR('',#2228,1.);
#2228 = DIRECTION('',(-1.,0.));
#2229 = ( GEOMETRIC_REPRESENTATION_CONTEXT(2) 
PARAMETRIC_REPRESENTATION_CONTEXT() REPRESENTATION_CONTEXT('2D SPACE',''
  ) );
#2230 = PCURVE('',#1994,#2231);
#2231 = DEFINITIONAL_REPRESENTATION('',(#2232),#2236);
#2232 = CIRCLE('',#2233,6.);
#2233 = AXIS2_PLACEMENT_2D('',#2234,#2235);
#2234 = CARTESIAN_POINT('',(6.,-6.));
#2235 = DIRECTION('',(1.,0.));
#2236 = ( GEOMETRIC_REPRESENTATION_CONTEXT(2) 
PARAMETRIC_REPRESENTATION_CONTEXT() REPRESENTATION_CONTEXT('2D SPACE',''
  ) );
#2237 = ADVANCED_FACE('',(#2238),#2204,.F.);
#2238 = FACE_BOUND('',#2239,.F.);
#2239 = EDGE_LOOP('',(#2240,#2241,#2264,#2292));
#2240 = ORIENTED_EDGE('',*,*,#2188,.T.);
#2241 = ORIENTED_EDGE('',*,*,#2242,.T.);
#2242 = EDGE_CURVE('',#2165,#2243,#2245,.T.);
#2243 = VERTEX_POINT('',#2244);
#2244 = CARTESIAN_POINT('',(12.,6.,1.8));
#2245 = SURFACE_CURVE('',#2246,(#2250,#2257),.PCURVE_S1.);
#2246 = LINE('',#2247,#2248);
#2247 = CARTESIAN_POINT('',(12.,0.,1.8));
#2248 = VECTOR('',#2249,1.);
#2249 = DIRECTION('',(0.,1.,0.));
#2250 = PCURVE('',#2204,#2251);
#2251 = DEFINITIONAL_REPRESENTATION('',(#2252),#2256);
#2252 = LINE('',#2253,#2254);
#2253 = CARTESIAN_POINT('',(6.,-1.8));
#2254 = VECTOR('',#2255,1.);
#2255 = DIRECTION('',(1.,0.));
#2256 = ( GEOMETRIC_REPRESENTATION_CONTEXT(2) 
PARAMETRIC_REPRESENTATION_CONTEXT() REPRESENTATION_CONTEXT('2D SPACE',''
  ) );
#2257 = PCURVE('',#1940,#2258);
#2258 = DEFINITIONAL_REPRESENTATION('',(#2259),#2263);
#2259 = LINE('',#2260,#2261);
#2260 = CARTESIAN_POINT('',(12.,-3.958109852212E-16));
#2261 = VECTOR('',#2262,1.);
#2262 = DIRECTION('',(0.,1.));
#2263 = ( GEOMETRIC_REPRESENTATION_CONTEXT(2) 
PARAMETRIC_REPRESENTATION_CONTEXT() REPRESENTATION_CONTEXT('2D SPACE',''
  ) );
#2264 = ORIENTED_EDGE('',*,*,#2265,.F.);
#2265 = EDGE_CURVE('',#2266,#2243,#2268,.T.);
#2266 = VERTEX_POINT('',#2267);
#2267 = CARTESIAN_POINT('',(12.,6.,0.));
#2268 = SURFACE_CURVE('',#2269,(#2273,#2280),.PCURVE_S1.);
#2269 = LINE('',#2270,#2271);
#2270 = CARTESIAN_POINT('',(12.,6.,0.));
#2271 = VECTOR('',#2272,1.);
#2272 = DIRECTION('',(0.,0.,1.));
#2273 = PCURVE('',#2204,#2274);
#2274 = DEFINITIONAL_REPRESENTATION('',(#2275),#2279);
#2275 = LINE('',#2276,#2277);
#2276 = CARTESIAN_POINT('',(12.,0.));
#2277 = VECTOR('',#2278,1.);
#2278 = DIRECTION('',(0.,-1.));
#2279 = ( GEOMETRIC_REPRESENTATION_CONTEXT(2) 
PARAMETRIC_REPRESENTATION_CONTEXT() REPRESENTATION_CONTEXT('2D SPACE',''
  ) );
#2280 = PCURVE('',#2281,#2286);
#2281 = CYLINDRICAL_SURFACE('',#2282,6.);
#2282 = AXIS2_PLACEMENT_3D('',#2283,#2284,#2285);
#2283 = CARTESIAN_POINT('',(6.,6.,0.));
#2284 = DIRECTION('',(-0.,-0.,-1.));
#2285 = DIRECTION('',(1.,0.,0.));
#2286 = DEFINITIONAL_REPRESENTATION('',(#2287),#2291);
#2287 = LINE('',#2288,#2289);
#2288 = CARTESIAN_POINT('',(-0.,0.));
#2289 = VECTOR('',#2290,1.);
#2290 = DIRECTION('',(-0.,-1.));
#2291 = ( GEOMETRIC_REPRESENTATION_CONTEXT(2) 
PARAMETRIC_REPRESENTATION_CONTEXT() REPRESENTATION_CONTEXT('2D SPACE',''
  ) );
#2292 = ORIENTED_EDGE('',*,*,#2293,.F.);
#2293 = EDGE_CURVE('',#2189,#2266,#2294,.T.);
#2294 = SURFACE_CURVE('',#2295,(#2299,#2306),.PCURVE_S1.);
#2295 = LINE('',#2296,#2297);
#2296 = CARTESIAN_POINT('',(12.,0.,0.));
#2297 = VECTOR('',#2298,1.);
#2298 = DIRECTION('',(0.,1.,0.));
#2299 = PCURVE('',#2204,#2300);
#2300 = DEFINITIONAL_REPRESENTATION('',(#2301),#2305);
#2301 = LINE('',#2302,#2303);
#2302 = CARTESIAN_POINT('',(6.,0.));
#2303 = VECTOR('',#2304,1.);
#2304 = DIRECTION('',(1.,0.));
#2305 = ( GEOMETRIC_REPRESENTATION_CONTEXT(2) 
PARAMETRIC_REPRESENTATION_CONTEXT() REPRESENTATION_CONTEXT('2D SPACE',''
  ) );
#2306 = PCURVE('',#1994,#2307);
#2307 = DEFINITIONAL_REPRESENTATION('',(#2308),#2312);
#2308 = LINE('',#2309,#2310);
#2309 = CARTESIAN_POINT('',(12.,-3.958109852212E-16));
#2310 = VECTOR('',#2311,1.);
#2311 = DIRECTION('',(0.,1.));
#2312 = ( GEOMETRIC_REPRESENTATION_CONTEXT(2) 
PARAMETRIC_REPRESENTATION_CONTEXT() REPRESENTATION_CONTEXT('2D SPACE',''
  ) );
#2313 = ADVANCED_FACE('',(#2314),#2281,.T.);
#2314 = FACE_BOUND('',#2315,.F.);
#2315 = EDGE_LOOP('',(#2316,#2317,#2341,#2369));
#2316 = ORIENTED_EDGE('',*,*,#2265,.T.);
#2317 = ORIENTED_EDGE('',*,*,#2318,.T.);
#2318 = EDGE_CURVE('',#2243,#2319,#2321,.T.);
#2319 = VERTEX_POINT('',#2320);
#2320 = CARTESIAN_POINT('',(6.,12.,1.8));
#2321 = SURFACE_CURVE('',#2322,(#2327,#2334),.PCURVE_S1.);
#2322 = CIRCLE('',#2323,6.);
#2323 = AXIS2_PLACEMENT_3D('',#2324,#2325,#2326);
#2324 = CARTESIAN_POINT('',(6.,6.,1.8));
#2325 = DIRECTION('',(0.,0.,1.));
#2326 = DIRECTION('',(1.,0.,0.));
#2327 = PCURVE('',#2281,#2328);
#2328 = DEFINITIONAL_REPRESENTATION('',(#2329),#2333);
#2329 = LINE('',#2330,#2331);
#2330 = CARTESIAN_POINT('',(-0.,-1.8));
#2331 = VECTOR('',#2332,1.);
#2332 = DIRECTION('',(-1.,0.));
#2333 = ( GEOMETRIC_REPRESENTATION_CONTEXT(2) 
PARAMETRIC_REPRESENTATION_CONTEXT() REPRESENTATION_CONTEXT('2D SPACE',''
  ) );
#2334 = PCURVE('',#1940,#2335);
#2335 = DEFINITIONAL_REPRESENTATION('',(#2336),#2340);
#2336 = CIRCLE('',#2337,6.);
#2337 = AXIS2_PLACEMENT_2D('',#2338,#2339);
#2338 = CARTESIAN_POINT('',(6.,6.));
#2339 = DIRECTION('',(1.,0.));
#2340 = ( GEOMETRIC_REPRESENTATION_CONTEXT(2) 
PARAMETRIC_REPRESENTATION_CONTEXT() REPRESENTATION_CONTEXT('2D SPACE',''
  ) );
#2341 = ORIENTED_EDGE('',*,*,#2342,.F.);
#2342 = EDGE_CURVE('',#2343,#2319,#2345,.T.);
#2343 = VERTEX_POINT('',#2344);
#2344 = CARTESIAN_POINT('',(6.,12.,0.));
#2345 = SURFACE_CURVE('',#2346,(#2350,#2357),.PCURVE_S1.);
#2346 = LINE('',#2347,#2348);
#2347 = CARTESIAN_POINT('',(6.,12.,0.));
#2348 = VECTOR('',#2349,1.);
#2349 = DIRECTION('',(0.,0.,1.));
#2350 = PCURVE('',#2281,#2351);
#2351 = DEFINITIONAL_REPRESENTATION('',(#2352),#2356);
#2352 = LINE('',#2353,#2354);
#2353 = CARTESIAN_POINT('',(-1.570796326795,0.));
#2354 = VECTOR('',#2355,1.);
#2355 = DIRECTION('',(-0.,-1.));
#2356 = ( GEOMETRIC_REPRESENTATION_CONTEXT(2) 
PARAMETRIC_REPRESENTATION_CONTEXT() REPRESENTATION_CONTEXT('2D SPACE',''
  ) );
#2357 = PCURVE('',#2358,#2363);
#2358 = PLANE('',#2359);
#2359 = AXIS2_PLACEMENT_3D('',#2360,#2361,#2362);
#2360 = CARTESIAN_POINT('',(-6.,12.,0.));
#2361 = DIRECTION('',(0.,1.,0.));
#2362 = DIRECTION('',(1.,0.,0.));
#2363 = DEFINITIONAL_REPRESENTATION('',(#2364),#2368);
#2364 = LINE('',#2365,#2366);
#2365 = CARTESIAN_POINT('',(12.,0.));
#2366 = VECTOR('',#2367,1.);
#2367 = DIRECTION('',(0.,-1.));
#2368 = ( GEOMETRIC_REPRESENTATION_CONTEXT(2) 
PARAMETRIC_REPRESENTATION_CONTEXT() REPRESENTATION_CONTEXT('2D SPACE',''
  ) );
#2369 = ORIENTED_EDGE('',*,*,#2370,.F.);
#2370 = EDGE_CURVE('',#2266,#2343,#2371,.T.);
#2371 = SURFACE_CURVE('',#2372,(#2377,#2384),.PCURVE_S1.);
#2372 = CIRCLE('',#2373,6.);
#2373 = AXIS2_PLACEMENT_3D('',#2374,#2375,#2376);
#2374 = CARTESIAN_POINT('',(6.,6.,0.));
#2375 = DIRECTION('',(0.,0.,1.));
#2376 = DIRECTION('',(1.,0.,0.));
#2377 = PCURVE('',#2281,#2378);
#2378 = DEFINITIONAL_REPRESENTATION('',(#2379),#2383);
#2379 = LINE('',#2380,#2381);
#2380 = CARTESIAN_POINT('',(-0.,0.));
#2381 = VECTOR('',#2382,1.);
#2382 = DIRECTION('',(-1.,0.));
#2383 = ( GEOMETRIC_REPRESENTATION_CONTEXT(2) 
PARAMETRIC_REPRESENTATION_CONTEXT() REPRESENTATION_CONTEXT('2D SPACE',''
  ) );
#2384 = PCURVE('',#1994,#2385);
#2385 = DEFINITIONAL_REPRESENTATION('',(#2386),#2390);
#2386 = CIRCLE('',#2387,6.);
#2387 = AXIS2_PLACEMENT_2D('',#2388,#2389);
#2388 = CARTESIAN_POINT('',(6.,6.));
#2389 = DIRECTION('',(1.,0.));
#2390 = ( GEOMETRIC_REPRESENTATION_CONTEXT(2) 
PARAMETRIC_REPRESENTATION_CONTEXT() REPRESENTATION_CONTEXT('2D SPACE',''
  ) );
#2391 = ADVANCED_FACE('',(#2392),#2358,.T.);
#2392 = FACE_BOUND('',#2393,.T.);
#2393 = EDGE_LOOP('',(#2394,#2419,#2440,#2441));
#2394 = ORIENTED_EDGE('',*,*,#2395,.T.);
#2395 = EDGE_CURVE('',#2396,#2398,#2400,.T.);
#2396 = VERTEX_POINT('',#2397);
#2397 = CARTESIAN_POINT('',(-6.,12.,0.));
#2398 = VERTEX_POINT('',#2399);
#2399 = CARTESIAN_POINT('',(-6.,12.,1.8));
#2400 = SURFACE_CURVE('',#2401,(#2405,#2412),.PCURVE_S1.);
#2401 = LINE('',#2402,#2403);
#2402 = CARTESIAN_POINT('',(-6.,12.,0.));
#2403 = VECTOR('',#2404,1.);
#2404 = DIRECTION('',(0.,0.,1.));
#2405 = PCURVE('',#2358,#2406);
#2406 = DEFINITIONAL_REPRESENTATION('',(#2407),#2411);
#2407 = LINE('',#2408,#2409);
#2408 = CARTESIAN_POINT('',(0.,0.));
#2409 = VECTOR('',#2410,1.);
#2410 = DIRECTION('',(0.,-1.));
#2411 = ( GEOMETRIC_REPRESENTATION_CONTEXT(2) 
PARAMETRIC_REPRESENTATION_CONTEXT() REPRESENTATION_CONTEXT('2D SPACE',''
  ) );
#2412 = PCURVE('',#1968,#2413);
#2413 = DEFINITIONAL_REPRESENTATION('',(#2414),#2418);
#2414 = LINE('',#2415,#2416);
#2415 = CARTESIAN_POINT('',(-1.570796326795,0.));
#2416 = VECTOR('',#2417,1.);
#2417 = DIRECTION('',(-0.,-1.));
#2418 = ( GEOMETRIC_REPRESENTATION_CONTEXT(2) 
PARAMETRIC_REPRESENTATION_CONTEXT() REPRESENTATION_CONTEXT('2D SPACE',''
  ) );
#2419 = ORIENTED_EDGE('',*,*,#2420,.T.);
#2420 = EDGE_CURVE('',#2398,#2319,#2421,.T.);
#2421 = SURFACE_CURVE('',#2422,(#2426,#2433),.PCURVE_S1.);
#2422 = LINE('',#2423,#2424);
#2423 = CARTESIAN_POINT('',(0.,12.,1.8));
#2424 = VECTOR('',#2425,1.);
#2425 = DIRECTION('',(1.,0.,0.));
#2426 = PCURVE('',#2358,#2427);
#2427 = DEFINITIONAL_REPRESENTATION('',(#2428),#2432);
#2428 = LINE('',#2429,#2430);
#2429 = CARTESIAN_POINT('',(6.,-1.8));
#2430 = VECTOR('',#2431,1.);
#2431 = DIRECTION('',(1.,0.));
#2432 = ( GEOMETRIC_REPRESENTATION_CONTEXT(2) 
PARAMETRIC_REPRESENTATION_CONTEXT() REPRESENTATION_CONTEXT('2D SPACE',''
  ) );
#2433 = PCURVE('',#1940,#2434);
#2434 = DEFINITIONAL_REPRESENTATION('',(#2435),#2439);
#2435 = LINE('',#2436,#2437);
#2436 = CARTESIAN_POINT('',(2.499858854028E-16,12.));
#2437 = VECTOR('',#2438,1.);
#2438 = DIRECTION('',(1.,0.));
#2439 = ( GEOMETRIC_REPRESENTATION_CONTEXT(2) 
PARAMETRIC_REPRESENTATION_CONTEXT() REPRESENTATION_CONTEXT('2D SPACE',''
  ) );
#2440 = ORIENTED_EDGE('',*,*,#2342,.F.);
#2441 = ORIENTED_EDGE('',*,*,#2442,.F.);
#2442 = EDGE_CURVE('',#2396,#2343,#2443,.T.);
#2443 = SURFACE_CURVE('',#2444,(#2448,#2455),.PCURVE_S1.);
#2444 = LINE('',#2445,#2446);
#2445 = CARTESIAN_POINT('',(0.,12.,0.));
#2446 = VECTOR('',#2447,1.);
#2447 = DIRECTION('',(1.,0.,0.));
#2448 = PCURVE('',#2358,#2449);
#2449 = DEFINITIONAL_REPRESENTATION('',(#2450),#2454);
#2450 = LINE('',#2451,#2452);
#2451 = CARTESIAN_POINT('',(6.,0.));
#2452 = VECTOR('',#2453,1.);
#2453 = DIRECTION('',(1.,0.));
#2454 = ( GEOMETRIC_REPRESENTATION_CONTEXT(2) 
PARAMETRIC_REPRESENTATION_CONTEXT() REPRESENTATION_CONTEXT('2D SPACE',''
  ) );
#2455 = PCURVE('',#1994,#2456);
#2456 = DEFINITIONAL_REPRESENTATION('',(#2457),#2461);
#2457 = LINE('',#2458,#2459);
#2458 = CARTESIAN_POINT('',(2.499858854028E-16,12.));
#2459 = VECTOR('',#2460,1.);
#2460 = DIRECTION('',(1.,0.));
#2461 = ( GEOMETRIC_REPRESENTATION_CONTEXT(2) 
PARAMETRIC_REPRESENTATION_CONTEXT() REPRESENTATION_CONTEXT('2D SPACE',''
  ) );
#2462 = ADVANCED_FACE('',(#2463),#1968,.T.);
#2463 = FACE_BOUND('',#2464,.F.);
#2464 = EDGE_LOOP('',(#2465,#2466,#2488,#2489));
#2465 = ORIENTED_EDGE('',*,*,#2395,.T.);
#2466 = ORIENTED_EDGE('',*,*,#2467,.T.);
#2467 = EDGE_CURVE('',#2398,#1925,#2468,.T.);
#2468 = SURFACE_CURVE('',#2469,(#2474,#2481),.PCURVE_S1.);
#2469 = CIRCLE('',#2470,6.);
#2470 = AXIS2_PLACEMENT_3D('',#2471,#2472,#2473);
#2471 = CARTESIAN_POINT('',(-6.,6.,1.8));
#2472 = DIRECTION('',(0.,0.,1.));
#2473 = DIRECTION('',(1.,0.,0.));
#2474 = PCURVE('',#1968,#2475);
#2475 = DEFINITIONAL_REPRESENTATION('',(#2476),#2480);
#2476 = LINE('',#2477,#2478);
#2477 = CARTESIAN_POINT('',(-0.,-1.8));
#2478 = VECTOR('',#2479,1.);
#2479 = DIRECTION('',(-1.,0.));
#2480 = ( GEOMETRIC_REPRESENTATION_CONTEXT(2) 
PARAMETRIC_REPRESENTATION_CONTEXT() REPRESENTATION_CONTEXT('2D SPACE',''
  ) );
#2481 = PCURVE('',#1940,#2482);
#2482 = DEFINITIONAL_REPRESENTATION('',(#2483),#2487);
#2483 = CIRCLE('',#2484,6.);
#2484 = AXIS2_PLACEMENT_2D('',#2485,#2486);
#2485 = CARTESIAN_POINT('',(-6.,6.));
#2486 = DIRECTION('',(1.,0.));
#2487 = ( GEOMETRIC_REPRESENTATION_CONTEXT(2) 
PARAMETRIC_REPRESENTATION_CONTEXT() REPRESENTATION_CONTEXT('2D SPACE',''
  ) );
#2488 = ORIENTED_EDGE('',*,*,#1952,.F.);
#2489 = ORIENTED_EDGE('',*,*,#2490,.F.);
#2490 = EDGE_CURVE('',#2396,#1953,#2491,.T.);
#2491 = SURFACE_CURVE('',#2492,(#2497,#2504),.PCURVE_S1.);
#2492 = CIRCLE('',#2493,6.);
#2493 = AXIS2_PLACEMENT_3D('',#2494,#2495,#2496);
#2494 = CARTESIAN_POINT('',(-6.,6.,0.));
#2495 = DIRECTION('',(0.,0.,1.));
#2496 = DIRECTION('',(1.,0.,0.));
#2497 = PCURVE('',#1968,#2498);
#2498 = DEFINITIONAL_REPRESENTATION('',(#2499),#2503);
#2499 = LINE('',#2500,#2501);
#2500 = CARTESIAN_POINT('',(-0.,0.));
#2501 = VECTOR('',#2502,1.);
#2502 = DIRECTION('',(-1.,0.));
#2503 = ( GEOMETRIC_REPRESENTATION_CONTEXT(2) 
PARAMETRIC_REPRESENTATION_CONTEXT() REPRESENTATION_CONTEXT('2D SPACE',''
  ) );
#2504 = PCURVE('',#1994,#2505);
#2505 = DEFINITIONAL_REPRESENTATION('',(#2506),#2510);
#2506 = CIRCLE('',#2507,6.);
#2507 = AXIS2_PLACEMENT_2D('',#2508,#2509);
#2508 = CARTESIAN_POINT('',(-6.,6.));
#2509 = DIRECTION('',(1.,0.));
#2510 = ( GEOMETRIC_REPRESENTATION_CONTEXT(2) 
PARAMETRIC_REPRESENTATION_CONTEXT() REPRESENTATION_CONTEXT('2D SPACE',''
  ) );
#2511 = ADVANCED_FACE('',(#2512),#1994,.F.);
#2512 = FACE_BOUND('',#2513,.F.);
#2513 = EDGE_LOOP('',(#2514,#2515,#2516,#2517,#2518,#2519,#2520,#2521));
#2514 = ORIENTED_EDGE('',*,*,#1980,.F.);
#2515 = ORIENTED_EDGE('',*,*,#2062,.T.);
#2516 = ORIENTED_EDGE('',*,*,#2139,.T.);
#2517 = ORIENTED_EDGE('',*,*,#2216,.T.);
#2518 = ORIENTED_EDGE('',*,*,#2293,.T.);
#2519 = ORIENTED_EDGE('',*,*,#2370,.T.);
#2520 = ORIENTED_EDGE('',*,*,#2442,.F.);
#2521 = ORIENTED_EDGE('',*,*,#2490,.T.);
#2522 = ADVANCED_FACE('',(#2523),#1940,.T.);
#2523 = FACE_BOUND('',#2524,.T.);
#2524 = EDGE_LOOP('',(#2525,#2526,#2527,#2528,#2529,#2530,#2531,#2532));
#2525 = ORIENTED_EDGE('',*,*,#1924,.F.);
#2526 = ORIENTED_EDGE('',*,*,#2010,.T.);
#2527 = ORIENTED_EDGE('',*,*,#2088,.T.);
#2528 = ORIENTED_EDGE('',*,*,#2164,.T.);
#2529 = ORIENTED_EDGE('',*,*,#2242,.T.);
#2530 = ORIENTED_EDGE('',*,*,#2318,.T.);
#2531 = ORIENTED_EDGE('',*,*,#2420,.F.);
#2532 = ORIENTED_EDGE('',*,*,#2467,.T.);
#2533 = ( GEOMETRIC_REPRESENTATION_CONTEXT(3) 
GLOBAL_UNCERTAINTY_ASSIGNED_CONTEXT((#2537)) 
GLOBAL_UNIT_ASSIGNED_CONTEXT((#2534,#2535,#2536)) REPRESENTATION_CONTEXT
('Context #1','3D Context with UNIT and UNCERTAINTY') );
#2534 = ( LENGTH_UNIT() NAMED_UNIT(*) SI_UNIT(.MILLI.,.METRE.) );
#2535 = ( NAMED_UNIT(*) PLANE_ANGLE_UNIT() SI_UNIT($,.RADIAN.) );
#2536 = ( NAMED_UNIT(*) SI_UNIT($,.STERADIAN.) SOLID_ANGLE_UNIT() );
#2537 = UNCERTAINTY_MEASURE_WITH_UNIT(LENGTH_MEASURE(1.E-07),#2534,
  'distance_accuracy_value','confusion accuracy');
#2538 = CONTEXT_DEPENDENT_SHAPE_REPRESENTATION(#2539,#2541);
#2539 = ( REPRESENTATION_RELATIONSHIP('','',#1882,#10) 
REPRESENTATION_RELATIONSHIP_WITH_TRANSFORMATION(#2540) 
SHAPE_REPRESENTATION_RELATIONSHIP() );
#2540 = ITEM_DEFINED_TRANSFORMATION('','',#11,#23);
#2541 = PRODUCT_DEFINITION_SHAPE('Placement','Placement of an item',
  #2542);
#2542 = NEXT_ASSEMBLY_USAGE_OCCURRENCE('848','glass.2','',#5,#1877,$);
#2543 = PRODUCT_RELATED_PRODUCT_CATEGORY('part',$,(#1879));
#2544 = SHAPE_DEFINITION_REPRESENTATION(#2545,#2551);
#2545 = PRODUCT_DEFINITION_SHAPE('','',#2546);
#2546 = PRODUCT_DEFINITION('design','',#2547,#2550);
#2547 = PRODUCT_DEFINITION_FORMATION('','',#2548);
#2548 = PRODUCT('metal.2','metal.2','',(#2549));
#2549 = PRODUCT_CONTEXT('',#2,'mechanical');
#2550 = PRODUCT_DEFINITION_CONTEXT('part definition',#2,'design');
#2551 = ADVANCED_BREP_SHAPE_REPRESENTATION('',(#11,#2552),#2650);
#2552 = MANIFOLD_SOLID_BREP('',#2553);
#2553 = CLOSED_SHELL('',(#2554,#2642,#2646));
#2554 = ADVANCED_FACE('',(#2555),#2568,.T.);
#2555 = FACE_BOUND('',#2556,.T.);
#2556 = EDGE_LOOP('',(#2557,#2591,#2614,#2641));
#2557 = ORIENTED_EDGE('',*,*,#2558,.F.);
#2558 = EDGE_CURVE('',#2559,#2559,#2561,.T.);
#2559 = VERTEX_POINT('',#2560);
#2560 = CARTESIAN_POINT('',(6.72,-1.645925298054E-15,1.2));
#2561 = SURFACE_CURVE('',#2562,(#2567,#2579),.PCURVE_S1.);
#2562 = CIRCLE('',#2563,6.72);
#2563 = AXIS2_PLACEMENT_3D('',#2564,#2565,#2566);
#2564 = CARTESIAN_POINT('',(0.,0.,1.2));
#2565 = DIRECTION('',(0.,0.,1.));
#2566 = DIRECTION('',(1.,0.,-0.));
#2567 = PCURVE('',#2568,#2573);
#2568 = CYLINDRICAL_SURFACE('',#2569,6.72);
#2569 = AXIS2_PLACEMENT_3D('',#2570,#2571,#2572);
#2570 = CARTESIAN_POINT('',(0.,0.,0.));
#2571 = DIRECTION('',(0.,0.,1.));
#2572 = DIRECTION('',(1.,0.,-0.));
#2573 = DEFINITIONAL_REPRESENTATION('',(#2574),#2578);
#2574 = LINE('',#2575,#2576);
#2575 = CARTESIAN_POINT('',(0.,1.2));
#2576 = VECTOR('',#2577,1.);
#2577 = DIRECTION('',(1.,0.));
#2578 = ( GEOMETRIC_REPRESENTATION_CONTEXT(2) 
PARAMETRIC_REPRESENTATION_CONTEXT() REPRESENTATION_CONTEXT('2D SPACE',''
  ) );
#2579 = PCURVE('',#2580,#2585);
#2580 = PLANE('',#2581);
#2581 = AXIS2_PLACEMENT_3D('',#2582,#2583,#2584);
#2582 = CARTESIAN_POINT('',(0.,0.,1.2));
#2583 = DIRECTION('',(0.,0.,1.));
#2584 = DIRECTION('',(1.,0.,-0.));
#2585 = DEFINITIONAL_REPRESENTATION('',(#2586),#2590);
#2586 = CIRCLE('',#2587,6.72);
#2587 = AXIS2_PLACEMENT_2D('',#2588,#2589);
#2588 = CARTESIAN_POINT('',(0.,0.));
#2589 = DIRECTION('',(1.,0.));
#2590 = ( GEOMETRIC_REPRESENTATION_CONTEXT(2) 
PARAMETRIC_REPRESENTATION_CONTEXT() REPRESENTATION_CONTEXT('2D SPACE',''
  ) );
#2591 = ORIENTED_EDGE('',*,*,#2592,.F.);
#2592 = EDGE_CURVE('',#2593,#2559,#2595,.T.);
#2593 = VERTEX_POINT('',#2594);
#2594 = CARTESIAN_POINT('',(6.72,-1.645925298054E-15,0.));
#2595 = SEAM_CURVE('',#2596,(#2600,#2607),.PCURVE_S1.);
#2596 = LINE('',#2597,#2598);
#2597 = CARTESIAN_POINT('',(6.72,-1.645925298054E-15,0.));
#2598 = VECTOR('',#2599,1.);
#2599 = DIRECTION('',(0.,0.,1.));
#2600 = PCURVE('',#2568,#2601);
#2601 = DEFINITIONAL_REPRESENTATION('',(#2602),#2606);
#2602 = LINE('',#2603,#2604);
#2603 = CARTESIAN_POINT('',(6.28318530718,-0.));
#2604 = VECTOR('',#2605,1.);
#2605 = DIRECTION('',(0.,1.));
#2606 = ( GEOMETRIC_REPRESENTATION_CONTEXT(2) 
PARAMETRIC_REPRESENTATION_CONTEXT() REPRESENTATION_CONTEXT('2D SPACE',''
  ) );
#2607 = PCURVE('',#2568,#2608);
#2608 = DEFINITIONAL_REPRESENTATION('',(#2609),#2613);
#2609 = LINE('',#2610,#2611);
#2610 = CARTESIAN_POINT('',(0.,-0.));
#2611 = VECTOR('',#2612,1.);
#2612 = DIRECTION('',(0.,1.));
#2613 = ( GEOMETRIC_REPRESENTATION_CONTEXT(2) 
PARAMETRIC_REPRESENTATION_CONTEXT() REPRESENTATION_CONTEXT('2D SPACE',''
  ) );
#2614 = ORIENTED_EDGE('',*,*,#2615,.T.);
#2615 = EDGE_CURVE('',#2593,#2593,#2616,.T.);
#2616 = SURFACE_CURVE('',#2617,(#2622,#2629),.PCURVE_S1.);
#2617 = CIRCLE('',#2618,6.72);
#2618 = AXIS2_PLACEMENT_3D('',#2619,#2620,#2621);
#2619 = CARTESIAN_POINT('',(0.,0.,0.));
#2620 = DIRECTION('',(0.,0.,1.));
#2621 = DIRECTION('',(1.,0.,-0.));
#2622 = PCURVE('',#2568,#2623);
#2623 = DEFINITIONAL_REPRESENTATION('',(#2624),#2628);
#2624 = LINE('',#2625,#2626);
#2625 = CARTESIAN_POINT('',(0.,0.));
#2626 = VECTOR('',#2627,1.);
#2627 = DIRECTION('',(1.,0.));
#2628 = ( GEOMETRIC_REPRESENTATION_CONTEXT(2) 
PARAMETRIC_REPRESENTATION_CONTEXT() REPRESENTATION_CONTEXT('2D SPACE',''
  ) );
#2629 = PCURVE('',#2630,#2635);
#2630 = PLANE('',#2631);
#2631 = AXIS2_PLACEMENT_3D('',#2632,#2633,#2634);
#2632 = CARTESIAN_POINT('',(0.,0.,0.));
#2633 = DIRECTION('',(0.,0.,1.));
#2634 = DIRECTION('',(1.,0.,-0.));
#2635 = DEFINITIONAL_REPRESENTATION('',(#2636),#2640);
#2636 = CIRCLE('',#2637,6.72);
#2637 = AXIS2_PLACEMENT_2D('',#2638,#2639);
#2638 = CARTESIAN_POINT('',(0.,0.));
#2639 = DIRECTION('',(1.,0.));
#2640 = ( GEOMETRIC_REPRESENTATION_CONTEXT(2) 
PARAMETRIC_REPRESENTATION_CONTEXT() REPRESENTATION_CONTEXT('2D SPACE',''
  ) );
#2641 = ORIENTED_EDGE('',*,*,#2592,.T.);
#2642 = ADVANCED_FACE('',(#2643),#2580,.T.);
#2643 = FACE_BOUND('',#2644,.T.);
#2644 = EDGE_LOOP('',(#2645));
#2645 = ORIENTED_EDGE('',*,*,#2558,.T.);
#2646 = ADVANCED_FACE('',(#2647),#2630,.F.);
#2647 = FACE_BOUND('',#2648,.T.);
#2648 = EDGE_LOOP('',(#2649));
#2649 = ORIENTED_EDGE('',*,*,#2615,.F.);
#2650 = ( GEOMETRIC_REPRESENTATION_CONTEXT(3) 
GLOBAL_UNCERTAINTY_ASSIGNED_CONTEXT((#2654)) 
GLOBAL_UNIT_ASSIGNED_CONTEXT((#2651,#2652,#2653)) REPRESENTATION_CONTEXT
('Context #1','3D Context with UNIT and UNCERTAINTY') );
#2651 = ( LENGTH_UNIT() NAMED_UNIT(*) SI_UNIT(.MILLI.,.METRE.) );
#2652 = ( NAMED_UNIT(*) PLANE_ANGLE_UNIT() SI_UNIT($,.RADIAN.) );
#2653 = ( NAMED_UNIT(*) SI_UNIT($,.STERADIAN.) SOLID_ANGLE_UNIT() );
#2654 = UNCERTAINTY_MEASURE_WITH_UNIT(LENGTH_MEASURE(1.E-07),#2651,
  'distance_accuracy_value','confusion accuracy');
#2655 = CONTEXT_DEPENDENT_SHAPE_REPRESENTATION(#2656,#2658);
#2656 = ( REPRESENTATION_RELATIONSHIP('','',#2551,#10) 
REPRESENTATION_RELATIONSHIP_WITH_TRANSFORMATION(#2657) 
SHAPE_REPRESENTATION_RELATIONSHIP() );
#2657 = ITEM_DEFINED_TRANSFORMATION('','',#11,#27);
#2658 = PRODUCT_DEFINITION_SHAPE('Placement','Placement of an item',
  #2659);
#2659 = NEXT_ASSEMBLY_USAGE_OCCURRENCE('849','metal.2','',#5,#2546,$);
#2660 = PRODUCT_RELATED_PRODUCT_CATEGORY('part',$,(#2548));
#2661 = SHAPE_DEFINITION_REPRESENTATION(#2662,#2668);
#2662 = PRODUCT_DEFINITION_SHAPE('','',#2663);
#2663 = PRODUCT_DEFINITION('design','',#2664,#2667);
#2664 = PRODUCT_DEFINITION_FORMATION('','',#2665);
#2665 = PRODUCT('glass.3','glass.3','',(#2666));
#2666 = PRODUCT_CONTEXT('',#2,'mechanical');
#2667 = PRODUCT_DEFINITION_CONTEXT('part definition',#2,'design');
#2668 = ADVANCED_BREP_SHAPE_REPRESENTATION('',(#11,#2669),#2767);
#2669 = MANIFOLD_SOLID_BREP('',#2670);
#2670 = CLOSED_SHELL('',(#2671,#2759,#2763));
#2671 = ADVANCED_FACE('',(#2672),#2685,.T.);
#2672 = FACE_BOUND('',#2673,.T.);
#2673 = EDGE_LOOP('',(#2674,#2708,#2731,#2758));
#2674 = ORIENTED_EDGE('',*,*,#2675,.F.);
#2675 = EDGE_CURVE('',#2676,#2676,#2678,.T.);
#2676 = VERTEX_POINT('',#2677);
#2677 = CARTESIAN_POINT('',(4.704,-1.152147708638E-15,0.4));
#2678 = SURFACE_CURVE('',#2679,(#2684,#2696),.PCURVE_S1.);
#2679 = CIRCLE('',#2680,4.704);
#2680 = AXIS2_PLACEMENT_3D('',#2681,#2682,#2683);
#2681 = CARTESIAN_POINT('',(0.,0.,0.4));
#2682 = DIRECTION('',(0.,0.,1.));
#2683 = DIRECTION('',(1.,0.,-0.));
#2684 = PCURVE('',#2685,#2690);
#2685 = CYLINDRICAL_SURFACE('',#2686,4.704);
#2686 = AXIS2_PLACEMENT_3D('',#2687,#2688,#2689);
#2687 = CARTESIAN_POINT('',(0.,0.,0.));
#2688 = DIRECTION('',(0.,0.,1.));
#2689 = DIRECTION('',(1.,0.,-0.));
#2690 = DEFINITIONAL_REPRESENTATION('',(#2691),#2695);
#2691 = LINE('',#2692,#2693);
#2692 = CARTESIAN_POINT('',(0.,0.4));
#2693 = VECTOR('',#2694,1.);
#2694 = DIRECTION('',(1.,0.));
#2695 = ( GEOMETRIC_REPRESENTATION_CONTEXT(2) 
PARAMETRIC_REPRESENTATION_CONTEXT() REPRESENTATION_CONTEXT('2D SPACE',''
  ) );
#2696 = PCURVE('',#2697,#2702);
#2697 = PLANE('',#2698);
#2698 = AXIS2_PLACEMENT_3D('',#2699,#2700,#2701);
#2699 = CARTESIAN_POINT('',(0.,0.,0.4));
#2700 = DIRECTION('',(0.,0.,1.));
#2701 = DIRECTION('',(1.,0.,-0.));
#2702 = DEFINITIONAL_REPRESENTATION('',(#2703),#2707);
#2703 = CIRCLE('',#2704,4.704);
#2704 = AXIS2_PLACEMENT_2D('',#2705,#2706);
#2705 = CARTESIAN_POINT('',(0.,0.));
#2706 = DIRECTION('',(1.,0.));
#2707 = ( GEOMETRIC_REPRESENTATION_CONTEXT(2) 
PARAMETRIC_REPRESENTATION_CONTEXT() REPRESENTATION_CONTEXT('2D SPACE',''
  ) );
#2708 = ORIENTED_EDGE('',*,*,#2709,.F.);
#2709 = EDGE_CURVE('',#2710,#2676,#2712,.T.);
#2710 = VERTEX_POINT('',#2711);
#2711 = CARTESIAN_POINT('',(4.704,-1.152147708638E-15,0.));
#2712 = SEAM_CURVE('',#2713,(#2717,#2724),.PCURVE_S1.);
#2713 = LINE('',#2714,#2715);
#2714 = CARTESIAN_POINT('',(4.704,-1.152147708638E-15,0.));
#2715 = VECTOR('',#2716,1.);
#2716 = DIRECTION('',(0.,0.,1.));
#2717 = PCURVE('',#2685,#2718);
#2718 = DEFINITIONAL_REPRESENTATION('',(#2719),#2723);
#2719 = LINE('',#2720,#2721);
#2720 = CARTESIAN_POINT('',(6.28318530718,-0.));
#2721 = VECTOR('',#2722,1.);
#2722 = DIRECTION('',(0.,1.));
#2723 = ( GEOMETRIC_REPRESENTATION_CONTEXT(2) 
PARAMETRIC_REPRESENTATION_CONTEXT() REPRESENTATION_CONTEXT('2D SPACE',''
  ) );
#2724 = PCURVE('',#2685,#2725);
#2725 = DEFINITIONAL_REPRESENTATION('',(#2726),#2730);
#2726 = LINE('',#2727,#2728);
#2727 = CARTESIAN_POINT('',(0.,-0.));
#2728 = VECTOR('',#2729,1.);
#2729 = DIRECTION('',(0.,1.));
#2730 = ( GEOMETRIC_REPRESENTATION_CONTEXT(2) 
PARAMETRIC_REPRESENTATION_CONTEXT() REPRESENTATION_CONTEXT('2D SPACE',''
  ) );
#2731 = ORIENTED_EDGE('',*,*,#2732,.T.);
#2732 = EDGE_CURVE('',#2710,#2710,#2733,.T.);
#2733 = SURFACE_CURVE('',#2734,(#2739,#2746),.PCURVE_S1.);
#2734 = CIRCLE('',#2735,4.704);
#2735 = AXIS2_PLACEMENT_3D('',#2736,#2737,#2738);
#2736 = CARTESIAN_POINT('',(0.,0.,0.));
#2737 = DIRECTION('',(0.,0.,1.));
#2738 = DIRECTION('',(1.,0.,-0.));
#2739 = PCURVE('',#2685,#2740);
#2740 = DEFINITIONAL_REPRESENTATION('',(#2741),#2745);
#2741 = LINE('',#2742,#2743);
#2742 = CARTESIAN_POINT('',(0.,0.));
#2743 = VECTOR('',#2744,1.);
#2744 = DIRECTION('',(1.,0.));
#2745 = ( GEOMETRIC_REPRESENTATION_CONTEXT(2) 
PARAMETRIC_REPRESENTATION_CONTEXT() REPRESENTATION_CONTEXT('2D SPACE',''
  ) );
#2746 = PCURVE('',#2747,#2752);
#2747 = PLANE('',#2748);
#2748 = AXIS2_PLACEMENT_3D('',#2749,#2750,#2751);
#2749 = CARTESIAN_POINT('',(0.,0.,0.));
#2750 = DIRECTION('',(0.,0.,1.));
#2751 = DIRECTION('',(1.,0.,-0.));
#2752 = DEFINITIONAL_REPRESENTATION('',(#2753),#2757);
#2753 = CIRCLE('',#2754,4.704);
#2754 = AXIS2_PLACEMENT_2D('',#2755,#2756);
#2755 = CARTESIAN_POINT('',(0.,0.));
#2756 = DIRECTION('',(1.,0.));
#2757 = ( GEOMETRIC_REPRESENTATION_CONTEXT(2) 
PARAMETRIC_REPRESENTATION_CONTEXT() REPRESENTATION_CONTEXT('2D SPACE',''
  ) );
#2758 = ORIENTED_EDGE('',*,*,#2709,.T.);
#2759 = ADVANCED_FACE('',(#2760),#2697,.T.);
#2760 = FACE_BOUND('',#2761,.T.);
#2761 = EDGE_LOOP('',(#2762));
#2762 = ORIENTED_EDGE('',*,*,#2675,.T.);
#2763 = ADVANCED_FACE('',(#2764),#2747,.F.);
#2764 = FACE_BOUND('',#2765,.T.);
#2765 = EDGE_LOOP('',(#2766));
#2766 = ORIENTED_EDGE('',*,*,#2732,.F.);
#2767 = ( GEOMETRIC_REPRESENTATION_CONTEXT(3) 
GLOBAL_UNCERTAINTY_ASSIGNED_CONTEXT((#2771)) 
GLOBAL_UNIT_ASSIGNED_CONTEXT((#2768,#2769,#2770)) REPRESENTATION_CONTEXT
('Context #1','3D Context with UNIT and UNCERTAINTY') );
#2768 = ( LENGTH_UNIT() NAMED_UNIT(*) SI_UNIT(.MILLI.,.METRE.) );
#2769 = ( NAMED_UNIT(*) PLANE_ANGLE_UNIT() SI_UNIT($,.RADIAN.) );
#2770 = ( NAMED_UNIT(*) SI_UNIT($,.STERADIAN.) SOLID_ANGLE_UNIT() );
#2771 = UNCERTAINTY_MEASURE_WITH_UNIT(LENGTH_MEASURE(1.E-07),#2768,
  'distance_accuracy_value','confusion accuracy');
#2772 = CONTEXT_DEPENDENT_SHAPE_REPRESENTATION(#2773,#2775);
#2773 = ( REPRESENTATION_RELATIONSHIP('','',#2668,#10) 
REPRESENTATION_RELATIONSHIP_WITH_TRANSFORMATION(#2774) 
SHAPE_REPRESENTATION_RELATIONSHIP() );
#2774 = ITEM_DEFINED_TRANSFORMATION('','',#11,#31);
#2775 = PRODUCT_DEFINITION_SHAPE('Placement','Placement of an item',
  #2776);
#2776 = NEXT_ASSEMBLY_USAGE_OCCURRENCE('850','glass.3','',#5,#2663,$);
#2777 = PRODUCT_RELATED_PRODUCT_CATEGORY('part',$,(#2665));
#2778 = SHAPE_DEFINITION_REPRESENTATION(#2779,#2785);
#2779 = PRODUCT_DEFINITION_SHAPE('','',#2780);
#2780 = PRODUCT_DEFINITION('design','',#2781,#2784);
#2781 = PRODUCT_DEFINITION_FORMATION('','',#2782);
#2782 = PRODUCT('diffuser.1','diffuser.1','',(#2783));
#2783 = PRODUCT_CONTEXT('',#2,'mechanical');
#2784 = PRODUCT_DEFINITION_CONTEXT('part definition',#2,'design');
#2785 = ADVANCED_BREP_SHAPE_REPRESENTATION('',(#11,#2786),#2884);
#2786 = MANIFOLD_SOLID_BREP('',#2787);
#2787 = CLOSED_SHELL('',(#2788,#2876,#2880));
#2788 = ADVANCED_FACE('',(#2789),#2802,.T.);
#2789 = FACE_BOUND('',#2790,.T.);
#2790 = EDGE_LOOP('',(#2791,#2825,#2848,#2875));
#2791 = ORIENTED_EDGE('',*,*,#2792,.F.);
#2792 = EDGE_CURVE('',#2793,#2793,#2795,.T.);
#2793 = VERTEX_POINT('',#2794);
#2794 = CARTESIAN_POINT('',(1.68,-4.114813245135E-16,0.6));
#2795 = SURFACE_CURVE('',#2796,(#2801,#2813),.PCURVE_S1.);
#2796 = CIRCLE('',#2797,1.68);
#2797 = AXIS2_PLACEMENT_3D('',#2798,#2799,#2800);
#2798 = CARTESIAN_POINT('',(0.,0.,0.6));
#2799 = DIRECTION('',(0.,0.,1.));
#2800 = DIRECTION('',(1.,0.,-0.));
#2801 = PCURVE('',#2802,#2807);
#2802 = CYLINDRICAL_SURFACE('',#2803,1.68);
#2803 = AXIS2_PLACEMENT_3D('',#2804,#2805,#2806);
#2804 = CARTESIAN_POINT('',(0.,0.,0.));
#2805 = DIRECTION('',(0.,0.,1.));
#2806 = DIRECTION('',(1.,0.,-0.));
#2807 = DEFINITIONAL_REPRESENTATION('',(#2808),#2812);
#2808 = LINE('',#2809,#2810);
#2809 = CARTESIAN_POINT('',(0.,0.6));
#2810 = VECTOR('',#2811,1.);
#2811 = DIRECTION('',(1.,0.));
#2812 = ( GEOMETRIC_REPRESENTATION_CONTEXT(2) 
PARAMETRIC_REPRESENTATION_CONTEXT() REPRESENTATION_CONTEXT('2D SPACE',''
  ) );
#2813 = PCURVE('',#2814,#2819);
#2814 = PLANE('',#2815);
#2815 = AXIS2_PLACEMENT_3D('',#2816,#2817,#2818);
#2816 = CARTESIAN_POINT('',(0.,0.,0.6));
#2817 = DIRECTION('',(0.,0.,1.));
#2818 = DIRECTION('',(1.,0.,-0.));
#2819 = DEFINITIONAL_REPRESENTATION('',(#2820),#2824);
#2820 = CIRCLE('',#2821,1.68);
#2821 = AXIS2_PLACEMENT_2D('',#2822,#2823);
#2822 = CARTESIAN_POINT('',(0.,0.));
#2823 = DIRECTION('',(1.,0.));
#2824 = ( GEOMETRIC_REPRESENTATION_CONTEXT(2) 
PARAMETRIC_REPRESENTATION_CONTEXT() REPRESENTATION_CONTEXT('2D SPACE',''
  ) );
#2825 = ORIENTED_EDGE('',*,*,#2826,.F.);
#2826 = EDGE_CURVE('',#2827,#2793,#2829,.T.);
#2827 = VERTEX_POINT('',#2828);
#2828 = CARTESIAN_POINT('',(1.68,-4.114813245135E-16,0.));
#2829 = SEAM_CURVE('',#2830,(#2834,#2841),.PCURVE_S1.);
#2830 = LINE('',#2831,#2832);
#2831 = CARTESIAN_POINT('',(1.68,-4.114813245135E-16,0.));
#2832 = VECTOR('',#2833,1.);
#2833 = DIRECTION('',(0.,0.,1.));
#2834 = PCURVE('',#2802,#2835);
#2835 = DEFINITIONAL_REPRESENTATION('',(#2836),#2840);
#2836 = LINE('',#2837,#2838);
#2837 = CARTESIAN_POINT('',(6.28318530718,-0.));
#2838 = VECTOR('',#2839,1.);
#2839 = DIRECTION('',(0.,1.));
#2840 = ( GEOMETRIC_REPRESENTATION_CONTEXT(2) 
PARAMETRIC_REPRESENTATION_CONTEXT() REPRESENTATION_CONTEXT('2D SPACE',''
  ) );
#2841 = PCURVE('',#2802,#2842);
#2842 = DEFINITIONAL_REPRESENTATION('',(#2843),#2847);
#2843 = LINE('',#2844,#2845);
#2844 = CARTESIAN_POINT('',(0.,-0.));
#2845 = VECTOR('',#2846,1.);
#2846 = DIRECTION('',(0.,1.));
#2847 = ( GEOMETRIC_REPRESENTATION_CONTEXT(2) 
PARAMETRIC_REPRESENTATION_CONTEXT() REPRESENTATION_CONTEXT('2D SPACE',''
  ) );
#2848 = ORIENTED_EDGE('',*,*,#2849,.T.);
#2849 = EDGE_CURVE('',#2827,#2827,#2850,.T.);
#2850 = SURFACE_CURVE('',#2851,(#2856,#2863),.PCURVE_S1.);
#2851 = CIRCLE('',#2852,1.68);
#2852 = AXIS2_PLACEMENT_3D('',#2853,#2854,#2855);
#2853 = CARTESIAN_POINT('',(0.,0.,0.));
#2854 = DIRECTION('',(0.,0.,1.));
#2855 = DIRECTION('',(1.,0.,-0.));
#2856 = PCURVE('',#2802,#2857);
#2857 = DEFINITIONAL_REPRESENTATION('',(#2858),#2862);
#2858 = LINE('',#2859,#2860);
#2859 = CARTESIAN_POINT('',(0.,0.));
#2860 = VECTOR('',#2861,1.);
#2861 = DIRECTION('',(1.,0.));
#2862 = ( GEOMETRIC_REPRESENTATION_CONTEXT(2) 
PARAMETRIC_REPRESENTATION_CONTEXT() REPRESENTATION_CONTEXT('2D SPACE',''
  ) );
#2863 = PCURVE('',#2864,#2869);
#2864 = PLANE('',#2865);
#2865 = AXIS2_PLACEMENT_3D('',#2866,#2867,#2868);
#2866 = CARTESIAN_POINT('',(0.,0.,0.));
#2867 = DIRECTION('',(0.,0.,1.));
#2868 = DIRECTION('',(1.,0.,-0.));
#2869 = DEFINITIONAL_REPRESENTATION('',(#2870),#2874);
#2870 = CIRCLE('',#2871,1.68);
#2871 = AXIS2_PLACEMENT_2D('',#2872,#2873);
#2872 = CARTESIAN_POINT('',(0.,0.));
#2873 = DIRECTION('',(1.,0.));
#2874 = ( GEOMETRIC_REPRESENTATION_CONTEXT(2) 
PARAMETRIC_REPRESENTATION_CONTEXT() REPRESENTATION_CONTEXT('2D SPACE',''
  ) );
#2875 = ORIENTED_EDGE('',*,*,#2826,.T.);
#2876 = ADVANCED_FACE('',(#2877),#2814,.T.);
#2877 = FACE_BOUND('',#2878,.T.);
#2878 = EDGE_LOOP('',(#2879));
#2879 = ORIENTED_EDGE('',*,*,#2792,.T.);
#2880 = ADVANCED_FACE('',(#2881),#2864,.F.);
#2881 = FACE_BOUND('',#2882,.T.);
#2882 = EDGE_LOOP('',(#2883));
#2883 = ORIENTED_EDGE('',*,*,#2849,.F.);
#2884 = ( GEOMETRIC_REPRESENTATION_CONTEXT(3) 
GLOBAL_UNCERTAINTY_ASSIGNED_CONTEXT((#2888)) 
GLOBAL_UNIT_ASSIGNED_CONTEXT((#2885,#2886,#2887)) REPRESENTATION_CONTEXT
('Context #1','3D Context with UNIT and UNCERTAINTY') );
#2885 = ( LENGTH_UNIT() NAMED_UNIT(*) SI_UNIT(.MILLI.,.METRE.) );
#2886 = ( NAMED_UNIT(*) PLANE_ANGLE_UNIT() SI_UNIT($,.RADIAN.) );
#2887 = ( NAMED_UNIT(*) SI_UNIT($,.STERADIAN.) SOLID_ANGLE_UNIT() );
#2888 = UNCERTAINTY_MEASURE_WITH_UNIT(LENGTH_MEASURE(1.E-07),#2885,
  'distance_accuracy_value','confusion accuracy');
#2889 = CONTEXT_DEPENDENT_SHAPE_REPRESENTATION(#2890,#2892);
#2890 = ( REPRESENTATION_RELATIONSHIP('','',#2785,#10) 
REPRESENTATION_RELATIONSHIP_WITH_TRANSFORMATION(#2891) 
SHAPE_REPRESENTATION_RELATIONSHIP() );
#2891 = ITEM_DEFINED_TRANSFORMATION('','',#11,#35);
#2892 = PRODUCT_DEFINITION_SHAPE('Placement','Placement of an item',
  #2893);
#2893 = NEXT_ASSEMBLY_USAGE_OCCURRENCE('851','diffuser.1','',#5,#2780,$
  );
#2894 = PRODUCT_RELATED_PRODUCT_CATEGORY('part',$,(#2782));
#2895 = SHAPE_DEFINITION_REPRESENTATION(#2896,#2902);
#2896 = PRODUCT_DEFINITION_SHAPE('','',#2897);
#2897 = PRODUCT_DEFINITION('design','',#2898,#2901);
#2898 = PRODUCT_DEFINITION_FORMATION('','',#2899);
#2899 = PRODUCT('button.1','button.1','',(#2900));
#2900 = PRODUCT_CONTEXT('',#2,'mechanical');
#2901 = PRODUCT_DEFINITION_CONTEXT('part definition',#2,'design');
#2902 = ADVANCED_BREP_SHAPE_REPRESENTATION('',(#11,#2903),#3233);
#2903 = MANIFOLD_SOLID_BREP('',#2904);
#2904 = CLOSED_SHELL('',(#2905,#3025,#3125,#3172,#3219,#3226));
#2905 = ADVANCED_FACE('',(#2906),#2920,.F.);
#2906 = FACE_BOUND('',#2907,.F.);
#2907 = EDGE_LOOP('',(#2908,#2943,#2971,#2999));
#2908 = ORIENTED_EDGE('',*,*,#2909,.F.);
#2909 = EDGE_CURVE('',#2910,#2912,#2914,.T.);
#2910 = VERTEX_POINT('',#2911);
#2911 = CARTESIAN_POINT('',(-0.7,-12.,-1.3));
#2912 = VERTEX_POINT('',#2913);
#2913 = CARTESIAN_POINT('',(-0.7,-12.,1.3));
#2914 = SURFACE_CURVE('',#2915,(#2919,#2931),.PCURVE_S1.);
#2915 = LINE('',#2916,#2917);
#2916 = CARTESIAN_POINT('',(-0.7,-12.,-1.3));
#2917 = VECTOR('',#2918,1.);
#2918 = DIRECTION('',(0.,0.,1.));
#2919 = PCURVE('',#2920,#2925);
#2920 = PLANE('',#2921);
#2921 = AXIS2_PLACEMENT_3D('',#2922,#2923,#2924);
#2922 = CARTESIAN_POINT('',(-0.7,-12.,-1.3));
#2923 = DIRECTION('',(1.,0.,-0.));
#2924 = DIRECTION('',(0.,0.,1.));
#2925 = DEFINITIONAL_REPRESENTATION('',(#2926),#2930);
#2926 = LINE('',#2927,#2928);
#2927 = CARTESIAN_POINT('',(0.,0.));
#2928 = VECTOR('',#2929,1.);
#2929 = DIRECTION('',(1.,0.));
#2930 = ( GEOMETRIC_REPRESENTATION_CONTEXT(2) 
PARAMETRIC_REPRESENTATION_CONTEXT() REPRESENTATION_CONTEXT('2D SPACE',''
  ) );
#2931 = PCURVE('',#2932,#2937);
#2932 = PLANE('',#2933);
#2933 = AXIS2_PLACEMENT_3D('',#2934,#2935,#2936);
#2934 = CARTESIAN_POINT('',(-0.7,-12.,-1.3));
#2935 = DIRECTION('',(-0.,1.,0.));
#2936 = DIRECTION('',(0.,0.,1.));
#2937 = DEFINITIONAL_REPRESENTATION('',(#2938),#2942);
#2938 = LINE('',#2939,#2940);
#2939 = CARTESIAN_POINT('',(0.,0.));
#2940 = VECTOR('',#2941,1.);
#2941 = DIRECTION('',(1.,0.));
#2942 = ( GEOMETRIC_REPRESENTATION_CONTEXT(2) 
PARAMETRIC_REPRESENTATION_CONTEXT() REPRESENTATION_CONTEXT('2D SPACE',''
  ) );
#2943 = ORIENTED_EDGE('',*,*,#2944,.T.);
#2944 = EDGE_CURVE('',#2910,#2945,#2947,.T.);
#2945 = VERTEX_POINT('',#2946);
#2946 = CARTESIAN_POINT('',(-0.7,12.,-1.3));
#2947 = SURFACE_CURVE('',#2948,(#2952,#2959),.PCURVE_S1.);
#2948 = LINE('',#2949,#2950);
#2949 = CARTESIAN_POINT('',(-0.7,-12.,-1.3));
#2950 = VECTOR('',#2951,1.);
#2951 = DIRECTION('',(-0.,1.,0.));
#2952 = PCURVE('',#2920,#2953);
#2953 = DEFINITIONAL_REPRESENTATION('',(#2954),#2958);
#2954 = LINE('',#2955,#2956);
#2955 = CARTESIAN_POINT('',(0.,0.));
#2956 = VECTOR('',#2957,1.);
#2957 = DIRECTION('',(0.,-1.));
#2958 = ( GEOMETRIC_REPRESENTATION_CONTEXT(2) 
PARAMETRIC_REPRESENTATION_CONTEXT() REPRESENTATION_CONTEXT('2D SPACE',''
  ) );
#2959 = PCURVE('',#2960,#2965);
#2960 = PLANE('',#2961);
#2961 = AXIS2_PLACEMENT_3D('',#2962,#2963,#2964);
#2962 = CARTESIAN_POINT('',(-0.7,-12.,-1.3));
#2963 = DIRECTION('',(0.,0.,1.));
#2964 = DIRECTION('',(1.,0.,-0.));
#2965 = DEFINITIONAL_REPRESENTATION('',(#2966),#2970);
#2966 = LINE('',#2967,#2968);
#2967 = CARTESIAN_POINT('',(0.,0.));
#2968 = VECTOR('',#2969,1.);
#2969 = DIRECTION('',(0.,1.));
#2970 = ( GEOMETRIC_REPRESENTATION_CONTEXT(2) 
PARAMETRIC_REPRESENTATION_CONTEXT() REPRESENTATION_CONTEXT('2D SPACE',''
  ) );
#2971 = ORIENTED_EDGE('',*,*,#2972,.T.);
#2972 = EDGE_CURVE('',#2945,#2973,#2975,.T.);
#2973 = VERTEX_POINT('',#2974);
#2974 = CARTESIAN_POINT('',(-0.7,12.,1.3));
#2975 = SURFACE_CURVE('',#2976,(#2980,#2987),.PCURVE_S1.);
#2976 = LINE('',#2977,#2978);
#2977 = CARTESIAN_POINT('',(-0.7,12.,-1.3));
#2978 = VECTOR('',#2979,1.);
#2979 = DIRECTION('',(0.,0.,1.));
#2980 = PCURVE('',#2920,#2981);
#2981 = DEFINITIONAL_REPRESENTATION('',(#2982),#2986);
#2982 = LINE('',#2983,#2984);
#2983 = CARTESIAN_POINT('',(0.,-24.));
#2984 = VECTOR('',#2985,1.);
#2985 = DIRECTION('',(1.,0.));
#2986 = ( GEOMETRIC_REPRESENTATION_CONTEXT(2) 
PARAMETRIC_REPRESENTATION_CONTEXT() REPRESENTATION_CONTEXT('2D SPACE',''
  ) );
#2987 = PCURVE('',#2988,#2993);
#2988 = PLANE('',#2989);
#2989 = AXIS2_PLACEMENT_3D('',#2990,#2991,#2992);
#2990 = CARTESIAN_POINT('',(-0.7,12.,-1.3));
#2991 = DIRECTION('',(-0.,1.,0.));
#2992 = DIRECTION('',(0.,0.,1.));
#2993 = DEFINITIONAL_REPRESENTATION('',(#2994),#2998);
#2994 = LINE('',#2995,#2996);
#2995 = CARTESIAN_POINT('',(0.,0.));
#2996 = VECTOR('',#2997,1.);
#2997 = DIRECTION('',(1.,0.));
#2998 = ( GEOMETRIC_REPRESENTATION_CONTEXT(2) 
PARAMETRIC_REPRESENTATION_CONTEXT() REPRESENTATION_CONTEXT('2D SPACE',''
  ) );
#2999 = ORIENTED_EDGE('',*,*,#3000,.F.);
#3000 = EDGE_CURVE('',#2912,#2973,#3001,.T.);
#3001 = SURFACE_CURVE('',#3002,(#3006,#3013),.PCURVE_S1.);
#3002 = LINE('',#3003,#3004);
#3003 = CARTESIAN_POINT('',(-0.7,-12.,1.3));
#3004 = VECTOR('',#3005,1.);
#3005 = DIRECTION('',(-0.,1.,0.));
#3006 = PCURVE('',#2920,#3007);
#3007 = DEFINITIONAL_REPRESENTATION('',(#3008),#3012);
#3008 = LINE('',#3009,#3010);
#3009 = CARTESIAN_POINT('',(2.6,0.));
#3010 = VECTOR('',#3011,1.);
#3011 = DIRECTION('',(0.,-1.));
#3012 = ( GEOMETRIC_REPRESENTATION_CONTEXT(2) 
PARAMETRIC_REPRESENTATION_CONTEXT() REPRESENTATION_CONTEXT('2D SPACE',''
  ) );
#3013 = PCURVE('',#3014,#3019);
#3014 = PLANE('',#3015);
#3015 = AXIS2_PLACEMENT_3D('',#3016,#3017,#3018);
#3016 = CARTESIAN_POINT('',(-0.7,-12.,1.3));
#3017 = DIRECTION('',(0.,0.,1.));
#3018 = DIRECTION('',(1.,0.,-0.));
#3019 = DEFINITIONAL_REPRESENTATION('',(#3020),#3024);
#3020 = LINE('',#3021,#3022);
#3021 = CARTESIAN_POINT('',(0.,0.));
#3022 = VECTOR('',#3023,1.);
#3023 = DIRECTION('',(0.,1.));
#3024 = ( GEOMETRIC_REPRESENTATION_CONTEXT(2) 
PARAMETRIC_REPRESENTATION_CONTEXT() REPRESENTATION_CONTEXT('2D SPACE',''
  ) );
#3025 = ADVANCED_FACE('',(#3026),#3040,.T.);
#3026 = FACE_BOUND('',#3027,.T.);
#3027 = EDGE_LOOP('',(#3028,#3058,#3081,#3104));
#3028 = ORIENTED_EDGE('',*,*,#3029,.F.);
#3029 = EDGE_CURVE('',#3030,#3032,#3034,.T.);
#3030 = VERTEX_POINT('',#3031);
#3031 = CARTESIAN_POINT('',(0.7,-12.,-1.3));
#3032 = VERTEX_POINT('',#3033);
#3033 = CARTESIAN_POINT('',(0.7,-12.,1.3));
#3034 = SURFACE_CURVE('',#3035,(#3039,#3051),.PCURVE_S1.);
#3035 = LINE('',#3036,#3037);
#3036 = CARTESIAN_POINT('',(0.7,-12.,-1.3));
#3037 = VECTOR('',#3038,1.);
#3038 = DIRECTION('',(0.,0.,1.));
#3039 = PCURVE('',#3040,#3045);
#3040 = PLANE('',#3041);
#3041 = AXIS2_PLACEMENT_3D('',#3042,#3043,#3044);
#3042 = CARTESIAN_POINT('',(0.7,-12.,-1.3));
#3043 = DIRECTION('',(1.,0.,-0.));
#3044 = DIRECTION('',(0.,0.,1.));
#3045 = DEFINITIONAL_REPRESENTATION('',(#3046),#3050);
#3046 = LINE('',#3047,#3048);
#3047 = CARTESIAN_POINT('',(0.,0.));
#3048 = VECTOR('',#3049,1.);
#3049 = DIRECTION('',(1.,0.));
#3050 = ( GEOMETRIC_REPRESENTATION_CONTEXT(2) 
PARAMETRIC_REPRESENTATION_CONTEXT() REPRESENTATION_CONTEXT('2D SPACE',''
  ) );
#3051 = PCURVE('',#2932,#3052);
#3052 = DEFINITIONAL_REPRESENTATION('',(#3053),#3057);
#3053 = LINE('',#3054,#3055);
#3054 = CARTESIAN_POINT('',(0.,1.4));
#3055 = VECTOR('',#3056,1.);
#3056 = DIRECTION('',(1.,0.));
#3057 = ( GEOMETRIC_REPRESENTATION_CONTEXT(2) 
PARAMETRIC_REPRESENTATION_CONTEXT() REPRESENTATION_CONTEXT('2D SPACE',''
  ) );
#3058 = ORIENTED_EDGE('',*,*,#3059,.T.);
#3059 = EDGE_CURVE('',#3030,#3060,#3062,.T.);
#3060 = VERTEX_POINT('',#3061);
#3061 = CARTESIAN_POINT('',(0.7,12.,-1.3));
#3062 = SURFACE_CURVE('',#3063,(#3067,#3074),.PCURVE_S1.);
#3063 = LINE('',#3064,#3065);
#3064 = CARTESIAN_POINT('',(0.7,-12.,-1.3));
#3065 = VECTOR('',#3066,1.);
#3066 = DIRECTION('',(-0.,1.,0.));
#3067 = PCURVE('',#3040,#3068);
#3068 = DEFINITIONAL_REPRESENTATION('',(#3069),#3073);
#3069 = LINE('',#3070,#3071);
#3070 = CARTESIAN_POINT('',(0.,0.));
#3071 = VECTOR('',#3072,1.);
#3072 = DIRECTION('',(0.,-1.));
#3073 = ( GEOMETRIC_REPRESENTATION_CONTEXT(2) 
PARAMETRIC_REPRESENTATION_CONTEXT() REPRESENTATION_CONTEXT('2D SPACE',''
  ) );
#3074 = PCURVE('',#2960,#3075);
#3075 = DEFINITIONAL_REPRESENTATION('',(#3076),#3080);
#3076 = LINE('',#3077,#3078);
#3077 = CARTESIAN_POINT('',(1.4,0.));
#3078 = VECTOR('',#3079,1.);
#3079 = DIRECTION('',(0.,1.));
#3080 = ( GEOMETRIC_REPRESENTATION_CONTEXT(2) 
PARAMETRIC_REPRESENTATION_CONTEXT() REPRESENTATION_CONTEXT('2D SPACE',''
  ) );
#3081 = ORIENTED_EDGE('',*,*,#3082,.T.);
#3082 = EDGE_CURVE('',#3060,#3083,#3085,.T.);
#3083 = VERTEX_POINT('',#3084);
#3084 = CARTESIAN_POINT('',(0.7,12.,1.3));
#3085 = SURFACE_CURVE('',#3086,(#3090,#3097),.PCURVE_S1.);
#3086 = LINE('',#3087,#3088);
#3087 = CARTESIAN_POINT('',(0.7,12.,-1.3));
#3088 = VECTOR('',#3089,1.);
#3089 = DIRECTION('',(0.,0.,1.));
#3090 = PCURVE('',#3040,#3091);
#3091 = DEFINITIONAL_REPRESENTATION('',(#3092),#3096);
#3092 = LINE('',#3093,#3094);
#3093 = CARTESIAN_POINT('',(0.,-24.));
#3094 = VECTOR('',#3095,1.);
#3095 = DIRECTION('',(1.,0.));
#3096 = ( GEOMETRIC_REPRESENTATION_CONTEXT(2) 
PARAMETRIC_REPRESENTATION_CONTEXT() REPRESENTATION_CONTEXT('2D SPACE',''
  ) );
#3097 = PCURVE('',#2988,#3098);
#3098 = DEFINITIONAL_REPRESENTATION('',(#3099),#3103);
#3099 = LINE('',#3100,#3101);
#3100 = CARTESIAN_POINT('',(0.,1.4));
#3101 = VECTOR('',#3102,1.);
#3102 = DIRECTION('',(1.,0.));
#3103 = ( GEOMETRIC_REPRESENTATION_CONTEXT(2) 
PARAMETRIC_REPRESENTATION_CONTEXT() REPRESENTATION_CONTEXT('2D SPACE',''
  ) );
#3104 = ORIENTED_EDGE('',*,*,#3105,.F.);
#3105 = EDGE_CURVE('',#3032,#3083,#3106,.T.);
#3106 = SURFACE_CURVE('',#3107,(#3111,#3118),.PCURVE_S1.);
#3107 = LINE('',#3108,#3109);
#3108 = CARTESIAN_POINT('',(0.7,-12.,1.3));
#3109 = VECTOR('',#3110,1.);
#3110 = DIRECTION('',(-0.,1.,0.));
#3111 = PCURVE('',#3040,#3112);
#3112 = DEFINITIONAL_REPRESENTATION('',(#3113),#3117);
#3113 = LINE('',#3114,#3115);
#3114 = CARTESIAN_POINT('',(2.6,0.));
#3115 = VECTOR('',#3116,1.);
#3116 = DIRECTION('',(0.,-1.));
#3117 = ( GEOMETRIC_REPRESENTATION_CONTEXT(2) 
PARAMETRIC_REPRESENTATION_CONTEXT() REPRESENTATION_CONTEXT('2D SPACE',''
  ) );
#3118 = PCURVE('',#3014,#3119);
#3119 = DEFINITIONAL_REPRESENTATION('',(#3120),#3124);
#3120 = LINE('',#3121,#3122);
#3121 = CARTESIAN_POINT('',(1.4,0.));
#3122 = VECTOR('',#3123,1.);
#3123 = DIRECTION('',(0.,1.));
#3124 = ( GEOMETRIC_REPRESENTATION_CONTEXT(2) 
PARAMETRIC_REPRESENTATION_CONTEXT() REPRESENTATION_CONTEXT('2D SPACE',''
  ) );
#3125 = ADVANCED_FACE('',(#3126),#2932,.F.);
#3126 = FACE_BOUND('',#3127,.F.);
#3127 = EDGE_LOOP('',(#3128,#3149,#3150,#3171));
#3128 = ORIENTED_EDGE('',*,*,#3129,.F.);
#3129 = EDGE_CURVE('',#2910,#3030,#3130,.T.);
#3130 = SURFACE_CURVE('',#3131,(#3135,#3142),.PCURVE_S1.);
#3131 = LINE('',#3132,#3133);
#3132 = CARTESIAN_POINT('',(-0.7,-12.,-1.3));
#3133 = VECTOR('',#3134,1.);
#3134 = DIRECTION('',(1.,0.,-0.));
#3135 = PCURVE('',#2932,#3136);
#3136 = DEFINITIONAL_REPRESENTATION('',(#3137),#3141);
#3137 = LINE('',#3138,#3139);
#3138 = CARTESIAN_POINT('',(0.,0.));
#3139 = VECTOR('',#3140,1.);
#3140 = DIRECTION('',(0.,1.));
#3141 = ( GEOMETRIC_REPRESENTATION_CONTEXT(2) 
PARAMETRIC_REPRESENTATION_CONTEXT() REPRESENTATION_CONTEXT('2D SPACE',''
  ) );
#3142 = PCURVE('',#2960,#3143);
#3143 = DEFINITIONAL_REPRESENTATION('',(#3144),#3148);
#3144 = LINE('',#3145,#3146);
#3145 = CARTESIAN_POINT('',(0.,0.));
#3146 = VECTOR('',#3147,1.);
#3147 = DIRECTION('',(1.,0.));
#3148 = ( GEOMETRIC_REPRESENTATION_CONTEXT(2) 
PARAMETRIC_REPRESENTATION_CONTEXT() REPRESENTATION_CONTEXT('2D SPACE',''
  ) );
#3149 = ORIENTED_EDGE('',*,*,#2909,.T.);
#3150 = ORIENTED_EDGE('',*,*,#3151,.T.);
#3151 = EDGE_CURVE('',#2912,#3032,#3152,.T.);
#3152 = SURFACE_CURVE('',#3153,(#3157,#3164),.PCURVE_S1.);
#3153 = LINE('',#3154,#3155);
#3154 = CARTESIAN_POINT('',(-0.7,-12.,1.3));
#3155 = VECTOR('',#3156,1.);
#3156 = DIRECTION('',(1.,0.,-0.));
#3157 = PCURVE('',#2932,#3158);
#3158 = DEFINITIONAL_REPRESENTATION('',(#3159),#3163);
#3159 = LINE('',#3160,#3161);
#3160 = CARTESIAN_POINT('',(2.6,0.));
#3161 = VECTOR('',#3162,1.);
#3162 = DIRECTION('',(0.,1.));
#3163 = ( GEOMETRIC_REPRESENTATION_CONTEXT(2) 
PARAMETRIC_REPRESENTATION_CONTEXT() REPRESENTATION_CONTEXT('2D SPACE',''
  ) );
#3164 = PCURVE('',#3014,#3165);
#3165 = DEFINITIONAL_REPRESENTATION('',(#3166),#3170);
#3166 = LINE('',#3167,#3168);
#3167 = CARTESIAN_POINT('',(0.,0.));
#3168 = VECTOR('',#3169,1.);
#3169 = DIRECTION('',(1.,0.));
#3170 = ( GEOMETRIC_REPRESENTATION_CONTEXT(2) 
PARAMETRIC_REPRESENTATION_CONTEXT() REPRESENTATION_CONTEXT('2D SPACE',''
  ) );
#3171 = ORIENTED_EDGE('',*,*,#3029,.F.);
#3172 = ADVANCED_FACE('',(#3173),#2988,.T.);
#3173 = FACE_BOUND('',#3174,.T.);
#3174 = EDGE_LOOP('',(#3175,#3196,#3197,#3218));
#3175 = ORIENTED_EDGE('',*,*,#3176,.F.);
#3176 = EDGE_CURVE('',#2945,#3060,#3177,.T.);
#3177 = SURFACE_CURVE('',#3178,(#3182,#3189),.PCURVE_S1.);
#3178 = LINE('',#3179,#3180);
#3179 = CARTESIAN_POINT('',(-0.7,12.,-1.3));
#3180 = VECTOR('',#3181,1.);
#3181 = DIRECTION('',(1.,0.,-0.));
#3182 = PCURVE('',#2988,#3183);
#3183 = DEFINITIONAL_REPRESENTATION('',(#3184),#3188);
#3184 = LINE('',#3185,#3186);
#3185 = CARTESIAN_POINT('',(0.,0.));
#3186 = VECTOR('',#3187,1.);
#3187 = DIRECTION('',(0.,1.));
#3188 = ( GEOMETRIC_REPRESENTATION_CONTEXT(2) 
PARAMETRIC_REPRESENTATION_CONTEXT() REPRESENTATION_CONTEXT('2D SPACE',''
  ) );
#3189 = PCURVE('',#2960,#3190);
#3190 = DEFINITIONAL_REPRESENTATION('',(#3191),#3195);
#3191 = LINE('',#3192,#3193);
#3192 = CARTESIAN_POINT('',(0.,24.));
#3193 = VECTOR('',#3194,1.);
#3194 = DIRECTION('',(1.,0.));
#3195 = ( GEOMETRIC_REPRESENTATION_CONTEXT(2) 
PARAMETRIC_REPRESENTATION_CONTEXT() REPRESENTATION_CONTEXT('2D SPACE',''
  ) );
#3196 = ORIENTED_EDGE('',*,*,#2972,.T.);
#3197 = ORIENTED_EDGE('',*,*,#3198,.T.);
#3198 = EDGE_CURVE('',#2973,#3083,#3199,.T.);
#3199 = SURFACE_CURVE('',#3200,(#3204,#3211),.PCURVE_S1.);
#3200 = LINE('',#3201,#3202);
#3201 = CARTESIAN_POINT('',(-0.7,12.,1.3));
#3202 = VECTOR('',#3203,1.);
#3203 = DIRECTION('',(1.,0.,-0.));
#3204 = PCURVE('',#2988,#3205);
#3205 = DEFINITIONAL_REPRESENTATION('',(#3206),#3210);
#3206 = LINE('',#3207,#3208);
#3207 = CARTESIAN_POINT('',(2.6,0.));
#3208 = VECTOR('',#3209,1.);
#3209 = DIRECTION('',(0.,1.));
#3210 = ( GEOMETRIC_REPRESENTATION_CONTEXT(2) 
PARAMETRIC_REPRESENTATION_CONTEXT() REPRESENTATION_CONTEXT('2D SPACE',''
  ) );
#3211 = PCURVE('',#3014,#3212);
#3212 = DEFINITIONAL_REPRESENTATION('',(#3213),#3217);
#3213 = LINE('',#3214,#3215);
#3214 = CARTESIAN_POINT('',(0.,24.));
#3215 = VECTOR('',#3216,1.);
#3216 = DIRECTION('',(1.,0.));
#3217 = ( GEOMETRIC_REPRESENTATION_CONTEXT(2) 
PARAMETRIC_REPRESENTATION_CONTEXT() REPRESENTATION_CONTEXT('2D SPACE',''
  ) );
#3218 = ORIENTED_EDGE('',*,*,#3082,.F.);
#3219 = ADVANCED_FACE('',(#3220),#2960,.F.);
#3220 = FACE_BOUND('',#3221,.F.);
#3221 = EDGE_LOOP('',(#3222,#3223,#3224,#3225));
#3222 = ORIENTED_EDGE('',*,*,#2944,.F.);
#3223 = ORIENTED_EDGE('',*,*,#3129,.T.);
#3224 = ORIENTED_EDGE('',*,*,#3059,.T.);
#3225 = ORIENTED_EDGE('',*,*,#3176,.F.);
#3226 = ADVANCED_FACE('',(#3227),#3014,.T.);
#3227 = FACE_BOUND('',#3228,.T.);
#3228 = EDGE_LOOP('',(#3229,#3230,#3231,#3232));
#3229 = ORIENTED_EDGE('',*,*,#3000,.F.);
#3230 = ORIENTED_EDGE('',*,*,#3151,.T.);
#3231 = ORIENTED_EDGE('',*,*,#3105,.T.);
#3232 = ORIENTED_EDGE('',*,*,#3198,.F.);
#3233 = ( GEOMETRIC_REPRESENTATION_CONTEXT(3) 
GLOBAL_UNCERTAINTY_ASSIGNED_CONTEXT((#3237)) 
GLOBAL_UNIT_ASSIGNED_CONTEXT((#3234,#3235,#3236)) REPRESENTATION_CONTEXT
('Context #1','3D Context with UNIT and UNCERTAINTY') );
#3234 = ( LENGTH_UNIT() NAMED_UNIT(*) SI_UNIT(.MILLI.,.METRE.) );
#3235 = ( NAMED_UNIT(*) PLANE_ANGLE_UNIT() SI_UNIT($,.RADIAN.) );
#3236 = ( NAMED_UNIT(*) SI_UNIT($,.STERADIAN.) SOLID_ANGLE_UNIT() );
#3237 = UNCERTAINTY_MEASURE_WITH_UNIT(LENGTH_MEASURE(1.E-07),#3234,
  'distance_accuracy_value','confusion accuracy');
#3238 = CONTEXT_DEPENDENT_SHAPE_REPRESENTATION(#3239,#3241);
#3239 = ( REPRESENTATION_RELATIONSHIP('','',#2902,#10) 
REPRESENTATION_RELATIONSHIP_WITH_TRANSFORMATION(#3240) 
SHAPE_REPRESENTATION_RELATIONSHIP() );
#3240 = ITEM_DEFINED_TRANSFORMATION('','',#11,#39);
#3241 = PRODUCT_DEFINITION_SHAPE('Placement','Placement of an item',
  #3242);
#3242 = NEXT_ASSEMBLY_USAGE_OCCURRENCE('852','button.1','',#5,#2897,$);
#3243 = PRODUCT_RELATED_PRODUCT_CATEGORY('part',$,(#2899));
#3244 = SHAPE_DEFINITION_REPRESENTATION(#3245,#3251);
#3245 = PRODUCT_DEFINITION_SHAPE('','',#3246);
#3246 = PRODUCT_DEFINITION('design','',#3247,#3250);
#3247 = PRODUCT_DEFINITION_FORMATION('','',#3248);
#3248 = PRODUCT('button.2','button.2','',(#3249));
#3249 = PRODUCT_CONTEXT('',#2,'mechanical');
#3250 = PRODUCT_DEFINITION_CONTEXT('part definition',#2,'design');
#3251 = ADVANCED_BREP_SHAPE_REPRESENTATION('',(#11,#3252),#3582);
#3252 = MANIFOLD_SOLID_BREP('',#3253);
#3253 = CLOSED_SHELL('',(#3254,#3374,#3474,#3521,#3568,#3575));
#3254 = ADVANCED_FACE('',(#3255),#3269,.F.);
#3255 = FACE_BOUND('',#3256,.F.);
#3256 = EDGE_LOOP('',(#3257,#3292,#3320,#3348));
#3257 = ORIENTED_EDGE('',*,*,#3258,.F.);
#3258 = EDGE_CURVE('',#3259,#3261,#3263,.T.);
#3259 = VERTEX_POINT('',#3260);
#3260 = CARTESIAN_POINT('',(-0.7,-6.,-1.3));
#3261 = VERTEX_POINT('',#3262);
#3262 = CARTESIAN_POINT('',(-0.7,-6.,1.3));
#3263 = SURFACE_CURVE('',#3264,(#3268,#3280),.PCURVE_S1.);
#3264 = LINE('',#3265,#3266);
#3265 = CARTESIAN_POINT('',(-0.7,-6.,-1.3));
#3266 = VECTOR('',#3267,1.);
#3267 = DIRECTION('',(0.,0.,1.));
#3268 = PCURVE('',#3269,#3274);
#3269 = PLANE('',#3270);
#3270 = AXIS2_PLACEMENT_3D('',#3271,#3272,#3273);
#3271 = CARTESIAN_POINT('',(-0.7,-6.,-1.3));
#3272 = DIRECTION('',(1.,0.,-0.));
#3273 = DIRECTION('',(0.,0.,1.));
#3274 = DEFINITIONAL_REPRESENTATION('',(#3275),#3279);
#3275 = LINE('',#3276,#3277);
#3276 = CARTESIAN_POINT('',(0.,0.));
#3277 = VECTOR('',#3278,1.);
#3278 = DIRECTION('',(1.,0.));
#3279 = ( GEOMETRIC_REPRESENTATION_CONTEXT(2) 
PARAMETRIC_REPRESENTATION_CONTEXT() REPRESENTATION_CONTEXT('2D SPACE',''
  ) );
#3280 = PCURVE('',#3281,#3286);
#3281 = PLANE('',#3282);
#3282 = AXIS2_PLACEMENT_3D('',#3283,#3284,#3285);
#3283 = CARTESIAN_POINT('',(-0.7,-6.,-1.3));
#3284 = DIRECTION('',(-0.,1.,0.));
#3285 = DIRECTION('',(0.,0.,1.));
#3286 = DEFINITIONAL_REPRESENTATION('',(#3287),#3291);
#3287 = LINE('',#3288,#3289);
#3288 = CARTESIAN_POINT('',(0.,0.));
#3289 = VECTOR('',#3290,1.);
#3290 = DIRECTION('',(1.,0.));
#3291 = ( GEOMETRIC_REPRESENTATION_CONTEXT(2) 
PARAMETRIC_REPRESENTATION_CONTEXT() REPRESENTATION_CONTEXT('2D SPACE',''
  ) );
#3292 = ORIENTED_EDGE('',*,*,#3293,.T.);
#3293 = EDGE_CURVE('',#3259,#3294,#3296,.T.);
#3294 = VERTEX_POINT('',#3295);
#3295 = CARTESIAN_POINT('',(-0.7,6.,-1.3));
#3296 = SURFACE_CURVE('',#3297,(#3301,#3308),.PCURVE_S1.);
#3297 = LINE('',#3298,#3299);
#3298 = CARTESIAN_POINT('',(-0.7,-6.,-1.3));
#3299 = VECTOR('',#3300,1.);
#3300 = DIRECTION('',(-0.,1.,0.));
#3301 = PCURVE('',#3269,#3302);
#3302 = DEFINITIONAL_REPRESENTATION('',(#3303),#3307);
#3303 = LINE('',#3304,#3305);
#3304 = CARTESIAN_POINT('',(0.,0.));
#3305 = VECTOR('',#3306,1.);
#3306 = DIRECTION('',(0.,-1.));
#3307 = ( GEOMETRIC_REPRESENTATION_CONTEXT(2) 
PARAMETRIC_REPRESENTATION_CONTEXT() REPRESENTATION_CONTEXT('2D SPACE',''
  ) );
#3308 = PCURVE('',#3309,#3314);
#3309 = PLANE('',#3310);
#3310 = AXIS2_PLACEMENT_3D('',#3311,#3312,#3313);
#3311 = CARTESIAN_POINT('',(-0.7,-6.,-1.3));
#3312 = DIRECTION('',(0.,0.,1.));
#3313 = DIRECTION('',(1.,0.,-0.));
#3314 = DEFINITIONAL_REPRESENTATION('',(#3315),#3319);
#3315 = LINE('',#3316,#3317);
#3316 = CARTESIAN_POINT('',(0.,0.));
#3317 = VECTOR('',#3318,1.);
#3318 = DIRECTION('',(0.,1.));
#3319 = ( GEOMETRIC_REPRESENTATION_CONTEXT(2) 
PARAMETRIC_REPRESENTATION_CONTEXT() REPRESENTATION_CONTEXT('2D SPACE',''
  ) );
#3320 = ORIENTED_EDGE('',*,*,#3321,.T.);
#3321 = EDGE_CURVE('',#3294,#3322,#3324,.T.);
#3322 = VERTEX_POINT('',#3323);
#3323 = CARTESIAN_POINT('',(-0.7,6.,1.3));
#3324 = SURFACE_CURVE('',#3325,(#3329,#3336),.PCURVE_S1.);
#3325 = LINE('',#3326,#3327);
#3326 = CARTESIAN_POINT('',(-0.7,6.,-1.3));
#3327 = VECTOR('',#3328,1.);
#3328 = DIRECTION('',(0.,0.,1.));
#3329 = PCURVE('',#3269,#3330);
#3330 = DEFINITIONAL_REPRESENTATION('',(#3331),#3335);
#3331 = LINE('',#3332,#3333);
#3332 = CARTESIAN_POINT('',(0.,-12.));
#3333 = VECTOR('',#3334,1.);
#3334 = DIRECTION('',(1.,0.));
#3335 = ( GEOMETRIC_REPRESENTATION_CONTEXT(2) 
PARAMETRIC_REPRESENTATION_CONTEXT() REPRESENTATION_CONTEXT('2D SPACE',''
  ) );
#3336 = PCURVE('',#3337,#3342);
#3337 = PLANE('',#3338);
#3338 = AXIS2_PLACEMENT_3D('',#3339,#3340,#3341);
#3339 = CARTESIAN_POINT('',(-0.7,6.,-1.3));
#3340 = DIRECTION('',(-0.,1.,0.));
#3341 = DIRECTION('',(0.,0.,1.));
#3342 = DEFINITIONAL_REPRESENTATION('',(#3343),#3347);
#3343 = LINE('',#3344,#3345);
#3344 = CARTESIAN_POINT('',(0.,0.));
#3345 = VECTOR('',#3346,1.);
#3346 = DIRECTION('',(1.,0.));
#3347 = ( GEOMETRIC_REPRESENTATION_CONTEXT(2) 
PARAMETRIC_REPRESENTATION_CONTEXT() REPRESENTATION_CONTEXT('2D SPACE',''
  ) );
#3348 = ORIENTED_EDGE('',*,*,#3349,.F.);
#3349 = EDGE_CURVE('',#3261,#3322,#3350,.T.);
#3350 = SURFACE_CURVE('',#3351,(#3355,#3362),.PCURVE_S1.);
#3351 = LINE('',#3352,#3353);
#3352 = CARTESIAN_POINT('',(-0.7,-6.,1.3));
#3353 = VECTOR('',#3354,1.);
#3354 = DIRECTION('',(-0.,1.,0.));
#3355 = PCURVE('',#3269,#3356);
#3356 = DEFINITIONAL_REPRESENTATION('',(#3357),#3361);
#3357 = LINE('',#3358,#3359);
#3358 = CARTESIAN_POINT('',(2.6,0.));
#3359 = VECTOR('',#3360,1.);
#3360 = DIRECTION('',(0.,-1.));
#3361 = ( GEOMETRIC_REPRESENTATION_CONTEXT(2) 
PARAMETRIC_REPRESENTATION_CONTEXT() REPRESENTATION_CONTEXT('2D SPACE',''
  ) );
#3362 = PCURVE('',#3363,#3368);
#3363 = PLANE('',#3364);
#3364 = AXIS2_PLACEMENT_3D('',#3365,#3366,#3367);
#3365 = CARTESIAN_POINT('',(-0.7,-6.,1.3));
#3366 = DIRECTION('',(0.,0.,1.));
#3367 = DIRECTION('',(1.,0.,-0.));
#3368 = DEFINITIONAL_REPRESENTATION('',(#3369),#3373);
#3369 = LINE('',#3370,#3371);
#3370 = CARTESIAN_POINT('',(0.,0.));
#3371 = VECTOR('',#3372,1.);
#3372 = DIRECTION('',(0.,1.));
#3373 = ( GEOMETRIC_REPRESENTATION_CONTEXT(2) 
PARAMETRIC_REPRESENTATION_CONTEXT() REPRESENTATION_CONTEXT('2D SPACE',''
  ) );
#3374 = ADVANCED_FACE('',(#3375),#3389,.T.);
#3375 = FACE_BOUND('',#3376,.T.);
#3376 = EDGE_LOOP('',(#3377,#3407,#3430,#3453));
#3377 = ORIENTED_EDGE('',*,*,#3378,.F.);
#3378 = EDGE_CURVE('',#3379,#3381,#3383,.T.);
#3379 = VERTEX_POINT('',#3380);
#3380 = CARTESIAN_POINT('',(0.7,-6.,-1.3));
#3381 = VERTEX_POINT('',#3382);
#3382 = CARTESIAN_POINT('',(0.7,-6.,1.3));
#3383 = SURFACE_CURVE('',#3384,(#3388,#3400),.PCURVE_S1.);
#3384 = LINE('',#3385,#3386);
#3385 = CARTESIAN_POINT('',(0.7,-6.,-1.3));
#3386 = VECTOR('',#3387,1.);
#3387 = DIRECTION('',(0.,0.,1.));
#3388 = PCURVE('',#3389,#3394);
#3389 = PLANE('',#3390);
#3390 = AXIS2_PLACEMENT_3D('',#3391,#3392,#3393);
#3391 = CARTESIAN_POINT('',(0.7,-6.,-1.3));
#3392 = DIRECTION('',(1.,0.,-0.));
#3393 = DIRECTION('',(0.,0.,1.));
#3394 = DEFINITIONAL_REPRESENTATION('',(#3395),#3399);
#3395 = LINE('',#3396,#3397);
#3396 = CARTESIAN_POINT('',(0.,0.));
#3397 = VECTOR('',#3398,1.);
#3398 = DIRECTION('',(1.,0.));
#3399 = ( GEOMETRIC_REPRESENTATION_CONTEXT(2) 
PARAMETRIC_REPRESENTATION_CONTEXT() REPRESENTATION_CONTEXT('2D SPACE',''
  ) );
#3400 = PCURVE('',#3281,#3401);
#3401 = DEFINITIONAL_REPRESENTATION('',(#3402),#3406);
#3402 = LINE('',#3403,#3404);
#3403 = CARTESIAN_POINT('',(0.,1.4));
#3404 = VECTOR('',#3405,1.);
#3405 = DIRECTION('',(1.,0.));
#3406 = ( GEOMETRIC_REPRESENTATION_CONTEXT(2) 
PARAMETRIC_REPRESENTATION_CONTEXT() REPRESENTATION_CONTEXT('2D SPACE',''
  ) );
#3407 = ORIENTED_EDGE('',*,*,#3408,.T.);
#3408 = EDGE_CURVE('',#3379,#3409,#3411,.T.);
#3409 = VERTEX_POINT('',#3410);
#3410 = CARTESIAN_POINT('',(0.7,6.,-1.3));
#3411 = SURFACE_CURVE('',#3412,(#3416,#3423),.PCURVE_S1.);
#3412 = LINE('',#3413,#3414);
#3413 = CARTESIAN_POINT('',(0.7,-6.,-1.3));
#3414 = VECTOR('',#3415,1.);
#3415 = DIRECTION('',(-0.,1.,0.));
#3416 = PCURVE('',#3389,#3417);
#3417 = DEFINITIONAL_REPRESENTATION('',(#3418),#3422);
#3418 = LINE('',#3419,#3420);
#3419 = CARTESIAN_POINT('',(0.,0.));
#3420 = VECTOR('',#3421,1.);
#3421 = DIRECTION('',(0.,-1.));
#3422 = ( GEOMETRIC_REPRESENTATION_CONTEXT(2) 
PARAMETRIC_REPRESENTATION_CONTEXT() REPRESENTATION_CONTEXT('2D SPACE',''
  ) );
#3423 = PCURVE('',#3309,#3424);
#3424 = DEFINITIONAL_REPRESENTATION('',(#3425),#3429);
#3425 = LINE('',#3426,#3427);
#3426 = CARTESIAN_POINT('',(1.4,0.));
#3427 = VECTOR('',#3428,1.);
#3428 = DIRECTION('',(0.,1.));
#3429 = ( GEOMETRIC_REPRESENTATION_CONTEXT(2) 
PARAMETRIC_REPRESENTATION_CONTEXT() REPRESENTATION_CONTEXT('2D SPACE',''
  ) );
#3430 = ORIENTED_EDGE('',*,*,#3431,.T.);
#3431 = EDGE_CURVE('',#3409,#3432,#3434,.T.);
#3432 = VERTEX_POINT('',#3433);
#3433 = CARTESIAN_POINT('',(0.7,6.,1.3));
#3434 = SURFACE_CURVE('',#3435,(#3439,#3446),.PCURVE_S1.);
#3435 = LINE('',#3436,#3437);
#3436 = CARTESIAN_POINT('',(0.7,6.,-1.3));
#3437 = VECTOR('',#3438,1.);
#3438 = DIRECTION('',(0.,0.,1.));
#3439 = PCURVE('',#3389,#3440);
#3440 = DEFINITIONAL_REPRESENTATION('',(#3441),#3445);
#3441 = LINE('',#3442,#3443);
#3442 = CARTESIAN_POINT('',(0.,-12.));
#3443 = VECTOR('',#3444,1.);
#3444 = DIRECTION('',(1.,0.));
#3445 = ( GEOMETRIC_REPRESENTATION_CONTEXT(2) 
PARAMETRIC_REPRESENTATION_CONTEXT() REPRESENTATION_CONTEXT('2D SPACE',''
  ) );
#3446 = PCURVE('',#3337,#3447);
#3447 = DEFINITIONAL_REPRESENTATION('',(#3448),#3452);
#3448 = LINE('',#3449,#3450);
#3449 = CARTESIAN_POINT('',(0.,1.4));
#3450 = VECTOR('',#3451,1.);
#3451 = DIRECTION('',(1.,0.));
#3452 = ( GEOMETRIC_REPRESENTATION_CONTEXT(2) 
PARAMETRIC_REPRESENTATION_CONTEXT() REPRESENTATION_CONTEXT('2D SPACE',''
  ) );
#3453 = ORIENTED_EDGE('',*,*,#3454,.F.);
#3454 = EDGE_CURVE('',#3381,#3432,#3455,.T.);
#3455 = SURFACE_CURVE('',#3456,(#3460,#3467),.PCURVE_S1.);
#3456 = LINE('',#3457,#3458);
#3457 = CARTESIAN_POINT('',(0.7,-6.,1.3));
#3458 = VECTOR('',#3459,1.);
#3459 = DIRECTION('',(-0.,1.,0.));
#3460 = PCURVE('',#3389,#3461);
#3461 = DEFINITIONAL_REPRESENTATION('',(#3462),#3466);
#3462 = LINE('',#3463,#3464);
#3463 = CARTESIAN_POINT('',(2.6,0.));
#3464 = VECTOR('',#3465,1.);
#3465 = DIRECTION('',(0.,-1.));
#3466 = ( GEOMETRIC_REPRESENTATION_CONTEXT(2) 
PARAMETRIC_REPRESENTATION_CONTEXT() REPRESENTATION_CONTEXT('2D SPACE',''
  ) );
#3467 = PCURVE('',#3363,#3468);
#3468 = DEFINITIONAL_REPRESENTATION('',(#3469),#3473);
#3469 = LINE('',#3470,#3471);
#3470 = CARTESIAN_POINT('',(1.4,0.));
#3471 = VECTOR('',#3472,1.);
#3472 = DIRECTION('',(0.,1.));
#3473 = ( GEOMETRIC_REPRESENTATION_CONTEXT(2) 
PARAMETRIC_REPRESENTATION_CONTEXT() REPRESENTATION_CONTEXT('2D SPACE',''
  ) );
#3474 = ADVANCED_FACE('',(#3475),#3281,.F.);
#3475 = FACE_BOUND('',#3476,.F.);
#3476 = EDGE_LOOP('',(#3477,#3498,#3499,#3520));
#3477 = ORIENTED_EDGE('',*,*,#3478,.F.);
#3478 = EDGE_CURVE('',#3259,#3379,#3479,.T.);
#3479 = SURFACE_CURVE('',#3480,(#3484,#3491),.PCURVE_S1.);
#3480 = LINE('',#3481,#3482);
#3481 = CARTESIAN_POINT('',(-0.7,-6.,-1.3));
#3482 = VECTOR('',#3483,1.);
#3483 = DIRECTION('',(1.,0.,-0.));
#3484 = PCURVE('',#3281,#3485);
#3485 = DEFINITIONAL_REPRESENTATION('',(#3486),#3490);
#3486 = LINE('',#3487,#3488);
#3487 = CARTESIAN_POINT('',(0.,0.));
#3488 = VECTOR('',#3489,1.);
#3489 = DIRECTION('',(0.,1.));
#3490 = ( GEOMETRIC_REPRESENTATION_CONTEXT(2) 
PARAMETRIC_REPRESENTATION_CONTEXT() REPRESENTATION_CONTEXT('2D SPACE',''
  ) );
#3491 = PCURVE('',#3309,#3492);
#3492 = DEFINITIONAL_REPRESENTATION('',(#3493),#3497);
#3493 = LINE('',#3494,#3495);
#3494 = CARTESIAN_POINT('',(0.,0.));
#3495 = VECTOR('',#3496,1.);
#3496 = DIRECTION('',(1.,0.));
#3497 = ( GEOMETRIC_REPRESENTATION_CONTEXT(2) 
PARAMETRIC_REPRESENTATION_CONTEXT() REPRESENTATION_CONTEXT('2D SPACE',''
  ) );
#3498 = ORIENTED_EDGE('',*,*,#3258,.T.);
#3499 = ORIENTED_EDGE('',*,*,#3500,.T.);
#3500 = EDGE_CURVE('',#3261,#3381,#3501,.T.);
#3501 = SURFACE_CURVE('',#3502,(#3506,#3513),.PCURVE_S1.);
#3502 = LINE('',#3503,#3504);
#3503 = CARTESIAN_POINT('',(-0.7,-6.,1.3));
#3504 = VECTOR('',#3505,1.);
#3505 = DIRECTION('',(1.,0.,-0.));
#3506 = PCURVE('',#3281,#3507);
#3507 = DEFINITIONAL_REPRESENTATION('',(#3508),#3512);
#3508 = LINE('',#3509,#3510);
#3509 = CARTESIAN_POINT('',(2.6,0.));
#3510 = VECTOR('',#3511,1.);
#3511 = DIRECTION('',(0.,1.));
#3512 = ( GEOMETRIC_REPRESENTATION_CONTEXT(2) 
PARAMETRIC_REPRESENTATION_CONTEXT() REPRESENTATION_CONTEXT('2D SPACE',''
  ) );
#3513 = PCURVE('',#3363,#3514);
#3514 = DEFINITIONAL_REPRESENTATION('',(#3515),#3519);
#3515 = LINE('',#3516,#3517);
#3516 = CARTESIAN_POINT('',(0.,0.));
#3517 = VECTOR('',#3518,1.);
#3518 = DIRECTION('',(1.,0.));
#3519 = ( GEOMETRIC_REPRESENTATION_CONTEXT(2) 
PARAMETRIC_REPRESENTATION_CONTEXT() REPRESENTATION_CONTEXT('2D SPACE',''
  ) );
#3520 = ORIENTED_EDGE('',*,*,#3378,.F.);
#3521 = ADVANCED_FACE('',(#3522),#3337,.T.);
#3522 = FACE_BOUND('',#3523,.T.);
#3523 = EDGE_LOOP('',(#3524,#3545,#3546,#3567));
#3524 = ORIENTED_EDGE('',*,*,#3525,.F.);
#3525 = EDGE_CURVE('',#3294,#3409,#3526,.T.);
#3526 = SURFACE_CURVE('',#3527,(#3531,#3538),.PCURVE_S1.);
#3527 = LINE('',#3528,#3529);
#3528 = CARTESIAN_POINT('',(-0.7,6.,-1.3));
#3529 = VECTOR('',#3530,1.);
#3530 = DIRECTION('',(1.,0.,-0.));
#3531 = PCURVE('',#3337,#3532);
#3532 = DEFINITIONAL_REPRESENTATION('',(#3533),#3537);
#3533 = LINE('',#3534,#3535);
#3534 = CARTESIAN_POINT('',(0.,0.));
#3535 = VECTOR('',#3536,1.);
#3536 = DIRECTION('',(0.,1.));
#3537 = ( GEOMETRIC_REPRESENTATION_CONTEXT(2) 
PARAMETRIC_REPRESENTATION_CONTEXT() REPRESENTATION_CONTEXT('2D SPACE',''
  ) );
#3538 = PCURVE('',#3309,#3539);
#3539 = DEFINITIONAL_REPRESENTATION('',(#3540),#3544);
#3540 = LINE('',#3541,#3542);
#3541 = CARTESIAN_POINT('',(0.,12.));
#3542 = VECTOR('',#3543,1.);
#3543 = DIRECTION('',(1.,0.));
#3544 = ( GEOMETRIC_REPRESENTATION_CONTEXT(2) 
PARAMETRIC_REPRESENTATION_CONTEXT() REPRESENTATION_CONTEXT('2D SPACE',''
  ) );
#3545 = ORIENTED_EDGE('',*,*,#3321,.T.);
#3546 = ORIENTED_EDGE('',*,*,#3547,.T.);
#3547 = EDGE_CURVE('',#3322,#3432,#3548,.T.);
#3548 = SURFACE_CURVE('',#3549,(#3553,#3560),.PCURVE_S1.);
#3549 = LINE('',#3550,#3551);
#3550 = CARTESIAN_POINT('',(-0.7,6.,1.3));
#3551 = VECTOR('',#3552,1.);
#3552 = DIRECTION('',(1.,0.,-0.));
#3553 = PCURVE('',#3337,#3554);
#3554 = DEFINITIONAL_REPRESENTATION('',(#3555),#3559);
#3555 = LINE('',#3556,#3557);
#3556 = CARTESIAN_POINT('',(2.6,0.));
#3557 = VECTOR('',#3558,1.);
#3558 = DIRECTION('',(0.,1.));
#3559 = ( GEOMETRIC_REPRESENTATION_CONTEXT(2) 
PARAMETRIC_REPRESENTATION_CONTEXT() REPRESENTATION_CONTEXT('2D SPACE',''
  ) );
#3560 = PCURVE('',#3363,#3561);
#3561 = DEFINITIONAL_REPRESENTATION('',(#3562),#3566);
#3562 = LINE('',#3563,#3564);
#3563 = CARTESIAN_POINT('',(0.,12.));
#3564 = VECTOR('',#3565,1.);
#3565 = DIRECTION('',(1.,0.));
#3566 = ( GEOMETRIC_REPRESENTATION_CONTEXT(2) 
PARAMETRIC_REPRESENTATION_CONTEXT() REPRESENTATION_CONTEXT('2D SPACE',''
  ) );
#3567 = ORIENTED_EDGE('',*,*,#3431,.F.);
#3568 = ADVANCED_FACE('',(#3569),#3309,.F.);
#3569 = FACE_BOUND('',#3570,.F.);
#3570 = EDGE_LOOP('',(#3571,#3572,#3573,#3574));
#3571 = ORIENTED_EDGE('',*,*,#3293,.F.);
#3572 = ORIENTED_EDGE('',*,*,#3478,.T.);
#3573 = ORIENTED_EDGE('',*,*,#3408,.T.);
#3574 = ORIENTED_EDGE('',*,*,#3525,.F.);
#3575 = ADVANCED_FACE('',(#3576),#3363,.T.);
#3576 = FACE_BOUND('',#3577,.T.);
#3577 = EDGE_LOOP('',(#3578,#3579,#3580,#3581));
#3578 = ORIENTED_EDGE('',*,*,#3349,.F.);
#3579 = ORIENTED_EDGE('',*,*,#3500,.T.);
#3580 = ORIENTED_EDGE('',*,*,#3454,.T.);
#3581 = ORIENTED_EDGE('',*,*,#3547,.F.);
#3582 = ( GEOMETRIC_REPRESENTATION_CONTEXT(3) 
GLOBAL_UNCERTAINTY_ASSIGNED_CONTEXT((#3586)) 
GLOBAL_UNIT_ASSIGNED_CONTEXT((#3583,#3584,#3585)) REPRESENTATION_CONTEXT
('Context #1','3D Context with UNIT and UNCERTAINTY') );
#3583 = ( LENGTH_UNIT() NAMED_UNIT(*) SI_UNIT(.MILLI.,.METRE.) );
#3584 = ( NAMED_UNIT(*) PLANE_ANGLE_UNIT() SI_UNIT($,.RADIAN.) );
#3585 = ( NAMED_UNIT(*) SI_UNIT($,.STERADIAN.) SOLID_ANGLE_UNIT() );
#3586 = UNCERTAINTY_MEASURE_WITH_UNIT(LENGTH_MEASURE(1.E-07),#3583,
  'distance_accuracy_value','confusion accuracy');
#3587 = CONTEXT_DEPENDENT_SHAPE_REPRESENTATION(#3588,#3590);
#3588 = ( REPRESENTATION_RELATIONSHIP('','',#3251,#10) 
REPRESENTATION_RELATIONSHIP_WITH_TRANSFORMATION(#3589) 
SHAPE_REPRESENTATION_RELATIONSHIP() );
#3589 = ITEM_DEFINED_TRANSFORMATION('','',#11,#43);
#3590 = PRODUCT_DEFINITION_SHAPE('Placement','Placement of an item',
  #3591);
#3591 = NEXT_ASSEMBLY_USAGE_OCCURRENCE('853','button.2','',#5,#3246,$);
#3592 = PRODUCT_RELATED_PRODUCT_CATEGORY('part',$,(#3248));
#3593 = SHAPE_DEFINITION_REPRESENTATION(#3594,#3600);
#3594 = PRODUCT_DEFINITION_SHAPE('','',#3595);
#3595 = PRODUCT_DEFINITION('design','',#3596,#3599);
#3596 = PRODUCT_DEFINITION_FORMATION('','',#3597);
#3597 = PRODUCT('port.1','port.1','',(#3598));
#3598 = PRODUCT_CONTEXT('',#2,'mechanical');
#3599 = PRODUCT_DEFINITION_CONTEXT('part definition',#2,'design');
#3600 = ADVANCED_BREP_SHAPE_REPRESENTATION('',(#11,#3601),#3931);
#3601 = MANIFOLD_SOLID_BREP('',#3602);
#3602 = CLOSED_SHELL('',(#3603,#3723,#3823,#3870,#3917,#3924));
#3603 = ADVANCED_FACE('',(#3604),#3618,.F.);
#3604 = FACE_BOUND('',#3605,.F.);
#3605 = EDGE_LOOP('',(#3606,#3641,#3669,#3697));
#3606 = ORIENTED_EDGE('',*,*,#3607,.F.);
#3607 = EDGE_CURVE('',#3608,#3610,#3612,.T.);
#3608 = VERTEX_POINT('',#3609);
#3609 = CARTESIAN_POINT('',(-4.5,-0.6,-1.6));
#3610 = VERTEX_POINT('',#3611);
#3611 = CARTESIAN_POINT('',(-4.5,-0.6,1.6));
#3612 = SURFACE_CURVE('',#3613,(#3617,#3629),.PCURVE_S1.);
#3613 = LINE('',#3614,#3615);
#3614 = CARTESIAN_POINT('',(-4.5,-0.6,-1.6));
#3615 = VECTOR('',#3616,1.);
#3616 = DIRECTION('',(0.,0.,1.));
#3617 = PCURVE('',#3618,#3623);
#3618 = PLANE('',#3619);
#3619 = AXIS2_PLACEMENT_3D('',#3620,#3621,#3622);
#3620 = CARTESIAN_POINT('',(-4.5,-0.6,-1.6));
#3621 = DIRECTION('',(1.,0.,-0.));
#3622 = DIRECTION('',(0.,0.,1.));
#3623 = DEFINITIONAL_REPRESENTATION('',(#3624),#3628);
#3624 = LINE('',#3625,#3626);
#3625 = CARTESIAN_POINT('',(0.,0.));
#3626 = VECTOR('',#3627,1.);
#3627 = DIRECTION('',(1.,0.));
#3628 = ( GEOMETRIC_REPRESENTATION_CONTEXT(2) 
PARAMETRIC_REPRESENTATION_CONTEXT() REPRESENTATION_CONTEXT('2D SPACE',''
  ) );
#3629 = PCURVE('',#3630,#3635);
#3630 = PLANE('',#3631);
#3631 = AXIS2_PLACEMENT_3D('',#3632,#3633,#3634);
#3632 = CARTESIAN_POINT('',(-4.5,-0.6,-1.6));
#3633 = DIRECTION('',(-0.,1.,0.));
#3634 = DIRECTION('',(0.,0.,1.));
#3635 = DEFINITIONAL_REPRESENTATION('',(#3636),#3640);
#3636 = LINE('',#3637,#3638);
#3637 = CARTESIAN_POINT('',(0.,0.));
#3638 = VECTOR('',#3639,1.);
#3639 = DIRECTION('',(1.,0.));
#3640 = ( GEOMETRIC_REPRESENTATION_CONTEXT(2) 
PARAMETRIC_REPRESENTATION_CONTEXT() REPRESENTATION_CONTEXT('2D SPACE',''
  ) );
#3641 = ORIENTED_EDGE('',*,*,#3642,.T.);
#3642 = EDGE_CURVE('',#3608,#3643,#3645,.T.);
#3643 = VERTEX_POINT('',#3644);
#3644 = CARTESIAN_POINT('',(-4.5,0.6,-1.6));
#3645 = SURFACE_CURVE('',#3646,(#3650,#3657),.PCURVE_S1.);
#3646 = LINE('',#3647,#3648);
#3647 = CARTESIAN_POINT('',(-4.5,-0.6,-1.6));
#3648 = VECTOR('',#3649,1.);
#3649 = DIRECTION('',(-0.,1.,0.));
#3650 = PCURVE('',#3618,#3651);
#3651 = DEFINITIONAL_REPRESENTATION('',(#3652),#3656);
#3652 = LINE('',#3653,#3654);
#3653 = CARTESIAN_POINT('',(0.,0.));
#3654 = VECTOR('',#3655,1.);
#3655 = DIRECTION('',(0.,-1.));
#3656 = ( GEOMETRIC_REPRESENTATION_CONTEXT(2) 
PARAMETRIC_REPRESENTATION_CONTEXT() REPRESENTATION_CONTEXT('2D SPACE',''
  ) );
#3657 = PCURVE('',#3658,#3663);
#3658 = PLANE('',#3659);
#3659 = AXIS2_PLACEMENT_3D('',#3660,#3661,#3662);
#3660 = CARTESIAN_POINT('',(-4.5,-0.6,-1.6));
#3661 = DIRECTION('',(0.,0.,1.));
#3662 = DIRECTION('',(1.,0.,-0.));
#3663 = DEFINITIONAL_REPRESENTATION('',(#3664),#3668);
#3664 = LINE('',#3665,#3666);
#3665 = CARTESIAN_POINT('',(0.,0.));
#3666 = VECTOR('',#3667,1.);
#3667 = DIRECTION('',(0.,1.));
#3668 = ( GEOMETRIC_REPRESENTATION_CONTEXT(2) 
PARAMETRIC_REPRESENTATION_CONTEXT() REPRESENTATION_CONTEXT('2D SPACE',''
  ) );
#3669 = ORIENTED_EDGE('',*,*,#3670,.T.);
#3670 = EDGE_CURVE('',#3643,#3671,#3673,.T.);
#3671 = VERTEX_POINT('',#3672);
#3672 = CARTESIAN_POINT('',(-4.5,0.6,1.6));
#3673 = SURFACE_CURVE('',#3674,(#3678,#3685),.PCURVE_S1.);
#3674 = LINE('',#3675,#3676);
#3675 = CARTESIAN_POINT('',(-4.5,0.6,-1.6));
#3676 = VECTOR('',#3677,1.);
#3677 = DIRECTION('',(0.,0.,1.));
#3678 = PCURVE('',#3618,#3679);
#3679 = DEFINITIONAL_REPRESENTATION('',(#3680),#3684);
#3680 = LINE('',#3681,#3682);
#3681 = CARTESIAN_POINT('',(0.,-1.2));
#3682 = VECTOR('',#3683,1.);
#3683 = DIRECTION('',(1.,0.));
#3684 = ( GEOMETRIC_REPRESENTATION_CONTEXT(2) 
PARAMETRIC_REPRESENTATION_CONTEXT() REPRESENTATION_CONTEXT('2D SPACE',''
  ) );
#3685 = PCURVE('',#3686,#3691);
#3686 = PLANE('',#3687);
#3687 = AXIS2_PLACEMENT_3D('',#3688,#3689,#3690);
#3688 = CARTESIAN_POINT('',(-4.5,0.6,-1.6));
#3689 = DIRECTION('',(-0.,1.,0.));
#3690 = DIRECTION('',(0.,0.,1.));
#3691 = DEFINITIONAL_REPRESENTATION('',(#3692),#3696);
#3692 = LINE('',#3693,#3694);
#3693 = CARTESIAN_POINT('',(0.,0.));
#3694 = VECTOR('',#3695,1.);
#3695 = DIRECTION('',(1.,0.));
#3696 = ( GEOMETRIC_REPRESENTATION_CONTEXT(2) 
PARAMETRIC_REPRESENTATION_CONTEXT() REPRESENTATION_CONTEXT('2D SPACE',''
  ) );
#3697 = ORIENTED_EDGE('',*,*,#3698,.F.);
#3698 = EDGE_CURVE('',#3610,#3671,#3699,.T.);
#3699 = SURFACE_CURVE('',#3700,(#3704,#3711),.PCURVE_S1.);
#3700 = LINE('',#3701,#3702);
#3701 = CARTESIAN_POINT('',(-4.5,-0.6,1.6));
#3702 = VECTOR('',#3703,1.);
#3703 = DIRECTION('',(-0.,1.,0.));
#3704 = PCURVE('',#3618,#3705);
#3705 = DEFINITIONAL_REPRESENTATION('',(#3706),#3710);
#3706 = LINE('',#3707,#3708);
#3707 = CARTESIAN_POINT('',(3.2,0.));
#3708 = VECTOR('',#3709,1.);
#3709 = DIRECTION('',(0.,-1.));
#3710 = ( GEOMETRIC_REPRESENTATION_CONTEXT(2) 
PARAMETRIC_REPRESENTATION_CONTEXT() REPRESENTATION_CONTEXT('2D SPACE',''
  ) );
#3711 = PCURVE('',#3712,#3717);
#3712 = PLANE('',#3713);
#3713 = AXIS2_PLACEMENT_3D('',#3714,#3715,#3716);
#3714 = CARTESIAN_POINT('',(-4.5,-0.6,1.6));
#3715 = DIRECTION('',(0.,0.,1.));
#3716 = DIRECTION('',(1.,0.,-0.));
#3717 = DEFINITIONAL_REPRESENTATION('',(#3718),#3722);
#3718 = LINE('',#3719,#3720);
#3719 = CARTESIAN_POINT('',(0.,0.));
#3720 = VECTOR('',#3721,1.);
#3721 = DIRECTION('',(0.,1.));
#3722 = ( GEOMETRIC_REPRESENTATION_CONTEXT(2) 
PARAMETRIC_REPRESENTATION_CONTEXT() REPRESENTATION_CONTEXT('2D SPACE',''
  ) );
#3723 = ADVANCED_FACE('',(#3724),#3738,.T.);
#3724 = FACE_BOUND('',#3725,.T.);
#3725 = EDGE_LOOP('',(#3726,#3756,#3779,#3802));
#3726 = ORIENTED_EDGE('',*,*,#3727,.F.);
#3727 = EDGE_CURVE('',#3728,#3730,#3732,.T.);
#3728 = VERTEX_POINT('',#3729);
#3729 = CARTESIAN_POINT('',(4.5,-0.6,-1.6));
#3730 = VERTEX_POINT('',#3731);
#3731 = CARTESIAN_POINT('',(4.5,-0.6,1.6));
#3732 = SURFACE_CURVE('',#3733,(#3737,#3749),.PCURVE_S1.);
#3733 = LINE('',#3734,#3735);
#3734 = CARTESIAN_POINT('',(4.5,-0.6,-1.6));
#3735 = VECTOR('',#3736,1.);
#3736 = DIRECTION('',(0.,0.,1.));
#3737 = PCURVE('',#3738,#3743);
#3738 = PLANE('',#3739);
#3739 = AXIS2_PLACEMENT_3D('',#3740,#3741,#3742);
#3740 = CARTESIAN_POINT('',(4.5,-0.6,-1.6));
#3741 = DIRECTION('',(1.,0.,-0.));
#3742 = DIRECTION('',(0.,0.,1.));
#3743 = DEFINITIONAL_REPRESENTATION('',(#3744),#3748);
#3744 = LINE('',#3745,#3746);
#3745 = CARTESIAN_POINT('',(0.,0.));
#3746 = VECTOR('',#3747,1.);
#3747 = DIRECTION('',(1.,0.));
#3748 = ( GEOMETRIC_REPRESENTATION_CONTEXT(2) 
PARAMETRIC_REPRESENTATION_CONTEXT() REPRESENTATION_CONTEXT('2D SPACE',''
  ) );
#3749 = PCURVE('',#3630,#3750);
#3750 = DEFINITIONAL_REPRESENTATION('',(#3751),#3755);
#3751 = LINE('',#3752,#3753);
#3752 = CARTESIAN_POINT('',(0.,9.));
#3753 = VECTOR('',#3754,1.);
#3754 = DIRECTION('',(1.,0.));
#3755 = ( GEOMETRIC_REPRESENTATION_CONTEXT(2) 
PARAMETRIC_REPRESENTATION_CONTEXT() REPRESENTATION_CONTEXT('2D SPACE',''
  ) );
#3756 = ORIENTED_EDGE('',*,*,#3757,.T.);
#3757 = EDGE_CURVE('',#3728,#3758,#3760,.T.);
#3758 = VERTEX_POINT('',#3759);
#3759 = CARTESIAN_POINT('',(4.5,0.6,-1.6));
#3760 = SURFACE_CURVE('',#3761,(#3765,#3772),.PCURVE_S1.);
#3761 = LINE('',#3762,#3763);
#3762 = CARTESIAN_POINT('',(4.5,-0.6,-1.6));
#3763 = VECTOR('',#3764,1.);
#3764 = DIRECTION('',(-0.,1.,0.));
#3765 = PCURVE('',#3738,#3766);
#3766 = DEFINITIONAL_REPRESENTATION('',(#3767),#3771);
#3767 = LINE('',#3768,#3769);
#3768 = CARTESIAN_POINT('',(0.,0.));
#3769 = VECTOR('',#3770,1.);
#3770 = DIRECTION('',(0.,-1.));
#3771 = ( GEOMETRIC_REPRESENTATION_CONTEXT(2) 
PARAMETRIC_REPRESENTATION_CONTEXT() REPRESENTATION_CONTEXT('2D SPACE',''
  ) );
#3772 = PCURVE('',#3658,#3773);
#3773 = DEFINITIONAL_REPRESENTATION('',(#3774),#3778);
#3774 = LINE('',#3775,#3776);
#3775 = CARTESIAN_POINT('',(9.,0.));
#3776 = VECTOR('',#3777,1.);
#3777 = DIRECTION('',(0.,1.));
#3778 = ( GEOMETRIC_REPRESENTATION_CONTEXT(2) 
PARAMETRIC_REPRESENTATION_CONTEXT() REPRESENTATION_CONTEXT('2D SPACE',''
  ) );
#3779 = ORIENTED_EDGE('',*,*,#3780,.T.);
#3780 = EDGE_CURVE('',#3758,#3781,#3783,.T.);
#3781 = VERTEX_POINT('',#3782);
#3782 = CARTESIAN_POINT('',(4.5,0.6,1.6));
#3783 = SURFACE_CURVE('',#3784,(#3788,#3795),.PCURVE_S1.);
#3784 = LINE('',#3785,#3786);
#3785 = CARTESIAN_POINT('',(4.5,0.6,-1.6));
#3786 = VECTOR('',#3787,1.);
#3787 = DIRECTION('',(0.,0.,1.));
#3788 = PCURVE('',#3738,#3789);
#3789 = DEFINITIONAL_REPRESENTATION('',(#3790),#3794);
#3790 = LINE('',#3791,#3792);
#3791 = CARTESIAN_POINT('',(0.,-1.2));
#3792 = VECTOR('',#3793,1.);
#3793 = DIRECTION('',(1.,0.));
#3794 = ( GEOMETRIC_REPRESENTATION_CONTEXT(2) 
PARAMETRIC_REPRESENTATION_CONTEXT() REPRESENTATION_CONTEXT('2D SPACE',''
  ) );
#3795 = PCURVE('',#3686,#3796);
#3796 = DEFINITIONAL_REPRESENTATION('',(#3797),#3801);
#3797 = LINE('',#3798,#3799);
#3798 = CARTESIAN_POINT('',(0.,9.));
#3799 = VECTOR('',#3800,1.);
#3800 = DIRECTION('',(1.,0.));
#3801 = ( GEOMETRIC_REPRESENTATION_CONTEXT(2) 
PARAMETRIC_REPRESENTATION_CONTEXT() REPRESENTATION_CONTEXT('2D SPACE',''
  ) );
#3802 = ORIENTED_EDGE('',*,*,#3803,.F.);
#3803 = EDGE_CURVE('',#3730,#3781,#3804,.T.);
#3804 = SURFACE_CURVE('',#3805,(#3809,#3816),.PCURVE_S1.);
#3805 = LINE('',#3806,#3807);
#3806 = CARTESIAN_POINT('',(4.5,-0.6,1.6));
#3807 = VECTOR('',#3808,1.);
#3808 = DIRECTION('',(-0.,1.,0.));
#3809 = PCURVE('',#3738,#3810);
#3810 = DEFINITIONAL_REPRESENTATION('',(#3811),#3815);
#3811 = LINE('',#3812,#3813);
#3812 = CARTESIAN_POINT('',(3.2,0.));
#3813 = VECTOR('',#3814,1.);
#3814 = DIRECTION('',(0.,-1.));
#3815 = ( GEOMETRIC_REPRESENTATION_CONTEXT(2) 
PARAMETRIC_REPRESENTATION_CONTEXT() REPRESENTATION_CONTEXT('2D SPACE',''
  ) );
#3816 = PCURVE('',#3712,#3817);
#3817 = DEFINITIONAL_REPRESENTATION('',(#3818),#3822);
#3818 = LINE('',#3819,#3820);
#3819 = CARTESIAN_POINT('',(9.,0.));
#3820 = VECTOR('',#3821,1.);
#3821 = DIRECTION('',(0.,1.));
#3822 = ( GEOMETRIC_REPRESENTATION_CONTEXT(2) 
PARAMETRIC_REPRESENTATION_CONTEXT() REPRESENTATION_CONTEXT('2D SPACE',''
  ) );
#3823 = ADVANCED_FACE('',(#3824),#3630,.F.);
#3824 = FACE_BOUND('',#3825,.F.);
#3825 = EDGE_LOOP('',(#3826,#3847,#3848,#3869));
#3826 = ORIENTED_EDGE('',*,*,#3827,.F.);
#3827 = EDGE_CURVE('',#3608,#3728,#3828,.T.);
#3828 = SURFACE_CURVE('',#3829,(#3833,#3840),.PCURVE_S1.);
#3829 = LINE('',#3830,#3831);
#3830 = CARTESIAN_POINT('',(-4.5,-0.6,-1.6));
#3831 = VECTOR('',#3832,1.);
#3832 = DIRECTION('',(1.,0.,-0.));
#3833 = PCURVE('',#3630,#3834);
#3834 = DEFINITIONAL_REPRESENTATION('',(#3835),#3839);
#3835 = LINE('',#3836,#3837);
#3836 = CARTESIAN_POINT('',(0.,0.));
#3837 = VECTOR('',#3838,1.);
#3838 = DIRECTION('',(0.,1.));
#3839 = ( GEOMETRIC_REPRESENTATION_CONTEXT(2) 
PARAMETRIC_REPRESENTATION_CONTEXT() REPRESENTATION_CONTEXT('2D SPACE',''
  ) );
#3840 = PCURVE('',#3658,#3841);
#3841 = DEFINITIONAL_REPRESENTATION('',(#3842),#3846);
#3842 = LINE('',#3843,#3844);
#3843 = CARTESIAN_POINT('',(0.,0.));
#3844 = VECTOR('',#3845,1.);
#3845 = DIRECTION('',(1.,0.));
#3846 = ( GEOMETRIC_REPRESENTATION_CONTEXT(2) 
PARAMETRIC_REPRESENTATION_CONTEXT() REPRESENTATION_CONTEXT('2D SPACE',''
  ) );
#3847 = ORIENTED_EDGE('',*,*,#3607,.T.);
#3848 = ORIENTED_EDGE('',*,*,#3849,.T.);
#3849 = EDGE_CURVE('',#3610,#3730,#3850,.T.);
#3850 = SURFACE_CURVE('',#3851,(#3855,#3862),.PCURVE_S1.);
#3851 = LINE('',#3852,#3853);
#3852 = CARTESIAN_POINT('',(-4.5,-0.6,1.6));
#3853 = VECTOR('',#3854,1.);
#3854 = DIRECTION('',(1.,0.,-0.));
#3855 = PCURVE('',#3630,#3856);
#3856 = DEFINITIONAL_REPRESENTATION('',(#3857),#3861);
#3857 = LINE('',#3858,#3859);
#3858 = CARTESIAN_POINT('',(3.2,0.));
#3859 = VECTOR('',#3860,1.);
#3860 = DIRECTION('',(0.,1.));
#3861 = ( GEOMETRIC_REPRESENTATION_CONTEXT(2) 
PARAMETRIC_REPRESENTATION_CONTEXT() REPRESENTATION_CONTEXT('2D SPACE',''
  ) );
#3862 = PCURVE('',#3712,#3863);
#3863 = DEFINITIONAL_REPRESENTATION('',(#3864),#3868);
#3864 = LINE('',#3865,#3866);
#3865 = CARTESIAN_POINT('',(0.,0.));
#3866 = VECTOR('',#3867,1.);
#3867 = DIRECTION('',(1.,0.));
#3868 = ( GEOMETRIC_REPRESENTATION_CONTEXT(2) 
PARAMETRIC_REPRESENTATION_CONTEXT() REPRESENTATION_CONTEXT('2D SPACE',''
  ) );
#3869 = ORIENTED_EDGE('',*,*,#3727,.F.);
#3870 = ADVANCED_FACE('',(#3871),#3686,.T.);
#3871 = FACE_BOUND('',#3872,.T.);
#3872 = EDGE_LOOP('',(#3873,#3894,#3895,#3916));
#3873 = ORIENTED_EDGE('',*,*,#3874,.F.);
#3874 = EDGE_CURVE('',#3643,#3758,#3875,.T.);
#3875 = SURFACE_CURVE('',#3876,(#3880,#3887),.PCURVE_S1.);
#3876 = LINE('',#3877,#3878);
#3877 = CARTESIAN_POINT('',(-4.5,0.6,-1.6));
#3878 = VECTOR('',#3879,1.);
#3879 = DIRECTION('',(1.,0.,-0.));
#3880 = PCURVE('',#3686,#3881);
#3881 = DEFINITIONAL_REPRESENTATION('',(#3882),#3886);
#3882 = LINE('',#3883,#3884);
#3883 = CARTESIAN_POINT('',(0.,0.));
#3884 = VECTOR('',#3885,1.);
#3885 = DIRECTION('',(0.,1.));
#3886 = ( GEOMETRIC_REPRESENTATION_CONTEXT(2) 
PARAMETRIC_REPRESENTATION_CONTEXT() REPRESENTATION_CONTEXT('2D SPACE',''
  ) );
#3887 = PCURVE('',#3658,#3888);
#3888 = DEFINITIONAL_REPRESENTATION('',(#3889),#3893);
#3889 = LINE('',#3890,#3891);
#3890 = CARTESIAN_POINT('',(0.,1.2));
#3891 = VECTOR('',#3892,1.);
#3892 = DIRECTION('',(1.,0.));
#3893 = ( GEOMETRIC_REPRESENTATION_CONTEXT(2) 
PARAMETRIC_REPRESENTATION_CONTEXT() REPRESENTATION_CONTEXT('2D SPACE',''
  ) );
#3894 = ORIENTED_EDGE('',*,*,#3670,.T.);
#3895 = ORIENTED_EDGE('',*,*,#3896,.T.);
#3896 = EDGE_CURVE('',#3671,#3781,#3897,.T.);
#3897 = SURFACE_CURVE('',#3898,(#3902,#3909),.PCURVE_S1.);
#3898 = LINE('',#3899,#3900);
#3899 = CARTESIAN_POINT('',(-4.5,0.6,1.6));
#3900 = VECTOR('',#3901,1.);
#3901 = DIRECTION('',(1.,0.,-0.));
#3902 = PCURVE('',#3686,#3903);
#3903 = DEFINITIONAL_REPRESENTATION('',(#3904),#3908);
#3904 = LINE('',#3905,#3906);
#3905 = CARTESIAN_POINT('',(3.2,0.));
#3906 = VECTOR('',#3907,1.);
#3907 = DIRECTION('',(0.,1.));
#3908 = ( GEOMETRIC_REPRESENTATION_CONTEXT(2) 
PARAMETRIC_REPRESENTATION_CONTEXT() REPRESENTATION_CONTEXT('2D SPACE',''
  ) );
#3909 = PCURVE('',#3712,#3910);
#3910 = DEFINITIONAL_REPRESENTATION('',(#3911),#3915);
#3911 = LINE('',#3912,#3913);
#3912 = CARTESIAN_POINT('',(0.,1.2));
#3913 = VECTOR('',#3914,1.);
#3914 = DIRECTION('',(1.,0.));
#3915 = ( GEOMETRIC_REPRESENTATION_CONTEXT(2) 
PARAMETRIC_REPRESENTATION_CONTEXT() REPRESENTATION_CONTEXT('2D SPACE',''
  ) );
#3916 = ORIENTED_EDGE('',*,*,#3780,.F.);
#3917 = ADVANCED_FACE('',(#3918),#3658,.F.);
#3918 = FACE_BOUND('',#3919,.F.);
#3919 = EDGE_LOOP('',(#3920,#3921,#3922,#3923));
#3920 = ORIENTED_EDGE('',*,*,#3642,.F.);
#3921 = ORIENTED_EDGE('',*,*,#3827,.T.);
#3922 = ORIENTED_EDGE('',*,*,#3757,.T.);
#3923 = ORIENTED_EDGE('',*,*,#3874,.F.);
#3924 = ADVANCED_FACE('',(#3925),#3712,.T.);
#3925 = FACE_BOUND('',#3926,.T.);
#3926 = EDGE_LOOP('',(#3927,#3928,#3929,#3930));
#3927 = ORIENTED_EDGE('',*,*,#3698,.F.);
#3928 = ORIENTED_EDGE('',*,*,#3849,.T.);
#3929 = ORIENTED_EDGE('',*,*,#3803,.T.);
#3930 = ORIENTED_EDGE('',*,*,#3896,.F.);
#3931 = ( GEOMETRIC_REPRESENTATION_CONTEXT(3) 
GLOBAL_UNCERTAINTY_ASSIGNED_CONTEXT((#3935)) 
GLOBAL_UNIT_ASSIGNED_CONTEXT((#3932,#3933,#3934)) REPRESENTATION_CONTEXT
('Context #1','3D Context with UNIT and UNCERTAINTY') );
#3932 = ( LENGTH_UNIT() NAMED_UNIT(*) SI_UNIT(.MILLI.,.METRE.) );
#3933 = ( NAMED_UNIT(*) PLANE_ANGLE_UNIT() SI_UNIT($,.RADIAN.) );
#3934 = ( NAMED_UNIT(*) SI_UNIT($,.STERADIAN.) SOLID_ANGLE_UNIT() );
#3935 = UNCERTAINTY_MEASURE_WITH_UNIT(LENGTH_MEASURE(1.E-07),#3932,
  'distance_accuracy_value','confusion accuracy');
#3936 = CONTEXT_DEPENDENT_SHAPE_REPRESENTATION(#3937,#3939);
#3937 = ( REPRESENTATION_RELATIONSHIP('','',#3600,#10) 
REPRESENTATION_RELATIONSHIP_WITH_TRANSFORMATION(#3938) 
SHAPE_REPRESENTATION_RELATIONSHIP() );
#3938 = ITEM_DEFINED_TRANSFORMATION('','',#11,#47);
#3939 = PRODUCT_DEFINITION_SHAPE('Placement','Placement of an item',
  #3940);
#3940 = NEXT_ASSEMBLY_USAGE_OCCURRENCE('854','port.1','',#5,#3595,$);
#3941 = PRODUCT_RELATED_PRODUCT_CATEGORY('part',$,(#3597));
#3942 = SHAPE_DEFINITION_REPRESENTATION(#3943,#3949);
#3943 = PRODUCT_DEFINITION_SHAPE('','',#3944);
#3944 = PRODUCT_DEFINITION('design','',#3945,#3948);
#3945 = PRODUCT_DEFINITION_FORMATION('','',#3946);
#3946 = PRODUCT('coat.1','coat.1','',(#3947));
#3947 = PRODUCT_CONTEXT('',#2,'mechanical');
#3948 = PRODUCT_DEFINITION_CONTEXT('part definition',#2,'design');
#3949 = ADVANCED_BREP_SHAPE_REPRESENTATION('',(#11,#3950),#4280);
#3950 = MANIFOLD_SOLID_BREP('',#3951);
#3951 = CLOSED_SHELL('',(#3952,#4072,#4172,#4219,#4266,#4273));
#3952 = ADVANCED_FACE('',(#3953),#3967,.F.);
#3953 = FACE_BOUND('',#3954,.F.);
#3954 = EDGE_LOOP('',(#3955,#3990,#4018,#4046));
#3955 = ORIENTED_EDGE('',*,*,#3956,.F.);
#3956 = EDGE_CURVE('',#3957,#3959,#3961,.T.);
#3957 = VERTEX_POINT('',#3958);
#3958 = CARTESIAN_POINT('',(-0.8,-0.4,-0.8));
#3959 = VERTEX_POINT('',#3960);
#3960 = CARTESIAN_POINT('',(-0.8,-0.4,0.8));
#3961 = SURFACE_CURVE('',#3962,(#3966,#3978),.PCURVE_S1.);
#3962 = LINE('',#3963,#3964);
#3963 = CARTESIAN_POINT('',(-0.8,-0.4,-0.8));
#3964 = VECTOR('',#3965,1.);
#3965 = DIRECTION('',(0.,0.,1.));
#3966 = PCURVE('',#3967,#3972);
#3967 = PLANE('',#3968);
#3968 = AXIS2_PLACEMENT_3D('',#3969,#3970,#3971);
#3969 = CARTESIAN_POINT('',(-0.8,-0.4,-0.8));
#3970 = DIRECTION('',(1.,0.,-0.));
#3971 = DIRECTION('',(0.,0.,1.));
#3972 = DEFINITIONAL_REPRESENTATION('',(#3973),#3977);
#3973 = LINE('',#3974,#3975);
#3974 = CARTESIAN_POINT('',(0.,0.));
#3975 = VECTOR('',#3976,1.);
#3976 = DIRECTION('',(1.,0.));
#3977 = ( GEOMETRIC_REPRESENTATION_CONTEXT(2) 
PARAMETRIC_REPRESENTATION_CONTEXT() REPRESENTATION_CONTEXT('2D SPACE',''
  ) );
#3978 = PCURVE('',#3979,#3984);
#3979 = PLANE('',#3980);
#3980 = AXIS2_PLACEMENT_3D('',#3981,#3982,#3983);
#3981 = CARTESIAN_POINT('',(-0.8,-0.4,-0.8));
#3982 = DIRECTION('',(-0.,1.,0.));
#3983 = DIRECTION('',(0.,0.,1.));
#3984 = DEFINITIONAL_REPRESENTATION('',(#3985),#3989);
#3985 = LINE('',#3986,#3987);
#3986 = CARTESIAN_POINT('',(0.,0.));
#3987 = VECTOR('',#3988,1.);
#3988 = DIRECTION('',(1.,0.));
#3989 = ( GEOMETRIC_REPRESENTATION_CONTEXT(2) 
PARAMETRIC_REPRESENTATION_CONTEXT() REPRESENTATION_CONTEXT('2D SPACE',''
  ) );
#3990 = ORIENTED_EDGE('',*,*,#3991,.T.);
#3991 = EDGE_CURVE('',#3957,#3992,#3994,.T.);
#3992 = VERTEX_POINT('',#3993);
#3993 = CARTESIAN_POINT('',(-0.8,0.4,-0.8));
#3994 = SURFACE_CURVE('',#3995,(#3999,#4006),.PCURVE_S1.);
#3995 = LINE('',#3996,#3997);
#3996 = CARTESIAN_POINT('',(-0.8,-0.4,-0.8));
#3997 = VECTOR('',#3998,1.);
#3998 = DIRECTION('',(-0.,1.,0.));
#3999 = PCURVE('',#3967,#4000);
#4000 = DEFINITIONAL_REPRESENTATION('',(#4001),#4005);
#4001 = LINE('',#4002,#4003);
#4002 = CARTESIAN_POINT('',(0.,0.));
#4003 = VECTOR('',#4004,1.);
#4004 = DIRECTION('',(0.,-1.));
#4005 = ( GEOMETRIC_REPRESENTATION_CONTEXT(2) 
PARAMETRIC_REPRESENTATION_CONTEXT() REPRESENTATION_CONTEXT('2D SPACE',''
  ) );
#4006 = PCURVE('',#4007,#4012);
#4007 = PLANE('',#4008);
#4008 = AXIS2_PLACEMENT_3D('',#4009,#4010,#4011);
#4009 = CARTESIAN_POINT('',(-0.8,-0.4,-0.8));
#4010 = DIRECTION('',(0.,0.,1.));
#4011 = DIRECTION('',(1.,0.,-0.));
#4012 = DEFINITIONAL_REPRESENTATION('',(#4013),#4017);
#4013 = LINE('',#4014,#4015);
#4014 = CARTESIAN_POINT('',(0.,0.));
#4015 = VECTOR('',#4016,1.);
#4016 = DIRECTION('',(0.,1.));
#4017 = ( GEOMETRIC_REPRESENTATION_CONTEXT(2) 
PARAMETRIC_REPRESENTATION_CONTEXT() REPRESENTATION_CONTEXT('2D SPACE',''
  ) );
#4018 = ORIENTED_EDGE('',*,*,#4019,.T.);
#4019 = EDGE_CURVE('',#3992,#4020,#4022,.T.);
#4020 = VERTEX_POINT('',#4021);
#4021 = CARTESIAN_POINT('',(-0.8,0.4,0.8));
#4022 = SURFACE_CURVE('',#4023,(#4027,#4034),.PCURVE_S1.);
#4023 = LINE('',#4024,#4025);
#4024 = CARTESIAN_POINT('',(-0.8,0.4,-0.8));
#4025 = VECTOR('',#4026,1.);
#4026 = DIRECTION('',(0.,0.,1.));
#4027 = PCURVE('',#3967,#4028);
#4028 = DEFINITIONAL_REPRESENTATION('',(#4029),#4033);
#4029 = LINE('',#4030,#4031);
#4030 = CARTESIAN_POINT('',(0.,-0.8));
#4031 = VECTOR('',#4032,1.);
#4032 = DIRECTION('',(1.,0.));
#4033 = ( GEOMETRIC_REPRESENTATION_CONTEXT(2) 
PARAMETRIC_REPRESENTATION_CONTEXT() REPRESENTATION_CONTEXT('2D SPACE',''
  ) );
#4034 = PCURVE('',#4035,#4040);
#4035 = PLANE('',#4036);
#4036 = AXIS2_PLACEMENT_3D('',#4037,#4038,#4039);
#4037 = CARTESIAN_POINT('',(-0.8,0.4,-0.8));
#4038 = DIRECTION('',(-0.,1.,0.));
#4039 = DIRECTION('',(0.,0.,1.));
#4040 = DEFINITIONAL_REPRESENTATION('',(#4041),#4045);
#4041 = LINE('',#4042,#4043);
#4042 = CARTESIAN_POINT('',(0.,0.));
#4043 = VECTOR('',#4044,1.);
#4044 = DIRECTION('',(1.,0.));
#4045 = ( GEOMETRIC_REPRESENTATION_CONTEXT(2) 
PARAMETRIC_REPRESENTATION_CONTEXT() REPRESENTATION_CONTEXT('2D SPACE',''
  ) );
#4046 = ORIENTED_EDGE('',*,*,#4047,.F.);
#4047 = EDGE_CURVE('',#3959,#4020,#4048,.T.);
#4048 = SURFACE_CURVE('',#4049,(#4053,#4060),.PCURVE_S1.);
#4049 = LINE('',#4050,#4051);
#4050 = CARTESIAN_POINT('',(-0.8,-0.4,0.8));
#4051 = VECTOR('',#4052,1.);
#4052 = DIRECTION('',(-0.,1.,0.));
#4053 = PCURVE('',#3967,#4054);
#4054 = DEFINITIONAL_REPRESENTATION('',(#4055),#4059);
#4055 = LINE('',#4056,#4057);
#4056 = CARTESIAN_POINT('',(1.6,0.));
#4057 = VECTOR('',#4058,1.);
#4058 = DIRECTION('',(0.,-1.));
#4059 = ( GEOMETRIC_REPRESENTATION_CONTEXT(2) 
PARAMETRIC_REPRESENTATION_CONTEXT() REPRESENTATION_CONTEXT('2D SPACE',''
  ) );
#4060 = PCURVE('',#4061,#4066);
#4061 = PLANE('',#4062);
#4062 = AXIS2_PLACEMENT_3D('',#4063,#4064,#4065);
#4063 = CARTESIAN_POINT('',(-0.8,-0.4,0.8));
#4064 = DIRECTION('',(0.,0.,1.));
#4065 = DIRECTION('',(1.,0.,-0.));
#4066 = DEFINITIONAL_REPRESENTATION('',(#4067),#4071);
#4067 = LINE('',#4068,#4069);
#4068 = CARTESIAN_POINT('',(0.,0.));
#4069 = VECTOR('',#4070,1.);
#4070 = DIRECTION('',(0.,1.));
#4071 = ( GEOMETRIC_REPRESENTATION_CONTEXT(2) 
PARAMETRIC_REPRESENTATION_CONTEXT() REPRESENTATION_CONTEXT('2D SPACE',''
  ) );
#4072 = ADVANCED_FACE('',(#4073),#4087,.T.);
#4073 = FACE_BOUND('',#4074,.T.);
#4074 = EDGE_LOOP('',(#4075,#4105,#4128,#4151));
#4075 = ORIENTED_EDGE('',*,*,#4076,.F.);
#4076 = EDGE_CURVE('',#4077,#4079,#4081,.T.);
#4077 = VERTEX_POINT('',#4078);
#4078 = CARTESIAN_POINT('',(0.8,-0.4,-0.8));
#4079 = VERTEX_POINT('',#4080);
#4080 = CARTESIAN_POINT('',(0.8,-0.4,0.8));
#4081 = SURFACE_CURVE('',#4082,(#4086,#4098),.PCURVE_S1.);
#4082 = LINE('',#4083,#4084);
#4083 = CARTESIAN_POINT('',(0.8,-0.4,-0.8));
#4084 = VECTOR('',#4085,1.);
#4085 = DIRECTION('',(0.,0.,1.));
#4086 = PCURVE('',#4087,#4092);
#4087 = PLANE('',#4088);
#4088 = AXIS2_PLACEMENT_3D('',#4089,#4090,#4091);
#4089 = CARTESIAN_POINT('',(0.8,-0.4,-0.8));
#4090 = DIRECTION('',(1.,0.,-0.));
#4091 = DIRECTION('',(0.,0.,1.));
#4092 = DEFINITIONAL_REPRESENTATION('',(#4093),#4097);
#4093 = LINE('',#4094,#4095);
#4094 = CARTESIAN_POINT('',(0.,0.));
#4095 = VECTOR('',#4096,1.);
#4096 = DIRECTION('',(1.,0.));
#4097 = ( GEOMETRIC_REPRESENTATION_CONTEXT(2) 
PARAMETRIC_REPRESENTATION_CONTEXT() REPRESENTATION_CONTEXT('2D SPACE',''
  ) );
#4098 = PCURVE('',#3979,#4099);
#4099 = DEFINITIONAL_REPRESENTATION('',(#4100),#4104);
#4100 = LINE('',#4101,#4102);
#4101 = CARTESIAN_POINT('',(0.,1.6));
#4102 = VECTOR('',#4103,1.);
#4103 = DIRECTION('',(1.,0.));
#4104 = ( GEOMETRIC_REPRESENTATION_CONTEXT(2) 
PARAMETRIC_REPRESENTATION_CONTEXT() REPRESENTATION_CONTEXT('2D SPACE',''
  ) );
#4105 = ORIENTED_EDGE('',*,*,#4106,.T.);
#4106 = EDGE_CURVE('',#4077,#4107,#4109,.T.);
#4107 = VERTEX_POINT('',#4108);
#4108 = CARTESIAN_POINT('',(0.8,0.4,-0.8));
#4109 = SURFACE_CURVE('',#4110,(#4114,#4121),.PCURVE_S1.);
#4110 = LINE('',#4111,#4112);
#4111 = CARTESIAN_POINT('',(0.8,-0.4,-0.8));
#4112 = VECTOR('',#4113,1.);
#4113 = DIRECTION('',(-0.,1.,0.));
#4114 = PCURVE('',#4087,#4115);
#4115 = DEFINITIONAL_REPRESENTATION('',(#4116),#4120);
#4116 = LINE('',#4117,#4118);
#4117 = CARTESIAN_POINT('',(0.,0.));
#4118 = VECTOR('',#4119,1.);
#4119 = DIRECTION('',(0.,-1.));
#4120 = ( GEOMETRIC_REPRESENTATION_CONTEXT(2) 
PARAMETRIC_REPRESENTATION_CONTEXT() REPRESENTATION_CONTEXT('2D SPACE',''
  ) );
#4121 = PCURVE('',#4007,#4122);
#4122 = DEFINITIONAL_REPRESENTATION('',(#4123),#4127);
#4123 = LINE('',#4124,#4125);
#4124 = CARTESIAN_POINT('',(1.6,0.));
#4125 = VECTOR('',#4126,1.);
#4126 = DIRECTION('',(0.,1.));
#4127 = ( GEOMETRIC_REPRESENTATION_CONTEXT(2) 
PARAMETRIC_REPRESENTATION_CONTEXT() REPRESENTATION_CONTEXT('2D SPACE',''
  ) );
#4128 = ORIENTED_EDGE('',*,*,#4129,.T.);
#4129 = EDGE_CURVE('',#4107,#4130,#4132,.T.);
#4130 = VERTEX_POINT('',#4131);
#4131 = CARTESIAN_POINT('',(0.8,0.4,0.8));
#4132 = SURFACE_CURVE('',#4133,(#4137,#4144),.PCURVE_S1.);
#4133 = LINE('',#4134,#4135);
#4134 = CARTESIAN_POINT('',(0.8,0.4,-0.8));
#4135 = VECTOR('',#4136,1.);
#4136 = DIRECTION('',(0.,0.,1.));
#4137 = PCURVE('',#4087,#4138);
#4138 = DEFINITIONAL_REPRESENTATION('',(#4139),#4143);
#4139 = LINE('',#4140,#4141);
#4140 = CARTESIAN_POINT('',(0.,-0.8));
#4141 = VECTOR('',#4142,1.);
#4142 = DIRECTION('',(1.,0.));
#4143 = ( GEOMETRIC_REPRESENTATION_CONTEXT(2) 
PARAMETRIC_REPRESENTATION_CONTEXT() REPRESENTATION_CONTEXT('2D SPACE',''
  ) );
#4144 = PCURVE('',#4035,#4145);
#4145 = DEFINITIONAL_REPRESENTATION('',(#4146),#4150);
#4146 = LINE('',#4147,#4148);
#4147 = CARTESIAN_POINT('',(0.,1.6));
#4148 = VECTOR('',#4149,1.);
#4149 = DIRECTION('',(1.,0.));
#4150 = ( GEOMETRIC_REPRESENTATION_CONTEXT(2) 
PARAMETRIC_REPRESENTATION_CONTEXT() REPRESENTATION_CONTEXT('2D SPACE',''
  ) );
#4151 = ORIENTED_EDGE('',*,*,#4152,.F.);
#4152 = EDGE_CURVE('',#4079,#4130,#4153,.T.);
#4153 = SURFACE_CURVE('',#4154,(#4158,#4165),.PCURVE_S1.);
#4154 = LINE('',#4155,#4156);
#4155 = CARTESIAN_POINT('',(0.8,-0.4,0.8));
#4156 = VECTOR('',#4157,1.);
#4157 = DIRECTION('',(-0.,1.,0.));
#4158 = PCURVE('',#4087,#4159);
#4159 = DEFINITIONAL_REPRESENTATION('',(#4160),#4164);
#4160 = LINE('',#4161,#4162);
#4161 = CARTESIAN_POINT('',(1.6,0.));
#4162 = VECTOR('',#4163,1.);
#4163 = DIRECTION('',(0.,-1.));
#4164 = ( GEOMETRIC_REPRESENTATION_CONTEXT(2) 
PARAMETRIC_REPRESENTATION_CONTEXT() REPRESENTATION_CONTEXT('2D SPACE',''
  ) );
#4165 = PCURVE('',#4061,#4166);
#4166 = DEFINITIONAL_REPRESENTATION('',(#4167),#4171);
#4167 = LINE('',#4168,#4169);
#4168 = CARTESIAN_POINT('',(1.6,0.));
#4169 = VECTOR('',#4170,1.);
#4170 = DIRECTION('',(0.,1.));
#4171 = ( GEOMETRIC_REPRESENTATION_CONTEXT(2) 
PARAMETRIC_REPRESENTATION_CONTEXT() REPRESENTATION_CONTEXT('2D SPACE',''
  ) );
#4172 = ADVANCED_FACE('',(#4173),#3979,.F.);
#4173 = FACE_BOUND('',#4174,.F.);
#4174 = EDGE_LOOP('',(#4175,#4196,#4197,#4218));
#4175 = ORIENTED_EDGE('',*,*,#4176,.F.);
#4176 = EDGE_CURVE('',#3957,#4077,#4177,.T.);
#4177 = SURFACE_CURVE('',#4178,(#4182,#4189),.PCURVE_S1.);
#4178 = LINE('',#4179,#4180);
#4179 = CARTESIAN_POINT('',(-0.8,-0.4,-0.8));
#4180 = VECTOR('',#4181,1.);
#4181 = DIRECTION('',(1.,0.,-0.));
#4182 = PCURVE('',#3979,#4183);
#4183 = DEFINITIONAL_REPRESENTATION('',(#4184),#4188);
#4184 = LINE('',#4185,#4186);
#4185 = CARTESIAN_POINT('',(0.,0.));
#4186 = VECTOR('',#4187,1.);
#4187 = DIRECTION('',(0.,1.));
#4188 = ( GEOMETRIC_REPRESENTATION_CONTEXT(2) 
PARAMETRIC_REPRESENTATION_CONTEXT() REPRESENTATION_CONTEXT('2D SPACE',''
  ) );
#4189 = PCURVE('',#4007,#4190);
#4190 = DEFINITIONAL_REPRESENTATION('',(#4191),#4195);
#4191 = LINE('',#4192,#4193);
#4192 = CARTESIAN_POINT('',(0.,0.));
#4193 = VECTOR('',#4194,1.);
#4194 = DIRECTION('',(1.,0.));
#4195 = ( GEOMETRIC_REPRESENTATION_CONTEXT(2) 
PARAMETRIC_REPRESENTATION_CONTEXT() REPRESENTATION_CONTEXT('2D SPACE',''
  ) );
#4196 = ORIENTED_EDGE('',*,*,#3956,.T.);
#4197 = ORIENTED_EDGE('',*,*,#4198,.T.);
#4198 = EDGE_CURVE('',#3959,#4079,#4199,.T.);
#4199 = SURFACE_CURVE('',#4200,(#4204,#4211),.PCURVE_S1.);
#4200 = LINE('',#4201,#4202);
#4201 = CARTESIAN_POINT('',(-0.8,-0.4,0.8));
#4202 = VECTOR('',#4203,1.);
#4203 = DIRECTION('',(1.,0.,-0.));
#4204 = PCURVE('',#3979,#4205);
#4205 = DEFINITIONAL_REPRESENTATION('',(#4206),#4210);
#4206 = LINE('',#4207,#4208);
#4207 = CARTESIAN_POINT('',(1.6,0.));
#4208 = VECTOR('',#4209,1.);
#4209 = DIRECTION('',(0.,1.));
#4210 = ( GEOMETRIC_REPRESENTATION_CONTEXT(2) 
PARAMETRIC_REPRESENTATION_CONTEXT() REPRESENTATION_CONTEXT('2D SPACE',''
  ) );
#4211 = PCURVE('',#4061,#4212);
#4212 = DEFINITIONAL_REPRESENTATION('',(#4213),#4217);
#4213 = LINE('',#4214,#4215);
#4214 = CARTESIAN_POINT('',(0.,0.));
#4215 = VECTOR('',#4216,1.);
#4216 = DIRECTION('',(1.,0.));
#4217 = ( GEOMETRIC_REPRESENTATION_CONTEXT(2) 
PARAMETRIC_REPRESENTATION_CONTEXT() REPRESENTATION_CONTEXT('2D SPACE',''
  ) );
#4218 = ORIENTED_EDGE('',*,*,#4076,.F.);
#4219 = ADVANCED_FACE('',(#4220),#4035,.T.);
#4220 = FACE_BOUND('',#4221,.T.);
#4221 = EDGE_LOOP('',(#4222,#4243,#4244,#4265));
#4222 = ORIENTED_EDGE('',*,*,#4223,.F.);
#4223 = EDGE_CURVE('',#3992,#4107,#4224,.T.);
#4224 = SURFACE_CURVE('',#4225,(#4229,#4236),.PCURVE_S1.);
#4225 = LINE('',#4226,#4227);
#4226 = CARTESIAN_POINT('',(-0.8,0.4,-0.8));
#4227 = VECTOR('',#4228,1.);
#4228 = DIRECTION('',(1.,0.,-0.));
#4229 = PCURVE('',#4035,#4230);
#4230 = DEFINITIONAL_REPRESENTATION('',(#4231),#4235);
#4231 = LINE('',#4232,#4233);
#4232 = CARTESIAN_POINT('',(0.,0.));
#4233 = VECTOR('',#4234,1.);
#4234 = DIRECTION('',(0.,1.));
#4235 = ( GEOMETRIC_REPRESENTATION_CONTEXT(2) 
PARAMETRIC_REPRESENTATION_CONTEXT() REPRESENTATION_CONTEXT('2D SPACE',''
  ) );
#4236 = PCURVE('',#4007,#4237);
#4237 = DEFINITIONAL_REPRESENTATION('',(#4238),#4242);
#4238 = LINE('',#4239,#4240);
#4239 = CARTESIAN_POINT('',(0.,0.8));
#4240 = VECTOR('',#4241,1.);
#4241 = DIRECTION('',(1.,0.));
#4242 = ( GEOMETRIC_REPRESENTATION_CONTEXT(2) 
PARAMETRIC_REPRESENTATION_CONTEXT() REPRESENTATION_CONTEXT('2D SPACE',''
  ) );
#4243 = ORIENTED_EDGE('',*,*,#4019,.T.);
#4244 = ORIENTED_EDGE('',*,*,#4245,.T.);
#4245 = EDGE_CURVE('',#4020,#4130,#4246,.T.);
#4246 = SURFACE_CURVE('',#4247,(#4251,#4258),.PCURVE_S1.);
#4247 = LINE('',#4248,#4249);
#4248 = CARTESIAN_POINT('',(-0.8,0.4,0.8));
#4249 = VECTOR('',#4250,1.);
#4250 = DIRECTION('',(1.,0.,-0.));
#4251 = PCURVE('',#4035,#4252);
#4252 = DEFINITIONAL_REPRESENTATION('',(#4253),#4257);
#4253 = LINE('',#4254,#4255);
#4254 = CARTESIAN_POINT('',(1.6,0.));
#4255 = VECTOR('',#4256,1.);
#4256 = DIRECTION('',(0.,1.));
#4257 = ( GEOMETRIC_REPRESENTATION_CONTEXT(2) 
PARAMETRIC_REPRESENTATION_CONTEXT() REPRESENTATION_CONTEXT('2D SPACE',''
  ) );
#4258 = PCURVE('',#4061,#4259);
#4259 = DEFINITIONAL_REPRESENTATION('',(#4260),#4264);
#4260 = LINE('',#4261,#4262);
#4261 = CARTESIAN_POINT('',(0.,0.8));
#4262 = VECTOR('',#4263,1.);
#4263 = DIRECTION('',(1.,0.));
#4264 = ( GEOMETRIC_REPRESENTATION_CONTEXT(2) 
PARAMETRIC_REPRESENTATION_CONTEXT() REPRESENTATION_CONTEXT('2D SPACE',''
  ) );
#4265 = ORIENTED_EDGE('',*,*,#4129,.F.);
#4266 = ADVANCED_FACE('',(#4267),#4007,.F.);
#4267 = FACE_BOUND('',#4268,.F.);
#4268 = EDGE_LOOP('',(#4269,#4270,#4271,#4272));
#4269 = ORIENTED_EDGE('',*,*,#3991,.F.);
#4270 = ORIENTED_EDGE('',*,*,#4176,.T.);
#4271 = ORIENTED_EDGE('',*,*,#4106,.T.);
#4272 = ORIENTED_EDGE('',*,*,#4223,.F.);
#4273 = ADVANCED_FACE('',(#4274),#4061,.T.);
#4274 = FACE_BOUND('',#4275,.T.);
#4275 = EDGE_LOOP('',(#4276,#4277,#4278,#4279));
#4276 = ORIENTED_EDGE('',*,*,#4047,.F.);
#4277 = ORIENTED_EDGE('',*,*,#4198,.T.);
#4278 = ORIENTED_EDGE('',*,*,#4152,.T.);
#4279 = ORIENTED_EDGE('',*,*,#4245,.F.);
#4280 = ( GEOMETRIC_REPRESENTATION_CONTEXT(3) 
GLOBAL_UNCERTAINTY_ASSIGNED_CONTEXT((#4284)) 
GLOBAL_UNIT_ASSIGNED_CONTEXT((#4281,#4282,#4283)) REPRESENTATION_CONTEXT
('Context #1','3D Context with UNIT and UNCERTAINTY') );
#4281 = ( LENGTH_UNIT() NAMED_UNIT(*) SI_UNIT(.MILLI.,.METRE.) );
#4282 = ( NAMED_UNIT(*) PLANE_ANGLE_UNIT() SI_UNIT($,.RADIAN.) );
#4283 = ( NAMED_UNIT(*) SI_UNIT($,.STERADIAN.) SOLID_ANGLE_UNIT() );
#4284 = UNCERTAINTY_MEASURE_WITH_UNIT(LENGTH_MEASURE(1.E-07),#4281,
  'distance_accuracy_value','confusion accuracy');
#4285 = CONTEXT_DEPENDENT_SHAPE_REPRESENTATION(#4286,#4288);
#4286 = ( REPRESENTATION_RELATIONSHIP('','',#3949,#10) 
REPRESENTATION_RELATIONSHIP_WITH_TRANSFORMATION(#4287) 
SHAPE_REPRESENTATION_RELATIONSHIP() );
#4287 = ITEM_DEFINED_TRANSFORMATION('','',#11,#51);
#4288 = PRODUCT_DEFINITION_SHAPE('Placement','Placement of an item',
  #4289);
#4289 = NEXT_ASSEMBLY_USAGE_OCCURRENCE('855','coat.1','',#5,#3944,$);
#4290 = PRODUCT_RELATED_PRODUCT_CATEGORY('part',$,(#3946));
#4291 = SHAPE_DEFINITION_REPRESENTATION(#4292,#4298);
#4292 = PRODUCT_DEFINITION_SHAPE('','',#4293);
#4293 = PRODUCT_DEFINITION('design','',#4294,#4297);
#4294 = PRODUCT_DEFINITION_FORMATION('','',#4295);
#4295 = PRODUCT('coat.2','coat.2','',(#4296));
#4296 = PRODUCT_CONTEXT('',#2,'mechanical');
#4297 = PRODUCT_DEFINITION_CONTEXT('part definition',#2,'design');
#4298 = ADVANCED_BREP_SHAPE_REPRESENTATION('',(#11,#4299),#4629);
#4299 = MANIFOLD_SOLID_BREP('',#4300);
#4300 = CLOSED_SHELL('',(#4301,#4421,#4521,#4568,#4615,#4622));
#4301 = ADVANCED_FACE('',(#4302),#4316,.F.);
#4302 = FACE_BOUND('',#4303,.F.);
#4303 = EDGE_LOOP('',(#4304,#4339,#4367,#4395));
#4304 = ORIENTED_EDGE('',*,*,#4305,.F.);
#4305 = EDGE_CURVE('',#4306,#4308,#4310,.T.);
#4306 = VERTEX_POINT('',#4307);
#4307 = CARTESIAN_POINT('',(-0.8,-0.4,-0.8));
#4308 = VERTEX_POINT('',#4309);
#4309 = CARTESIAN_POINT('',(-0.8,-0.4,0.8));
#4310 = SURFACE_CURVE('',#4311,(#4315,#4327),.PCURVE_S1.);
#4311 = LINE('',#4312,#4313);
#4312 = CARTESIAN_POINT('',(-0.8,-0.4,-0.8));
#4313 = VECTOR('',#4314,1.);
#4314 = DIRECTION('',(0.,0.,1.));
#4315 = PCURVE('',#4316,#4321);
#4316 = PLANE('',#4317);
#4317 = AXIS2_PLACEMENT_3D('',#4318,#4319,#4320);
#4318 = CARTESIAN_POINT('',(-0.8,-0.4,-0.8));
#4319 = DIRECTION('',(1.,0.,-0.));
#4320 = DIRECTION('',(0.,0.,1.));
#4321 = DEFINITIONAL_REPRESENTATION('',(#4322),#4326);
#4322 = LINE('',#4323,#4324);
#4323 = CARTESIAN_POINT('',(0.,0.));
#4324 = VECTOR('',#4325,1.);
#4325 = DIRECTION('',(1.,0.));
#4326 = ( GEOMETRIC_REPRESENTATION_CONTEXT(2) 
PARAMETRIC_REPRESENTATION_CONTEXT() REPRESENTATION_CONTEXT('2D SPACE',''
  ) );
#4327 = PCURVE('',#4328,#4333);
#4328 = PLANE('',#4329);
#4329 = AXIS2_PLACEMENT_3D('',#4330,#4331,#4332);
#4330 = CARTESIAN_POINT('',(-0.8,-0.4,-0.8));
#4331 = DIRECTION('',(-0.,1.,0.));
#4332 = DIRECTION('',(0.,0.,1.));
#4333 = DEFINITIONAL_REPRESENTATION('',(#4334),#4338);
#4334 = LINE('',#4335,#4336);
#4335 = CARTESIAN_POINT('',(0.,0.));
#4336 = VECTOR('',#4337,1.);
#4337 = DIRECTION('',(1.,0.));
#4338 = ( GEOMETRIC_REPRESENTATION_CONTEXT(2) 
PARAMETRIC_REPRESENTATION_CONTEXT() REPRESENTATION_CONTEXT('2D SPACE',''
  ) );
#4339 = ORIENTED_EDGE('',*,*,#4340,.T.);
#4340 = EDGE_CURVE('',#4306,#4341,#4343,.T.);
#4341 = VERTEX_POINT('',#4342);
#4342 = CARTESIAN_POINT('',(-0.8,0.4,-0.8));
#4343 = SURFACE_CURVE('',#4344,(#4348,#4355),.PCURVE_S1.);
#4344 = LINE('',#4345,#4346);
#4345 = CARTESIAN_POINT('',(-0.8,-0.4,-0.8));
#4346 = VECTOR('',#4347,1.);
#4347 = DIRECTION('',(-0.,1.,0.));
#4348 = PCURVE('',#4316,#4349);
#4349 = DEFINITIONAL_REPRESENTATION('',(#4350),#4354);
#4350 = LINE('',#4351,#4352);
#4351 = CARTESIAN_POINT('',(0.,0.));
#4352 = VECTOR('',#4353,1.);
#4353 = DIRECTION('',(0.,-1.));
#4354 = ( GEOMETRIC_REPRESENTATION_CONTEXT(2) 
PARAMETRIC_REPRESENTATION_CONTEXT() REPRESENTATION_CONTEXT('2D SPACE',''
  ) );
#4355 = PCURVE('',#4356,#4361);
#4356 = PLANE('',#4357);
#4357 = AXIS2_PLACEMENT_3D('',#4358,#4359,#4360);
#4358 = CARTESIAN_POINT('',(-0.8,-0.4,-0.8));
#4359 = DIRECTION('',(0.,0.,1.));
#4360 = DIRECTION('',(1.,0.,-0.));
#4361 = DEFINITIONAL_REPRESENTATION('',(#4362),#4366);
#4362 = LINE('',#4363,#4364);
#4363 = CARTESIAN_POINT('',(0.,0.));
#4364 = VECTOR('',#4365,1.);
#4365 = DIRECTION('',(0.,1.));
#4366 = ( GEOMETRIC_REPRESENTATION_CONTEXT(2) 
PARAMETRIC_REPRESENTATION_CONTEXT() REPRESENTATION_CONTEXT('2D SPACE',''
  ) );
#4367 = ORIENTED_EDGE('',*,*,#4368,.T.);
#4368 = EDGE_CURVE('',#4341,#4369,#4371,.T.);
#4369 = VERTEX_POINT('',#4370);
#4370 = CARTESIAN_POINT('',(-0.8,0.4,0.8));
#4371 = SURFACE_CURVE('',#4372,(#4376,#4383),.PCURVE_S1.);
#4372 = LINE('',#4373,#4374);
#4373 = CARTESIAN_POINT('',(-0.8,0.4,-0.8));
#4374 = VECTOR('',#4375,1.);
#4375 = DIRECTION('',(0.,0.,1.));
#4376 = PCURVE('',#4316,#4377);
#4377 = DEFINITIONAL_REPRESENTATION('',(#4378),#4382);
#4378 = LINE('',#4379,#4380);
#4379 = CARTESIAN_POINT('',(0.,-0.8));
#4380 = VECTOR('',#4381,1.);
#4381 = DIRECTION('',(1.,0.));
#4382 = ( GEOMETRIC_REPRESENTATION_CONTEXT(2) 
PARAMETRIC_REPRESENTATION_CONTEXT() REPRESENTATION_CONTEXT('2D SPACE',''
  ) );
#4383 = PCURVE('',#4384,#4389);
#4384 = PLANE('',#4385);
#4385 = AXIS2_PLACEMENT_3D('',#4386,#4387,#4388);
#4386 = CARTESIAN_POINT('',(-0.8,0.4,-0.8));
#4387 = DIRECTION('',(-0.,1.,0.));
#4388 = DIRECTION('',(0.,0.,1.));
#4389 = DEFINITIONAL_REPRESENTATION('',(#4390),#4394);
#4390 = LINE('',#4391,#4392);
#4391 = CARTESIAN_POINT('',(0.,0.));
#4392 = VECTOR('',#4393,1.);
#4393 = DIRECTION('',(1.,0.));
#4394 = ( GEOMETRIC_REPRESENTATION_CONTEXT(2) 
PARAMETRIC_REPRESENTATION_CONTEXT() REPRESENTATION_CONTEXT('2D SPACE',''
  ) );
#4395 = ORIENTED_EDGE('',*,*,#4396,.F.);
#4396 = EDGE_CURVE('',#4308,#4369,#4397,.T.);
#4397 = SURFACE_CURVE('',#4398,(#4402,#4409),.PCURVE_S1.);
#4398 = LINE('',#4399,#4400);
#4399 = CARTESIAN_POINT('',(-0.8,-0.4,0.8));
#4400 = VECTOR('',#4401,1.);
#4401 = DIRECTION('',(-0.,1.,0.));
#4402 = PCURVE('',#4316,#4403);
#4403 = DEFINITIONAL_REPRESENTATION('',(#4404),#4408);
#4404 = LINE('',#4405,#4406);
#4405 = CARTESIAN_POINT('',(1.6,0.));
#4406 = VECTOR('',#4407,1.);
#4407 = DIRECTION('',(0.,-1.));
#4408 = ( GEOMETRIC_REPRESENTATION_CONTEXT(2) 
PARAMETRIC_REPRESENTATION_CONTEXT() REPRESENTATION_CONTEXT('2D SPACE',''
  ) );
#4409 = PCURVE('',#4410,#4415);
#4410 = PLANE('',#4411);
#4411 = AXIS2_PLACEMENT_3D('',#4412,#4413,#4414);
#4412 = CARTESIAN_POINT('',(-0.8,-0.4,0.8));
#4413 = DIRECTION('',(0.,0.,1.));
#4414 = DIRECTION('',(1.,0.,-0.));
#4415 = DEFINITIONAL_REPRESENTATION('',(#4416),#4420);
#4416 = LINE('',#4417,#4418);
#4417 = CARTESIAN_POINT('',(0.,0.));
#4418 = VECTOR('',#4419,1.);
#4419 = DIRECTION('',(0.,1.));
#4420 = ( GEOMETRIC_REPRESENTATION_CONTEXT(2) 
PARAMETRIC_REPRESENTATION_CONTEXT() REPRESENTATION_CONTEXT('2D SPACE',''
  ) );
#4421 = ADVANCED_FACE('',(#4422),#4436,.T.);
#4422 = FACE_BOUND('',#4423,.T.);
#4423 = EDGE_LOOP('',(#4424,#4454,#4477,#4500));
#4424 = ORIENTED_EDGE('',*,*,#4425,.F.);
#4425 = EDGE_CURVE('',#4426,#4428,#4430,.T.);
#4426 = VERTEX_POINT('',#4427);
#4427 = CARTESIAN_POINT('',(0.8,-0.4,-0.8));
#4428 = VERTEX_POINT('',#4429);
#4429 = CARTESIAN_POINT('',(0.8,-0.4,0.8));
#4430 = SURFACE_CURVE('',#4431,(#4435,#4447),.PCURVE_S1.);
#4431 = LINE('',#4432,#4433);
#4432 = CARTESIAN_POINT('',(0.8,-0.4,-0.8));
#4433 = VECTOR('',#4434,1.);
#4434 = DIRECTION('',(0.,0.,1.));
#4435 = PCURVE('',#4436,#4441);
#4436 = PLANE('',#4437);
#4437 = AXIS2_PLACEMENT_3D('',#4438,#4439,#4440);
#4438 = CARTESIAN_POINT('',(0.8,-0.4,-0.8));
#4439 = DIRECTION('',(1.,0.,-0.));
#4440 = DIRECTION('',(0.,0.,1.));
#4441 = DEFINITIONAL_REPRESENTATION('',(#4442),#4446);
#4442 = LINE('',#4443,#4444);
#4443 = CARTESIAN_POINT('',(0.,0.));
#4444 = VECTOR('',#4445,1.);
#4445 = DIRECTION('',(1.,0.));
#4446 = ( GEOMETRIC_REPRESENTATION_CONTEXT(2) 
PARAMETRIC_REPRESENTATION_CONTEXT() REPRESENTATION_CONTEXT('2D SPACE',''
  ) );
#4447 = PCURVE('',#4328,#4448);
#4448 = DEFINITIONAL_REPRESENTATION('',(#4449),#4453);
#4449 = LINE('',#4450,#4451);
#4450 = CARTESIAN_POINT('',(0.,1.6));
#4451 = VECTOR('',#4452,1.);
#4452 = DIRECTION('',(1.,0.));
#4453 = ( GEOMETRIC_REPRESENTATION_CONTEXT(2) 
PARAMETRIC_REPRESENTATION_CONTEXT() REPRESENTATION_CONTEXT('2D SPACE',''
  ) );
#4454 = ORIENTED_EDGE('',*,*,#4455,.T.);
#4455 = EDGE_CURVE('',#4426,#4456,#4458,.T.);
#4456 = VERTEX_POINT('',#4457);
#4457 = CARTESIAN_POINT('',(0.8,0.4,-0.8));
#4458 = SURFACE_CURVE('',#4459,(#4463,#4470),.PCURVE_S1.);
#4459 = LINE('',#4460,#4461);
#4460 = CARTESIAN_POINT('',(0.8,-0.4,-0.8));
#4461 = VECTOR('',#4462,1.);
#4462 = DIRECTION('',(-0.,1.,0.));
#4463 = PCURVE('',#4436,#4464);
#4464 = DEFINITIONAL_REPRESENTATION('',(#4465),#4469);
#4465 = LINE('',#4466,#4467);
#4466 = CARTESIAN_POINT('',(0.,0.));
#4467 = VECTOR('',#4468,1.);
#4468 = DIRECTION('',(0.,-1.));
#4469 = ( GEOMETRIC_REPRESENTATION_CONTEXT(2) 
PARAMETRIC_REPRESENTATION_CONTEXT() REPRESENTATION_CONTEXT('2D SPACE',''
  ) );
#4470 = PCURVE('',#4356,#4471);
#4471 = DEFINITIONAL_REPRESENTATION('',(#4472),#4476);
#4472 = LINE('',#4473,#4474);
#4473 = CARTESIAN_POINT('',(1.6,0.));
#4474 = VECTOR('',#4475,1.);
#4475 = DIRECTION('',(0.,1.));
#4476 = ( GEOMETRIC_REPRESENTATION_CONTEXT(2) 
PARAMETRIC_REPRESENTATION_CONTEXT() REPRESENTATION_CONTEXT('2D SPACE',''
  ) );
#4477 = ORIENTED_EDGE('',*,*,#4478,.T.);
#4478 = EDGE_CURVE('',#4456,#4479,#4481,.T.);
#4479 = VERTEX_POINT('',#4480);
#4480 = CARTESIAN_POINT('',(0.8,0.4,0.8));
#4481 = SURFACE_CURVE('',#4482,(#4486,#4493),.PCURVE_S1.);
#4482 = LINE('',#4483,#4484);
#4483 = CARTESIAN_POINT('',(0.8,0.4,-0.8));
#4484 = VECTOR('',#4485,1.);
#4485 = DIRECTION('',(0.,0.,1.));
#4486 = PCURVE('',#4436,#4487);
#4487 = DEFINITIONAL_REPRESENTATION('',(#4488),#4492);
#4488 = LINE('',#4489,#4490);
#4489 = CARTESIAN_POINT('',(0.,-0.8));
#4490 = VECTOR('',#4491,1.);
#4491 = DIRECTION('',(1.,0.));
#4492 = ( GEOMETRIC_REPRESENTATION_CONTEXT(2) 
PARAMETRIC_REPRESENTATION_CONTEXT() REPRESENTATION_CONTEXT('2D SPACE',''
  ) );
#4493 = PCURVE('',#4384,#4494);
#4494 = DEFINITIONAL_REPRESENTATION('',(#4495),#4499);
#4495 = LINE('',#4496,#4497);
#4496 = CARTESIAN_POINT('',(0.,1.6));
#4497 = VECTOR('',#4498,1.);
#4498 = DIRECTION('',(1.,0.));
#4499 = ( GEOMETRIC_REPRESENTATION_CONTEXT(2) 
PARAMETRIC_REPRESENTATION_CONTEXT() REPRESENTATION_CONTEXT('2D SPACE',''
  ) );
#4500 = ORIENTED_EDGE('',*,*,#4501,.F.);
#4501 = EDGE_CURVE('',#4428,#4479,#4502,.T.);
#4502 = SURFACE_CURVE('',#4503,(#4507,#4514),.PCURVE_S1.);
#4503 = LINE('',#4504,#4505);
#4504 = CARTESIAN_POINT('',(0.8,-0.4,0.8));
#4505 = VECTOR('',#4506,1.);
#4506 = DIRECTION('',(-0.,1.,0.));
#4507 = PCURVE('',#4436,#4508);
#4508 = DEFINITIONAL_REPRESENTATION('',(#4509),#4513);
#4509 = LINE('',#4510,#4511);
#4510 = CARTESIAN_POINT('',(1.6,0.));
#4511 = VECTOR('',#4512,1.);
#4512 = DIRECTION('',(0.,-1.));
#4513 = ( GEOMETRIC_REPRESENTATION_CONTEXT(2) 
PARAMETRIC_REPRESENTATION_CONTEXT() REPRESENTATION_CONTEXT('2D SPACE',''
  ) );
#4514 = PCURVE('',#4410,#4515);
#4515 = DEFINITIONAL_REPRESENTATION('',(#4516),#4520);
#4516 = LINE('',#4517,#4518);
#4517 = CARTESIAN_POINT('',(1.6,0.));
#4518 = VECTOR('',#4519,1.);
#4519 = DIRECTION('',(0.,1.));
#4520 = ( GEOMETRIC_REPRESENTATION_CONTEXT(2) 
PARAMETRIC_REPRESENTATION_CONTEXT() REPRESENTATION_CONTEXT('2D SPACE',''
  ) );
#4521 = ADVANCED_FACE('',(#4522),#4328,.F.);
#4522 = FACE_BOUND('',#4523,.F.);
#4523 = EDGE_LOOP('',(#4524,#4545,#4546,#4567));
#4524 = ORIENTED_EDGE('',*,*,#4525,.F.);
#4525 = EDGE_CURVE('',#4306,#4426,#4526,.T.);
#4526 = SURFACE_CURVE('',#4527,(#4531,#4538),.PCURVE_S1.);
#4527 = LINE('',#4528,#4529);
#4528 = CARTESIAN_POINT('',(-0.8,-0.4,-0.8));
#4529 = VECTOR('',#4530,1.);
#4530 = DIRECTION('',(1.,0.,-0.));
#4531 = PCURVE('',#4328,#4532);
#4532 = DEFINITIONAL_REPRESENTATION('',(#4533),#4537);
#4533 = LINE('',#4534,#4535);
#4534 = CARTESIAN_POINT('',(0.,0.));
#4535 = VECTOR('',#4536,1.);
#4536 = DIRECTION('',(0.,1.));
#4537 = ( GEOMETRIC_REPRESENTATION_CONTEXT(2) 
PARAMETRIC_REPRESENTATION_CONTEXT() REPRESENTATION_CONTEXT('2D SPACE',''
  ) );
#4538 = PCURVE('',#4356,#4539);
#4539 = DEFINITIONAL_REPRESENTATION('',(#4540),#4544);
#4540 = LINE('',#4541,#4542);
#4541 = CARTESIAN_POINT('',(0.,0.));
#4542 = VECTOR('',#4543,1.);
#4543 = DIRECTION('',(1.,0.));
#4544 = ( GEOMETRIC_REPRESENTATION_CONTEXT(2) 
PARAMETRIC_REPRESENTATION_CONTEXT() REPRESENTATION_CONTEXT('2D SPACE',''
  ) );
#4545 = ORIENTED_EDGE('',*,*,#4305,.T.);
#4546 = ORIENTED_EDGE('',*,*,#4547,.T.);
#4547 = EDGE_CURVE('',#4308,#4428,#4548,.T.);
#4548 = SURFACE_CURVE('',#4549,(#4553,#4560),.PCURVE_S1.);
#4549 = LINE('',#4550,#4551);
#4550 = CARTESIAN_POINT('',(-0.8,-0.4,0.8));
#4551 = VECTOR('',#4552,1.);
#4552 = DIRECTION('',(1.,0.,-0.));
#4553 = PCURVE('',#4328,#4554);
#4554 = DEFINITIONAL_REPRESENTATION('',(#4555),#4559);
#4555 = LINE('',#4556,#4557);
#4556 = CARTESIAN_POINT('',(1.6,0.));
#4557 = VECTOR('',#4558,1.);
#4558 = DIRECTION('',(0.,1.));
#4559 = ( GEOMETRIC_REPRESENTATION_CONTEXT(2) 
PARAMETRIC_REPRESENTATION_CONTEXT() REPRESENTATION_CONTEXT('2D SPACE',''
  ) );
#4560 = PCURVE('',#4410,#4561);
#4561 = DEFINITIONAL_REPRESENTATION('',(#4562),#4566);
#4562 = LINE('',#4563,#4564);
#4563 = CARTESIAN_POINT('',(0.,0.));
#4564 = VECTOR('',#4565,1.);
#4565 = DIRECTION('',(1.,0.));
#4566 = ( GEOMETRIC_REPRESENTATION_CONTEXT(2) 
PARAMETRIC_REPRESENTATION_CONTEXT() REPRESENTATION_CONTEXT('2D SPACE',''
  ) );
#4567 = ORIENTED_EDGE('',*,*,#4425,.F.);
#4568 = ADVANCED_FACE('',(#4569),#4384,.T.);
#4569 = FACE_BOUND('',#4570,.T.);
#4570 = EDGE_LOOP('',(#4571,#4592,#4593,#4614));
#4571 = ORIENTED_EDGE('',*,*,#4572,.F.);
#4572 = EDGE_CURVE('',#4341,#4456,#4573,.T.);
#4573 = SURFACE_CURVE('',#4574,(#4578,#4585),.PCURVE_S1.);
#4574 = LINE('',#4575,#4576);
#4575 = CARTESIAN_POINT('',(-0.8,0.4,-0.8));
#4576 = VECTOR('',#4577,1.);
#4577 = DIRECTION('',(1.,0.,-0.));
#4578 = PCURVE('',#4384,#4579);
#4579 = DEFINITIONAL_REPRESENTATION('',(#4580),#4584);
#4580 = LINE('',#4581,#4582);
#4581 = CARTESIAN_POINT('',(0.,0.));
#4582 = VECTOR('',#4583,1.);
#4583 = DIRECTION('',(0.,1.));
#4584 = ( GEOMETRIC_REPRESENTATION_CONTEXT(2) 
PARAMETRIC_REPRESENTATION_CONTEXT() REPRESENTATION_CONTEXT('2D SPACE',''
  ) );
#4585 = PCURVE('',#4356,#4586);
#4586 = DEFINITIONAL_REPRESENTATION('',(#4587),#4591);
#4587 = LINE('',#4588,#4589);
#4588 = CARTESIAN_POINT('',(0.,0.8));
#4589 = VECTOR('',#4590,1.);
#4590 = DIRECTION('',(1.,0.));
#4591 = ( GEOMETRIC_REPRESENTATION_CONTEXT(2) 
PARAMETRIC_REPRESENTATION_CONTEXT() REPRESENTATION_CONTEXT('2D SPACE',''
  ) );
#4592 = ORIENTED_EDGE('',*,*,#4368,.T.);
#4593 = ORIENTED_EDGE('',*,*,#4594,.T.);
#4594 = EDGE_CURVE('',#4369,#4479,#4595,.T.);
#4595 = SURFACE_CURVE('',#4596,(#4600,#4607),.PCURVE_S1.);
#4596 = LINE('',#4597,#4598);
#4597 = CARTESIAN_POINT('',(-0.8,0.4,0.8));
#4598 = VECTOR('',#4599,1.);
#4599 = DIRECTION('',(1.,0.,-0.));
#4600 = PCURVE('',#4384,#4601);
#4601 = DEFINITIONAL_REPRESENTATION('',(#4602),#4606);
#4602 = LINE('',#4603,#4604);
#4603 = CARTESIAN_POINT('',(1.6,0.));
#4604 = VECTOR('',#4605,1.);
#4605 = DIRECTION('',(0.,1.));
#4606 = ( GEOMETRIC_REPRESENTATION_CONTEXT(2) 
PARAMETRIC_REPRESENTATION_CONTEXT() REPRESENTATION_CONTEXT('2D SPACE',''
  ) );
#4607 = PCURVE('',#4410,#4608);
#4608 = DEFINITIONAL_REPRESENTATION('',(#4609),#4613);
#4609 = LINE('',#4610,#4611);
#4610 = CARTESIAN_POINT('',(0.,0.8));
#4611 = VECTOR('',#4612,1.);
#4612 = DIRECTION('',(1.,0.));
#4613 = ( GEOMETRIC_REPRESENTATION_CONTEXT(2) 
PARAMETRIC_REPRESENTATION_CONTEXT() REPRESENTATION_CONTEXT('2D SPACE',''
  ) );
#4614 = ORIENTED_EDGE('',*,*,#4478,.F.);
#4615 = ADVANCED_FACE('',(#4616),#4356,.F.);
#4616 = FACE_BOUND('',#4617,.F.);
#4617 = EDGE_LOOP('',(#4618,#4619,#4620,#4621));
#4618 = ORIENTED_EDGE('',*,*,#4340,.F.);
#4619 = ORIENTED_EDGE('',*,*,#4525,.T.);
#4620 = ORIENTED_EDGE('',*,*,#4455,.T.);
#4621 = ORIENTED_EDGE('',*,*,#4572,.F.);
#4622 = ADVANCED_FACE('',(#4623),#4410,.T.);
#4623 = FACE_BOUND('',#4624,.T.);
#4624 = EDGE_LOOP('',(#4625,#4626,#4627,#4628));
#4625 = ORIENTED_EDGE('',*,*,#4396,.F.);
#4626 = ORIENTED_EDGE('',*,*,#4547,.T.);
#4627 = ORIENTED_EDGE('',*,*,#4501,.T.);
#4628 = ORIENTED_EDGE('',*,*,#4594,.F.);
#4629 = ( GEOMETRIC_REPRESENTATION_CONTEXT(3) 
GLOBAL_UNCERTAINTY_ASSIGNED_CONTEXT((#4633)) 
GLOBAL_UNIT_ASSIGNED_CONTEXT((#4630,#4631,#4632)) REPRESENTATION_CONTEXT
('Context #1','3D Context with UNIT and UNCERTAINTY') );
#4630 = ( LENGTH_UNIT() NAMED_UNIT(*) SI_UNIT(.MILLI.,.METRE.) );
#4631 = ( NAMED_UNIT(*) PLANE_ANGLE_UNIT() SI_UNIT($,.RADIAN.) );
#4632 = ( NAMED_UNIT(*) SI_UNIT($,.STERADIAN.) SOLID_ANGLE_UNIT() );
#4633 = UNCERTAINTY_MEASURE_WITH_UNIT(LENGTH_MEASURE(1.E-07),#4630,
  'distance_accuracy_value','confusion accuracy');
#4634 = CONTEXT_DEPENDENT_SHAPE_REPRESENTATION(#4635,#4637);
#4635 = ( REPRESENTATION_RELATIONSHIP('','',#4298,#10) 
REPRESENTATION_RELATIONSHIP_WITH_TRANSFORMATION(#4636) 
SHAPE_REPRESENTATION_RELATIONSHIP() );
#4636 = ITEM_DEFINED_TRANSFORMATION('','',#11,#55);
#4637 = PRODUCT_DEFINITION_SHAPE('Placement','Placement of an item',
  #4638);
#4638 = NEXT_ASSEMBLY_USAGE_OCCURRENCE('856','coat.2','',#5,#4293,$);
#4639 = PRODUCT_RELATED_PRODUCT_CATEGORY('part',$,(#4295));
#4640 = SHAPE_DEFINITION_REPRESENTATION(#4641,#4647);
#4641 = PRODUCT_DEFINITION_SHAPE('','',#4642);
#4642 = PRODUCT_DEFINITION('design','',#4643,#4646);
#4643 = PRODUCT_DEFINITION_FORMATION('','',#4644);
#4644 = PRODUCT('coat.3','coat.3','',(#4645));
#4645 = PRODUCT_CONTEXT('',#2,'mechanical');
#4646 = PRODUCT_DEFINITION_CONTEXT('part definition',#2,'design');
#4647 = ADVANCED_BREP_SHAPE_REPRESENTATION('',(#11,#4648),#4978);
#4648 = MANIFOLD_SOLID_BREP('',#4649);
#4649 = CLOSED_SHELL('',(#4650,#4770,#4870,#4917,#4964,#4971));
#4650 = ADVANCED_FACE('',(#4651),#4665,.F.);
#4651 = FACE_BOUND('',#4652,.F.);
#4652 = EDGE_LOOP('',(#4653,#4688,#4716,#4744));
#4653 = ORIENTED_EDGE('',*,*,#4654,.F.);
#4654 = EDGE_CURVE('',#4655,#4657,#4659,.T.);
#4655 = VERTEX_POINT('',#4656);
#4656 = CARTESIAN_POINT('',(-0.8,-0.4,-0.8));
#4657 = VERTEX_POINT('',#4658);
#4658 = CARTESIAN_POINT('',(-0.8,-0.4,0.8));
#4659 = SURFACE_CURVE('',#4660,(#4664,#4676),.PCURVE_S1.);
#4660 = LINE('',#4661,#4662);
#4661 = CARTESIAN_POINT('',(-0.8,-0.4,-0.8));
#4662 = VECTOR('',#4663,1.);
#4663 = DIRECTION('',(0.,0.,1.));
#4664 = PCURVE('',#4665,#4670);
#4665 = PLANE('',#4666);
#4666 = AXIS2_PLACEMENT_3D('',#4667,#4668,#4669);
#4667 = CARTESIAN_POINT('',(-0.8,-0.4,-0.8));
#4668 = DIRECTION('',(1.,0.,-0.));
#4669 = DIRECTION('',(0.,0.,1.));
#4670 = DEFINITIONAL_REPRESENTATION('',(#4671),#4675);
#4671 = LINE('',#4672,#4673);
#4672 = CARTESIAN_POINT('',(0.,0.));
#4673 = VECTOR('',#4674,1.);
#4674 = DIRECTION('',(1.,0.));
#4675 = ( GEOMETRIC_REPRESENTATION_CONTEXT(2) 
PARAMETRIC_REPRESENTATION_CONTEXT() REPRESENTATION_CONTEXT('2D SPACE',''
  ) );
#4676 = PCURVE('',#4677,#4682);
#4677 = PLANE('',#4678);
#4678 = AXIS2_PLACEMENT_3D('',#4679,#4680,#4681);
#4679 = CARTESIAN_POINT('',(-0.8,-0.4,-0.8));
#4680 = DIRECTION('',(-0.,1.,0.));
#4681 = DIRECTION('',(0.,0.,1.));
#4682 = DEFINITIONAL_REPRESENTATION('',(#4683),#4687);
#4683 = LINE('',#4684,#4685);
#4684 = CARTESIAN_POINT('',(0.,0.));
#4685 = VECTOR('',#4686,1.);
#4686 = DIRECTION('',(1.,0.));
#4687 = ( GEOMETRIC_REPRESENTATION_CONTEXT(2) 
PARAMETRIC_REPRESENTATION_CONTEXT() REPRESENTATION_CONTEXT('2D SPACE',''
  ) );
#4688 = ORIENTED_EDGE('',*,*,#4689,.T.);
#4689 = EDGE_CURVE('',#4655,#4690,#4692,.T.);
#4690 = VERTEX_POINT('',#4691);
#4691 = CARTESIAN_POINT('',(-0.8,0.4,-0.8));
#4692 = SURFACE_CURVE('',#4693,(#4697,#4704),.PCURVE_S1.);
#4693 = LINE('',#4694,#4695);
#4694 = CARTESIAN_POINT('',(-0.8,-0.4,-0.8));
#4695 = VECTOR('',#4696,1.);
#4696 = DIRECTION('',(-0.,1.,0.));
#4697 = PCURVE('',#4665,#4698);
#4698 = DEFINITIONAL_REPRESENTATION('',(#4699),#4703);
#4699 = LINE('',#4700,#4701);
#4700 = CARTESIAN_POINT('',(0.,0.));
#4701 = VECTOR('',#4702,1.);
#4702 = DIRECTION('',(0.,-1.));
#4703 = ( GEOMETRIC_REPRESENTATION_CONTEXT(2) 
PARAMETRIC_REPRESENTATION_CONTEXT() REPRESENTATION_CONTEXT('2D SPACE',''
  ) );
#4704 = PCURVE('',#4705,#4710);
#4705 = PLANE('',#4706);
#4706 = AXIS2_PLACEMENT_3D('',#4707,#4708,#4709);
#4707 = CARTESIAN_POINT('',(-0.8,-0.4,-0.8));
#4708 = DIRECTION('',(0.,0.,1.));
#4709 = DIRECTION('',(1.,0.,-0.));
#4710 = DEFINITIONAL_REPRESENTATION('',(#4711),#4715);
#4711 = LINE('',#4712,#4713);
#4712 = CARTESIAN_POINT('',(0.,0.));
#4713 = VECTOR('',#4714,1.);
#4714 = DIRECTION('',(0.,1.));
#4715 = ( GEOMETRIC_REPRESENTATION_CONTEXT(2) 
PARAMETRIC_REPRESENTATION_CONTEXT() REPRESENTATION_CONTEXT('2D SPACE',''
  ) );
#4716 = ORIENTED_EDGE('',*,*,#4717,.T.);
#4717 = EDGE_CURVE('',#4690,#4718,#4720,.T.);
#4718 = VERTEX_POINT('',#4719);
#4719 = CARTESIAN_POINT('',(-0.8,0.4,0.8));
#4720 = SURFACE_CURVE('',#4721,(#4725,#4732),.PCURVE_S1.);
#4721 = LINE('',#4722,#4723);
#4722 = CARTESIAN_POINT('',(-0.8,0.4,-0.8));
#4723 = VECTOR('',#4724,1.);
#4724 = DIRECTION('',(0.,0.,1.));
#4725 = PCURVE('',#4665,#4726);
#4726 = DEFINITIONAL_REPRESENTATION('',(#4727),#4731);
#4727 = LINE('',#4728,#4729);
#4728 = CARTESIAN_POINT('',(0.,-0.8));
#4729 = VECTOR('',#4730,1.);
#4730 = DIRECTION('',(1.,0.));
#4731 = ( GEOMETRIC_REPRESENTATION_CONTEXT(2) 
PARAMETRIC_REPRESENTATION_CONTEXT() REPRESENTATION_CONTEXT('2D SPACE',''
  ) );
#4732 = PCURVE('',#4733,#4738);
#4733 = PLANE('',#4734);
#4734 = AXIS2_PLACEMENT_3D('',#4735,#4736,#4737);
#4735 = CARTESIAN_POINT('',(-0.8,0.4,-0.8));
#4736 = DIRECTION('',(-0.,1.,0.));
#4737 = DIRECTION('',(0.,0.,1.));
#4738 = DEFINITIONAL_REPRESENTATION('',(#4739),#4743);
#4739 = LINE('',#4740,#4741);
#4740 = CARTESIAN_POINT('',(0.,0.));
#4741 = VECTOR('',#4742,1.);
#4742 = DIRECTION('',(1.,0.));
#4743 = ( GEOMETRIC_REPRESENTATION_CONTEXT(2) 
PARAMETRIC_REPRESENTATION_CONTEXT() REPRESENTATION_CONTEXT('2D SPACE',''
  ) );
#4744 = ORIENTED_EDGE('',*,*,#4745,.F.);
#4745 = EDGE_CURVE('',#4657,#4718,#4746,.T.);
#4746 = SURFACE_CURVE('',#4747,(#4751,#4758),.PCURVE_S1.);
#4747 = LINE('',#4748,#4749);
#4748 = CARTESIAN_POINT('',(-0.8,-0.4,0.8));
#4749 = VECTOR('',#4750,1.);
#4750 = DIRECTION('',(-0.,1.,0.));
#4751 = PCURVE('',#4665,#4752);
#4752 = DEFINITIONAL_REPRESENTATION('',(#4753),#4757);
#4753 = LINE('',#4754,#4755);
#4754 = CARTESIAN_POINT('',(1.6,0.));
#4755 = VECTOR('',#4756,1.);
#4756 = DIRECTION('',(0.,-1.));
#4757 = ( GEOMETRIC_REPRESENTATION_CONTEXT(2) 
PARAMETRIC_REPRESENTATION_CONTEXT() REPRESENTATION_CONTEXT('2D SPACE',''
  ) );
#4758 = PCURVE('',#4759,#4764);
#4759 = PLANE('',#4760);
#4760 = AXIS2_PLACEMENT_3D('',#4761,#4762,#4763);
#4761 = CARTESIAN_POINT('',(-0.8,-0.4,0.8));
#4762 = DIRECTION('',(0.,0.,1.));
#4763 = DIRECTION('',(1.,0.,-0.));
#4764 = DEFINITIONAL_REPRESENTATION('',(#4765),#4769);
#4765 = LINE('',#4766,#4767);
#4766 = CARTESIAN_POINT('',(0.,0.));
#4767 = VECTOR('',#4768,1.);
#4768 = DIRECTION('',(0.,1.));
#4769 = ( GEOMETRIC_REPRESENTATION_CONTEXT(2) 
PARAMETRIC_REPRESENTATION_CONTEXT() REPRESENTATION_CONTEXT('2D SPACE',''
  ) );
#4770 = ADVANCED_FACE('',(#4771),#4785,.T.);
#4771 = FACE_BOUND('',#4772,.T.);
#4772 = EDGE_LOOP('',(#4773,#4803,#4826,#4849));
#4773 = ORIENTED_EDGE('',*,*,#4774,.F.);
#4774 = EDGE_CURVE('',#4775,#4777,#4779,.T.);
#4775 = VERTEX_POINT('',#4776);
#4776 = CARTESIAN_POINT('',(0.8,-0.4,-0.8));
#4777 = VERTEX_POINT('',#4778);
#4778 = CARTESIAN_POINT('',(0.8,-0.4,0.8));
#4779 = SURFACE_CURVE('',#4780,(#4784,#4796),.PCURVE_S1.);
#4780 = LINE('',#4781,#4782);
#4781 = CARTESIAN_POINT('',(0.8,-0.4,-0.8));
#4782 = VECTOR('',#4783,1.);
#4783 = DIRECTION('',(0.,0.,1.));
#4784 = PCURVE('',#4785,#4790);
#4785 = PLANE('',#4786);
#4786 = AXIS2_PLACEMENT_3D('',#4787,#4788,#4789);
#4787 = CARTESIAN_POINT('',(0.8,-0.4,-0.8));
#4788 = DIRECTION('',(1.,0.,-0.));
#4789 = DIRECTION('',(0.,0.,1.));
#4790 = DEFINITIONAL_REPRESENTATION('',(#4791),#4795);
#4791 = LINE('',#4792,#4793);
#4792 = CARTESIAN_POINT('',(0.,0.));
#4793 = VECTOR('',#4794,1.);
#4794 = DIRECTION('',(1.,0.));
#4795 = ( GEOMETRIC_REPRESENTATION_CONTEXT(2) 
PARAMETRIC_REPRESENTATION_CONTEXT() REPRESENTATION_CONTEXT('2D SPACE',''
  ) );
#4796 = PCURVE('',#4677,#4797);
#4797 = DEFINITIONAL_REPRESENTATION('',(#4798),#4802);
#4798 = LINE('',#4799,#4800);
#4799 = CARTESIAN_POINT('',(0.,1.6));
#4800 = VECTOR('',#4801,1.);
#4801 = DIRECTION('',(1.,0.));
#4802 = ( GEOMETRIC_REPRESENTATION_CONTEXT(2) 
PARAMETRIC_REPRESENTATION_CONTEXT() REPRESENTATION_CONTEXT('2D SPACE',''
  ) );
#4803 = ORIENTED_EDGE('',*,*,#4804,.T.);
#4804 = EDGE_CURVE('',#4775,#4805,#4807,.T.);
#4805 = VERTEX_POINT('',#4806);
#4806 = CARTESIAN_POINT('',(0.8,0.4,-0.8));
#4807 = SURFACE_CURVE('',#4808,(#4812,#4819),.PCURVE_S1.);
#4808 = LINE('',#4809,#4810);
#4809 = CARTESIAN_POINT('',(0.8,-0.4,-0.8));
#4810 = VECTOR('',#4811,1.);
#4811 = DIRECTION('',(-0.,1.,0.));
#4812 = PCURVE('',#4785,#4813);
#4813 = DEFINITIONAL_REPRESENTATION('',(#4814),#4818);
#4814 = LINE('',#4815,#4816);
#4815 = CARTESIAN_POINT('',(0.,0.));
#4816 = VECTOR('',#4817,1.);
#4817 = DIRECTION('',(0.,-1.));
#4818 = ( GEOMETRIC_REPRESENTATION_CONTEXT(2) 
PARAMETRIC_REPRESENTATION_CONTEXT() REPRESENTATION_CONTEXT('2D SPACE',''
  ) );
#4819 = PCURVE('',#4705,#4820);
#4820 = DEFINITIONAL_REPRESENTATION('',(#4821),#4825);
#4821 = LINE('',#4822,#4823);
#4822 = CARTESIAN_POINT('',(1.6,0.));
#4823 = VECTOR('',#4824,1.);
#4824 = DIRECTION('',(0.,1.));
#4825 = ( GEOMETRIC_REPRESENTATION_CONTEXT(2) 
PARAMETRIC_REPRESENTATION_CONTEXT() REPRESENTATION_CONTEXT('2D SPACE',''
  ) );
#4826 = ORIENTED_EDGE('',*,*,#4827,.T.);
#4827 = EDGE_CURVE('',#4805,#4828,#4830,.T.);
#4828 = VERTEX_POINT('',#4829);
#4829 = CARTESIAN_POINT('',(0.8,0.4,0.8));
#4830 = SURFACE_CURVE('',#4831,(#4835,#4842),.PCURVE_S1.);
#4831 = LINE('',#4832,#4833);
#4832 = CARTESIAN_POINT('',(0.8,0.4,-0.8));
#4833 = VECTOR('',#4834,1.);
#4834 = DIRECTION('',(0.,0.,1.));
#4835 = PCURVE('',#4785,#4836);
#4836 = DEFINITIONAL_REPRESENTATION('',(#4837),#4841);
#4837 = LINE('',#4838,#4839);
#4838 = CARTESIAN_POINT('',(0.,-0.8));
#4839 = VECTOR('',#4840,1.);
#4840 = DIRECTION('',(1.,0.));
#4841 = ( GEOMETRIC_REPRESENTATION_CONTEXT(2) 
PARAMETRIC_REPRESENTATION_CONTEXT() REPRESENTATION_CONTEXT('2D SPACE',''
  ) );
#4842 = PCURVE('',#4733,#4843);
#4843 = DEFINITIONAL_REPRESENTATION('',(#4844),#4848);
#4844 = LINE('',#4845,#4846);
#4845 = CARTESIAN_POINT('',(0.,1.6));
#4846 = VECTOR('',#4847,1.);
#4847 = DIRECTION('',(1.,0.));
#4848 = ( GEOMETRIC_REPRESENTATION_CONTEXT(2) 
PARAMETRIC_REPRESENTATION_CONTEXT() REPRESENTATION_CONTEXT('2D SPACE',''
  ) );
#4849 = ORIENTED_EDGE('',*,*,#4850,.F.);
#4850 = EDGE_CURVE('',#4777,#4828,#4851,.T.);
#4851 = SURFACE_CURVE('',#4852,(#4856,#4863),.PCURVE_S1.);
#4852 = LINE('',#4853,#4854);
#4853 = CARTESIAN_POINT('',(0.8,-0.4,0.8));
#4854 = VECTOR('',#4855,1.);
#4855 = DIRECTION('',(-0.,1.,0.));
#4856 = PCURVE('',#4785,#4857);
#4857 = DEFINITIONAL_REPRESENTATION('',(#4858),#4862);
#4858 = LINE('',#4859,#4860);
#4859 = CARTESIAN_POINT('',(1.6,0.));
#4860 = VECTOR('',#4861,1.);
#4861 = DIRECTION('',(0.,-1.));
#4862 = ( GEOMETRIC_REPRESENTATION_CONTEXT(2) 
PARAMETRIC_REPRESENTATION_CONTEXT() REPRESENTATION_CONTEXT('2D SPACE',''
  ) );
#4863 = PCURVE('',#4759,#4864);
#4864 = DEFINITIONAL_REPRESENTATION('',(#4865),#4869);
#4865 = LINE('',#4866,#4867);
#4866 = CARTESIAN_POINT('',(1.6,0.));
#4867 = VECTOR('',#4868,1.);
#4868 = DIRECTION('',(0.,1.));
#4869 = ( GEOMETRIC_REPRESENTATION_CONTEXT(2) 
PARAMETRIC_REPRESENTATION_CONTEXT() REPRESENTATION_CONTEXT('2D SPACE',''
  ) );
#4870 = ADVANCED_FACE('',(#4871),#4677,.F.);
#4871 = FACE_BOUND('',#4872,.F.);
#4872 = EDGE_LOOP('',(#4873,#4894,#4895,#4916));
#4873 = ORIENTED_EDGE('',*,*,#4874,.F.);
#4874 = EDGE_CURVE('',#4655,#4775,#4875,.T.);
#4875 = SURFACE_CURVE('',#4876,(#4880,#4887),.PCURVE_S1.);
#4876 = LINE('',#4877,#4878);
#4877 = CARTESIAN_POINT('',(-0.8,-0.4,-0.8));
#4878 = VECTOR('',#4879,1.);
#4879 = DIRECTION('',(1.,0.,-0.));
#4880 = PCURVE('',#4677,#4881);
#4881 = DEFINITIONAL_REPRESENTATION('',(#4882),#4886);
#4882 = LINE('',#4883,#4884);
#4883 = CARTESIAN_POINT('',(0.,0.));
#4884 = VECTOR('',#4885,1.);
#4885 = DIRECTION('',(0.,1.));
#4886 = ( GEOMETRIC_REPRESENTATION_CONTEXT(2) 
PARAMETRIC_REPRESENTATION_CONTEXT() REPRESENTATION_CONTEXT('2D SPACE',''
  ) );
#4887 = PCURVE('',#4705,#4888);
#4888 = DEFINITIONAL_REPRESENTATION('',(#4889),#4893);
#4889 = LINE('',#4890,#4891);
#4890 = CARTESIAN_POINT('',(0.,0.));
#4891 = VECTOR('',#4892,1.);
#4892 = DIRECTION('',(1.,0.));
#4893 = ( GEOMETRIC_REPRESENTATION_CONTEXT(2) 
PARAMETRIC_REPRESENTATION_CONTEXT() REPRESENTATION_CONTEXT('2D SPACE',''
  ) );
#4894 = ORIENTED_EDGE('',*,*,#4654,.T.);
#4895 = ORIENTED_EDGE('',*,*,#4896,.T.);
#4896 = EDGE_CURVE('',#4657,#4777,#4897,.T.);
#4897 = SURFACE_CURVE('',#4898,(#4902,#4909),.PCURVE_S1.);
#4898 = LINE('',#4899,#4900);
#4899 = CARTESIAN_POINT('',(-0.8,-0.4,0.8));
#4900 = VECTOR('',#4901,1.);
#4901 = DIRECTION('',(1.,0.,-0.));
#4902 = PCURVE('',#4677,#4903);
#4903 = DEFINITIONAL_REPRESENTATION('',(#4904),#4908);
#4904 = LINE('',#4905,#4906);
#4905 = CARTESIAN_POINT('',(1.6,0.));
#4906 = VECTOR('',#4907,1.);
#4907 = DIRECTION('',(0.,1.));
#4908 = ( GEOMETRIC_REPRESENTATION_CONTEXT(2) 
PARAMETRIC_REPRESENTATION_CONTEXT() REPRESENTATION_CONTEXT('2D SPACE',''
  ) );
#4909 = PCURVE('',#4759,#4910);
#4910 = DEFINITIONAL_REPRESENTATION('',(#4911),#4915);
#4911 = LINE('',#4912,#4913);
#4912 = CARTESIAN_POINT('',(0.,0.));
#4913 = VECTOR('',#4914,1.);
#4914 = DIRECTION('',(1.,0.));
#4915 = ( GEOMETRIC_REPRESENTATION_CONTEXT(2) 
PARAMETRIC_REPRESENTATION_CONTEXT() REPRESENTATION_CONTEXT('2D SPACE',''
  ) );
#4916 = ORIENTED_EDGE('',*,*,#4774,.F.);
#4917 = ADVANCED_FACE('',(#4918),#4733,.T.);
#4918 = FACE_BOUND('',#4919,.T.);
#4919 = EDGE_LOOP('',(#4920,#4941,#4942,#4963));
#4920 = ORIENTED_EDGE('',*,*,#4921,.F.);
#4921 = EDGE_CURVE('',#4690,#4805,#4922,.T.);
#4922 = SURFACE_CURVE('',#4923,(#4927,#4934),.PCURVE_S1.);
#4923 = LINE('',#4924,#4925);
#4924 = CARTESIAN_POINT('',(-0.8,0.4,-0.8));
#4925 = VECTOR('',#4926,1.);
#4926 = DIRECTION('',(1.,0.,-0.));
#4927 = PCURVE('',#4733,#4928);
#4928 = DEFINITIONAL_REPRESENTATION('',(#4929),#4933);
#4929 = LINE('',#4930,#4931);
#4930 = CARTESIAN_POINT('',(0.,0.));
#4931 = VECTOR('',#4932,1.);
#4932 = DIRECTION('',(0.,1.));
#4933 = ( GEOMETRIC_REPRESENTATION_CONTEXT(2) 
PARAMETRIC_REPRESENTATION_CONTEXT() REPRESENTATION_CONTEXT('2D SPACE',''
  ) );
#4934 = PCURVE('',#4705,#4935);
#4935 = DEFINITIONAL_REPRESENTATION('',(#4936),#4940);
#4936 = LINE('',#4937,#4938);
#4937 = CARTESIAN_POINT('',(0.,0.8));
#4938 = VECTOR('',#4939,1.);
#4939 = DIRECTION('',(1.,0.));
#4940 = ( GEOMETRIC_REPRESENTATION_CONTEXT(2) 
PARAMETRIC_REPRESENTATION_CONTEXT() REPRESENTATION_CONTEXT('2D SPACE',''
  ) );
#4941 = ORIENTED_EDGE('',*,*,#4717,.T.);
#4942 = ORIENTED_EDGE('',*,*,#4943,.T.);
#4943 = EDGE_CURVE('',#4718,#4828,#4944,.T.);
#4944 = SURFACE_CURVE('',#4945,(#4949,#4956),.PCURVE_S1.);
#4945 = LINE('',#4946,#4947);
#4946 = CARTESIAN_POINT('',(-0.8,0.4,0.8));
#4947 = VECTOR('',#4948,1.);
#4948 = DIRECTION('',(1.,0.,-0.));
#4949 = PCURVE('',#4733,#4950);
#4950 = DEFINITIONAL_REPRESENTATION('',(#4951),#4955);
#4951 = LINE('',#4952,#4953);
#4952 = CARTESIAN_POINT('',(1.6,0.));
#4953 = VECTOR('',#4954,1.);
#4954 = DIRECTION('',(0.,1.));
#4955 = ( GEOMETRIC_REPRESENTATION_CONTEXT(2) 
PARAMETRIC_REPRESENTATION_CONTEXT() REPRESENTATION_CONTEXT('2D SPACE',''
  ) );
#4956 = PCURVE('',#4759,#4957);
#4957 = DEFINITIONAL_REPRESENTATION('',(#4958),#4962);
#4958 = LINE('',#4959,#4960);
#4959 = CARTESIAN_POINT('',(0.,0.8));
#4960 = VECTOR('',#4961,1.);
#4961 = DIRECTION('',(1.,0.));
#4962 = ( GEOMETRIC_REPRESENTATION_CONTEXT(2) 
PARAMETRIC_REPRESENTATION_CONTEXT() REPRESENTATION_CONTEXT('2D SPACE',''
  ) );
#4963 = ORIENTED_EDGE('',*,*,#4827,.F.);
#4964 = ADVANCED_FACE('',(#4965),#4705,.F.);
#4965 = FACE_BOUND('',#4966,.F.);
#4966 = EDGE_LOOP('',(#4967,#4968,#4969,#4970));
#4967 = ORIENTED_EDGE('',*,*,#4689,.F.);
#4968 = ORIENTED_EDGE('',*,*,#4874,.T.);
#4969 = ORIENTED_EDGE('',*,*,#4804,.T.);
#4970 = ORIENTED_EDGE('',*,*,#4921,.F.);
#4971 = ADVANCED_FACE('',(#4972),#4759,.T.);
#4972 = FACE_BOUND('',#4973,.T.);
#4973 = EDGE_LOOP('',(#4974,#4975,#4976,#4977));
#4974 = ORIENTED_EDGE('',*,*,#4745,.F.);
#4975 = ORIENTED_EDGE('',*,*,#4896,.T.);
#4976 = ORIENTED_EDGE('',*,*,#4850,.T.);
#4977 = ORIENTED_EDGE('',*,*,#4943,.F.);
#4978 = ( GEOMETRIC_REPRESENTATION_CONTEXT(3) 
GLOBAL_UNCERTAINTY_ASSIGNED_CONTEXT((#4982)) 
GLOBAL_UNIT_ASSIGNED_CONTEXT((#4979,#4980,#4981)) REPRESENTATION_CONTEXT
('Context #1','3D Context with UNIT and UNCERTAINTY') );
#4979 = ( LENGTH_UNIT() NAMED_UNIT(*) SI_UNIT(.MILLI.,.METRE.) );
#4980 = ( NAMED_UNIT(*) PLANE_ANGLE_UNIT() SI_UNIT($,.RADIAN.) );
#4981 = ( NAMED_UNIT(*) SI_UNIT($,.STERADIAN.) SOLID_ANGLE_UNIT() );
#4982 = UNCERTAINTY_MEASURE_WITH_UNIT(LENGTH_MEASURE(1.E-07),#4979,
  'distance_accuracy_value','confusion accuracy');
#4983 = CONTEXT_DEPENDENT_SHAPE_REPRESENTATION(#4984,#4986);
#4984 = ( REPRESENTATION_RELATIONSHIP('','',#4647,#10) 
REPRESENTATION_RELATIONSHIP_WITH_TRANSFORMATION(#4985) 
SHAPE_REPRESENTATION_RELATIONSHIP() );
#4985 = ITEM_DEFINED_TRANSFORMATION('','',#11,#59);
#4986 = PRODUCT_DEFINITION_SHAPE('Placement','Placement of an item',
  #4987);
#4987 = NEXT_ASSEMBLY_USAGE_OCCURRENCE('857','coat.3','',#5,#4642,$);
#4988 = PRODUCT_RELATED_PRODUCT_CATEGORY('part',$,(#4644));
#4989 = SHAPE_DEFINITION_REPRESENTATION(#4990,#4996);
#4990 = PRODUCT_DEFINITION_SHAPE('','',#4991);
#4991 = PRODUCT_DEFINITION('design','',#4992,#4995);
#4992 = PRODUCT_DEFINITION_FORMATION('','',#4993);
#4993 = PRODUCT('coat.4','coat.4','',(#4994));
#4994 = PRODUCT_CONTEXT('',#2,'mechanical');
#4995 = PRODUCT_DEFINITION_CONTEXT('part definition',#2,'design');
#4996 = ADVANCED_BREP_SHAPE_REPRESENTATION('',(#11,#4997),#5327);
#4997 = MANIFOLD_SOLID_BREP('',#4998);
#4998 = CLOSED_SHELL('',(#4999,#5119,#5219,#5266,#5313,#5320));
#4999 = ADVANCED_FACE('',(#5000),#5014,.F.);
#5000 = FACE_BOUND('',#5001,.F.);
#5001 = EDGE_LOOP('',(#5002,#5037,#5065,#5093));
#5002 = ORIENTED_EDGE('',*,*,#5003,.F.);
#5003 = EDGE_CURVE('',#5004,#5006,#5008,.T.);
#5004 = VERTEX_POINT('',#5005);
#5005 = CARTESIAN_POINT('',(-0.8,-0.4,-0.8));
#5006 = VERTEX_POINT('',#5007);
#5007 = CARTESIAN_POINT('',(-0.8,-0.4,0.8));
#5008 = SURFACE_CURVE('',#5009,(#5013,#5025),.PCURVE_S1.);
#5009 = LINE('',#5010,#5011);
#5010 = CARTESIAN_POINT('',(-0.8,-0.4,-0.8));
#5011 = VECTOR('',#5012,1.);
#5012 = DIRECTION('',(0.,0.,1.));
#5013 = PCURVE('',#5014,#5019);
#5014 = PLANE('',#5015);
#5015 = AXIS2_PLACEMENT_3D('',#5016,#5017,#5018);
#5016 = CARTESIAN_POINT('',(-0.8,-0.4,-0.8));
#5017 = DIRECTION('',(1.,0.,-0.));
#5018 = DIRECTION('',(0.,0.,1.));
#5019 = DEFINITIONAL_REPRESENTATION('',(#5020),#5024);
#5020 = LINE('',#5021,#5022);
#5021 = CARTESIAN_POINT('',(0.,0.));
#5022 = VECTOR('',#5023,1.);
#5023 = DIRECTION('',(1.,0.));
#5024 = ( GEOMETRIC_REPRESENTATION_CONTEXT(2) 
PARAMETRIC_REPRESENTATION_CONTEXT() REPRESENTATION_CONTEXT('2D SPACE',''
  ) );
#5025 = PCURVE('',#5026,#5031);
#5026 = PLANE('',#5027);
#5027 = AXIS2_PLACEMENT_3D('',#5028,#5029,#5030);
#5028 = CARTESIAN_POINT('',(-0.8,-0.4,-0.8));
#5029 = DIRECTION('',(-0.,1.,0.));
#5030 = DIRECTION('',(0.,0.,1.));
#5031 = DEFINITIONAL_REPRESENTATION('',(#5032),#5036);
#5032 = LINE('',#5033,#5034);
#5033 = CARTESIAN_POINT('',(0.,0.));
#5034 = VECTOR('',#5035,1.);
#5035 = DIRECTION('',(1.,0.));
#5036 = ( GEOMETRIC_REPRESENTATION_CONTEXT(2) 
PARAMETRIC_REPRESENTATION_CONTEXT() REPRESENTATION_CONTEXT('2D SPACE',''
  ) );
#5037 = ORIENTED_EDGE('',*,*,#5038,.T.);
#5038 = EDGE_CURVE('',#5004,#5039,#5041,.T.);
#5039 = VERTEX_POINT('',#5040);
#5040 = CARTESIAN_POINT('',(-0.8,0.4,-0.8));
#5041 = SURFACE_CURVE('',#5042,(#5046,#5053),.PCURVE_S1.);
#5042 = LINE('',#5043,#5044);
#5043 = CARTESIAN_POINT('',(-0.8,-0.4,-0.8));
#5044 = VECTOR('',#5045,1.);
#5045 = DIRECTION('',(-0.,1.,0.));
#5046 = PCURVE('',#5014,#5047);
#5047 = DEFINITIONAL_REPRESENTATION('',(#5048),#5052);
#5048 = LINE('',#5049,#5050);
#5049 = CARTESIAN_POINT('',(0.,0.));
#5050 = VECTOR('',#5051,1.);
#5051 = DIRECTION('',(0.,-1.));
#5052 = ( GEOMETRIC_REPRESENTATION_CONTEXT(2) 
PARAMETRIC_REPRESENTATION_CONTEXT() REPRESENTATION_CONTEXT('2D SPACE',''
  ) );
#5053 = PCURVE('',#5054,#5059);
#5054 = PLANE('',#5055);
#5055 = AXIS2_PLACEMENT_3D('',#5056,#5057,#5058);
#5056 = CARTESIAN_POINT('',(-0.8,-0.4,-0.8));
#5057 = DIRECTION('',(0.,0.,1.));
#5058 = DIRECTION('',(1.,0.,-0.));
#5059 = DEFINITIONAL_REPRESENTATION('',(#5060),#5064);
#5060 = LINE('',#5061,#5062);
#5061 = CARTESIAN_POINT('',(0.,0.));
#5062 = VECTOR('',#5063,1.);
#5063 = DIRECTION('',(0.,1.));
#5064 = ( GEOMETRIC_REPRESENTATION_CONTEXT(2) 
PARAMETRIC_REPRESENTATION_CONTEXT() REPRESENTATION_CONTEXT('2D SPACE',''
  ) );
#5065 = ORIENTED_EDGE('',*,*,#5066,.T.);
#5066 = EDGE_CURVE('',#5039,#5067,#5069,.T.);
#5067 = VERTEX_POINT('',#5068);
#5068 = CARTESIAN_POINT('',(-0.8,0.4,0.8));
#5069 = SURFACE_CURVE('',#5070,(#5074,#5081),.PCURVE_S1.);
#5070 = LINE('',#5071,#5072);
#5071 = CARTESIAN_POINT('',(-0.8,0.4,-0.8));
#5072 = VECTOR('',#5073,1.);
#5073 = DIRECTION('',(0.,0.,1.));
#5074 = PCURVE('',#5014,#5075);
#5075 = DEFINITIONAL_REPRESENTATION('',(#5076),#5080);
#5076 = LINE('',#5077,#5078);
#5077 = CARTESIAN_POINT('',(0.,-0.8));
#5078 = VECTOR('',#5079,1.);
#5079 = DIRECTION('',(1.,0.));
#5080 = ( GEOMETRIC_REPRESENTATION_CONTEXT(2) 
PARAMETRIC_REPRESENTATION_CONTEXT() REPRESENTATION_CONTEXT('2D SPACE',''
  ) );
#5081 = PCURVE('',#5082,#5087);
#5082 = PLANE('',#5083);
#5083 = AXIS2_PLACEMENT_3D('',#5084,#5085,#5086);
#5084 = CARTESIAN_POINT('',(-0.8,0.4,-0.8));
#5085 = DIRECTION('',(-0.,1.,0.));
#5086 = DIRECTION('',(0.,0.,1.));
#5087 = DEFINITIONAL_REPRESENTATION('',(#5088),#5092);
#5088 = LINE('',#5089,#5090);
#5089 = CARTESIAN_POINT('',(0.,0.));
#5090 = VECTOR('',#5091,1.);
#5091 = DIRECTION('',(1.,0.));
#5092 = ( GEOMETRIC_REPRESENTATION_CONTEXT(2) 
PARAMETRIC_REPRESENTATION_CONTEXT() REPRESENTATION_CONTEXT('2D SPACE',''
  ) );
#5093 = ORIENTED_EDGE('',*,*,#5094,.F.);
#5094 = EDGE_CURVE('',#5006,#5067,#5095,.T.);
#5095 = SURFACE_CURVE('',#5096,(#5100,#5107),.PCURVE_S1.);
#5096 = LINE('',#5097,#5098);
#5097 = CARTESIAN_POINT('',(-0.8,-0.4,0.8));
#5098 = VECTOR('',#5099,1.);
#5099 = DIRECTION('',(-0.,1.,0.));
#5100 = PCURVE('',#5014,#5101);
#5101 = DEFINITIONAL_REPRESENTATION('',(#5102),#5106);
#5102 = LINE('',#5103,#5104);
#5103 = CARTESIAN_POINT('',(1.6,0.));
#5104 = VECTOR('',#5105,1.);
#5105 = DIRECTION('',(0.,-1.));
#5106 = ( GEOMETRIC_REPRESENTATION_CONTEXT(2) 
PARAMETRIC_REPRESENTATION_CONTEXT() REPRESENTATION_CONTEXT('2D SPACE',''
  ) );
#5107 = PCURVE('',#5108,#5113);
#5108 = PLANE('',#5109);
#5109 = AXIS2_PLACEMENT_3D('',#5110,#5111,#5112);
#5110 = CARTESIAN_POINT('',(-0.8,-0.4,0.8));
#5111 = DIRECTION('',(0.,0.,1.));
#5112 = DIRECTION('',(1.,0.,-0.));
#5113 = DEFINITIONAL_REPRESENTATION('',(#5114),#5118);
#5114 = LINE('',#5115,#5116);
#5115 = CARTESIAN_POINT('',(0.,0.));
#5116 = VECTOR('',#5117,1.);
#5117 = DIRECTION('',(0.,1.));
#5118 = ( GEOMETRIC_REPRESENTATION_CONTEXT(2) 
PARAMETRIC_REPRESENTATION_CONTEXT() REPRESENTATION_CONTEXT('2D SPACE',''
  ) );
#5119 = ADVANCED_FACE('',(#5120),#5134,.T.);
#5120 = FACE_BOUND('',#5121,.T.);
#5121 = EDGE_LOOP('',(#5122,#5152,#5175,#5198));
#5122 = ORIENTED_EDGE('',*,*,#5123,.F.);
#5123 = EDGE_CURVE('',#5124,#5126,#5128,.T.);
#5124 = VERTEX_POINT('',#5125);
#5125 = CARTESIAN_POINT('',(0.8,-0.4,-0.8));
#5126 = VERTEX_POINT('',#5127);
#5127 = CARTESIAN_POINT('',(0.8,-0.4,0.8));
#5128 = SURFACE_CURVE('',#5129,(#5133,#5145),.PCURVE_S1.);
#5129 = LINE('',#5130,#5131);
#5130 = CARTESIAN_POINT('',(0.8,-0.4,-0.8));
#5131 = VECTOR('',#5132,1.);
#5132 = DIRECTION('',(0.,0.,1.));
#5133 = PCURVE('',#5134,#5139);
#5134 = PLANE('',#5135);
#5135 = AXIS2_PLACEMENT_3D('',#5136,#5137,#5138);
#5136 = CARTESIAN_POINT('',(0.8,-0.4,-0.8));
#5137 = DIRECTION('',(1.,0.,-0.));
#5138 = DIRECTION('',(0.,0.,1.));
#5139 = DEFINITIONAL_REPRESENTATION('',(#5140),#5144);
#5140 = LINE('',#5141,#5142);
#5141 = CARTESIAN_POINT('',(0.,0.));
#5142 = VECTOR('',#5143,1.);
#5143 = DIRECTION('',(1.,0.));
#5144 = ( GEOMETRIC_REPRESENTATION_CONTEXT(2) 
PARAMETRIC_REPRESENTATION_CONTEXT() REPRESENTATION_CONTEXT('2D SPACE',''
  ) );
#5145 = PCURVE('',#5026,#5146);
#5146 = DEFINITIONAL_REPRESENTATION('',(#5147),#5151);
#5147 = LINE('',#5148,#5149);
#5148 = CARTESIAN_POINT('',(0.,1.6));
#5149 = VECTOR('',#5150,1.);
#5150 = DIRECTION('',(1.,0.));
#5151 = ( GEOMETRIC_REPRESENTATION_CONTEXT(2) 
PARAMETRIC_REPRESENTATION_CONTEXT() REPRESENTATION_CONTEXT('2D SPACE',''
  ) );
#5152 = ORIENTED_EDGE('',*,*,#5153,.T.);
#5153 = EDGE_CURVE('',#5124,#5154,#5156,.T.);
#5154 = VERTEX_POINT('',#5155);
#5155 = CARTESIAN_POINT('',(0.8,0.4,-0.8));
#5156 = SURFACE_CURVE('',#5157,(#5161,#5168),.PCURVE_S1.);
#5157 = LINE('',#5158,#5159);
#5158 = CARTESIAN_POINT('',(0.8,-0.4,-0.8));
#5159 = VECTOR('',#5160,1.);
#5160 = DIRECTION('',(-0.,1.,0.));
#5161 = PCURVE('',#5134,#5162);
#5162 = DEFINITIONAL_REPRESENTATION('',(#5163),#5167);
#5163 = LINE('',#5164,#5165);
#5164 = CARTESIAN_POINT('',(0.,0.));
#5165 = VECTOR('',#5166,1.);
#5166 = DIRECTION('',(0.,-1.));
#5167 = ( GEOMETRIC_REPRESENTATION_CONTEXT(2) 
PARAMETRIC_REPRESENTATION_CONTEXT() REPRESENTATION_CONTEXT('2D SPACE',''
  ) );
#5168 = PCURVE('',#5054,#5169);
#5169 = DEFINITIONAL_REPRESENTATION('',(#5170),#5174);
#5170 = LINE('',#5171,#5172);
#5171 = CARTESIAN_POINT('',(1.6,0.));
#5172 = VECTOR('',#5173,1.);
#5173 = DIRECTION('',(0.,1.));
#5174 = ( GEOMETRIC_REPRESENTATION_CONTEXT(2) 
PARAMETRIC_REPRESENTATION_CONTEXT() REPRESENTATION_CONTEXT('2D SPACE',''
  ) );
#5175 = ORIENTED_EDGE('',*,*,#5176,.T.);
#5176 = EDGE_CURVE('',#5154,#5177,#5179,.T.);
#5177 = VERTEX_POINT('',#5178);
#5178 = CARTESIAN_POINT('',(0.8,0.4,0.8));
#5179 = SURFACE_CURVE('',#5180,(#5184,#5191),.PCURVE_S1.);
#5180 = LINE('',#5181,#5182);
#5181 = CARTESIAN_POINT('',(0.8,0.4,-0.8));
#5182 = VECTOR('',#5183,1.);
#5183 = DIRECTION('',(0.,0.,1.));
#5184 = PCURVE('',#5134,#5185);
#5185 = DEFINITIONAL_REPRESENTATION('',(#5186),#5190);
#5186 = LINE('',#5187,#5188);
#5187 = CARTESIAN_POINT('',(0.,-0.8));
#5188 = VECTOR('',#5189,1.);
#5189 = DIRECTION('',(1.,0.));
#5190 = ( GEOMETRIC_REPRESENTATION_CONTEXT(2) 
PARAMETRIC_REPRESENTATION_CONTEXT() REPRESENTATION_CONTEXT('2D SPACE',''
  ) );
#5191 = PCURVE('',#5082,#5192);
#5192 = DEFINITIONAL_REPRESENTATION('',(#5193),#5197);
#5193 = LINE('',#5194,#5195);
#5194 = CARTESIAN_POINT('',(0.,1.6));
#5195 = VECTOR('',#5196,1.);
#5196 = DIRECTION('',(1.,0.));
#5197 = ( GEOMETRIC_REPRESENTATION_CONTEXT(2) 
PARAMETRIC_REPRESENTATION_CONTEXT() REPRESENTATION_CONTEXT('2D SPACE',''
  ) );
#5198 = ORIENTED_EDGE('',*,*,#5199,.F.);
#5199 = EDGE_CURVE('',#5126,#5177,#5200,.T.);
#5200 = SURFACE_CURVE('',#5201,(#5205,#5212),.PCURVE_S1.);
#5201 = LINE('',#5202,#5203);
#5202 = CARTESIAN_POINT('',(0.8,-0.4,0.8));
#5203 = VECTOR('',#5204,1.);
#5204 = DIRECTION('',(-0.,1.,0.));
#5205 = PCURVE('',#5134,#5206);
#5206 = DEFINITIONAL_REPRESENTATION('',(#5207),#5211);
#5207 = LINE('',#5208,#5209);
#5208 = CARTESIAN_POINT('',(1.6,0.));
#5209 = VECTOR('',#5210,1.);
#5210 = DIRECTION('',(0.,-1.));
#5211 = ( GEOMETRIC_REPRESENTATION_CONTEXT(2) 
PARAMETRIC_REPRESENTATION_CONTEXT() REPRESENTATION_CONTEXT('2D SPACE',''
  ) );
#5212 = PCURVE('',#5108,#5213);
#5213 = DEFINITIONAL_REPRESENTATION('',(#5214),#5218);
#5214 = LINE('',#5215,#5216);
#5215 = CARTESIAN_POINT('',(1.6,0.));
#5216 = VECTOR('',#5217,1.);
#5217 = DIRECTION('',(0.,1.));
#5218 = ( GEOMETRIC_REPRESENTATION_CONTEXT(2) 
PARAMETRIC_REPRESENTATION_CONTEXT() REPRESENTATION_CONTEXT('2D SPACE',''
  ) );
#5219 = ADVANCED_FACE('',(#5220),#5026,.F.);
#5220 = FACE_BOUND('',#5221,.F.);
#5221 = EDGE_LOOP('',(#5222,#5243,#5244,#5265));
#5222 = ORIENTED_EDGE('',*,*,#5223,.F.);
#5223 = EDGE_CURVE('',#5004,#5124,#5224,.T.);
#5224 = SURFACE_CURVE('',#5225,(#5229,#5236),.PCURVE_S1.);
#5225 = LINE('',#5226,#5227);
#5226 = CARTESIAN_POINT('',(-0.8,-0.4,-0.8));
#5227 = VECTOR('',#5228,1.);
#5228 = DIRECTION('',(1.,0.,-0.));
#5229 = PCURVE('',#5026,#5230);
#5230 = DEFINITIONAL_REPRESENTATION('',(#5231),#5235);
#5231 = LINE('',#5232,#5233);
#5232 = CARTESIAN_POINT('',(0.,0.));
#5233 = VECTOR('',#5234,1.);
#5234 = DIRECTION('',(0.,1.));
#5235 = ( GEOMETRIC_REPRESENTATION_CONTEXT(2) 
PARAMETRIC_REPRESENTATION_CONTEXT() REPRESENTATION_CONTEXT('2D SPACE',''
  ) );
#5236 = PCURVE('',#5054,#5237);
#5237 = DEFINITIONAL_REPRESENTATION('',(#5238),#5242);
#5238 = LINE('',#5239,#5240);
#5239 = CARTESIAN_POINT('',(0.,0.));
#5240 = VECTOR('',#5241,1.);
#5241 = DIRECTION('',(1.,0.));
#5242 = ( GEOMETRIC_REPRESENTATION_CONTEXT(2) 
PARAMETRIC_REPRESENTATION_CONTEXT() REPRESENTATION_CONTEXT('2D SPACE',''
  ) );
#5243 = ORIENTED_EDGE('',*,*,#5003,.T.);
#5244 = ORIENTED_EDGE('',*,*,#5245,.T.);
#5245 = EDGE_CURVE('',#5006,#5126,#5246,.T.);
#5246 = SURFACE_CURVE('',#5247,(#5251,#5258),.PCURVE_S1.);
#5247 = LINE('',#5248,#5249);
#5248 = CARTESIAN_POINT('',(-0.8,-0.4,0.8));
#5249 = VECTOR('',#5250,1.);
#5250 = DIRECTION('',(1.,0.,-0.));
#5251 = PCURVE('',#5026,#5252);
#5252 = DEFINITIONAL_REPRESENTATION('',(#5253),#5257);
#5253 = LINE('',#5254,#5255);
#5254 = CARTESIAN_POINT('',(1.6,0.));
#5255 = VECTOR('',#5256,1.);
#5256 = DIRECTION('',(0.,1.));
#5257 = ( GEOMETRIC_REPRESENTATION_CONTEXT(2) 
PARAMETRIC_REPRESENTATION_CONTEXT() REPRESENTATION_CONTEXT('2D SPACE',''
  ) );
#5258 = PCURVE('',#5108,#5259);
#5259 = DEFINITIONAL_REPRESENTATION('',(#5260),#5264);
#5260 = LINE('',#5261,#5262);
#5261 = CARTESIAN_POINT('',(0.,0.));
#5262 = VECTOR('',#5263,1.);
#5263 = DIRECTION('',(1.,0.));
#5264 = ( GEOMETRIC_REPRESENTATION_CONTEXT(2) 
PARAMETRIC_REPRESENTATION_CONTEXT() REPRESENTATION_CONTEXT('2D SPACE',''
  ) );
#5265 = ORIENTED_EDGE('',*,*,#5123,.F.);
#5266 = ADVANCED_FACE('',(#5267),#5082,.T.);
#5267 = FACE_BOUND('',#5268,.T.);
#5268 = EDGE_LOOP('',(#5269,#5290,#5291,#5312));
#5269 = ORIENTED_EDGE('',*,*,#5270,.F.);
#5270 = EDGE_CURVE('',#5039,#5154,#5271,.T.);
#5271 = SURFACE_CURVE('',#5272,(#5276,#5283),.PCURVE_S1.);
#5272 = LINE('',#5273,#5274);
#5273 = CARTESIAN_POINT('',(-0.8,0.4,-0.8));
#5274 = VECTOR('',#5275,1.);
#5275 = DIRECTION('',(1.,0.,-0.));
#5276 = PCURVE('',#5082,#5277);
#5277 = DEFINITIONAL_REPRESENTATION('',(#5278),#5282);
#5278 = LINE('',#5279,#5280);
#5279 = CARTESIAN_POINT('',(0.,0.));
#5280 = VECTOR('',#5281,1.);
#5281 = DIRECTION('',(0.,1.));
#5282 = ( GEOMETRIC_REPRESENTATION_CONTEXT(2) 
PARAMETRIC_REPRESENTATION_CONTEXT() REPRESENTATION_CONTEXT('2D SPACE',''
  ) );
#5283 = PCURVE('',#5054,#5284);
#5284 = DEFINITIONAL_REPRESENTATION('',(#5285),#5289);
#5285 = LINE('',#5286,#5287);
#5286 = CARTESIAN_POINT('',(0.,0.8));
#5287 = VECTOR('',#5288,1.);
#5288 = DIRECTION('',(1.,0.));
#5289 = ( GEOMETRIC_REPRESENTATION_CONTEXT(2) 
PARAMETRIC_REPRESENTATION_CONTEXT() REPRESENTATION_CONTEXT('2D SPACE',''
  ) );
#5290 = ORIENTED_EDGE('',*,*,#5066,.T.);
#5291 = ORIENTED_EDGE('',*,*,#5292,.T.);
#5292 = EDGE_CURVE('',#5067,#5177,#5293,.T.);
#5293 = SURFACE_CURVE('',#5294,(#5298,#5305),.PCURVE_S1.);
#5294 = LINE('',#5295,#5296);
#5295 = CARTESIAN_POINT('',(-0.8,0.4,0.8));
#5296 = VECTOR('',#5297,1.);
#5297 = DIRECTION('',(1.,0.,-0.));
#5298 = PCURVE('',#5082,#5299);
#5299 = DEFINITIONAL_REPRESENTATION('',(#5300),#5304);
#5300 = LINE('',#5301,#5302);
#5301 = CARTESIAN_POINT('',(1.6,0.));
#5302 = VECTOR('',#5303,1.);
#5303 = DIRECTION('',(0.,1.));
#5304 = ( GEOMETRIC_REPRESENTATION_CONTEXT(2) 
PARAMETRIC_REPRESENTATION_CONTEXT() REPRESENTATION_CONTEXT('2D SPACE',''
  ) );
#5305 = PCURVE('',#5108,#5306);
#5306 = DEFINITIONAL_REPRESENTATION('',(#5307),#5311);
#5307 = LINE('',#5308,#5309);
#5308 = CARTESIAN_POINT('',(0.,0.8));
#5309 = VECTOR('',#5310,1.);
#5310 = DIRECTION('',(1.,0.));
#5311 = ( GEOMETRIC_REPRESENTATION_CONTEXT(2) 
PARAMETRIC_REPRESENTATION_CONTEXT() REPRESENTATION_CONTEXT('2D SPACE',''
  ) );
#5312 = ORIENTED_EDGE('',*,*,#5176,.F.);
#5313 = ADVANCED_FACE('',(#5314),#5054,.F.);
#5314 = FACE_BOUND('',#5315,.F.);
#5315 = EDGE_LOOP('',(#5316,#5317,#5318,#5319));
#5316 = ORIENTED_EDGE('',*,*,#5038,.F.);
#5317 = ORIENTED_EDGE('',*,*,#5223,.T.);
#5318 = ORIENTED_EDGE('',*,*,#5153,.T.);
#5319 = ORIENTED_EDGE('',*,*,#5270,.F.);
#5320 = ADVANCED_FACE('',(#5321),#5108,.T.);
#5321 = FACE_BOUND('',#5322,.T.);
#5322 = EDGE_LOOP('',(#5323,#5324,#5325,#5326));
#5323 = ORIENTED_EDGE('',*,*,#5094,.F.);
#5324 = ORIENTED_EDGE('',*,*,#5245,.T.);
#5325 = ORIENTED_EDGE('',*,*,#5199,.T.);
#5326 = ORIENTED_EDGE('',*,*,#5292,.F.);
#5327 = ( GEOMETRIC_REPRESENTATION_CONTEXT(3) 
GLOBAL_UNCERTAINTY_ASSIGNED_CONTEXT((#5331)) 
GLOBAL_UNIT_ASSIGNED_CONTEXT((#5328,#5329,#5330)) REPRESENTATION_CONTEXT
('Context #1','3D Context with UNIT and UNCERTAINTY') );
#5328 = ( LENGTH_UNIT() NAMED_UNIT(*) SI_UNIT(.MILLI.,.METRE.) );
#5329 = ( NAMED_UNIT(*) PLANE_ANGLE_UNIT() SI_UNIT($,.RADIAN.) );
#5330 = ( NAMED_UNIT(*) SI_UNIT($,.STERADIAN.) SOLID_ANGLE_UNIT() );
#5331 = UNCERTAINTY_MEASURE_WITH_UNIT(LENGTH_MEASURE(1.E-07),#5328,
  'distance_accuracy_value','confusion accuracy');
#5332 = CONTEXT_DEPENDENT_SHAPE_REPRESENTATION(#5333,#5335);
#5333 = ( REPRESENTATION_RELATIONSHIP('','',#4996,#10) 
REPRESENTATION_RELATIONSHIP_WITH_TRANSFORMATION(#5334) 
SHAPE_REPRESENTATION_RELATIONSHIP() );
#5334 = ITEM_DEFINED_TRANSFORMATION('','',#11,#63);
#5335 = PRODUCT_DEFINITION_SHAPE('Placement','Placement of an item',
  #5336);
#5336 = NEXT_ASSEMBLY_USAGE_OCCURRENCE('858','coat.4','',#5,#4991,$);
#5337 = PRODUCT_RELATED_PRODUCT_CATEGORY('part',$,(#4993));
#5338 = SHAPE_DEFINITION_REPRESENTATION(#5339,#5345);
#5339 = PRODUCT_DEFINITION_SHAPE('','',#5340);
#5340 = PRODUCT_DEFINITION('design','',#5341,#5344);
#5341 = PRODUCT_DEFINITION_FORMATION('','',#5342);
#5342 = PRODUCT('coat.5','coat.5','',(#5343));
#5343 = PRODUCT_CONTEXT('',#2,'mechanical');
#5344 = PRODUCT_DEFINITION_CONTEXT('part definition',#2,'design');
#5345 = ADVANCED_BREP_SHAPE_REPRESENTATION('',(#11,#5346),#5676);
#5346 = MANIFOLD_SOLID_BREP('',#5347);
#5347 = CLOSED_SHELL('',(#5348,#5468,#5568,#5615,#5662,#5669));
#5348 = ADVANCED_FACE('',(#5349),#5363,.F.);
#5349 = FACE_BOUND('',#5350,.F.);
#5350 = EDGE_LOOP('',(#5351,#5386,#5414,#5442));
#5351 = ORIENTED_EDGE('',*,*,#5352,.F.);
#5352 = EDGE_CURVE('',#5353,#5355,#5357,.T.);
#5353 = VERTEX_POINT('',#5354);
#5354 = CARTESIAN_POINT('',(-0.8,-0.4,-0.8));
#5355 = VERTEX_POINT('',#5356);
#5356 = CARTESIAN_POINT('',(-0.8,-0.4,0.8));
#5357 = SURFACE_CURVE('',#5358,(#5362,#5374),.PCURVE_S1.);
#5358 = LINE('',#5359,#5360);
#5359 = CARTESIAN_POINT('',(-0.8,-0.4,-0.8));
#5360 = VECTOR('',#5361,1.);
#5361 = DIRECTION('',(0.,0.,1.));
#5362 = PCURVE('',#5363,#5368);
#5363 = PLANE('',#5364);
#5364 = AXIS2_PLACEMENT_3D('',#5365,#5366,#5367);
#5365 = CARTESIAN_POINT('',(-0.8,-0.4,-0.8));
#5366 = DIRECTION('',(1.,0.,-0.));
#5367 = DIRECTION('',(0.,0.,1.));
#5368 = DEFINITIONAL_REPRESENTATION('',(#5369),#5373);
#5369 = LINE('',#5370,#5371);
#5370 = CARTESIAN_POINT('',(0.,0.));
#5371 = VECTOR('',#5372,1.);
#5372 = DIRECTION('',(1.,0.));
#5373 = ( GEOMETRIC_REPRESENTATION_CONTEXT(2) 
PARAMETRIC_REPRESENTATION_CONTEXT() REPRESENTATION_CONTEXT('2D SPACE',''
  ) );
#5374 = PCURVE('',#5375,#5380);
#5375 = PLANE('',#5376);
#5376 = AXIS2_PLACEMENT_3D('',#5377,#5378,#5379);
#5377 = CARTESIAN_POINT('',(-0.8,-0.4,-0.8));
#5378 = DIRECTION('',(-0.,1.,0.));
#5379 = DIRECTION('',(0.,0.,1.));
#5380 = DEFINITIONAL_REPRESENTATION('',(#5381),#5385);
#5381 = LINE('',#5382,#5383);
#5382 = CARTESIAN_POINT('',(0.,0.));
#5383 = VECTOR('',#5384,1.);
#5384 = DIRECTION('',(1.,0.));
#5385 = ( GEOMETRIC_REPRESENTATION_CONTEXT(2) 
PARAMETRIC_REPRESENTATION_CONTEXT() REPRESENTATION_CONTEXT('2D SPACE',''
  ) );
#5386 = ORIENTED_EDGE('',*,*,#5387,.T.);
#5387 = EDGE_CURVE('',#5353,#5388,#5390,.T.);
#5388 = VERTEX_POINT('',#5389);
#5389 = CARTESIAN_POINT('',(-0.8,0.4,-0.8));
#5390 = SURFACE_CURVE('',#5391,(#5395,#5402),.PCURVE_S1.);
#5391 = LINE('',#5392,#5393);
#5392 = CARTESIAN_POINT('',(-0.8,-0.4,-0.8));
#5393 = VECTOR('',#5394,1.);
#5394 = DIRECTION('',(-0.,1.,0.));
#5395 = PCURVE('',#5363,#5396);
#5396 = DEFINITIONAL_REPRESENTATION('',(#5397),#5401);
#5397 = LINE('',#5398,#5399);
#5398 = CARTESIAN_POINT('',(0.,0.));
#5399 = VECTOR('',#5400,1.);
#5400 = DIRECTION('',(0.,-1.));
#5401 = ( GEOMETRIC_REPRESENTATION_CONTEXT(2) 
PARAMETRIC_REPRESENTATION_CONTEXT() REPRESENTATION_CONTEXT('2D SPACE',''
  ) );
#5402 = PCURVE('',#5403,#5408);
#5403 = PLANE('',#5404);
#5404 = AXIS2_PLACEMENT_3D('',#5405,#5406,#5407);
#5405 = CARTESIAN_POINT('',(-0.8,-0.4,-0.8));
#5406 = DIRECTION('',(0.,0.,1.));
#5407 = DIRECTION('',(1.,0.,-0.));
#5408 = DEFINITIONAL_REPRESENTATION('',(#5409),#5413);
#5409 = LINE('',#5410,#5411);
#5410 = CARTESIAN_POINT('',(0.,0.));
#5411 = VECTOR('',#5412,1.);
#5412 = DIRECTION('',(0.,1.));
#5413 = ( GEOMETRIC_REPRESENTATION_CONTEXT(2) 
PARAMETRIC_REPRESENTATION_CONTEXT() REPRESENTATION_CONTEXT('2D SPACE',''
  ) );
#5414 = ORIENTED_EDGE('',*,*,#5415,.T.);
#5415 = EDGE_CURVE('',#5388,#5416,#5418,.T.);
#5416 = VERTEX_POINT('',#5417);
#5417 = CARTESIAN_POINT('',(-0.8,0.4,0.8));
#5418 = SURFACE_CURVE('',#5419,(#5423,#5430),.PCURVE_S1.);
#5419 = LINE('',#5420,#5421);
#5420 = CARTESIAN_POINT('',(-0.8,0.4,-0.8));
#5421 = VECTOR('',#5422,1.);
#5422 = DIRECTION('',(0.,0.,1.));
#5423 = PCURVE('',#5363,#5424);
#5424 = DEFINITIONAL_REPRESENTATION('',(#5425),#5429);
#5425 = LINE('',#5426,#5427);
#5426 = CARTESIAN_POINT('',(0.,-0.8));
#5427 = VECTOR('',#5428,1.);
#5428 = DIRECTION('',(1.,0.));
#5429 = ( GEOMETRIC_REPRESENTATION_CONTEXT(2) 
PARAMETRIC_REPRESENTATION_CONTEXT() REPRESENTATION_CONTEXT('2D SPACE',''
  ) );
#5430 = PCURVE('',#5431,#5436);
#5431 = PLANE('',#5432);
#5432 = AXIS2_PLACEMENT_3D('',#5433,#5434,#5435);
#5433 = CARTESIAN_POINT('',(-0.8,0.4,-0.8));
#5434 = DIRECTION('',(-0.,1.,0.));
#5435 = DIRECTION('',(0.,0.,1.));
#5436 = DEFINITIONAL_REPRESENTATION('',(#5437),#5441);
#5437 = LINE('',#5438,#5439);
#5438 = CARTESIAN_POINT('',(0.,0.));
#5439 = VECTOR('',#5440,1.);
#5440 = DIRECTION('',(1.,0.));
#5441 = ( GEOMETRIC_REPRESENTATION_CONTEXT(2) 
PARAMETRIC_REPRESENTATION_CONTEXT() REPRESENTATION_CONTEXT('2D SPACE',''
  ) );
#5442 = ORIENTED_EDGE('',*,*,#5443,.F.);
#5443 = EDGE_CURVE('',#5355,#5416,#5444,.T.);
#5444 = SURFACE_CURVE('',#5445,(#5449,#5456),.PCURVE_S1.);
#5445 = LINE('',#5446,#5447);
#5446 = CARTESIAN_POINT('',(-0.8,-0.4,0.8));
#5447 = VECTOR('',#5448,1.);
#5448 = DIRECTION('',(-0.,1.,0.));
#5449 = PCURVE('',#5363,#5450);
#5450 = DEFINITIONAL_REPRESENTATION('',(#5451),#5455);
#5451 = LINE('',#5452,#5453);
#5452 = CARTESIAN_POINT('',(1.6,0.));
#5453 = VECTOR('',#5454,1.);
#5454 = DIRECTION('',(0.,-1.));
#5455 = ( GEOMETRIC_REPRESENTATION_CONTEXT(2) 
PARAMETRIC_REPRESENTATION_CONTEXT() REPRESENTATION_CONTEXT('2D SPACE',''
  ) );
#5456 = PCURVE('',#5457,#5462);
#5457 = PLANE('',#5458);
#5458 = AXIS2_PLACEMENT_3D('',#5459,#5460,#5461);
#5459 = CARTESIAN_POINT('',(-0.8,-0.4,0.8));
#5460 = DIRECTION('',(0.,0.,1.));
#5461 = DIRECTION('',(1.,0.,-0.));
#5462 = DEFINITIONAL_REPRESENTATION('',(#5463),#5467);
#5463 = LINE('',#5464,#5465);
#5464 = CARTESIAN_POINT('',(0.,0.));
#5465 = VECTOR('',#5466,1.);
#5466 = DIRECTION('',(0.,1.));
#5467 = ( GEOMETRIC_REPRESENTATION_CONTEXT(2) 
PARAMETRIC_REPRESENTATION_CONTEXT() REPRESENTATION_CONTEXT('2D SPACE',''
  ) );
#5468 = ADVANCED_FACE('',(#5469),#5483,.T.);
#5469 = FACE_BOUND('',#5470,.T.);
#5470 = EDGE_LOOP('',(#5471,#5501,#5524,#5547));
#5471 = ORIENTED_EDGE('',*,*,#5472,.F.);
#5472 = EDGE_CURVE('',#5473,#5475,#5477,.T.);
#5473 = VERTEX_POINT('',#5474);
#5474 = CARTESIAN_POINT('',(0.8,-0.4,-0.8));
#5475 = VERTEX_POINT('',#5476);
#5476 = CARTESIAN_POINT('',(0.8,-0.4,0.8));
#5477 = SURFACE_CURVE('',#5478,(#5482,#5494),.PCURVE_S1.);
#5478 = LINE('',#5479,#5480);
#5479 = CARTESIAN_POINT('',(0.8,-0.4,-0.8));
#5480 = VECTOR('',#5481,1.);
#5481 = DIRECTION('',(0.,0.,1.));
#5482 = PCURVE('',#5483,#5488);
#5483 = PLANE('',#5484);
#5484 = AXIS2_PLACEMENT_3D('',#5485,#5486,#5487);
#5485 = CARTESIAN_POINT('',(0.8,-0.4,-0.8));
#5486 = DIRECTION('',(1.,0.,-0.));
#5487 = DIRECTION('',(0.,0.,1.));
#5488 = DEFINITIONAL_REPRESENTATION('',(#5489),#5493);
#5489 = LINE('',#5490,#5491);
#5490 = CARTESIAN_POINT('',(0.,0.));
#5491 = VECTOR('',#5492,1.);
#5492 = DIRECTION('',(1.,0.));
#5493 = ( GEOMETRIC_REPRESENTATION_CONTEXT(2) 
PARAMETRIC_REPRESENTATION_CONTEXT() REPRESENTATION_CONTEXT('2D SPACE',''
  ) );
#5494 = PCURVE('',#5375,#5495);
#5495 = DEFINITIONAL_REPRESENTATION('',(#5496),#5500);
#5496 = LINE('',#5497,#5498);
#5497 = CARTESIAN_POINT('',(0.,1.6));
#5498 = VECTOR('',#5499,1.);
#5499 = DIRECTION('',(1.,0.));
#5500 = ( GEOMETRIC_REPRESENTATION_CONTEXT(2) 
PARAMETRIC_REPRESENTATION_CONTEXT() REPRESENTATION_CONTEXT('2D SPACE',''
  ) );
#5501 = ORIENTED_EDGE('',*,*,#5502,.T.);
#5502 = EDGE_CURVE('',#5473,#5503,#5505,.T.);
#5503 = VERTEX_POINT('',#5504);
#5504 = CARTESIAN_POINT('',(0.8,0.4,-0.8));
#5505 = SURFACE_CURVE('',#5506,(#5510,#5517),.PCURVE_S1.);
#5506 = LINE('',#5507,#5508);
#5507 = CARTESIAN_POINT('',(0.8,-0.4,-0.8));
#5508 = VECTOR('',#5509,1.);
#5509 = DIRECTION('',(-0.,1.,0.));
#5510 = PCURVE('',#5483,#5511);
#5511 = DEFINITIONAL_REPRESENTATION('',(#5512),#5516);
#5512 = LINE('',#5513,#5514);
#5513 = CARTESIAN_POINT('',(0.,0.));
#5514 = VECTOR('',#5515,1.);
#5515 = DIRECTION('',(0.,-1.));
#5516 = ( GEOMETRIC_REPRESENTATION_CONTEXT(2) 
PARAMETRIC_REPRESENTATION_CONTEXT() REPRESENTATION_CONTEXT('2D SPACE',''
  ) );
#5517 = PCURVE('',#5403,#5518);
#5518 = DEFINITIONAL_REPRESENTATION('',(#5519),#5523);
#5519 = LINE('',#5520,#5521);
#5520 = CARTESIAN_POINT('',(1.6,0.));
#5521 = VECTOR('',#5522,1.);
#5522 = DIRECTION('',(0.,1.));
#5523 = ( GEOMETRIC_REPRESENTATION_CONTEXT(2) 
PARAMETRIC_REPRESENTATION_CONTEXT() REPRESENTATION_CONTEXT('2D SPACE',''
  ) );
#5524 = ORIENTED_EDGE('',*,*,#5525,.T.);
#5525 = EDGE_CURVE('',#5503,#5526,#5528,.T.);
#5526 = VERTEX_POINT('',#5527);
#5527 = CARTESIAN_POINT('',(0.8,0.4,0.8));
#5528 = SURFACE_CURVE('',#5529,(#5533,#5540),.PCURVE_S1.);
#5529 = LINE('',#5530,#5531);
#5530 = CARTESIAN_POINT('',(0.8,0.4,-0.8));
#5531 = VECTOR('',#5532,1.);
#5532 = DIRECTION('',(0.,0.,1.));
#5533 = PCURVE('',#5483,#5534);
#5534 = DEFINITIONAL_REPRESENTATION('',(#5535),#5539);
#5535 = LINE('',#5536,#5537);
#5536 = CARTESIAN_POINT('',(0.,-0.8));
#5537 = VECTOR('',#5538,1.);
#5538 = DIRECTION('',(1.,0.));
#5539 = ( GEOMETRIC_REPRESENTATION_CONTEXT(2) 
PARAMETRIC_REPRESENTATION_CONTEXT() REPRESENTATION_CONTEXT('2D SPACE',''
  ) );
#5540 = PCURVE('',#5431,#5541);
#5541 = DEFINITIONAL_REPRESENTATION('',(#5542),#5546);
#5542 = LINE('',#5543,#5544);
#5543 = CARTESIAN_POINT('',(0.,1.6));
#5544 = VECTOR('',#5545,1.);
#5545 = DIRECTION('',(1.,0.));
#5546 = ( GEOMETRIC_REPRESENTATION_CONTEXT(2) 
PARAMETRIC_REPRESENTATION_CONTEXT() REPRESENTATION_CONTEXT('2D SPACE',''
  ) );
#5547 = ORIENTED_EDGE('',*,*,#5548,.F.);
#5548 = EDGE_CURVE('',#5475,#5526,#5549,.T.);
#5549 = SURFACE_CURVE('',#5550,(#5554,#5561),.PCURVE_S1.);
#5550 = LINE('',#5551,#5552);
#5551 = CARTESIAN_POINT('',(0.8,-0.4,0.8));
#5552 = VECTOR('',#5553,1.);
#5553 = DIRECTION('',(-0.,1.,0.));
#5554 = PCURVE('',#5483,#5555);
#5555 = DEFINITIONAL_REPRESENTATION('',(#5556),#5560);
#5556 = LINE('',#5557,#5558);
#5557 = CARTESIAN_POINT('',(1.6,0.));
#5558 = VECTOR('',#5559,1.);
#5559 = DIRECTION('',(0.,-1.));
#5560 = ( GEOMETRIC_REPRESENTATION_CONTEXT(2) 
PARAMETRIC_REPRESENTATION_CONTEXT() REPRESENTATION_CONTEXT('2D SPACE',''
  ) );
#5561 = PCURVE('',#5457,#5562);
#5562 = DEFINITIONAL_REPRESENTATION('',(#5563),#5567);
#5563 = LINE('',#5564,#5565);
#5564 = CARTESIAN_POINT('',(1.6,0.));
#5565 = VECTOR('',#5566,1.);
#5566 = DIRECTION('',(0.,1.));
#5567 = ( GEOMETRIC_REPRESENTATION_CONTEXT(2) 
PARAMETRIC_REPRESENTATION_CONTEXT() REPRESENTATION_CONTEXT('2D SPACE',''
  ) );
#5568 = ADVANCED_FACE('',(#5569),#5375,.F.);
#5569 = FACE_BOUND('',#5570,.F.);
#5570 = EDGE_LOOP('',(#5571,#5592,#5593,#5614));
#5571 = ORIENTED_EDGE('',*,*,#5572,.F.);
#5572 = EDGE_CURVE('',#5353,#5473,#5573,.T.);
#5573 = SURFACE_CURVE('',#5574,(#5578,#5585),.PCURVE_S1.);
#5574 = LINE('',#5575,#5576);
#5575 = CARTESIAN_POINT('',(-0.8,-0.4,-0.8));
#5576 = VECTOR('',#5577,1.);
#5577 = DIRECTION('',(1.,0.,-0.));
#5578 = PCURVE('',#5375,#5579);
#5579 = DEFINITIONAL_REPRESENTATION('',(#5580),#5584);
#5580 = LINE('',#5581,#5582);
#5581 = CARTESIAN_POINT('',(0.,0.));
#5582 = VECTOR('',#5583,1.);
#5583 = DIRECTION('',(0.,1.));
#5584 = ( GEOMETRIC_REPRESENTATION_CONTEXT(2) 
PARAMETRIC_REPRESENTATION_CONTEXT() REPRESENTATION_CONTEXT('2D SPACE',''
  ) );
#5585 = PCURVE('',#5403,#5586);
#5586 = DEFINITIONAL_REPRESENTATION('',(#5587),#5591);
#5587 = LINE('',#5588,#5589);
#5588 = CARTESIAN_POINT('',(0.,0.));
#5589 = VECTOR('',#5590,1.);
#5590 = DIRECTION('',(1.,0.));
#5591 = ( GEOMETRIC_REPRESENTATION_CONTEXT(2) 
PARAMETRIC_REPRESENTATION_CONTEXT() REPRESENTATION_CONTEXT('2D SPACE',''
  ) );
#5592 = ORIENTED_EDGE('',*,*,#5352,.T.);
#5593 = ORIENTED_EDGE('',*,*,#5594,.T.);
#5594 = EDGE_CURVE('',#5355,#5475,#5595,.T.);
#5595 = SURFACE_CURVE('',#5596,(#5600,#5607),.PCURVE_S1.);
#5596 = LINE('',#5597,#5598);
#5597 = CARTESIAN_POINT('',(-0.8,-0.4,0.8));
#5598 = VECTOR('',#5599,1.);
#5599 = DIRECTION('',(1.,0.,-0.));
#5600 = PCURVE('',#5375,#5601);
#5601 = DEFINITIONAL_REPRESENTATION('',(#5602),#5606);
#5602 = LINE('',#5603,#5604);
#5603 = CARTESIAN_POINT('',(1.6,0.));
#5604 = VECTOR('',#5605,1.);
#5605 = DIRECTION('',(0.,1.));
#5606 = ( GEOMETRIC_REPRESENTATION_CONTEXT(2) 
PARAMETRIC_REPRESENTATION_CONTEXT() REPRESENTATION_CONTEXT('2D SPACE',''
  ) );
#5607 = PCURVE('',#5457,#5608);
#5608 = DEFINITIONAL_REPRESENTATION('',(#5609),#5613);
#5609 = LINE('',#5610,#5611);
#5610 = CARTESIAN_POINT('',(0.,0.));
#5611 = VECTOR('',#5612,1.);
#5612 = DIRECTION('',(1.,0.));
#5613 = ( GEOMETRIC_REPRESENTATION_CONTEXT(2) 
PARAMETRIC_REPRESENTATION_CONTEXT() REPRESENTATION_CONTEXT('2D SPACE',''
  ) );
#5614 = ORIENTED_EDGE('',*,*,#5472,.F.);
#5615 = ADVANCED_FACE('',(#5616),#5431,.T.);
#5616 = FACE_BOUND('',#5617,.T.);
#5617 = EDGE_LOOP('',(#5618,#5639,#5640,#5661));
#5618 = ORIENTED_EDGE('',*,*,#5619,.F.);
#5619 = EDGE_CURVE('',#5388,#5503,#5620,.T.);
#5620 = SURFACE_CURVE('',#5621,(#5625,#5632),.PCURVE_S1.);
#5621 = LINE('',#5622,#5623);
#5622 = CARTESIAN_POINT('',(-0.8,0.4,-0.8));
#5623 = VECTOR('',#5624,1.);
#5624 = DIRECTION('',(1.,0.,-0.));
#5625 = PCURVE('',#5431,#5626);
#5626 = DEFINITIONAL_REPRESENTATION('',(#5627),#5631);
#5627 = LINE('',#5628,#5629);
#5628 = CARTESIAN_POINT('',(0.,0.));
#5629 = VECTOR('',#5630,1.);
#5630 = DIRECTION('',(0.,1.));
#5631 = ( GEOMETRIC_REPRESENTATION_CONTEXT(2) 
PARAMETRIC_REPRESENTATION_CONTEXT() REPRESENTATION_CONTEXT('2D SPACE',''
  ) );
#5632 = PCURVE('',#5403,#5633);
#5633 = DEFINITIONAL_REPRESENTATION('',(#5634),#5638);
#5634 = LINE('',#5635,#5636);
#5635 = CARTESIAN_POINT('',(0.,0.8));
#5636 = VECTOR('',#5637,1.);
#5637 = DIRECTION('',(1.,0.));
#5638 = ( GEOMETRIC_REPRESENTATION_CONTEXT(2) 
PARAMETRIC_REPRESENTATION_CONTEXT() REPRESENTATION_CONTEXT('2D SPACE',''
  ) );
#5639 = ORIENTED_EDGE('',*,*,#5415,.T.);
#5640 = ORIENTED_EDGE('',*,*,#5641,.T.);
#5641 = EDGE_CURVE('',#5416,#5526,#5642,.T.);
#5642 = SURFACE_CURVE('',#5643,(#5647,#5654),.PCURVE_S1.);
#5643 = LINE('',#5644,#5645);
#5644 = CARTESIAN_POINT('',(-0.8,0.4,0.8));
#5645 = VECTOR('',#5646,1.);
#5646 = DIRECTION('',(1.,0.,-0.));
#5647 = PCURVE('',#5431,#5648);
#5648 = DEFINITIONAL_REPRESENTATION('',(#5649),#5653);
#5649 = LINE('',#5650,#5651);
#5650 = CARTESIAN_POINT('',(1.6,0.));
#5651 = VECTOR('',#5652,1.);
#5652 = DIRECTION('',(0.,1.));
#5653 = ( GEOMETRIC_REPRESENTATION_CONTEXT(2) 
PARAMETRIC_REPRESENTATION_CONTEXT() REPRESENTATION_CONTEXT('2D SPACE',''
  ) );
#5654 = PCURVE('',#5457,#5655);
#5655 = DEFINITIONAL_REPRESENTATION('',(#5656),#5660);
#5656 = LINE('',#5657,#5658);
#5657 = CARTESIAN_POINT('',(0.,0.8));
#5658 = VECTOR('',#5659,1.);
#5659 = DIRECTION('',(1.,0.));
#5660 = ( GEOMETRIC_REPRESENTATION_CONTEXT(2) 
PARAMETRIC_REPRESENTATION_CONTEXT() REPRESENTATION_CONTEXT('2D SPACE',''
  ) );
#5661 = ORIENTED_EDGE('',*,*,#5525,.F.);
#5662 = ADVANCED_FACE('',(#5663),#5403,.F.);
#5663 = FACE_BOUND('',#5664,.F.);
#5664 = EDGE_LOOP('',(#5665,#5666,#5667,#5668));
#5665 = ORIENTED_EDGE('',*,*,#5387,.F.);
#5666 = ORIENTED_EDGE('',*,*,#5572,.T.);
#5667 = ORIENTED_EDGE('',*,*,#5502,.T.);
#5668 = ORIENTED_EDGE('',*,*,#5619,.F.);
#5669 = ADVANCED_FACE('',(#5670),#5457,.T.);
#5670 = FACE_BOUND('',#5671,.T.);
#5671 = EDGE_LOOP('',(#5672,#5673,#5674,#5675));
#5672 = ORIENTED_EDGE('',*,*,#5443,.F.);
#5673 = ORIENTED_EDGE('',*,*,#5594,.T.);
#5674 = ORIENTED_EDGE('',*,*,#5548,.T.);
#5675 = ORIENTED_EDGE('',*,*,#5641,.F.);
#5676 = ( GEOMETRIC_REPRESENTATION_CONTEXT(3) 
GLOBAL_UNCERTAINTY_ASSIGNED_CONTEXT((#5680)) 
GLOBAL_UNIT_ASSIGNED_CONTEXT((#5677,#5678,#5679)) REPRESENTATION_CONTEXT
('Context #1','3D Context with UNIT and UNCERTAINTY') );
#5677 = ( LENGTH_UNIT() NAMED_UNIT(*) SI_UNIT(.MILLI.,.METRE.) );
#5678 = ( NAMED_UNIT(*) PLANE_ANGLE_UNIT() SI_UNIT($,.RADIAN.) );
#5679 = ( NAMED_UNIT(*) SI_UNIT($,.STERADIAN.) SOLID_ANGLE_UNIT() );
#5680 = UNCERTAINTY_MEASURE_WITH_UNIT(LENGTH_MEASURE(1.E-07),#5677,
  'distance_accuracy_value','confusion accuracy');
#5681 = CONTEXT_DEPENDENT_SHAPE_REPRESENTATION(#5682,#5684);
#5682 = ( REPRESENTATION_RELATIONSHIP('','',#5345,#10) 
REPRESENTATION_RELATIONSHIP_WITH_TRANSFORMATION(#5683) 
SHAPE_REPRESENTATION_RELATIONSHIP() );
#5683 = ITEM_DEFINED_TRANSFORMATION('','',#11,#67);
#5684 = PRODUCT_DEFINITION_SHAPE('Placement','Placement of an item',
  #5685);
#5685 = NEXT_ASSEMBLY_USAGE_OCCURRENCE('859','coat.5','',#5,#5340,$);
#5686 = PRODUCT_RELATED_PRODUCT_CATEGORY('part',$,(#5342));
ENDSEC;
END-ISO-10303-21;
