ISO-10303-21;
HEADER;
FILE_DESCRIPTION(('Open CASCADE Model'),'2;1');
FILE_NAME('Open CASCADE Shape Model','2026-09-27T02:09:46',('Author'),(
    'Open CASCADE'),'Open CASCADE STEP processor 8.0','build123d',
  'Unknown');
FILE_SCHEMA(('AUTOMOTIVE_DESIGN { 1 0 10303 214 1 1 1 1 }'));
ENDSEC;
DATA;
#1 = APPLICATION_PROTOCOL_DEFINITION('international standard',
  'automotive_design',2000,#2);
#2 = APPLICATION_CONTEXT(
  'core data for automotive mechanical design processes');
#3 = SHAPE_DEFINITION_REPRESENTATION(#4,#10);
#4 = PRODUCT_DEFINITION_SHAPE('','',#5);
#5 = PRODUCT_DEFINITION('design','',#6,#9);
#6 = PRODUCT_DEFINITION_FORMATION('','',#7);
#7 = PRODUCT('COMPOUND','COMPOUND','',(#8));
#8 = PRODUCT_CONTEXT('',#2,'mechanical');
#9 = PRODUCT_DEFINITION_CONTEXT('part definition',#2,'design');
#10 = SHAPE_REPRESENTATION('',(#11,#15,#19),#23);
#11 = AXIS2_PLACEMENT_3D('',#12,#13,#14);
#12 = CARTESIAN_POINT('',(0.,0.,0.));
#13 = DIRECTION('',(0.,0.,1.));
#14 = DIRECTION('',(1.,0.,-0.));
#15 = AXIS2_PLACEMENT_3D('',#16,#17,#18);
#16 = CARTESIAN_POINT('',(0.,0.,0.));
#17 = DIRECTION('',(0.,0.,1.));
#18 = DIRECTION('',(1.,0.,-0.));
#19 = AXIS2_PLACEMENT_3D('',#20,#21,#22);
#20 = CARTESIAN_POINT('',(0.,0.,62.));
#21 = DIRECTION('',(0.,0.,1.));
#22 = DIRECTION('',(1.,0.,-0.));
#23 = ( GEOMETRIC_REPRESENTATION_CONTEXT(3) 
GLOBAL_UNCERTAINTY_ASSIGNED_CONTEXT((#27)) GLOBAL_UNIT_ASSIGNED_CONTEXT(
(#24,#25,#26)) REPRESENTATION_CONTEXT('Context #1',
  '3D Context with UNIT and UNCERTAINTY') );
#24 = ( LENGTH_UNIT() NAMED_UNIT(*) SI_UNIT(.MILLI.,.METRE.) );
#25 = ( NAMED_UNIT(*) PLANE_ANGLE_UNIT() SI_UNIT($,.RADIAN.) );
#26 = ( NAMED_UNIT(*) SI_UNIT($,.STERADIAN.) SOLID_ANGLE_UNIT() );
#27 = UNCERTAINTY_MEASURE_WITH_UNIT(LENGTH_MEASURE(1.E-07),#24,
  'distance_accuracy_value','confusion accuracy');
#28 = PRODUCT_RELATED_PRODUCT_CATEGORY('part',$,(#7));
#29 = SHAPE_DEFINITION_REPRESENTATION(#30,#36);
#30 = PRODUCT_DEFINITION_SHAPE('','',#31);
#31 = PRODUCT_DEFINITION('design','',#32,#35);
#32 = PRODUCT_DEFINITION_FORMATION('','',#33);
#33 = PRODUCT('bottom_shell','bottom_shell','',(#34));
#34 = PRODUCT_CONTEXT('',#2,'mechanical');
#35 = PRODUCT_DEFINITION_CONTEXT('part definition',#2,'design');
#36 = ADVANCED_BREP_SHAPE_REPRESENTATION('',(#11,#37),#3950);
#37 = MANIFOLD_SOLID_BREP('',#38);
#38 = CLOSED_SHELL('',(#39,#153,#233,#312,#714,#761,#812,#861,#1025,
    #1051,#1097,#1144,#1191,#1218,#1288,#1340,#1391,#1443,#1494,#1546,
    #1597,#1630,#1656,#1682,#1708,#1734,#1741,#1815,#2093,#2141,#2439,
    #2487,#2866,#2914,#3171,#3346,#3403,#3460,#3517,#3574,#3609,#3644,
    #3679,#3714,#3769,#3824,#3879,#3934,#3938,#3942,#3946));
#39 = ADVANCED_FACE('',(#40),#53,.T.);
#40 = FACE_BOUND('',#41,.T.);
#41 = EDGE_LOOP('',(#42,#74,#102,#127));
#42 = ORIENTED_EDGE('',*,*,#43,.T.);
#43 = EDGE_CURVE('',#44,#46,#48,.T.);
#44 = VERTEX_POINT('',#45);
#45 = CARTESIAN_POINT('',(-74.31471868346,-15.5,4.830162336393));
#46 = VERTEX_POINT('',#47);
#47 = CARTESIAN_POINT('',(-75.,-15.5,31.));
#48 = SURFACE_CURVE('',#49,(#52,#63),.PCURVE_S1.);
#49 = B_SPLINE_CURVE_WITH_KNOTS('',1,(#50,#51),.UNSPECIFIED.,.F.,.F.,(2,
    2),(0.,1.),.PIECEWISE_BEZIER_KNOTS.);
#50 = CARTESIAN_POINT('',(-74.18823643135,-15.5,0.));
#51 = CARTESIAN_POINT('',(-75.,-15.5,31.));
#52 = PCURVE('',#53,#58);
#53 = PLANE('',#54);
#54 = AXIS2_PLACEMENT_3D('',#55,#56,#57);
#55 = CARTESIAN_POINT('',(-75.,7.999120924724E-16,31.));
#56 = DIRECTION('',(-0.999657324976,0.,-2.617694830787E-02));
#57 = DIRECTION('',(0.,-1.,-0.));
#58 = DEFINITIONAL_REPRESENTATION('',(#59),#62);
#59 = B_SPLINE_CURVE_WITH_KNOTS('',1,(#60,#61),.UNSPECIFIED.,.F.,.F.,(2,
    2),(0.,1.),.PIECEWISE_BEZIER_KNOTS.);
#60 = CARTESIAN_POINT('',(15.5,-31.01062656721));
#61 = CARTESIAN_POINT('',(15.5,0.));
#62 = ( GEOMETRIC_REPRESENTATION_CONTEXT(2) 
PARAMETRIC_REPRESENTATION_CONTEXT() REPRESENTATION_CONTEXT('2D SPACE',''
  ) );
#63 = PCURVE('',#64,#69);
#64 = CONICAL_SURFACE('',#65,14.688236431355,2.617993877991E-02);
#65 = AXIS2_PLACEMENT_3D('',#66,#67,#68);
#66 = CARTESIAN_POINT('',(-59.5,-15.5,0.));
#67 = DIRECTION('',(-0.,-0.,1.));
#68 = DIRECTION('',(-1.,0.,0.));
#69 = DEFINITIONAL_REPRESENTATION('',(#70),#73);
#70 = B_SPLINE_CURVE_WITH_KNOTS('',1,(#71,#72),.UNSPECIFIED.,.F.,.F.,(2,
    2),(0.,1.),.PIECEWISE_BEZIER_KNOTS.);
#71 = CARTESIAN_POINT('',(0.,0.));
#72 = CARTESIAN_POINT('',(0.,31.));
#73 = ( GEOMETRIC_REPRESENTATION_CONTEXT(2) 
PARAMETRIC_REPRESENTATION_CONTEXT() REPRESENTATION_CONTEXT('2D SPACE',''
  ) );
#74 = ORIENTED_EDGE('',*,*,#75,.T.);
#75 = EDGE_CURVE('',#46,#76,#78,.T.);
#76 = VERTEX_POINT('',#77);
#77 = CARTESIAN_POINT('',(-75.,15.5,31.));
#78 = SURFACE_CURVE('',#79,(#83,#90),.PCURVE_S1.);
#79 = LINE('',#80,#81);
#80 = CARTESIAN_POINT('',(-75.,7.999120924724E-16,31.));
#81 = VECTOR('',#82,1.);
#82 = DIRECTION('',(0.,1.,0.));
#83 = PCURVE('',#53,#84);
#84 = DEFINITIONAL_REPRESENTATION('',(#85),#89);
#85 = LINE('',#86,#87);
#86 = CARTESIAN_POINT('',(0.,0.));
#87 = VECTOR('',#88,1.);
#88 = DIRECTION('',(-1.,0.));
#89 = ( GEOMETRIC_REPRESENTATION_CONTEXT(2) 
PARAMETRIC_REPRESENTATION_CONTEXT() REPRESENTATION_CONTEXT('2D SPACE',''
  ) );
#90 = PCURVE('',#91,#96);
#91 = PLANE('',#92);
#92 = AXIS2_PLACEMENT_3D('',#93,#94,#95);
#93 = CARTESIAN_POINT('',(-59.5,-15.5,31.));
#94 = DIRECTION('',(0.,0.,-1.));
#95 = DIRECTION('',(-1.,0.,0.));
#96 = DEFINITIONAL_REPRESENTATION('',(#97),#101);
#97 = LINE('',#98,#99);
#98 = CARTESIAN_POINT('',(15.5,15.5));
#99 = VECTOR('',#100,1.);
#100 = DIRECTION('',(0.,1.));
#101 = ( GEOMETRIC_REPRESENTATION_CONTEXT(2) 
PARAMETRIC_REPRESENTATION_CONTEXT() REPRESENTATION_CONTEXT('2D SPACE',''
  ) );
#102 = ORIENTED_EDGE('',*,*,#103,.F.);
#103 = EDGE_CURVE('',#104,#76,#106,.T.);
#104 = VERTEX_POINT('',#105);
#105 = CARTESIAN_POINT('',(-74.31471868346,15.5,4.830162336393));
#106 = SURFACE_CURVE('',#107,(#110,#116),.PCURVE_S1.);
#107 = B_SPLINE_CURVE_WITH_KNOTS('',1,(#108,#109),.UNSPECIFIED.,.F.,.F.,
  (2,2),(0.,1.),.PIECEWISE_BEZIER_KNOTS.);
#108 = CARTESIAN_POINT('',(-74.18823643135,15.5,0.));
#109 = CARTESIAN_POINT('',(-75.,15.5,31.));
#110 = PCURVE('',#53,#111);
#111 = DEFINITIONAL_REPRESENTATION('',(#112),#115);
#112 = B_SPLINE_CURVE_WITH_KNOTS('',1,(#113,#114),.UNSPECIFIED.,.F.,.F.,
  (2,2),(0.,1.),.PIECEWISE_BEZIER_KNOTS.);
#113 = CARTESIAN_POINT('',(-15.5,-31.01062656721));
#114 = CARTESIAN_POINT('',(-15.5,0.));
#115 = ( GEOMETRIC_REPRESENTATION_CONTEXT(2) 
PARAMETRIC_REPRESENTATION_CONTEXT() REPRESENTATION_CONTEXT('2D SPACE',''
  ) );
#116 = PCURVE('',#117,#122);
#117 = CONICAL_SURFACE('',#118,14.688236431355,2.617993877991E-02);
#118 = AXIS2_PLACEMENT_3D('',#119,#120,#121);
#119 = CARTESIAN_POINT('',(-59.5,15.5,0.));
#120 = DIRECTION('',(-0.,-0.,1.));
#121 = DIRECTION('',(-1.,0.,0.));
#122 = DEFINITIONAL_REPRESENTATION('',(#123),#126);
#123 = B_SPLINE_CURVE_WITH_KNOTS('',1,(#124,#125),.UNSPECIFIED.,.F.,.F.,
  (2,2),(0.,1.),.PIECEWISE_BEZIER_KNOTS.);
#124 = CARTESIAN_POINT('',(6.28318530718,0.));
#125 = CARTESIAN_POINT('',(6.28318530718,31.));
#126 = ( GEOMETRIC_REPRESENTATION_CONTEXT(2) 
PARAMETRIC_REPRESENTATION_CONTEXT() REPRESENTATION_CONTEXT('2D SPACE',''
  ) );
#127 = ORIENTED_EDGE('',*,*,#128,.F.);
#128 = EDGE_CURVE('',#44,#104,#129,.T.);
#129 = SURFACE_CURVE('',#130,(#134,#141),.PCURVE_S1.);
#130 = LINE('',#131,#132);
#131 = CARTESIAN_POINT('',(-74.31471868346,-15.5,4.830162336393));
#132 = VECTOR('',#133,1.);
#133 = DIRECTION('',(0.,1.,0.));
#134 = PCURVE('',#53,#135);
#135 = DEFINITIONAL_REPRESENTATION('',(#136),#140);
#136 = LINE('',#137,#138);
#137 = CARTESIAN_POINT('',(15.5,-26.17880848744));
#138 = VECTOR('',#139,1.);
#139 = DIRECTION('',(-1.,0.));
#140 = ( GEOMETRIC_REPRESENTATION_CONTEXT(2) 
PARAMETRIC_REPRESENTATION_CONTEXT() REPRESENTATION_CONTEXT('2D SPACE',''
  ) );
#141 = PCURVE('',#142,#147);
#142 = CYLINDRICAL_SURFACE('',#143,4.96);
#143 = AXIS2_PLACEMENT_3D('',#144,#145,#146);
#144 = CARTESIAN_POINT('',(-69.35641835158,-15.5,4.96));
#145 = DIRECTION('',(0.,1.,0.));
#146 = DIRECTION('',(-0.999657324976,0.,-2.617694830787E-02));
#147 = DEFINITIONAL_REPRESENTATION('',(#148),#152);
#148 = LINE('',#149,#150);
#149 = CARTESIAN_POINT('',(-0.,0.));
#150 = VECTOR('',#151,1.);
#151 = DIRECTION('',(-0.,1.));
#152 = ( GEOMETRIC_REPRESENTATION_CONTEXT(2) 
PARAMETRIC_REPRESENTATION_CONTEXT() REPRESENTATION_CONTEXT('2D SPACE',''
  ) );
#153 = ADVANCED_FACE('',(#154),#64,.T.);
#154 = FACE_BOUND('',#155,.T.);
#155 = EDGE_LOOP('',(#156,#183,#205,#206));
#156 = ORIENTED_EDGE('',*,*,#157,.T.);
#157 = EDGE_CURVE('',#158,#160,#162,.T.);
#158 = VERTEX_POINT('',#159);
#159 = CARTESIAN_POINT('',(-59.5,-30.31471868346,4.830162336393));
#160 = VERTEX_POINT('',#161);
#161 = CARTESIAN_POINT('',(-59.5,-31.,31.));
#162 = SURFACE_CURVE('',#163,(#166,#172),.PCURVE_S1.);
#163 = B_SPLINE_CURVE_WITH_KNOTS('',1,(#164,#165),.UNSPECIFIED.,.F.,.F.,
  (2,2),(0.,1.),.PIECEWISE_BEZIER_KNOTS.);
#164 = CARTESIAN_POINT('',(-59.5,-30.18823643135,0.));
#165 = CARTESIAN_POINT('',(-59.5,-31.,31.));
#166 = PCURVE('',#64,#167);
#167 = DEFINITIONAL_REPRESENTATION('',(#168),#171);
#168 = B_SPLINE_CURVE_WITH_KNOTS('',1,(#169,#170),.UNSPECIFIED.,.F.,.F.,
  (2,2),(0.,1.),.PIECEWISE_BEZIER_KNOTS.);
#169 = CARTESIAN_POINT('',(1.570796326795,0.));
#170 = CARTESIAN_POINT('',(1.570796326795,31.));
#171 = ( GEOMETRIC_REPRESENTATION_CONTEXT(2) 
PARAMETRIC_REPRESENTATION_CONTEXT() REPRESENTATION_CONTEXT('2D SPACE',''
  ) );
#172 = PCURVE('',#173,#178);
#173 = PLANE('',#174);
#174 = AXIS2_PLACEMENT_3D('',#175,#176,#177);
#175 = CARTESIAN_POINT('',(4.913024630571E-15,-31.,31.));
#176 = DIRECTION('',(0.,-0.999657324976,-2.617694830787E-02));
#177 = DIRECTION('',(1.,0.,0.));
#178 = DEFINITIONAL_REPRESENTATION('',(#179),#182);
#179 = B_SPLINE_CURVE_WITH_KNOTS('',1,(#180,#181),.UNSPECIFIED.,.F.,.F.,
  (2,2),(0.,1.),.PIECEWISE_BEZIER_KNOTS.);
#180 = CARTESIAN_POINT('',(-59.5,-31.01062656721));
#181 = CARTESIAN_POINT('',(-59.5,0.));
#182 = ( GEOMETRIC_REPRESENTATION_CONTEXT(2) 
PARAMETRIC_REPRESENTATION_CONTEXT() REPRESENTATION_CONTEXT('2D SPACE',''
  ) );
#183 = ORIENTED_EDGE('',*,*,#184,.T.);
#184 = EDGE_CURVE('',#160,#46,#185,.T.);
#185 = SURFACE_CURVE('',#186,(#191,#198),.PCURVE_S1.);
#186 = CIRCLE('',#187,15.5);
#187 = AXIS2_PLACEMENT_3D('',#188,#189,#190);
#188 = CARTESIAN_POINT('',(-59.5,-15.5,31.));
#189 = DIRECTION('',(0.,0.,-1.));
#190 = DIRECTION('',(-1.,0.,0.));
#191 = PCURVE('',#64,#192);
#192 = DEFINITIONAL_REPRESENTATION('',(#193),#197);
#193 = LINE('',#194,#195);
#194 = CARTESIAN_POINT('',(6.28318530718,31.));
#195 = VECTOR('',#196,1.);
#196 = DIRECTION('',(-1.,0.));
#197 = ( GEOMETRIC_REPRESENTATION_CONTEXT(2) 
PARAMETRIC_REPRESENTATION_CONTEXT() REPRESENTATION_CONTEXT('2D SPACE',''
  ) );
#198 = PCURVE('',#91,#199);
#199 = DEFINITIONAL_REPRESENTATION('',(#200),#204);
#200 = CIRCLE('',#201,15.5);
#201 = AXIS2_PLACEMENT_2D('',#202,#203);
#202 = CARTESIAN_POINT('',(0.,0.));
#203 = DIRECTION('',(1.,0.));
#204 = ( GEOMETRIC_REPRESENTATION_CONTEXT(2) 
PARAMETRIC_REPRESENTATION_CONTEXT() REPRESENTATION_CONTEXT('2D SPACE',''
  ) );
#205 = ORIENTED_EDGE('',*,*,#43,.F.);
#206 = ORIENTED_EDGE('',*,*,#207,.F.);
#207 = EDGE_CURVE('',#158,#44,#208,.T.);
#208 = SURFACE_CURVE('',#209,(#214,#221),.PCURVE_S1.);
#209 = CIRCLE('',#210,14.814718683462);
#210 = AXIS2_PLACEMENT_3D('',#211,#212,#213);
#211 = CARTESIAN_POINT('',(-59.5,-15.5,4.830162336393));
#212 = DIRECTION('',(0.,0.,-1.));
#213 = DIRECTION('',(0.,-1.,0.));
#214 = PCURVE('',#64,#215);
#215 = DEFINITIONAL_REPRESENTATION('',(#216),#220);
#216 = LINE('',#217,#218);
#217 = CARTESIAN_POINT('',(1.570796326795,4.830162336393));
#218 = VECTOR('',#219,1.);
#219 = DIRECTION('',(-1.,-0.));
#220 = ( GEOMETRIC_REPRESENTATION_CONTEXT(2) 
PARAMETRIC_REPRESENTATION_CONTEXT() REPRESENTATION_CONTEXT('2D SPACE',''
  ) );
#221 = PCURVE('',#222,#227);
#222 = TOROIDAL_SURFACE('',#223,9.856418351584,4.96);
#223 = AXIS2_PLACEMENT_3D('',#224,#225,#226);
#224 = CARTESIAN_POINT('',(-59.5,-15.5,4.96));
#225 = DIRECTION('',(0.,0.,-1.));
#226 = DIRECTION('',(0.,-1.,0.));
#227 = DEFINITIONAL_REPRESENTATION('',(#228),#232);
#228 = LINE('',#229,#230);
#229 = CARTESIAN_POINT('',(0.,2.617993877992E-02));
#230 = VECTOR('',#231,1.);
#231 = DIRECTION('',(1.,0.));
#232 = ( GEOMETRIC_REPRESENTATION_CONTEXT(2) 
PARAMETRIC_REPRESENTATION_CONTEXT() REPRESENTATION_CONTEXT('2D SPACE',''
  ) );
#233 = ADVANCED_FACE('',(#234),#142,.T.);
#234 = FACE_BOUND('',#235,.F.);
#235 = EDGE_LOOP('',(#236,#258,#286,#311));
#236 = ORIENTED_EDGE('',*,*,#237,.T.);
#237 = EDGE_CURVE('',#44,#238,#240,.T.);
#238 = VERTEX_POINT('',#239);
#239 = CARTESIAN_POINT('',(-69.35641835158,-15.5,-3.552713678801E-15));
#240 = SURFACE_CURVE('',#241,(#246,#252),.PCURVE_S1.);
#241 = CIRCLE('',#242,4.96);
#242 = AXIS2_PLACEMENT_3D('',#243,#244,#245);
#243 = CARTESIAN_POINT('',(-69.35641835158,-15.5,4.96));
#244 = DIRECTION('',(0.,-1.,-0.));
#245 = DIRECTION('',(-0.999657324976,0.,-2.617694830787E-02));
#246 = PCURVE('',#142,#247);
#247 = DEFINITIONAL_REPRESENTATION('',(#248),#251);
#248 = B_SPLINE_CURVE_WITH_KNOTS('',1,(#249,#250),.UNSPECIFIED.,.F.,.F.,
  (2,2),(0.,1.544616388015),.PIECEWISE_BEZIER_KNOTS.);
#249 = CARTESIAN_POINT('',(0.,1.7763568394E-15));
#250 = CARTESIAN_POINT('',(-1.544616388015,1.7763568394E-15));
#251 = ( GEOMETRIC_REPRESENTATION_CONTEXT(2) 
PARAMETRIC_REPRESENTATION_CONTEXT() REPRESENTATION_CONTEXT('2D SPACE',''
  ) );
#252 = PCURVE('',#222,#253);
#253 = DEFINITIONAL_REPRESENTATION('',(#254),#257);
#254 = B_SPLINE_CURVE_WITH_KNOTS('',1,(#255,#256),.UNSPECIFIED.,.F.,.F.,
  (2,2),(0.,1.544616388015),.PIECEWISE_BEZIER_KNOTS.);
#255 = CARTESIAN_POINT('',(1.570796326795,2.617993877992E-02));
#256 = CARTESIAN_POINT('',(1.570796326795,1.570796326795));
#257 = ( GEOMETRIC_REPRESENTATION_CONTEXT(2) 
PARAMETRIC_REPRESENTATION_CONTEXT() REPRESENTATION_CONTEXT('2D SPACE',''
  ) );
#258 = ORIENTED_EDGE('',*,*,#259,.T.);
#259 = EDGE_CURVE('',#238,#260,#262,.T.);
#260 = VERTEX_POINT('',#261);
#261 = CARTESIAN_POINT('',(-69.35641835158,15.5,-3.552713678801E-15));
#262 = SURFACE_CURVE('',#263,(#267,#274),.PCURVE_S1.);
#263 = LINE('',#264,#265);
#264 = CARTESIAN_POINT('',(-69.35641835158,-15.5,-3.552713678801E-15));
#265 = VECTOR('',#266,1.);
#266 = DIRECTION('',(0.,1.,0.));
#267 = PCURVE('',#142,#268);
#268 = DEFINITIONAL_REPRESENTATION('',(#269),#273);
#269 = LINE('',#270,#271);
#270 = CARTESIAN_POINT('',(-1.544616388015,0.));
#271 = VECTOR('',#272,1.);
#272 = DIRECTION('',(-0.,1.));
#273 = ( GEOMETRIC_REPRESENTATION_CONTEXT(2) 
PARAMETRIC_REPRESENTATION_CONTEXT() REPRESENTATION_CONTEXT('2D SPACE',''
  ) );
#274 = PCURVE('',#275,#280);
#275 = PLANE('',#276);
#276 = AXIS2_PLACEMENT_3D('',#277,#278,#279);
#277 = CARTESIAN_POINT('',(-59.5,-15.5,0.));
#278 = DIRECTION('',(0.,0.,-1.));
#279 = DIRECTION('',(-1.,0.,0.));
#280 = DEFINITIONAL_REPRESENTATION('',(#281),#285);
#281 = LINE('',#282,#283);
#282 = CARTESIAN_POINT('',(9.856418351584,-5.329070518201E-15));
#283 = VECTOR('',#284,1.);
#284 = DIRECTION('',(0.,1.));
#285 = ( GEOMETRIC_REPRESENTATION_CONTEXT(2) 
PARAMETRIC_REPRESENTATION_CONTEXT() REPRESENTATION_CONTEXT('2D SPACE',''
  ) );
#286 = ORIENTED_EDGE('',*,*,#287,.F.);
#287 = EDGE_CURVE('',#104,#260,#288,.T.);
#288 = SURFACE_CURVE('',#289,(#294,#300),.PCURVE_S1.);
#289 = CIRCLE('',#290,4.96);
#290 = AXIS2_PLACEMENT_3D('',#291,#292,#293);
#291 = CARTESIAN_POINT('',(-69.35641835158,15.5,4.96));
#292 = DIRECTION('',(0.,-1.,-0.));
#293 = DIRECTION('',(-0.999657324976,0.,-2.617694830787E-02));
#294 = PCURVE('',#142,#295);
#295 = DEFINITIONAL_REPRESENTATION('',(#296),#299);
#296 = B_SPLINE_CURVE_WITH_KNOTS('',1,(#297,#298),.UNSPECIFIED.,.F.,.F.,
  (2,2),(0.,1.544616388015),.PIECEWISE_BEZIER_KNOTS.);
#297 = CARTESIAN_POINT('',(0.,31.));
#298 = CARTESIAN_POINT('',(-1.544616388015,31.));
#299 = ( GEOMETRIC_REPRESENTATION_CONTEXT(2) 
PARAMETRIC_REPRESENTATION_CONTEXT() REPRESENTATION_CONTEXT('2D SPACE',''
  ) );
#300 = PCURVE('',#301,#306);
#301 = TOROIDAL_SURFACE('',#302,9.856418351584,4.96);
#302 = AXIS2_PLACEMENT_3D('',#303,#304,#305);
#303 = CARTESIAN_POINT('',(-59.5,15.5,4.96));
#304 = DIRECTION('',(0.,0.,-1.));
#305 = DIRECTION('',(-1.,3.628121417507E-16,0.));
#306 = DEFINITIONAL_REPRESENTATION('',(#307),#310);
#307 = B_SPLINE_CURVE_WITH_KNOTS('',1,(#308,#309),.UNSPECIFIED.,.F.,.F.,
  (2,2),(0.,1.544616388015),.PIECEWISE_BEZIER_KNOTS.);
#308 = CARTESIAN_POINT('',(0.,2.617993877992E-02));
#309 = CARTESIAN_POINT('',(0.,1.570796326795));
#310 = ( GEOMETRIC_REPRESENTATION_CONTEXT(2) 
PARAMETRIC_REPRESENTATION_CONTEXT() REPRESENTATION_CONTEXT('2D SPACE',''
  ) );
#311 = ORIENTED_EDGE('',*,*,#128,.F.);
#312 = ADVANCED_FACE('',(#313,#476),#91,.F.);
#313 = FACE_BOUND('',#314,.F.);
#314 = EDGE_LOOP('',(#315,#316,#340,#368,#397,#425,#454,#475));
#315 = ORIENTED_EDGE('',*,*,#75,.T.);
#316 = ORIENTED_EDGE('',*,*,#317,.T.);
#317 = EDGE_CURVE('',#76,#318,#320,.T.);
#318 = VERTEX_POINT('',#319);
#319 = CARTESIAN_POINT('',(-59.5,31.,31.));
#320 = SURFACE_CURVE('',#321,(#326,#333),.PCURVE_S1.);
#321 = CIRCLE('',#322,15.5);
#322 = AXIS2_PLACEMENT_3D('',#323,#324,#325);
#323 = CARTESIAN_POINT('',(-59.5,15.5,31.));
#324 = DIRECTION('',(0.,0.,-1.));
#325 = DIRECTION('',(-1.,0.,0.));
#326 = PCURVE('',#91,#327);
#327 = DEFINITIONAL_REPRESENTATION('',(#328),#332);
#328 = CIRCLE('',#329,15.5);
#329 = AXIS2_PLACEMENT_2D('',#330,#331);
#330 = CARTESIAN_POINT('',(0.,31.));
#331 = DIRECTION('',(1.,0.));
#332 = ( GEOMETRIC_REPRESENTATION_CONTEXT(2) 
PARAMETRIC_REPRESENTATION_CONTEXT() REPRESENTATION_CONTEXT('2D SPACE',''
  ) );
#333 = PCURVE('',#117,#334);
#334 = DEFINITIONAL_REPRESENTATION('',(#335),#339);
#335 = LINE('',#336,#337);
#336 = CARTESIAN_POINT('',(12.566370614359,31.));
#337 = VECTOR('',#338,1.);
#338 = DIRECTION('',(-1.,0.));
#339 = ( GEOMETRIC_REPRESENTATION_CONTEXT(2) 
PARAMETRIC_REPRESENTATION_CONTEXT() REPRESENTATION_CONTEXT('2D SPACE',''
  ) );
#340 = ORIENTED_EDGE('',*,*,#341,.T.);
#341 = EDGE_CURVE('',#318,#342,#344,.T.);
#342 = VERTEX_POINT('',#343);
#343 = CARTESIAN_POINT('',(59.5,31.,31.));
#344 = SURFACE_CURVE('',#345,(#349,#356),.PCURVE_S1.);
#345 = LINE('',#346,#347);
#346 = CARTESIAN_POINT('',(4.913024630571E-15,31.,31.));
#347 = VECTOR('',#348,1.);
#348 = DIRECTION('',(1.,0.,0.));
#349 = PCURVE('',#91,#350);
#350 = DEFINITIONAL_REPRESENTATION('',(#351),#355);
#351 = LINE('',#352,#353);
#352 = CARTESIAN_POINT('',(-59.5,46.5));
#353 = VECTOR('',#354,1.);
#354 = DIRECTION('',(-1.,0.));
#355 = ( GEOMETRIC_REPRESENTATION_CONTEXT(2) 
PARAMETRIC_REPRESENTATION_CONTEXT() REPRESENTATION_CONTEXT('2D SPACE',''
  ) );
#356 = PCURVE('',#357,#362);
#357 = PLANE('',#358);
#358 = AXIS2_PLACEMENT_3D('',#359,#360,#361);
#359 = CARTESIAN_POINT('',(4.913024630571E-15,31.,31.));
#360 = DIRECTION('',(0.,0.999657324976,-2.617694830787E-02));
#361 = DIRECTION('',(-1.,0.,-0.));
#362 = DEFINITIONAL_REPRESENTATION('',(#363),#367);
#363 = LINE('',#364,#365);
#364 = CARTESIAN_POINT('',(0.,0.));
#365 = VECTOR('',#366,1.);
#366 = DIRECTION('',(-1.,0.));
#367 = ( GEOMETRIC_REPRESENTATION_CONTEXT(2) 
PARAMETRIC_REPRESENTATION_CONTEXT() REPRESENTATION_CONTEXT('2D SPACE',''
  ) );
#368 = ORIENTED_EDGE('',*,*,#369,.T.);
#369 = EDGE_CURVE('',#342,#370,#372,.T.);
#370 = VERTEX_POINT('',#371);
#371 = CARTESIAN_POINT('',(75.,15.5,31.));
#372 = SURFACE_CURVE('',#373,(#378,#385),.PCURVE_S1.);
#373 = CIRCLE('',#374,15.5);
#374 = AXIS2_PLACEMENT_3D('',#375,#376,#377);
#375 = CARTESIAN_POINT('',(59.5,15.5,31.));
#376 = DIRECTION('',(0.,0.,-1.));
#377 = DIRECTION('',(-1.,0.,0.));
#378 = PCURVE('',#91,#379);
#379 = DEFINITIONAL_REPRESENTATION('',(#380),#384);
#380 = CIRCLE('',#381,15.5);
#381 = AXIS2_PLACEMENT_2D('',#382,#383);
#382 = CARTESIAN_POINT('',(-119.,31.));
#383 = DIRECTION('',(1.,0.));
#384 = ( GEOMETRIC_REPRESENTATION_CONTEXT(2) 
PARAMETRIC_REPRESENTATION_CONTEXT() REPRESENTATION_CONTEXT('2D SPACE',''
  ) );
#385 = PCURVE('',#386,#391);
#386 = CONICAL_SURFACE('',#387,14.688236431355,2.617993877991E-02);
#387 = AXIS2_PLACEMENT_3D('',#388,#389,#390);
#388 = CARTESIAN_POINT('',(59.5,15.5,0.));
#389 = DIRECTION('',(-0.,-0.,1.));
#390 = DIRECTION('',(-1.,0.,0.));
#391 = DEFINITIONAL_REPRESENTATION('',(#392),#396);
#392 = LINE('',#393,#394);
#393 = CARTESIAN_POINT('',(12.566370614359,31.));
#394 = VECTOR('',#395,1.);
#395 = DIRECTION('',(-1.,0.));
#396 = ( GEOMETRIC_REPRESENTATION_CONTEXT(2) 
PARAMETRIC_REPRESENTATION_CONTEXT() REPRESENTATION_CONTEXT('2D SPACE',''
  ) );
#397 = ORIENTED_EDGE('',*,*,#398,.F.);
#398 = EDGE_CURVE('',#399,#370,#401,.T.);
#399 = VERTEX_POINT('',#400);
#400 = CARTESIAN_POINT('',(75.,-15.5,31.));
#401 = SURFACE_CURVE('',#402,(#406,#413),.PCURVE_S1.);
#402 = LINE('',#403,#404);
#403 = CARTESIAN_POINT('',(75.,7.999120924724E-16,31.));
#404 = VECTOR('',#405,1.);
#405 = DIRECTION('',(0.,1.,0.));
#406 = PCURVE('',#91,#407);
#407 = DEFINITIONAL_REPRESENTATION('',(#408),#412);
#408 = LINE('',#409,#410);
#409 = CARTESIAN_POINT('',(-134.5,15.5));
#410 = VECTOR('',#411,1.);
#411 = DIRECTION('',(0.,1.));
#412 = ( GEOMETRIC_REPRESENTATION_CONTEXT(2) 
PARAMETRIC_REPRESENTATION_CONTEXT() REPRESENTATION_CONTEXT('2D SPACE',''
  ) );
#413 = PCURVE('',#414,#419);
#414 = PLANE('',#415);
#415 = AXIS2_PLACEMENT_3D('',#416,#417,#418);
#416 = CARTESIAN_POINT('',(75.,7.999120924724E-16,31.));
#417 = DIRECTION('',(0.999657324976,0.,-2.617694830787E-02));
#418 = DIRECTION('',(0.,1.,0.));
#419 = DEFINITIONAL_REPRESENTATION('',(#420),#424);
#420 = LINE('',#421,#422);
#421 = CARTESIAN_POINT('',(0.,0.));
#422 = VECTOR('',#423,1.);
#423 = DIRECTION('',(1.,0.));
#424 = ( GEOMETRIC_REPRESENTATION_CONTEXT(2) 
PARAMETRIC_REPRESENTATION_CONTEXT() REPRESENTATION_CONTEXT('2D SPACE',''
  ) );
#425 = ORIENTED_EDGE('',*,*,#426,.T.);
#426 = EDGE_CURVE('',#399,#427,#429,.T.);
#427 = VERTEX_POINT('',#428);
#428 = CARTESIAN_POINT('',(59.5,-31.,31.));
#429 = SURFACE_CURVE('',#430,(#435,#442),.PCURVE_S1.);
#430 = CIRCLE('',#431,15.5);
#431 = AXIS2_PLACEMENT_3D('',#432,#433,#434);
#432 = CARTESIAN_POINT('',(59.5,-15.5,31.));
#433 = DIRECTION('',(0.,0.,-1.));
#434 = DIRECTION('',(-1.,0.,0.));
#435 = PCURVE('',#91,#436);
#436 = DEFINITIONAL_REPRESENTATION('',(#437),#441);
#437 = CIRCLE('',#438,15.5);
#438 = AXIS2_PLACEMENT_2D('',#439,#440);
#439 = CARTESIAN_POINT('',(-119.,0.));
#440 = DIRECTION('',(1.,0.));
#441 = ( GEOMETRIC_REPRESENTATION_CONTEXT(2) 
PARAMETRIC_REPRESENTATION_CONTEXT() REPRESENTATION_CONTEXT('2D SPACE',''
  ) );
#442 = PCURVE('',#443,#448);
#443 = CONICAL_SURFACE('',#444,14.688236431355,2.617993877991E-02);
#444 = AXIS2_PLACEMENT_3D('',#445,#446,#447);
#445 = CARTESIAN_POINT('',(59.5,-15.5,0.));
#446 = DIRECTION('',(-0.,-0.,1.));
#447 = DIRECTION('',(-1.,0.,0.));
#448 = DEFINITIONAL_REPRESENTATION('',(#449),#453);
#449 = LINE('',#450,#451);
#450 = CARTESIAN_POINT('',(6.28318530718,31.));
#451 = VECTOR('',#452,1.);
#452 = DIRECTION('',(-1.,0.));
#453 = ( GEOMETRIC_REPRESENTATION_CONTEXT(2) 
PARAMETRIC_REPRESENTATION_CONTEXT() REPRESENTATION_CONTEXT('2D SPACE',''
  ) );
#454 = ORIENTED_EDGE('',*,*,#455,.F.);
#455 = EDGE_CURVE('',#160,#427,#456,.T.);
#456 = SURFACE_CURVE('',#457,(#461,#468),.PCURVE_S1.);
#457 = LINE('',#458,#459);
#458 = CARTESIAN_POINT('',(4.913024630571E-15,-31.,31.));
#459 = VECTOR('',#460,1.);
#460 = DIRECTION('',(1.,0.,0.));
#461 = PCURVE('',#91,#462);
#462 = DEFINITIONAL_REPRESENTATION('',(#463),#467);
#463 = LINE('',#464,#465);
#464 = CARTESIAN_POINT('',(-59.5,-15.5));
#465 = VECTOR('',#466,1.);
#466 = DIRECTION('',(-1.,0.));
#467 = ( GEOMETRIC_REPRESENTATION_CONTEXT(2) 
PARAMETRIC_REPRESENTATION_CONTEXT() REPRESENTATION_CONTEXT('2D SPACE',''
  ) );
#468 = PCURVE('',#173,#469);
#469 = DEFINITIONAL_REPRESENTATION('',(#470),#474);
#470 = LINE('',#471,#472);
#471 = CARTESIAN_POINT('',(0.,0.));
#472 = VECTOR('',#473,1.);
#473 = DIRECTION('',(1.,0.));
#474 = ( GEOMETRIC_REPRESENTATION_CONTEXT(2) 
PARAMETRIC_REPRESENTATION_CONTEXT() REPRESENTATION_CONTEXT('2D SPACE',''
  ) );
#475 = ORIENTED_EDGE('',*,*,#184,.T.);
#476 = FACE_BOUND('',#477,.F.);
#477 = EDGE_LOOP('',(#478,#506,#539,#565,#598,#624,#657,#683));
#478 = ORIENTED_EDGE('',*,*,#479,.F.);
#479 = EDGE_CURVE('',#480,#482,#484,.T.);
#480 = VERTEX_POINT('',#481);
#481 = CARTESIAN_POINT('',(-72.79924585652,-15.5,31.));
#482 = VERTEX_POINT('',#483);
#483 = CARTESIAN_POINT('',(-72.79924585652,15.5,31.));
#484 = SURFACE_CURVE('',#485,(#489,#495),.PCURVE_S1.);
#485 = LINE('',#486,#487);
#486 = CARTESIAN_POINT('',(-72.79924585652,-7.75,31.));
#487 = VECTOR('',#488,1.);
#488 = DIRECTION('',(0.,1.,0.));
#489 = PCURVE('',#91,#490);
#490 = DEFINITIONAL_REPRESENTATION('',(#491),#494);
#491 = B_SPLINE_CURVE_WITH_KNOTS('',1,(#492,#493),.UNSPECIFIED.,.F.,.F.,
  (2,2),(-7.75,23.25),.PIECEWISE_BEZIER_KNOTS.);
#492 = CARTESIAN_POINT('',(13.29924585652,-8.881784197001E-16));
#493 = CARTESIAN_POINT('',(13.29924585652,31.));
#494 = ( GEOMETRIC_REPRESENTATION_CONTEXT(2) 
PARAMETRIC_REPRESENTATION_CONTEXT() REPRESENTATION_CONTEXT('2D SPACE',''
  ) );
#495 = PCURVE('',#496,#501);
#496 = PLANE('',#497);
#497 = AXIS2_PLACEMENT_3D('',#498,#499,#500);
#498 = CARTESIAN_POINT('',(-72.82543177808,-9.317074375842E-16,32.));
#499 = DIRECTION('',(-0.999657324976,0.,-2.617694830787E-02));
#500 = DIRECTION('',(0.,-1.,-0.));
#501 = DEFINITIONAL_REPRESENTATION('',(#502),#505);
#502 = B_SPLINE_CURVE_WITH_KNOTS('',1,(#503,#504),.UNSPECIFIED.,.F.,.F.,
  (2,2),(-7.75,23.25),.PIECEWISE_BEZIER_KNOTS.);
#503 = CARTESIAN_POINT('',(15.5,-1.000342792491));
#504 = CARTESIAN_POINT('',(-15.5,-1.000342792491));
#505 = ( GEOMETRIC_REPRESENTATION_CONTEXT(2) 
PARAMETRIC_REPRESENTATION_CONTEXT() REPRESENTATION_CONTEXT('2D SPACE',''
  ) );
#506 = ORIENTED_EDGE('',*,*,#507,.T.);
#507 = EDGE_CURVE('',#480,#508,#510,.T.);
#508 = VERTEX_POINT('',#509);
#509 = CARTESIAN_POINT('',(-59.5,-28.79924585652,31.));
#510 = SURFACE_CURVE('',#511,(#516,#527),.PCURVE_S1.);
#511 = CIRCLE('',#512,13.29924585652);
#512 = AXIS2_PLACEMENT_3D('',#513,#514,#515);
#513 = CARTESIAN_POINT('',(-59.5,-15.5,31.));
#514 = DIRECTION('',(0.,-0.,1.));
#515 = DIRECTION('',(-1.,0.,0.));
#516 = PCURVE('',#91,#517);
#517 = DEFINITIONAL_REPRESENTATION('',(#518),#526);
#518 = ( BOUNDED_CURVE() B_SPLINE_CURVE(2,(#519,#520,#521,#522,#523,#524
,#525),.UNSPECIFIED.,.T.,.F.) B_SPLINE_CURVE_WITH_KNOTS((1,2,2,2,2,1),(
    -2.094395102393,0.,2.094395102393,4.188790204786,6.28318530718,
8.377580409573),.UNSPECIFIED.) CURVE() GEOMETRIC_REPRESENTATION_ITEM() 
RATIONAL_B_SPLINE_CURVE((1.,0.5,1.,0.5,1.,0.5,1.)) REPRESENTATION_ITEM(
  '') );
#519 = CARTESIAN_POINT('',(13.29924585652,1.7763568394E-15));
#520 = CARTESIAN_POINT('',(13.29924585652,-23.03496952584));
#521 = CARTESIAN_POINT('',(-6.64962292826,-11.51748476292));
#522 = CARTESIAN_POINT('',(-26.59849171304,-1.481018934452E-15));
#523 = CARTESIAN_POINT('',(-6.64962292826,11.517484762921));
#524 = CARTESIAN_POINT('',(13.29924585652,23.034969525843));
#525 = CARTESIAN_POINT('',(13.29924585652,1.7763568394E-15));
#526 = ( GEOMETRIC_REPRESENTATION_CONTEXT(2) 
PARAMETRIC_REPRESENTATION_CONTEXT() REPRESENTATION_CONTEXT('2D SPACE',''
  ) );
#527 = PCURVE('',#528,#533);
#528 = CONICAL_SURFACE('',#529,12.545091315328,2.617993877992E-02);
#529 = AXIS2_PLACEMENT_3D('',#530,#531,#532);
#530 = CARTESIAN_POINT('',(-59.5,-15.5,2.2));
#531 = DIRECTION('',(-0.,-0.,1.));
#532 = DIRECTION('',(-1.,0.,0.));
#533 = DEFINITIONAL_REPRESENTATION('',(#534),#538);
#534 = LINE('',#535,#536);
#535 = CARTESIAN_POINT('',(0.,28.8));
#536 = VECTOR('',#537,1.);
#537 = DIRECTION('',(1.,0.));
#538 = ( GEOMETRIC_REPRESENTATION_CONTEXT(2) 
PARAMETRIC_REPRESENTATION_CONTEXT() REPRESENTATION_CONTEXT('2D SPACE',''
  ) );
#539 = ORIENTED_EDGE('',*,*,#540,.F.);
#540 = EDGE_CURVE('',#541,#508,#543,.T.);
#541 = VERTEX_POINT('',#542);
#542 = CARTESIAN_POINT('',(59.5,-28.79924585652,31.));
#543 = SURFACE_CURVE('',#544,(#548,#554),.PCURVE_S1.);
#544 = LINE('',#545,#546);
#545 = CARTESIAN_POINT('',(-29.75,-28.79924585652,31.));
#546 = VECTOR('',#547,1.);
#547 = DIRECTION('',(-1.,0.,-0.));
#548 = PCURVE('',#91,#549);
#549 = DEFINITIONAL_REPRESENTATION('',(#550),#553);
#550 = B_SPLINE_CURVE_WITH_KNOTS('',1,(#551,#552),.UNSPECIFIED.,.F.,.F.,
  (2,2),(-89.25,29.75),.PIECEWISE_BEZIER_KNOTS.);
#551 = CARTESIAN_POINT('',(-119.,-13.29924585652));
#552 = CARTESIAN_POINT('',(-7.105427357601E-15,-13.29924585652));
#553 = ( GEOMETRIC_REPRESENTATION_CONTEXT(2) 
PARAMETRIC_REPRESENTATION_CONTEXT() REPRESENTATION_CONTEXT('2D SPACE',''
  ) );
#554 = PCURVE('',#555,#560);
#555 = PLANE('',#556);
#556 = AXIS2_PLACEMENT_3D('',#557,#558,#559);
#557 = CARTESIAN_POINT('',(2.861144228329E-16,-28.82543177808,32.));
#558 = DIRECTION('',(0.,-0.999657324976,-2.617694830787E-02));
#559 = DIRECTION('',(1.,0.,0.));
#560 = DEFINITIONAL_REPRESENTATION('',(#561),#564);
#561 = B_SPLINE_CURVE_WITH_KNOTS('',1,(#562,#563),.UNSPECIFIED.,.F.,.F.,
  (2,2),(-89.25,29.75),.PIECEWISE_BEZIER_KNOTS.);
#562 = CARTESIAN_POINT('',(59.5,-1.000342792491));
#563 = CARTESIAN_POINT('',(-59.5,-1.000342792491));
#564 = ( GEOMETRIC_REPRESENTATION_CONTEXT(2) 
PARAMETRIC_REPRESENTATION_CONTEXT() REPRESENTATION_CONTEXT('2D SPACE',''
  ) );
#565 = ORIENTED_EDGE('',*,*,#566,.T.);
#566 = EDGE_CURVE('',#541,#567,#569,.T.);
#567 = VERTEX_POINT('',#568);
#568 = CARTESIAN_POINT('',(72.79924585652,-15.5,31.));
#569 = SURFACE_CURVE('',#570,(#575,#586),.PCURVE_S1.);
#570 = CIRCLE('',#571,13.29924585652);
#571 = AXIS2_PLACEMENT_3D('',#572,#573,#574);
#572 = CARTESIAN_POINT('',(59.5,-15.5,31.));
#573 = DIRECTION('',(0.,-0.,1.));
#574 = DIRECTION('',(-1.,0.,0.));
#575 = PCURVE('',#91,#576);
#576 = DEFINITIONAL_REPRESENTATION('',(#577),#585);
#577 = ( BOUNDED_CURVE() B_SPLINE_CURVE(2,(#578,#579,#580,#581,#582,#583
,#584),.UNSPECIFIED.,.T.,.F.) B_SPLINE_CURVE_WITH_KNOTS((1,2,2,2,2,1),(
    -2.094395102393,0.,2.094395102393,4.188790204786,6.28318530718,
8.377580409573),.UNSPECIFIED.) CURVE() GEOMETRIC_REPRESENTATION_ITEM() 
RATIONAL_B_SPLINE_CURVE((1.,0.5,1.,0.5,1.,0.5,1.)) REPRESENTATION_ITEM(
  '') );
#578 = CARTESIAN_POINT('',(-105.7007541434,1.7763568394E-15));
#579 = CARTESIAN_POINT('',(-105.7007541434,-23.03496952584));
#580 = CARTESIAN_POINT('',(-125.6496229282,-11.51748476292));
#581 = CARTESIAN_POINT('',(-145.598491713,-1.481018934452E-15));
#582 = CARTESIAN_POINT('',(-125.6496229282,11.517484762921));
#583 = CARTESIAN_POINT('',(-105.7007541434,23.034969525843));
#584 = CARTESIAN_POINT('',(-105.7007541434,1.7763568394E-15));
#585 = ( GEOMETRIC_REPRESENTATION_CONTEXT(2) 
PARAMETRIC_REPRESENTATION_CONTEXT() REPRESENTATION_CONTEXT('2D SPACE',''
  ) );
#586 = PCURVE('',#587,#592);
#587 = CONICAL_SURFACE('',#588,12.545091315328,2.617993877992E-02);
#588 = AXIS2_PLACEMENT_3D('',#589,#590,#591);
#589 = CARTESIAN_POINT('',(59.5,-15.5,2.2));
#590 = DIRECTION('',(-0.,-0.,1.));
#591 = DIRECTION('',(-1.,0.,0.));
#592 = DEFINITIONAL_REPRESENTATION('',(#593),#597);
#593 = LINE('',#594,#595);
#594 = CARTESIAN_POINT('',(0.,28.8));
#595 = VECTOR('',#596,1.);
#596 = DIRECTION('',(1.,0.));
#597 = ( GEOMETRIC_REPRESENTATION_CONTEXT(2) 
PARAMETRIC_REPRESENTATION_CONTEXT() REPRESENTATION_CONTEXT('2D SPACE',''
  ) );
#598 = ORIENTED_EDGE('',*,*,#599,.F.);
#599 = EDGE_CURVE('',#600,#567,#602,.T.);
#600 = VERTEX_POINT('',#601);
#601 = CARTESIAN_POINT('',(72.79924585652,15.5,31.));
#602 = SURFACE_CURVE('',#603,(#607,#613),.PCURVE_S1.);
#603 = LINE('',#604,#605);
#604 = CARTESIAN_POINT('',(72.79924585652,-7.75,31.));
#605 = VECTOR('',#606,1.);
#606 = DIRECTION('',(0.,-1.,0.));
#607 = PCURVE('',#91,#608);
#608 = DEFINITIONAL_REPRESENTATION('',(#609),#612);
#609 = B_SPLINE_CURVE_WITH_KNOTS('',1,(#610,#611),.UNSPECIFIED.,.F.,.F.,
  (2,2),(-23.25,7.75),.PIECEWISE_BEZIER_KNOTS.);
#610 = CARTESIAN_POINT('',(-132.2992458565,31.));
#611 = CARTESIAN_POINT('',(-132.2992458565,2.6645352591E-15));
#612 = ( GEOMETRIC_REPRESENTATION_CONTEXT(2) 
PARAMETRIC_REPRESENTATION_CONTEXT() REPRESENTATION_CONTEXT('2D SPACE',''
  ) );
#613 = PCURVE('',#614,#619);
#614 = PLANE('',#615);
#615 = AXIS2_PLACEMENT_3D('',#616,#617,#618);
#616 = CARTESIAN_POINT('',(72.825431778089,-9.317074375842E-16,32.));
#617 = DIRECTION('',(0.999657324976,0.,-2.617694830787E-02));
#618 = DIRECTION('',(0.,1.,0.));
#619 = DEFINITIONAL_REPRESENTATION('',(#620),#623);
#620 = B_SPLINE_CURVE_WITH_KNOTS('',1,(#621,#622),.UNSPECIFIED.,.F.,.F.,
  (2,2),(-23.25,7.75),.PIECEWISE_BEZIER_KNOTS.);
#621 = CARTESIAN_POINT('',(15.5,-1.000342792491));
#622 = CARTESIAN_POINT('',(-15.5,-1.000342792491));
#623 = ( GEOMETRIC_REPRESENTATION_CONTEXT(2) 
PARAMETRIC_REPRESENTATION_CONTEXT() REPRESENTATION_CONTEXT('2D SPACE',''
  ) );
#624 = ORIENTED_EDGE('',*,*,#625,.T.);
#625 = EDGE_CURVE('',#600,#626,#628,.T.);
#626 = VERTEX_POINT('',#627);
#627 = CARTESIAN_POINT('',(59.5,28.79924585652,31.));
#628 = SURFACE_CURVE('',#629,(#634,#645),.PCURVE_S1.);
#629 = CIRCLE('',#630,13.29924585652);
#630 = AXIS2_PLACEMENT_3D('',#631,#632,#633);
#631 = CARTESIAN_POINT('',(59.5,15.5,31.));
#632 = DIRECTION('',(0.,-0.,1.));
#633 = DIRECTION('',(-1.,0.,0.));
#634 = PCURVE('',#91,#635);
#635 = DEFINITIONAL_REPRESENTATION('',(#636),#644);
#636 = ( BOUNDED_CURVE() B_SPLINE_CURVE(2,(#637,#638,#639,#640,#641,#642
,#643),.UNSPECIFIED.,.T.,.F.) B_SPLINE_CURVE_WITH_KNOTS((1,2,2,2,2,1),(
    -2.094395102393,0.,2.094395102393,4.188790204786,6.28318530718,
8.377580409573),.UNSPECIFIED.) CURVE() GEOMETRIC_REPRESENTATION_ITEM() 
RATIONAL_B_SPLINE_CURVE((1.,0.5,1.,0.5,1.,0.5,1.)) REPRESENTATION_ITEM(
  '') );
#637 = CARTESIAN_POINT('',(-105.7007541434,31.));
#638 = CARTESIAN_POINT('',(-105.7007541434,7.965030474157));
#639 = CARTESIAN_POINT('',(-125.6496229282,19.482515237079));
#640 = CARTESIAN_POINT('',(-145.598491713,31.));
#641 = CARTESIAN_POINT('',(-125.6496229282,42.517484762921));
#642 = CARTESIAN_POINT('',(-105.7007541434,54.034969525843));
#643 = CARTESIAN_POINT('',(-105.7007541434,31.));
#644 = ( GEOMETRIC_REPRESENTATION_CONTEXT(2) 
PARAMETRIC_REPRESENTATION_CONTEXT() REPRESENTATION_CONTEXT('2D SPACE',''
  ) );
#645 = PCURVE('',#646,#651);
#646 = CONICAL_SURFACE('',#647,12.545091315328,2.617993877992E-02);
#647 = AXIS2_PLACEMENT_3D('',#648,#649,#650);
#648 = CARTESIAN_POINT('',(59.5,15.5,2.2));
#649 = DIRECTION('',(-0.,-0.,1.));
#650 = DIRECTION('',(-1.,0.,0.));
#651 = DEFINITIONAL_REPRESENTATION('',(#652),#656);
#652 = LINE('',#653,#654);
#653 = CARTESIAN_POINT('',(0.,28.8));
#654 = VECTOR('',#655,1.);
#655 = DIRECTION('',(1.,0.));
#656 = ( GEOMETRIC_REPRESENTATION_CONTEXT(2) 
PARAMETRIC_REPRESENTATION_CONTEXT() REPRESENTATION_CONTEXT('2D SPACE',''
  ) );
#657 = ORIENTED_EDGE('',*,*,#658,.F.);
#658 = EDGE_CURVE('',#659,#626,#661,.T.);
#659 = VERTEX_POINT('',#660);
#660 = CARTESIAN_POINT('',(-59.5,28.79924585652,31.));
#661 = SURFACE_CURVE('',#662,(#666,#672),.PCURVE_S1.);
#662 = LINE('',#663,#664);
#663 = CARTESIAN_POINT('',(-29.75,28.79924585652,31.));
#664 = VECTOR('',#665,1.);
#665 = DIRECTION('',(1.,0.,0.));
#666 = PCURVE('',#91,#667);
#667 = DEFINITIONAL_REPRESENTATION('',(#668),#671);
#668 = B_SPLINE_CURVE_WITH_KNOTS('',1,(#669,#670),.UNSPECIFIED.,.F.,.F.,
  (2,2),(-29.75,89.25),.PIECEWISE_BEZIER_KNOTS.);
#669 = CARTESIAN_POINT('',(0.,44.29924585652));
#670 = CARTESIAN_POINT('',(-119.,44.29924585652));
#671 = ( GEOMETRIC_REPRESENTATION_CONTEXT(2) 
PARAMETRIC_REPRESENTATION_CONTEXT() REPRESENTATION_CONTEXT('2D SPACE',''
  ) );
#672 = PCURVE('',#673,#678);
#673 = PLANE('',#674);
#674 = AXIS2_PLACEMENT_3D('',#675,#676,#677);
#675 = CARTESIAN_POINT('',(2.861144228329E-16,28.825431778089,32.));
#676 = DIRECTION('',(0.,0.999657324976,-2.617694830787E-02));
#677 = DIRECTION('',(-1.,0.,-0.));
#678 = DEFINITIONAL_REPRESENTATION('',(#679),#682);
#679 = B_SPLINE_CURVE_WITH_KNOTS('',1,(#680,#681),.UNSPECIFIED.,.F.,.F.,
  (2,2),(-29.75,89.25),.PIECEWISE_BEZIER_KNOTS.);
#680 = CARTESIAN_POINT('',(59.5,-1.000342792491));
#681 = CARTESIAN_POINT('',(-59.5,-1.000342792491));
#682 = ( GEOMETRIC_REPRESENTATION_CONTEXT(2) 
PARAMETRIC_REPRESENTATION_CONTEXT() REPRESENTATION_CONTEXT('2D SPACE',''
  ) );
#683 = ORIENTED_EDGE('',*,*,#684,.T.);
#684 = EDGE_CURVE('',#659,#482,#685,.T.);
#685 = SURFACE_CURVE('',#686,(#691,#702),.PCURVE_S1.);
#686 = CIRCLE('',#687,13.29924585652);
#687 = AXIS2_PLACEMENT_3D('',#688,#689,#690);
#688 = CARTESIAN_POINT('',(-59.5,15.5,31.));
#689 = DIRECTION('',(0.,-0.,1.));
#690 = DIRECTION('',(-1.,0.,0.));
#691 = PCURVE('',#91,#692);
#692 = DEFINITIONAL_REPRESENTATION('',(#693),#701);
#693 = ( BOUNDED_CURVE() B_SPLINE_CURVE(2,(#694,#695,#696,#697,#698,#699
,#700),.UNSPECIFIED.,.T.,.F.) B_SPLINE_CURVE_WITH_KNOTS((1,2,2,2,2,1),(
    -2.094395102393,0.,2.094395102393,4.188790204786,6.28318530718,
8.377580409573),.UNSPECIFIED.) CURVE() GEOMETRIC_REPRESENTATION_ITEM() 
RATIONAL_B_SPLINE_CURVE((1.,0.5,1.,0.5,1.,0.5,1.)) REPRESENTATION_ITEM(
  '') );
#694 = CARTESIAN_POINT('',(13.29924585652,31.));
#695 = CARTESIAN_POINT('',(13.29924585652,7.965030474157));
#696 = CARTESIAN_POINT('',(-6.64962292826,19.482515237079));
#697 = CARTESIAN_POINT('',(-26.59849171304,31.));
#698 = CARTESIAN_POINT('',(-6.64962292826,42.517484762921));
#699 = CARTESIAN_POINT('',(13.29924585652,54.034969525843));
#700 = CARTESIAN_POINT('',(13.29924585652,31.));
#701 = ( GEOMETRIC_REPRESENTATION_CONTEXT(2) 
PARAMETRIC_REPRESENTATION_CONTEXT() REPRESENTATION_CONTEXT('2D SPACE',''
  ) );
#702 = PCURVE('',#703,#708);
#703 = CONICAL_SURFACE('',#704,12.545091315328,2.617993877992E-02);
#704 = AXIS2_PLACEMENT_3D('',#705,#706,#707);
#705 = CARTESIAN_POINT('',(-59.5,15.5,2.2));
#706 = DIRECTION('',(-0.,-0.,1.));
#707 = DIRECTION('',(-1.,0.,0.));
#708 = DEFINITIONAL_REPRESENTATION('',(#709),#713);
#709 = LINE('',#710,#711);
#710 = CARTESIAN_POINT('',(0.,28.8));
#711 = VECTOR('',#712,1.);
#712 = DIRECTION('',(1.,0.));
#713 = ( GEOMETRIC_REPRESENTATION_CONTEXT(2) 
PARAMETRIC_REPRESENTATION_CONTEXT() REPRESENTATION_CONTEXT('2D SPACE',''
  ) );
#714 = ADVANCED_FACE('',(#715),#117,.T.);
#715 = FACE_BOUND('',#716,.T.);
#716 = EDGE_LOOP('',(#717,#718,#719,#739));
#717 = ORIENTED_EDGE('',*,*,#103,.T.);
#718 = ORIENTED_EDGE('',*,*,#317,.T.);
#719 = ORIENTED_EDGE('',*,*,#720,.F.);
#720 = EDGE_CURVE('',#721,#318,#723,.T.);
#721 = VERTEX_POINT('',#722);
#722 = CARTESIAN_POINT('',(-59.5,30.314718683462,4.830162336393));
#723 = SURFACE_CURVE('',#724,(#727,#733),.PCURVE_S1.);
#724 = B_SPLINE_CURVE_WITH_KNOTS('',1,(#725,#726),.UNSPECIFIED.,.F.,.F.,
  (2,2),(0.,1.),.PIECEWISE_BEZIER_KNOTS.);
#725 = CARTESIAN_POINT('',(-59.5,30.188236431355,0.));
#726 = CARTESIAN_POINT('',(-59.5,31.,31.));
#727 = PCURVE('',#117,#728);
#728 = DEFINITIONAL_REPRESENTATION('',(#729),#732);
#729 = B_SPLINE_CURVE_WITH_KNOTS('',1,(#730,#731),.UNSPECIFIED.,.F.,.F.,
  (2,2),(0.,1.),.PIECEWISE_BEZIER_KNOTS.);
#730 = CARTESIAN_POINT('',(4.712388980385,0.));
#731 = CARTESIAN_POINT('',(4.712388980385,31.));
#732 = ( GEOMETRIC_REPRESENTATION_CONTEXT(2) 
PARAMETRIC_REPRESENTATION_CONTEXT() REPRESENTATION_CONTEXT('2D SPACE',''
  ) );
#733 = PCURVE('',#357,#734);
#734 = DEFINITIONAL_REPRESENTATION('',(#735),#738);
#735 = B_SPLINE_CURVE_WITH_KNOTS('',1,(#736,#737),.UNSPECIFIED.,.F.,.F.,
  (2,2),(0.,1.),.PIECEWISE_BEZIER_KNOTS.);
#736 = CARTESIAN_POINT('',(59.5,-31.01062656721));
#737 = CARTESIAN_POINT('',(59.5,0.));
#738 = ( GEOMETRIC_REPRESENTATION_CONTEXT(2) 
PARAMETRIC_REPRESENTATION_CONTEXT() REPRESENTATION_CONTEXT('2D SPACE',''
  ) );
#739 = ORIENTED_EDGE('',*,*,#740,.F.);
#740 = EDGE_CURVE('',#104,#721,#741,.T.);
#741 = SURFACE_CURVE('',#742,(#747,#754),.PCURVE_S1.);
#742 = CIRCLE('',#743,14.814718683462);
#743 = AXIS2_PLACEMENT_3D('',#744,#745,#746);
#744 = CARTESIAN_POINT('',(-59.5,15.5,4.830162336393));
#745 = DIRECTION('',(0.,0.,-1.));
#746 = DIRECTION('',(-1.,3.628121417507E-16,0.));
#747 = PCURVE('',#117,#748);
#748 = DEFINITIONAL_REPRESENTATION('',(#749),#753);
#749 = LINE('',#750,#751);
#750 = CARTESIAN_POINT('',(6.28318530718,4.830162336393));
#751 = VECTOR('',#752,1.);
#752 = DIRECTION('',(-1.,-0.));
#753 = ( GEOMETRIC_REPRESENTATION_CONTEXT(2) 
PARAMETRIC_REPRESENTATION_CONTEXT() REPRESENTATION_CONTEXT('2D SPACE',''
  ) );
#754 = PCURVE('',#301,#755);
#755 = DEFINITIONAL_REPRESENTATION('',(#756),#760);
#756 = LINE('',#757,#758);
#757 = CARTESIAN_POINT('',(0.,2.617993877992E-02));
#758 = VECTOR('',#759,1.);
#759 = DIRECTION('',(1.,0.));
#760 = ( GEOMETRIC_REPRESENTATION_CONTEXT(2) 
PARAMETRIC_REPRESENTATION_CONTEXT() REPRESENTATION_CONTEXT('2D SPACE',''
  ) );
#761 = ADVANCED_FACE('',(#762),#173,.T.);
#762 = FACE_BOUND('',#763,.T.);
#763 = EDGE_LOOP('',(#764,#784,#785,#786));
#764 = ORIENTED_EDGE('',*,*,#765,.T.);
#765 = EDGE_CURVE('',#766,#427,#768,.T.);
#766 = VERTEX_POINT('',#767);
#767 = CARTESIAN_POINT('',(59.5,-30.31471868346,4.830162336393));
#768 = SURFACE_CURVE('',#769,(#772,#778),.PCURVE_S1.);
#769 = B_SPLINE_CURVE_WITH_KNOTS('',1,(#770,#771),.UNSPECIFIED.,.F.,.F.,
  (2,2),(0.,1.),.PIECEWISE_BEZIER_KNOTS.);
#770 = CARTESIAN_POINT('',(59.5,-30.18823643135,0.));
#771 = CARTESIAN_POINT('',(59.5,-31.,31.));
#772 = PCURVE('',#173,#773);
#773 = DEFINITIONAL_REPRESENTATION('',(#774),#777);
#774 = B_SPLINE_CURVE_WITH_KNOTS('',1,(#775,#776),.UNSPECIFIED.,.F.,.F.,
  (2,2),(0.,1.),.PIECEWISE_BEZIER_KNOTS.);
#775 = CARTESIAN_POINT('',(59.5,-31.01062656721));
#776 = CARTESIAN_POINT('',(59.5,0.));
#777 = ( GEOMETRIC_REPRESENTATION_CONTEXT(2) 
PARAMETRIC_REPRESENTATION_CONTEXT() REPRESENTATION_CONTEXT('2D SPACE',''
  ) );
#778 = PCURVE('',#443,#779);
#779 = DEFINITIONAL_REPRESENTATION('',(#780),#783);
#780 = B_SPLINE_CURVE_WITH_KNOTS('',1,(#781,#782),.UNSPECIFIED.,.F.,.F.,
  (2,2),(0.,1.),.PIECEWISE_BEZIER_KNOTS.);
#781 = CARTESIAN_POINT('',(1.570796326795,0.));
#782 = CARTESIAN_POINT('',(1.570796326795,31.));
#783 = ( GEOMETRIC_REPRESENTATION_CONTEXT(2) 
PARAMETRIC_REPRESENTATION_CONTEXT() REPRESENTATION_CONTEXT('2D SPACE',''
  ) );
#784 = ORIENTED_EDGE('',*,*,#455,.F.);
#785 = ORIENTED_EDGE('',*,*,#157,.F.);
#786 = ORIENTED_EDGE('',*,*,#787,.F.);
#787 = EDGE_CURVE('',#766,#158,#788,.T.);
#788 = SURFACE_CURVE('',#789,(#793,#800),.PCURVE_S1.);
#789 = LINE('',#790,#791);
#790 = CARTESIAN_POINT('',(59.5,-30.31471868346,4.830162336393));
#791 = VECTOR('',#792,1.);
#792 = DIRECTION('',(-1.,-0.,-0.));
#793 = PCURVE('',#173,#794);
#794 = DEFINITIONAL_REPRESENTATION('',(#795),#799);
#795 = LINE('',#796,#797);
#796 = CARTESIAN_POINT('',(59.5,-26.17880848744));
#797 = VECTOR('',#798,1.);
#798 = DIRECTION('',(-1.,0.));
#799 = ( GEOMETRIC_REPRESENTATION_CONTEXT(2) 
PARAMETRIC_REPRESENTATION_CONTEXT() REPRESENTATION_CONTEXT('2D SPACE',''
  ) );
#800 = PCURVE('',#801,#806);
#801 = CYLINDRICAL_SURFACE('',#802,4.96);
#802 = AXIS2_PLACEMENT_3D('',#803,#804,#805);
#803 = CARTESIAN_POINT('',(59.5,-25.35641835158,4.96));
#804 = DIRECTION('',(-1.,-0.,-0.));
#805 = DIRECTION('',(0.,-0.999657324976,-2.617694830787E-02));
#806 = DEFINITIONAL_REPRESENTATION('',(#807),#811);
#807 = LINE('',#808,#809);
#808 = CARTESIAN_POINT('',(-0.,0.));
#809 = VECTOR('',#810,1.);
#810 = DIRECTION('',(-0.,1.));
#811 = ( GEOMETRIC_REPRESENTATION_CONTEXT(2) 
PARAMETRIC_REPRESENTATION_CONTEXT() REPRESENTATION_CONTEXT('2D SPACE',''
  ) );
#812 = ADVANCED_FACE('',(#813),#222,.T.);
#813 = FACE_BOUND('',#814,.T.);
#814 = EDGE_LOOP('',(#815,#837,#838,#839));
#815 = ORIENTED_EDGE('',*,*,#816,.F.);
#816 = EDGE_CURVE('',#158,#817,#819,.T.);
#817 = VERTEX_POINT('',#818);
#818 = CARTESIAN_POINT('',(-59.5,-25.35641835158,-2.6645352591E-15));
#819 = SURFACE_CURVE('',#820,(#825,#831),.PCURVE_S1.);
#820 = CIRCLE('',#821,4.96);
#821 = AXIS2_PLACEMENT_3D('',#822,#823,#824);
#822 = CARTESIAN_POINT('',(-59.5,-25.35641835158,4.96));
#823 = DIRECTION('',(1.,0.,0.));
#824 = DIRECTION('',(0.,-0.999657324976,-2.617694830787E-02));
#825 = PCURVE('',#222,#826);
#826 = DEFINITIONAL_REPRESENTATION('',(#827),#830);
#827 = B_SPLINE_CURVE_WITH_KNOTS('',1,(#828,#829),.UNSPECIFIED.,.F.,.F.,
  (2,2),(0.,1.544616388015),.PIECEWISE_BEZIER_KNOTS.);
#828 = CARTESIAN_POINT('',(0.,2.617993877992E-02));
#829 = CARTESIAN_POINT('',(0.,1.570796326795));
#830 = ( GEOMETRIC_REPRESENTATION_CONTEXT(2) 
PARAMETRIC_REPRESENTATION_CONTEXT() REPRESENTATION_CONTEXT('2D SPACE',''
  ) );
#831 = PCURVE('',#801,#832);
#832 = DEFINITIONAL_REPRESENTATION('',(#833),#836);
#833 = B_SPLINE_CURVE_WITH_KNOTS('',1,(#834,#835),.UNSPECIFIED.,.F.,.F.,
  (2,2),(0.,1.544616388015),.PIECEWISE_BEZIER_KNOTS.);
#834 = CARTESIAN_POINT('',(0.,119.));
#835 = CARTESIAN_POINT('',(-1.544616388015,119.));
#836 = ( GEOMETRIC_REPRESENTATION_CONTEXT(2) 
PARAMETRIC_REPRESENTATION_CONTEXT() REPRESENTATION_CONTEXT('2D SPACE',''
  ) );
#837 = ORIENTED_EDGE('',*,*,#207,.T.);
#838 = ORIENTED_EDGE('',*,*,#237,.T.);
#839 = ORIENTED_EDGE('',*,*,#840,.F.);
#840 = EDGE_CURVE('',#817,#238,#841,.T.);
#841 = SURFACE_CURVE('',#842,(#847,#854),.PCURVE_S1.);
#842 = CIRCLE('',#843,9.856418351584);
#843 = AXIS2_PLACEMENT_3D('',#844,#845,#846);
#844 = CARTESIAN_POINT('',(-59.5,-15.5,0.));
#845 = DIRECTION('',(0.,0.,-1.));
#846 = DIRECTION('',(0.,-1.,0.));
#847 = PCURVE('',#222,#848);
#848 = DEFINITIONAL_REPRESENTATION('',(#849),#853);
#849 = LINE('',#850,#851);
#850 = CARTESIAN_POINT('',(0.,1.570796326795));
#851 = VECTOR('',#852,1.);
#852 = DIRECTION('',(1.,0.));
#853 = ( GEOMETRIC_REPRESENTATION_CONTEXT(2) 
PARAMETRIC_REPRESENTATION_CONTEXT() REPRESENTATION_CONTEXT('2D SPACE',''
  ) );
#854 = PCURVE('',#275,#855);
#855 = DEFINITIONAL_REPRESENTATION('',(#856),#860);
#856 = CIRCLE('',#857,9.856418351584);
#857 = AXIS2_PLACEMENT_2D('',#858,#859);
#858 = CARTESIAN_POINT('',(0.,0.));
#859 = DIRECTION('',(0.,-1.));
#860 = ( GEOMETRIC_REPRESENTATION_CONTEXT(2) 
PARAMETRIC_REPRESENTATION_CONTEXT() REPRESENTATION_CONTEXT('2D SPACE',''
  ) );
#861 = ADVANCED_FACE('',(#862),#275,.T.);
#862 = FACE_BOUND('',#863,.T.);
#863 = EDGE_LOOP('',(#864,#865,#889,#917,#946,#974,#1003,#1024));
#864 = ORIENTED_EDGE('',*,*,#259,.T.);
#865 = ORIENTED_EDGE('',*,*,#866,.T.);
#866 = EDGE_CURVE('',#260,#867,#869,.T.);
#867 = VERTEX_POINT('',#868);
#868 = CARTESIAN_POINT('',(-59.5,25.356418351584,0.));
#869 = SURFACE_CURVE('',#870,(#875,#882),.PCURVE_S1.);
#870 = CIRCLE('',#871,9.856418351584);
#871 = AXIS2_PLACEMENT_3D('',#872,#873,#874);
#872 = CARTESIAN_POINT('',(-59.5,15.5,0.));
#873 = DIRECTION('',(0.,0.,-1.));
#874 = DIRECTION('',(-1.,3.628121417507E-16,0.));
#875 = PCURVE('',#275,#876);
#876 = DEFINITIONAL_REPRESENTATION('',(#877),#881);
#877 = CIRCLE('',#878,9.856418351584);
#878 = AXIS2_PLACEMENT_2D('',#879,#880);
#879 = CARTESIAN_POINT('',(0.,31.));
#880 = DIRECTION('',(1.,3.604467213214E-16));
#881 = ( GEOMETRIC_REPRESENTATION_CONTEXT(2) 
PARAMETRIC_REPRESENTATION_CONTEXT() REPRESENTATION_CONTEXT('2D SPACE',''
  ) );
#882 = PCURVE('',#301,#883);
#883 = DEFINITIONAL_REPRESENTATION('',(#884),#888);
#884 = LINE('',#885,#886);
#885 = CARTESIAN_POINT('',(0.,1.570796326795));
#886 = VECTOR('',#887,1.);
#887 = DIRECTION('',(1.,0.));
#888 = ( GEOMETRIC_REPRESENTATION_CONTEXT(2) 
PARAMETRIC_REPRESENTATION_CONTEXT() REPRESENTATION_CONTEXT('2D SPACE',''
  ) );
#889 = ORIENTED_EDGE('',*,*,#890,.T.);
#890 = EDGE_CURVE('',#867,#891,#893,.T.);
#891 = VERTEX_POINT('',#892);
#892 = CARTESIAN_POINT('',(59.5,25.356418351584,-2.6645352591E-15));
#893 = SURFACE_CURVE('',#894,(#898,#905),.PCURVE_S1.);
#894 = LINE('',#895,#896);
#895 = CARTESIAN_POINT('',(-59.5,25.356418351584,-2.6645352591E-15));
#896 = VECTOR('',#897,1.);
#897 = DIRECTION('',(1.,0.,0.));
#898 = PCURVE('',#275,#899);
#899 = DEFINITIONAL_REPRESENTATION('',(#900),#904);
#900 = LINE('',#901,#902);
#901 = CARTESIAN_POINT('',(-7.105427357601E-15,40.856418351584));
#902 = VECTOR('',#903,1.);
#903 = DIRECTION('',(-1.,0.));
#904 = ( GEOMETRIC_REPRESENTATION_CONTEXT(2) 
PARAMETRIC_REPRESENTATION_CONTEXT() REPRESENTATION_CONTEXT('2D SPACE',''
  ) );
#905 = PCURVE('',#906,#911);
#906 = CYLINDRICAL_SURFACE('',#907,4.96);
#907 = AXIS2_PLACEMENT_3D('',#908,#909,#910);
#908 = CARTESIAN_POINT('',(-59.5,25.356418351584,4.96));
#909 = DIRECTION('',(1.,0.,0.));
#910 = DIRECTION('',(0.,0.999657324976,-2.617694830787E-02));
#911 = DEFINITIONAL_REPRESENTATION('',(#912),#916);
#912 = LINE('',#913,#914);
#913 = CARTESIAN_POINT('',(-1.544616388015,0.));
#914 = VECTOR('',#915,1.);
#915 = DIRECTION('',(-0.,1.));
#916 = ( GEOMETRIC_REPRESENTATION_CONTEXT(2) 
PARAMETRIC_REPRESENTATION_CONTEXT() REPRESENTATION_CONTEXT('2D SPACE',''
  ) );
#917 = ORIENTED_EDGE('',*,*,#918,.T.);
#918 = EDGE_CURVE('',#891,#919,#921,.T.);
#919 = VERTEX_POINT('',#920);
#920 = CARTESIAN_POINT('',(69.356418351584,15.5,0.));
#921 = SURFACE_CURVE('',#922,(#927,#934),.PCURVE_S1.);
#922 = CIRCLE('',#923,9.856418351584);
#923 = AXIS2_PLACEMENT_3D('',#924,#925,#926);
#924 = CARTESIAN_POINT('',(59.5,15.5,0.));
#925 = DIRECTION('',(0.,0.,-1.));
#926 = DIRECTION('',(0.,1.,0.));
#927 = PCURVE('',#275,#928);
#928 = DEFINITIONAL_REPRESENTATION('',(#929),#933);
#929 = CIRCLE('',#930,9.856418351584);
#930 = AXIS2_PLACEMENT_2D('',#931,#932);
#931 = CARTESIAN_POINT('',(-119.,31.));
#932 = DIRECTION('',(0.,1.));
#933 = ( GEOMETRIC_REPRESENTATION_CONTEXT(2) 
PARAMETRIC_REPRESENTATION_CONTEXT() REPRESENTATION_CONTEXT('2D SPACE',''
  ) );
#934 = PCURVE('',#935,#940);
#935 = TOROIDAL_SURFACE('',#936,9.856418351584,4.96);
#936 = AXIS2_PLACEMENT_3D('',#937,#938,#939);
#937 = CARTESIAN_POINT('',(59.5,15.5,4.96));
#938 = DIRECTION('',(0.,0.,-1.));
#939 = DIRECTION('',(0.,1.,0.));
#940 = DEFINITIONAL_REPRESENTATION('',(#941),#945);
#941 = LINE('',#942,#943);
#942 = CARTESIAN_POINT('',(0.,1.570796326795));
#943 = VECTOR('',#944,1.);
#944 = DIRECTION('',(1.,0.));
#945 = ( GEOMETRIC_REPRESENTATION_CONTEXT(2) 
PARAMETRIC_REPRESENTATION_CONTEXT() REPRESENTATION_CONTEXT('2D SPACE',''
  ) );
#946 = ORIENTED_EDGE('',*,*,#947,.T.);
#947 = EDGE_CURVE('',#919,#948,#950,.T.);
#948 = VERTEX_POINT('',#949);
#949 = CARTESIAN_POINT('',(69.356418351584,-15.5,-8.881784197001E-16));
#950 = SURFACE_CURVE('',#951,(#955,#962),.PCURVE_S1.);
#951 = LINE('',#952,#953);
#952 = CARTESIAN_POINT('',(69.356418351584,15.5,-8.881784197001E-16));
#953 = VECTOR('',#954,1.);
#954 = DIRECTION('',(-0.,-1.,-0.));
#955 = PCURVE('',#275,#956);
#956 = DEFINITIONAL_REPRESENTATION('',(#957),#961);
#957 = LINE('',#958,#959);
#958 = CARTESIAN_POINT('',(-128.8564183515,31.));
#959 = VECTOR('',#960,1.);
#960 = DIRECTION('',(0.,-1.));
#961 = ( GEOMETRIC_REPRESENTATION_CONTEXT(2) 
PARAMETRIC_REPRESENTATION_CONTEXT() REPRESENTATION_CONTEXT('2D SPACE',''
  ) );
#962 = PCURVE('',#963,#968);
#963 = CYLINDRICAL_SURFACE('',#964,4.96);
#964 = AXIS2_PLACEMENT_3D('',#965,#966,#967);
#965 = CARTESIAN_POINT('',(69.356418351584,15.5,4.96));
#966 = DIRECTION('',(-0.,-1.,-0.));
#967 = DIRECTION('',(0.999657324976,0.,-2.617694830787E-02));
#968 = DEFINITIONAL_REPRESENTATION('',(#969),#973);
#969 = LINE('',#970,#971);
#970 = CARTESIAN_POINT('',(-1.544616388015,0.));
#971 = VECTOR('',#972,1.);
#972 = DIRECTION('',(-0.,1.));
#973 = ( GEOMETRIC_REPRESENTATION_CONTEXT(2) 
PARAMETRIC_REPRESENTATION_CONTEXT() REPRESENTATION_CONTEXT('2D SPACE',''
  ) );
#974 = ORIENTED_EDGE('',*,*,#975,.T.);
#975 = EDGE_CURVE('',#948,#976,#978,.T.);
#976 = VERTEX_POINT('',#977);
#977 = CARTESIAN_POINT('',(59.5,-25.35641835158,0.));
#978 = SURFACE_CURVE('',#979,(#984,#991),.PCURVE_S1.);
#979 = CIRCLE('',#980,9.856418351584);
#980 = AXIS2_PLACEMENT_3D('',#981,#982,#983);
#981 = CARTESIAN_POINT('',(59.5,-15.5,0.));
#982 = DIRECTION('',(0.,0.,-1.));
#983 = DIRECTION('',(1.,-1.209373805836E-16,0.));
#984 = PCURVE('',#275,#985);
#985 = DEFINITIONAL_REPRESENTATION('',(#986),#990);
#986 = CIRCLE('',#987,9.856418351584);
#987 = AXIS2_PLACEMENT_2D('',#988,#989);
#988 = CARTESIAN_POINT('',(-119.,0.));
#989 = DIRECTION('',(-1.,-1.802233606607E-16));
#990 = ( GEOMETRIC_REPRESENTATION_CONTEXT(2) 
PARAMETRIC_REPRESENTATION_CONTEXT() REPRESENTATION_CONTEXT('2D SPACE',''
  ) );
#991 = PCURVE('',#992,#997);
#992 = TOROIDAL_SURFACE('',#993,9.856418351584,4.96);
#993 = AXIS2_PLACEMENT_3D('',#994,#995,#996);
#994 = CARTESIAN_POINT('',(59.5,-15.5,4.96));
#995 = DIRECTION('',(0.,0.,-1.));
#996 = DIRECTION('',(1.,-1.209373805836E-16,0.));
#997 = DEFINITIONAL_REPRESENTATION('',(#998),#1002);
#998 = LINE('',#999,#1000);
#999 = CARTESIAN_POINT('',(0.,1.570796326795));
#1000 = VECTOR('',#1001,1.);
#1001 = DIRECTION('',(1.,0.));
#1002 = ( GEOMETRIC_REPRESENTATION_CONTEXT(2) 
PARAMETRIC_REPRESENTATION_CONTEXT() REPRESENTATION_CONTEXT('2D SPACE',''
  ) );
#1003 = ORIENTED_EDGE('',*,*,#1004,.T.);
#1004 = EDGE_CURVE('',#976,#817,#1005,.T.);
#1005 = SURFACE_CURVE('',#1006,(#1010,#1017),.PCURVE_S1.);
#1006 = LINE('',#1007,#1008);
#1007 = CARTESIAN_POINT('',(59.5,-25.35641835158,-2.6645352591E-15));
#1008 = VECTOR('',#1009,1.);
#1009 = DIRECTION('',(-1.,-0.,-0.));
#1010 = PCURVE('',#275,#1011);
#1011 = DEFINITIONAL_REPRESENTATION('',(#1012),#1016);
#1012 = LINE('',#1013,#1014);
#1013 = CARTESIAN_POINT('',(-119.,-9.856418351584));
#1014 = VECTOR('',#1015,1.);
#1015 = DIRECTION('',(1.,-0.));
#1016 = ( GEOMETRIC_REPRESENTATION_CONTEXT(2) 
PARAMETRIC_REPRESENTATION_CONTEXT() REPRESENTATION_CONTEXT('2D SPACE',''
  ) );
#1017 = PCURVE('',#801,#1018);
#1018 = DEFINITIONAL_REPRESENTATION('',(#1019),#1023);
#1019 = LINE('',#1020,#1021);
#1020 = CARTESIAN_POINT('',(-1.544616388015,0.));
#1021 = VECTOR('',#1022,1.);
#1022 = DIRECTION('',(-0.,1.));
#1023 = ( GEOMETRIC_REPRESENTATION_CONTEXT(2) 
PARAMETRIC_REPRESENTATION_CONTEXT() REPRESENTATION_CONTEXT('2D SPACE',''
  ) );
#1024 = ORIENTED_EDGE('',*,*,#840,.T.);
#1025 = ADVANCED_FACE('',(#1026),#301,.T.);
#1026 = FACE_BOUND('',#1027,.T.);
#1027 = EDGE_LOOP('',(#1028,#1029,#1030,#1050));
#1028 = ORIENTED_EDGE('',*,*,#287,.F.);
#1029 = ORIENTED_EDGE('',*,*,#740,.T.);
#1030 = ORIENTED_EDGE('',*,*,#1031,.T.);
#1031 = EDGE_CURVE('',#721,#867,#1032,.T.);
#1032 = SURFACE_CURVE('',#1033,(#1038,#1044),.PCURVE_S1.);
#1033 = CIRCLE('',#1034,4.96);
#1034 = AXIS2_PLACEMENT_3D('',#1035,#1036,#1037);
#1035 = CARTESIAN_POINT('',(-59.5,25.356418351584,4.96));
#1036 = DIRECTION('',(-1.,3.015798017933E-16,0.));
#1037 = DIRECTION('',(3.015798017933E-16,1.,0.));
#1038 = PCURVE('',#301,#1039);
#1039 = DEFINITIONAL_REPRESENTATION('',(#1040),#1043);
#1040 = B_SPLINE_CURVE_WITH_KNOTS('',1,(#1041,#1042),.UNSPECIFIED.,.F.,
  .F.,(2,2),(2.617993877992E-02,1.570796326795),
  .PIECEWISE_BEZIER_KNOTS.);
#1041 = CARTESIAN_POINT('',(1.570796326795,2.617993877992E-02));
#1042 = CARTESIAN_POINT('',(1.570796326795,1.570796326795));
#1043 = ( GEOMETRIC_REPRESENTATION_CONTEXT(2) 
PARAMETRIC_REPRESENTATION_CONTEXT() REPRESENTATION_CONTEXT('2D SPACE',''
  ) );
#1044 = PCURVE('',#906,#1045);
#1045 = DEFINITIONAL_REPRESENTATION('',(#1046),#1049);
#1046 = B_SPLINE_CURVE_WITH_KNOTS('',1,(#1047,#1048),.UNSPECIFIED.,.F.,
  .F.,(2,2),(2.617993877992E-02,1.570796326795),
  .PIECEWISE_BEZIER_KNOTS.);
#1047 = CARTESIAN_POINT('',(0.,-7.105427357601E-15));
#1048 = CARTESIAN_POINT('',(-1.544616388015,-7.105427357601E-15));
#1049 = ( GEOMETRIC_REPRESENTATION_CONTEXT(2) 
PARAMETRIC_REPRESENTATION_CONTEXT() REPRESENTATION_CONTEXT('2D SPACE',''
  ) );
#1050 = ORIENTED_EDGE('',*,*,#866,.F.);
#1051 = ADVANCED_FACE('',(#1052),#357,.T.);
#1052 = FACE_BOUND('',#1053,.T.);
#1053 = EDGE_LOOP('',(#1054,#1055,#1056,#1076));
#1054 = ORIENTED_EDGE('',*,*,#720,.T.);
#1055 = ORIENTED_EDGE('',*,*,#341,.T.);
#1056 = ORIENTED_EDGE('',*,*,#1057,.F.);
#1057 = EDGE_CURVE('',#1058,#342,#1060,.T.);
#1058 = VERTEX_POINT('',#1059);
#1059 = CARTESIAN_POINT('',(59.5,30.314718683462,4.830162336393));
#1060 = SURFACE_CURVE('',#1061,(#1064,#1070),.PCURVE_S1.);
#1061 = B_SPLINE_CURVE_WITH_KNOTS('',1,(#1062,#1063),.UNSPECIFIED.,.F.,
  .F.,(2,2),(0.,1.),.PIECEWISE_BEZIER_KNOTS.);
#1062 = CARTESIAN_POINT('',(59.5,30.188236431355,0.));
#1063 = CARTESIAN_POINT('',(59.5,31.,31.));
#1064 = PCURVE('',#357,#1065);
#1065 = DEFINITIONAL_REPRESENTATION('',(#1066),#1069);
#1066 = B_SPLINE_CURVE_WITH_KNOTS('',1,(#1067,#1068),.UNSPECIFIED.,.F.,
  .F.,(2,2),(0.,1.),.PIECEWISE_BEZIER_KNOTS.);
#1067 = CARTESIAN_POINT('',(-59.5,-31.01062656721));
#1068 = CARTESIAN_POINT('',(-59.5,0.));
#1069 = ( GEOMETRIC_REPRESENTATION_CONTEXT(2) 
PARAMETRIC_REPRESENTATION_CONTEXT() REPRESENTATION_CONTEXT('2D SPACE',''
  ) );
#1070 = PCURVE('',#386,#1071);
#1071 = DEFINITIONAL_REPRESENTATION('',(#1072),#1075);
#1072 = B_SPLINE_CURVE_WITH_KNOTS('',1,(#1073,#1074),.UNSPECIFIED.,.F.,
  .F.,(2,2),(0.,1.),.PIECEWISE_BEZIER_KNOTS.);
#1073 = CARTESIAN_POINT('',(4.712388980385,0.));
#1074 = CARTESIAN_POINT('',(4.712388980385,31.));
#1075 = ( GEOMETRIC_REPRESENTATION_CONTEXT(2) 
PARAMETRIC_REPRESENTATION_CONTEXT() REPRESENTATION_CONTEXT('2D SPACE',''
  ) );
#1076 = ORIENTED_EDGE('',*,*,#1077,.F.);
#1077 = EDGE_CURVE('',#721,#1058,#1078,.T.);
#1078 = SURFACE_CURVE('',#1079,(#1083,#1090),.PCURVE_S1.);
#1079 = LINE('',#1080,#1081);
#1080 = CARTESIAN_POINT('',(-59.5,30.314718683462,4.830162336393));
#1081 = VECTOR('',#1082,1.);
#1082 = DIRECTION('',(1.,0.,0.));
#1083 = PCURVE('',#357,#1084);
#1084 = DEFINITIONAL_REPRESENTATION('',(#1085),#1089);
#1085 = LINE('',#1086,#1087);
#1086 = CARTESIAN_POINT('',(59.5,-26.17880848744));
#1087 = VECTOR('',#1088,1.);
#1088 = DIRECTION('',(-1.,0.));
#1089 = ( GEOMETRIC_REPRESENTATION_CONTEXT(2) 
PARAMETRIC_REPRESENTATION_CONTEXT() REPRESENTATION_CONTEXT('2D SPACE',''
  ) );
#1090 = PCURVE('',#906,#1091);
#1091 = DEFINITIONAL_REPRESENTATION('',(#1092),#1096);
#1092 = LINE('',#1093,#1094);
#1093 = CARTESIAN_POINT('',(-0.,0.));
#1094 = VECTOR('',#1095,1.);
#1095 = DIRECTION('',(-0.,1.));
#1096 = ( GEOMETRIC_REPRESENTATION_CONTEXT(2) 
PARAMETRIC_REPRESENTATION_CONTEXT() REPRESENTATION_CONTEXT('2D SPACE',''
  ) );
#1097 = ADVANCED_FACE('',(#1098),#443,.T.);
#1098 = FACE_BOUND('',#1099,.T.);
#1099 = EDGE_LOOP('',(#1100,#1120,#1121,#1122));
#1100 = ORIENTED_EDGE('',*,*,#1101,.T.);
#1101 = EDGE_CURVE('',#1102,#399,#1104,.T.);
#1102 = VERTEX_POINT('',#1103);
#1103 = CARTESIAN_POINT('',(74.314718683462,-15.5,4.830162336393));
#1104 = SURFACE_CURVE('',#1105,(#1108,#1114),.PCURVE_S1.);
#1105 = B_SPLINE_CURVE_WITH_KNOTS('',1,(#1106,#1107),.UNSPECIFIED.,.F.,
  .F.,(2,2),(0.,1.),.PIECEWISE_BEZIER_KNOTS.);
#1106 = CARTESIAN_POINT('',(74.188236431355,-15.5,0.));
#1107 = CARTESIAN_POINT('',(75.,-15.5,31.));
#1108 = PCURVE('',#443,#1109);
#1109 = DEFINITIONAL_REPRESENTATION('',(#1110),#1113);
#1110 = B_SPLINE_CURVE_WITH_KNOTS('',1,(#1111,#1112),.UNSPECIFIED.,.F.,
  .F.,(2,2),(0.,1.),.PIECEWISE_BEZIER_KNOTS.);
#1111 = CARTESIAN_POINT('',(3.14159265359,0.));
#1112 = CARTESIAN_POINT('',(3.14159265359,31.));
#1113 = ( GEOMETRIC_REPRESENTATION_CONTEXT(2) 
PARAMETRIC_REPRESENTATION_CONTEXT() REPRESENTATION_CONTEXT('2D SPACE',''
  ) );
#1114 = PCURVE('',#414,#1115);
#1115 = DEFINITIONAL_REPRESENTATION('',(#1116),#1119);
#1116 = B_SPLINE_CURVE_WITH_KNOTS('',1,(#1117,#1118),.UNSPECIFIED.,.F.,
  .F.,(2,2),(0.,1.),.PIECEWISE_BEZIER_KNOTS.);
#1117 = CARTESIAN_POINT('',(-15.5,-31.01062656721));
#1118 = CARTESIAN_POINT('',(-15.5,0.));
#1119 = ( GEOMETRIC_REPRESENTATION_CONTEXT(2) 
PARAMETRIC_REPRESENTATION_CONTEXT() REPRESENTATION_CONTEXT('2D SPACE',''
  ) );
#1120 = ORIENTED_EDGE('',*,*,#426,.T.);
#1121 = ORIENTED_EDGE('',*,*,#765,.F.);
#1122 = ORIENTED_EDGE('',*,*,#1123,.F.);
#1123 = EDGE_CURVE('',#1102,#766,#1124,.T.);
#1124 = SURFACE_CURVE('',#1125,(#1130,#1137),.PCURVE_S1.);
#1125 = CIRCLE('',#1126,14.814718683462);
#1126 = AXIS2_PLACEMENT_3D('',#1127,#1128,#1129);
#1127 = CARTESIAN_POINT('',(59.5,-15.5,4.830162336393));
#1128 = DIRECTION('',(0.,0.,-1.));
#1129 = DIRECTION('',(1.,-1.209373805836E-16,0.));
#1130 = PCURVE('',#443,#1131);
#1131 = DEFINITIONAL_REPRESENTATION('',(#1132),#1136);
#1132 = LINE('',#1133,#1134);
#1133 = CARTESIAN_POINT('',(3.14159265359,4.830162336393));
#1134 = VECTOR('',#1135,1.);
#1135 = DIRECTION('',(-1.,-0.));
#1136 = ( GEOMETRIC_REPRESENTATION_CONTEXT(2) 
PARAMETRIC_REPRESENTATION_CONTEXT() REPRESENTATION_CONTEXT('2D SPACE',''
  ) );
#1137 = PCURVE('',#992,#1138);
#1138 = DEFINITIONAL_REPRESENTATION('',(#1139),#1143);
#1139 = LINE('',#1140,#1141);
#1140 = CARTESIAN_POINT('',(0.,2.617993877992E-02));
#1141 = VECTOR('',#1142,1.);
#1142 = DIRECTION('',(1.,0.));
#1143 = ( GEOMETRIC_REPRESENTATION_CONTEXT(2) 
PARAMETRIC_REPRESENTATION_CONTEXT() REPRESENTATION_CONTEXT('2D SPACE',''
  ) );
#1144 = ADVANCED_FACE('',(#1145),#386,.T.);
#1145 = FACE_BOUND('',#1146,.T.);
#1146 = EDGE_LOOP('',(#1147,#1148,#1149,#1169));
#1147 = ORIENTED_EDGE('',*,*,#1057,.T.);
#1148 = ORIENTED_EDGE('',*,*,#369,.T.);
#1149 = ORIENTED_EDGE('',*,*,#1150,.F.);
#1150 = EDGE_CURVE('',#1151,#370,#1153,.T.);
#1151 = VERTEX_POINT('',#1152);
#1152 = CARTESIAN_POINT('',(74.314718683462,15.5,4.830162336393));
#1153 = SURFACE_CURVE('',#1154,(#1157,#1163),.PCURVE_S1.);
#1154 = B_SPLINE_CURVE_WITH_KNOTS('',1,(#1155,#1156),.UNSPECIFIED.,.F.,
  .F.,(2,2),(0.,1.),.PIECEWISE_BEZIER_KNOTS.);
#1155 = CARTESIAN_POINT('',(74.188236431355,15.5,0.));
#1156 = CARTESIAN_POINT('',(75.,15.5,31.));
#1157 = PCURVE('',#386,#1158);
#1158 = DEFINITIONAL_REPRESENTATION('',(#1159),#1162);
#1159 = B_SPLINE_CURVE_WITH_KNOTS('',1,(#1160,#1161),.UNSPECIFIED.,.F.,
  .F.,(2,2),(0.,1.),.PIECEWISE_BEZIER_KNOTS.);
#1160 = CARTESIAN_POINT('',(3.14159265359,0.));
#1161 = CARTESIAN_POINT('',(3.14159265359,31.));
#1162 = ( GEOMETRIC_REPRESENTATION_CONTEXT(2) 
PARAMETRIC_REPRESENTATION_CONTEXT() REPRESENTATION_CONTEXT('2D SPACE',''
  ) );
#1163 = PCURVE('',#414,#1164);
#1164 = DEFINITIONAL_REPRESENTATION('',(#1165),#1168);
#1165 = B_SPLINE_CURVE_WITH_KNOTS('',1,(#1166,#1167),.UNSPECIFIED.,.F.,
  .F.,(2,2),(0.,1.),.PIECEWISE_BEZIER_KNOTS.);
#1166 = CARTESIAN_POINT('',(15.5,-31.01062656721));
#1167 = CARTESIAN_POINT('',(15.5,0.));
#1168 = ( GEOMETRIC_REPRESENTATION_CONTEXT(2) 
PARAMETRIC_REPRESENTATION_CONTEXT() REPRESENTATION_CONTEXT('2D SPACE',''
  ) );
#1169 = ORIENTED_EDGE('',*,*,#1170,.F.);
#1170 = EDGE_CURVE('',#1058,#1151,#1171,.T.);
#1171 = SURFACE_CURVE('',#1172,(#1177,#1184),.PCURVE_S1.);
#1172 = CIRCLE('',#1173,14.814718683462);
#1173 = AXIS2_PLACEMENT_3D('',#1174,#1175,#1176);
#1174 = CARTESIAN_POINT('',(59.5,15.5,4.830162336393));
#1175 = DIRECTION('',(0.,0.,-1.));
#1176 = DIRECTION('',(0.,1.,0.));
#1177 = PCURVE('',#386,#1178);
#1178 = DEFINITIONAL_REPRESENTATION('',(#1179),#1183);
#1179 = LINE('',#1180,#1181);
#1180 = CARTESIAN_POINT('',(4.712388980385,4.830162336393));
#1181 = VECTOR('',#1182,1.);
#1182 = DIRECTION('',(-1.,-0.));
#1183 = ( GEOMETRIC_REPRESENTATION_CONTEXT(2) 
PARAMETRIC_REPRESENTATION_CONTEXT() REPRESENTATION_CONTEXT('2D SPACE',''
  ) );
#1184 = PCURVE('',#935,#1185);
#1185 = DEFINITIONAL_REPRESENTATION('',(#1186),#1190);
#1186 = LINE('',#1187,#1188);
#1187 = CARTESIAN_POINT('',(0.,2.617993877992E-02));
#1188 = VECTOR('',#1189,1.);
#1189 = DIRECTION('',(1.,0.));
#1190 = ( GEOMETRIC_REPRESENTATION_CONTEXT(2) 
PARAMETRIC_REPRESENTATION_CONTEXT() REPRESENTATION_CONTEXT('2D SPACE',''
  ) );
#1191 = ADVANCED_FACE('',(#1192),#414,.T.);
#1192 = FACE_BOUND('',#1193,.T.);
#1193 = EDGE_LOOP('',(#1194,#1195,#1196,#1197));
#1194 = ORIENTED_EDGE('',*,*,#1150,.T.);
#1195 = ORIENTED_EDGE('',*,*,#398,.F.);
#1196 = ORIENTED_EDGE('',*,*,#1101,.F.);
#1197 = ORIENTED_EDGE('',*,*,#1198,.F.);
#1198 = EDGE_CURVE('',#1151,#1102,#1199,.T.);
#1199 = SURFACE_CURVE('',#1200,(#1204,#1211),.PCURVE_S1.);
#1200 = LINE('',#1201,#1202);
#1201 = CARTESIAN_POINT('',(74.314718683462,15.5,4.830162336393));
#1202 = VECTOR('',#1203,1.);
#1203 = DIRECTION('',(-0.,-1.,-0.));
#1204 = PCURVE('',#414,#1205);
#1205 = DEFINITIONAL_REPRESENTATION('',(#1206),#1210);
#1206 = LINE('',#1207,#1208);
#1207 = CARTESIAN_POINT('',(15.5,-26.17880848744));
#1208 = VECTOR('',#1209,1.);
#1209 = DIRECTION('',(-1.,0.));
#1210 = ( GEOMETRIC_REPRESENTATION_CONTEXT(2) 
PARAMETRIC_REPRESENTATION_CONTEXT() REPRESENTATION_CONTEXT('2D SPACE',''
  ) );
#1211 = PCURVE('',#963,#1212);
#1212 = DEFINITIONAL_REPRESENTATION('',(#1213),#1217);
#1213 = LINE('',#1214,#1215);
#1214 = CARTESIAN_POINT('',(-0.,0.));
#1215 = VECTOR('',#1216,1.);
#1216 = DIRECTION('',(-0.,1.));
#1217 = ( GEOMETRIC_REPRESENTATION_CONTEXT(2) 
PARAMETRIC_REPRESENTATION_CONTEXT() REPRESENTATION_CONTEXT('2D SPACE',''
  ) );
#1218 = ADVANCED_FACE('',(#1219),#496,.F.);
#1219 = FACE_BOUND('',#1220,.F.);
#1220 = EDGE_LOOP('',(#1221,#1251,#1269,#1270));
#1221 = ORIENTED_EDGE('',*,*,#1222,.F.);
#1222 = EDGE_CURVE('',#1223,#1225,#1227,.T.);
#1223 = VERTEX_POINT('',#1224);
#1224 = CARTESIAN_POINT('',(-72.11547256851,-15.5,4.88775162267));
#1225 = VERTEX_POINT('',#1226);
#1226 = CARTESIAN_POINT('',(-72.11547256851,15.5,4.88775162267));
#1227 = SURFACE_CURVE('',#1228,(#1232,#1239),.PCURVE_S1.);
#1228 = LINE('',#1229,#1230);
#1229 = CARTESIAN_POINT('',(-72.11547256851,-15.5,4.88775162267));
#1230 = VECTOR('',#1231,1.);
#1231 = DIRECTION('',(0.,1.,0.));
#1232 = PCURVE('',#496,#1233);
#1233 = DEFINITIONAL_REPRESENTATION('',(#1234),#1238);
#1234 = LINE('',#1235,#1236);
#1235 = CARTESIAN_POINT('',(15.5,-27.12154225248));
#1236 = VECTOR('',#1237,1.);
#1237 = DIRECTION('',(-1.,0.));
#1238 = ( GEOMETRIC_REPRESENTATION_CONTEXT(2) 
PARAMETRIC_REPRESENTATION_CONTEXT() REPRESENTATION_CONTEXT('2D SPACE',''
  ) );
#1239 = PCURVE('',#1240,#1245);
#1240 = CYLINDRICAL_SURFACE('',#1241,2.76);
#1241 = AXIS2_PLACEMENT_3D('',#1242,#1243,#1244);
#1242 = CARTESIAN_POINT('',(-69.35641835158,-15.5,4.96));
#1243 = DIRECTION('',(0.,1.,0.));
#1244 = DIRECTION('',(-0.999657324976,0.,-2.617694830787E-02));
#1245 = DEFINITIONAL_REPRESENTATION('',(#1246),#1250);
#1246 = LINE('',#1247,#1248);
#1247 = CARTESIAN_POINT('',(-0.,0.));
#1248 = VECTOR('',#1249,1.);
#1249 = DIRECTION('',(-0.,1.));
#1250 = ( GEOMETRIC_REPRESENTATION_CONTEXT(2) 
PARAMETRIC_REPRESENTATION_CONTEXT() REPRESENTATION_CONTEXT('2D SPACE',''
  ) );
#1251 = ORIENTED_EDGE('',*,*,#1252,.T.);
#1252 = EDGE_CURVE('',#1223,#480,#1253,.T.);
#1253 = SURFACE_CURVE('',#1254,(#1257,#1263),.PCURVE_S1.);
#1254 = B_SPLINE_CURVE_WITH_KNOTS('',1,(#1255,#1256),.UNSPECIFIED.,.F.,
  .F.,(2,2),(0.,1.),.PIECEWISE_BEZIER_KNOTS.);
#1255 = CARTESIAN_POINT('',(-72.04509131532,-15.5,2.2));
#1256 = CARTESIAN_POINT('',(-72.82543177808,-15.5,32.));
#1257 = PCURVE('',#496,#1258);
#1258 = DEFINITIONAL_REPRESENTATION('',(#1259),#1262);
#1259 = B_SPLINE_CURVE_WITH_KNOTS('',1,(#1260,#1261),.UNSPECIFIED.,.F.,
  .F.,(2,2),(0.,1.),.PIECEWISE_BEZIER_KNOTS.);
#1260 = CARTESIAN_POINT('',(15.5,-29.81021521622));
#1261 = CARTESIAN_POINT('',(15.5,0.));
#1262 = ( GEOMETRIC_REPRESENTATION_CONTEXT(2) 
PARAMETRIC_REPRESENTATION_CONTEXT() REPRESENTATION_CONTEXT('2D SPACE',''
  ) );
#1263 = PCURVE('',#528,#1264);
#1264 = DEFINITIONAL_REPRESENTATION('',(#1265),#1268);
#1265 = B_SPLINE_CURVE_WITH_KNOTS('',1,(#1266,#1267),.UNSPECIFIED.,.F.,
  .F.,(2,2),(0.,1.),.PIECEWISE_BEZIER_KNOTS.);
#1266 = CARTESIAN_POINT('',(0.,0.));
#1267 = CARTESIAN_POINT('',(0.,29.8));
#1268 = ( GEOMETRIC_REPRESENTATION_CONTEXT(2) 
PARAMETRIC_REPRESENTATION_CONTEXT() REPRESENTATION_CONTEXT('2D SPACE',''
  ) );
#1269 = ORIENTED_EDGE('',*,*,#479,.T.);
#1270 = ORIENTED_EDGE('',*,*,#1271,.F.);
#1271 = EDGE_CURVE('',#1225,#482,#1272,.T.);
#1272 = SURFACE_CURVE('',#1273,(#1276,#1282),.PCURVE_S1.);
#1273 = B_SPLINE_CURVE_WITH_KNOTS('',1,(#1274,#1275),.UNSPECIFIED.,.F.,
  .F.,(2,2),(0.,1.),.PIECEWISE_BEZIER_KNOTS.);
#1274 = CARTESIAN_POINT('',(-72.04509131532,15.5,2.2));
#1275 = CARTESIAN_POINT('',(-72.82543177808,15.5,32.));
#1276 = PCURVE('',#496,#1277);
#1277 = DEFINITIONAL_REPRESENTATION('',(#1278),#1281);
#1278 = B_SPLINE_CURVE_WITH_KNOTS('',1,(#1279,#1280),.UNSPECIFIED.,.F.,
  .F.,(2,2),(0.,1.),.PIECEWISE_BEZIER_KNOTS.);
#1279 = CARTESIAN_POINT('',(-15.5,-29.81021521622));
#1280 = CARTESIAN_POINT('',(-15.5,0.));
#1281 = ( GEOMETRIC_REPRESENTATION_CONTEXT(2) 
PARAMETRIC_REPRESENTATION_CONTEXT() REPRESENTATION_CONTEXT('2D SPACE',''
  ) );
#1282 = PCURVE('',#703,#1283);
#1283 = DEFINITIONAL_REPRESENTATION('',(#1284),#1287);
#1284 = B_SPLINE_CURVE_WITH_KNOTS('',1,(#1285,#1286),.UNSPECIFIED.,.F.,
  .F.,(2,2),(0.,1.),.PIECEWISE_BEZIER_KNOTS.);
#1285 = CARTESIAN_POINT('',(6.28318530718,0.));
#1286 = CARTESIAN_POINT('',(6.28318530718,29.8));
#1287 = ( GEOMETRIC_REPRESENTATION_CONTEXT(2) 
PARAMETRIC_REPRESENTATION_CONTEXT() REPRESENTATION_CONTEXT('2D SPACE',''
  ) );
#1288 = ADVANCED_FACE('',(#1289),#703,.F.);
#1289 = FACE_BOUND('',#1290,.F.);
#1290 = EDGE_LOOP('',(#1291,#1320,#1321,#1322));
#1291 = ORIENTED_EDGE('',*,*,#1292,.F.);
#1292 = EDGE_CURVE('',#1225,#1293,#1295,.T.);
#1293 = VERTEX_POINT('',#1294);
#1294 = CARTESIAN_POINT('',(-59.5,28.115472568516,4.88775162267));
#1295 = SURFACE_CURVE('',#1296,(#1301,#1308),.PCURVE_S1.);
#1296 = CIRCLE('',#1297,12.615472568516);
#1297 = AXIS2_PLACEMENT_3D('',#1298,#1299,#1300);
#1298 = CARTESIAN_POINT('',(-59.5,15.5,4.88775162267));
#1299 = DIRECTION('',(0.,0.,-1.));
#1300 = DIRECTION('',(-1.,1.415977608094E-16,0.));
#1301 = PCURVE('',#703,#1302);
#1302 = DEFINITIONAL_REPRESENTATION('',(#1303),#1307);
#1303 = LINE('',#1304,#1305);
#1304 = CARTESIAN_POINT('',(6.28318530718,2.68775162267));
#1305 = VECTOR('',#1306,1.);
#1306 = DIRECTION('',(-1.,-0.));
#1307 = ( GEOMETRIC_REPRESENTATION_CONTEXT(2) 
PARAMETRIC_REPRESENTATION_CONTEXT() REPRESENTATION_CONTEXT('2D SPACE',''
  ) );
#1308 = PCURVE('',#1309,#1314);
#1309 = TOROIDAL_SURFACE('',#1310,9.856418351584,2.76);
#1310 = AXIS2_PLACEMENT_3D('',#1311,#1312,#1313);
#1311 = CARTESIAN_POINT('',(-59.5,15.5,4.96));
#1312 = DIRECTION('',(0.,0.,-1.));
#1313 = DIRECTION('',(-1.,1.415977608094E-16,0.));
#1314 = DEFINITIONAL_REPRESENTATION('',(#1315),#1319);
#1315 = LINE('',#1316,#1317);
#1316 = CARTESIAN_POINT('',(0.,2.617993877992E-02));
#1317 = VECTOR('',#1318,1.);
#1318 = DIRECTION('',(1.,0.));
#1319 = ( GEOMETRIC_REPRESENTATION_CONTEXT(2) 
PARAMETRIC_REPRESENTATION_CONTEXT() REPRESENTATION_CONTEXT('2D SPACE',''
  ) );
#1320 = ORIENTED_EDGE('',*,*,#1271,.T.);
#1321 = ORIENTED_EDGE('',*,*,#684,.F.);
#1322 = ORIENTED_EDGE('',*,*,#1323,.F.);
#1323 = EDGE_CURVE('',#1293,#659,#1324,.T.);
#1324 = SURFACE_CURVE('',#1325,(#1328,#1334),.PCURVE_S1.);
#1325 = B_SPLINE_CURVE_WITH_KNOTS('',1,(#1326,#1327),.UNSPECIFIED.,.F.,
  .F.,(2,2),(0.,1.),.PIECEWISE_BEZIER_KNOTS.);
#1326 = CARTESIAN_POINT('',(-59.5,28.045091315328,2.2));
#1327 = CARTESIAN_POINT('',(-59.5,28.825431778089,32.));
#1328 = PCURVE('',#703,#1329);
#1329 = DEFINITIONAL_REPRESENTATION('',(#1330),#1333);
#1330 = B_SPLINE_CURVE_WITH_KNOTS('',1,(#1331,#1332),.UNSPECIFIED.,.F.,
  .F.,(2,2),(0.,1.),.PIECEWISE_BEZIER_KNOTS.);
#1331 = CARTESIAN_POINT('',(4.712388980385,0.));
#1332 = CARTESIAN_POINT('',(4.712388980385,29.8));
#1333 = ( GEOMETRIC_REPRESENTATION_CONTEXT(2) 
PARAMETRIC_REPRESENTATION_CONTEXT() REPRESENTATION_CONTEXT('2D SPACE',''
  ) );
#1334 = PCURVE('',#673,#1335);
#1335 = DEFINITIONAL_REPRESENTATION('',(#1336),#1339);
#1336 = B_SPLINE_CURVE_WITH_KNOTS('',1,(#1337,#1338),.UNSPECIFIED.,.F.,
  .F.,(2,2),(0.,1.),.PIECEWISE_BEZIER_KNOTS.);
#1337 = CARTESIAN_POINT('',(59.5,-29.81021521622));
#1338 = CARTESIAN_POINT('',(59.5,0.));
#1339 = ( GEOMETRIC_REPRESENTATION_CONTEXT(2) 
PARAMETRIC_REPRESENTATION_CONTEXT() REPRESENTATION_CONTEXT('2D SPACE',''
  ) );
#1340 = ADVANCED_FACE('',(#1341),#673,.F.);
#1341 = FACE_BOUND('',#1342,.F.);
#1342 = EDGE_LOOP('',(#1343,#1371,#1372,#1373));
#1343 = ORIENTED_EDGE('',*,*,#1344,.F.);
#1344 = EDGE_CURVE('',#1293,#1345,#1347,.T.);
#1345 = VERTEX_POINT('',#1346);
#1346 = CARTESIAN_POINT('',(59.5,28.115472568516,4.88775162267));
#1347 = SURFACE_CURVE('',#1348,(#1352,#1359),.PCURVE_S1.);
#1348 = LINE('',#1349,#1350);
#1349 = CARTESIAN_POINT('',(-59.5,28.115472568516,4.88775162267));
#1350 = VECTOR('',#1351,1.);
#1351 = DIRECTION('',(1.,0.,0.));
#1352 = PCURVE('',#673,#1353);
#1353 = DEFINITIONAL_REPRESENTATION('',(#1354),#1358);
#1354 = LINE('',#1355,#1356);
#1355 = CARTESIAN_POINT('',(59.5,-27.12154225248));
#1356 = VECTOR('',#1357,1.);
#1357 = DIRECTION('',(-1.,0.));
#1358 = ( GEOMETRIC_REPRESENTATION_CONTEXT(2) 
PARAMETRIC_REPRESENTATION_CONTEXT() REPRESENTATION_CONTEXT('2D SPACE',''
  ) );
#1359 = PCURVE('',#1360,#1365);
#1360 = CYLINDRICAL_SURFACE('',#1361,2.76);
#1361 = AXIS2_PLACEMENT_3D('',#1362,#1363,#1364);
#1362 = CARTESIAN_POINT('',(-59.5,25.356418351584,4.96));
#1363 = DIRECTION('',(1.,0.,0.));
#1364 = DIRECTION('',(0.,0.999657324976,-2.617694830787E-02));
#1365 = DEFINITIONAL_REPRESENTATION('',(#1366),#1370);
#1366 = LINE('',#1367,#1368);
#1367 = CARTESIAN_POINT('',(-0.,0.));
#1368 = VECTOR('',#1369,1.);
#1369 = DIRECTION('',(-0.,1.));
#1370 = ( GEOMETRIC_REPRESENTATION_CONTEXT(2) 
PARAMETRIC_REPRESENTATION_CONTEXT() REPRESENTATION_CONTEXT('2D SPACE',''
  ) );
#1371 = ORIENTED_EDGE('',*,*,#1323,.T.);
#1372 = ORIENTED_EDGE('',*,*,#658,.T.);
#1373 = ORIENTED_EDGE('',*,*,#1374,.F.);
#1374 = EDGE_CURVE('',#1345,#626,#1375,.T.);
#1375 = SURFACE_CURVE('',#1376,(#1379,#1385),.PCURVE_S1.);
#1376 = B_SPLINE_CURVE_WITH_KNOTS('',1,(#1377,#1378),.UNSPECIFIED.,.F.,
  .F.,(2,2),(0.,1.),.PIECEWISE_BEZIER_KNOTS.);
#1377 = CARTESIAN_POINT('',(59.5,28.045091315328,2.2));
#1378 = CARTESIAN_POINT('',(59.5,28.825431778089,32.));
#1379 = PCURVE('',#673,#1380);
#1380 = DEFINITIONAL_REPRESENTATION('',(#1381),#1384);
#1381 = B_SPLINE_CURVE_WITH_KNOTS('',1,(#1382,#1383),.UNSPECIFIED.,.F.,
  .F.,(2,2),(0.,1.),.PIECEWISE_BEZIER_KNOTS.);
#1382 = CARTESIAN_POINT('',(-59.5,-29.81021521622));
#1383 = CARTESIAN_POINT('',(-59.5,0.));
#1384 = ( GEOMETRIC_REPRESENTATION_CONTEXT(2) 
PARAMETRIC_REPRESENTATION_CONTEXT() REPRESENTATION_CONTEXT('2D SPACE',''
  ) );
#1385 = PCURVE('',#646,#1386);
#1386 = DEFINITIONAL_REPRESENTATION('',(#1387),#1390);
#1387 = B_SPLINE_CURVE_WITH_KNOTS('',1,(#1388,#1389),.UNSPECIFIED.,.F.,
  .F.,(2,2),(0.,1.),.PIECEWISE_BEZIER_KNOTS.);
#1388 = CARTESIAN_POINT('',(4.712388980385,0.));
#1389 = CARTESIAN_POINT('',(4.712388980385,29.8));
#1390 = ( GEOMETRIC_REPRESENTATION_CONTEXT(2) 
PARAMETRIC_REPRESENTATION_CONTEXT() REPRESENTATION_CONTEXT('2D SPACE',''
  ) );
#1391 = ADVANCED_FACE('',(#1392),#646,.F.);
#1392 = FACE_BOUND('',#1393,.F.);
#1393 = EDGE_LOOP('',(#1394,#1423,#1424,#1425));
#1394 = ORIENTED_EDGE('',*,*,#1395,.F.);
#1395 = EDGE_CURVE('',#1345,#1396,#1398,.T.);
#1396 = VERTEX_POINT('',#1397);
#1397 = CARTESIAN_POINT('',(72.115472568516,15.5,4.88775162267));
#1398 = SURFACE_CURVE('',#1399,(#1404,#1411),.PCURVE_S1.);
#1399 = CIRCLE('',#1400,12.615472568516);
#1400 = AXIS2_PLACEMENT_3D('',#1401,#1402,#1403);
#1401 = CARTESIAN_POINT('',(59.5,15.5,4.88775162267));
#1402 = DIRECTION('',(0.,0.,-1.));
#1403 = DIRECTION('',(0.,1.,0.));
#1404 = PCURVE('',#646,#1405);
#1405 = DEFINITIONAL_REPRESENTATION('',(#1406),#1410);
#1406 = LINE('',#1407,#1408);
#1407 = CARTESIAN_POINT('',(4.712388980385,2.68775162267));
#1408 = VECTOR('',#1409,1.);
#1409 = DIRECTION('',(-1.,-0.));
#1410 = ( GEOMETRIC_REPRESENTATION_CONTEXT(2) 
PARAMETRIC_REPRESENTATION_CONTEXT() REPRESENTATION_CONTEXT('2D SPACE',''
  ) );
#1411 = PCURVE('',#1412,#1417);
#1412 = TOROIDAL_SURFACE('',#1413,9.856418351584,2.76);
#1413 = AXIS2_PLACEMENT_3D('',#1414,#1415,#1416);
#1414 = CARTESIAN_POINT('',(59.5,15.5,4.96));
#1415 = DIRECTION('',(0.,0.,-1.));
#1416 = DIRECTION('',(0.,1.,0.));
#1417 = DEFINITIONAL_REPRESENTATION('',(#1418),#1422);
#1418 = LINE('',#1419,#1420);
#1419 = CARTESIAN_POINT('',(0.,2.617993877992E-02));
#1420 = VECTOR('',#1421,1.);
#1421 = DIRECTION('',(1.,0.));
#1422 = ( GEOMETRIC_REPRESENTATION_CONTEXT(2) 
PARAMETRIC_REPRESENTATION_CONTEXT() REPRESENTATION_CONTEXT('2D SPACE',''
  ) );
#1423 = ORIENTED_EDGE('',*,*,#1374,.T.);
#1424 = ORIENTED_EDGE('',*,*,#625,.F.);
#1425 = ORIENTED_EDGE('',*,*,#1426,.F.);
#1426 = EDGE_CURVE('',#1396,#600,#1427,.T.);
#1427 = SURFACE_CURVE('',#1428,(#1431,#1437),.PCURVE_S1.);
#1428 = B_SPLINE_CURVE_WITH_KNOTS('',1,(#1429,#1430),.UNSPECIFIED.,.F.,
  .F.,(2,2),(0.,1.),.PIECEWISE_BEZIER_KNOTS.);
#1429 = CARTESIAN_POINT('',(72.045091315328,15.5,2.2));
#1430 = CARTESIAN_POINT('',(72.825431778089,15.5,32.));
#1431 = PCURVE('',#646,#1432);
#1432 = DEFINITIONAL_REPRESENTATION('',(#1433),#1436);
#1433 = B_SPLINE_CURVE_WITH_KNOTS('',1,(#1434,#1435),.UNSPECIFIED.,.F.,
  .F.,(2,2),(0.,1.),.PIECEWISE_BEZIER_KNOTS.);
#1434 = CARTESIAN_POINT('',(3.14159265359,0.));
#1435 = CARTESIAN_POINT('',(3.14159265359,29.8));
#1436 = ( GEOMETRIC_REPRESENTATION_CONTEXT(2) 
PARAMETRIC_REPRESENTATION_CONTEXT() REPRESENTATION_CONTEXT('2D SPACE',''
  ) );
#1437 = PCURVE('',#614,#1438);
#1438 = DEFINITIONAL_REPRESENTATION('',(#1439),#1442);
#1439 = B_SPLINE_CURVE_WITH_KNOTS('',1,(#1440,#1441),.UNSPECIFIED.,.F.,
  .F.,(2,2),(0.,1.),.PIECEWISE_BEZIER_KNOTS.);
#1440 = CARTESIAN_POINT('',(15.5,-29.81021521622));
#1441 = CARTESIAN_POINT('',(15.5,0.));
#1442 = ( GEOMETRIC_REPRESENTATION_CONTEXT(2) 
PARAMETRIC_REPRESENTATION_CONTEXT() REPRESENTATION_CONTEXT('2D SPACE',''
  ) );
#1443 = ADVANCED_FACE('',(#1444),#614,.F.);
#1444 = FACE_BOUND('',#1445,.F.);
#1445 = EDGE_LOOP('',(#1446,#1474,#1475,#1476));
#1446 = ORIENTED_EDGE('',*,*,#1447,.F.);
#1447 = EDGE_CURVE('',#1396,#1448,#1450,.T.);
#1448 = VERTEX_POINT('',#1449);
#1449 = CARTESIAN_POINT('',(72.115472568516,-15.5,4.88775162267));
#1450 = SURFACE_CURVE('',#1451,(#1455,#1462),.PCURVE_S1.);
#1451 = LINE('',#1452,#1453);
#1452 = CARTESIAN_POINT('',(72.115472568516,15.5,4.88775162267));
#1453 = VECTOR('',#1454,1.);
#1454 = DIRECTION('',(-0.,-1.,-0.));
#1455 = PCURVE('',#614,#1456);
#1456 = DEFINITIONAL_REPRESENTATION('',(#1457),#1461);
#1457 = LINE('',#1458,#1459);
#1458 = CARTESIAN_POINT('',(15.5,-27.12154225248));
#1459 = VECTOR('',#1460,1.);
#1460 = DIRECTION('',(-1.,0.));
#1461 = ( GEOMETRIC_REPRESENTATION_CONTEXT(2) 
PARAMETRIC_REPRESENTATION_CONTEXT() REPRESENTATION_CONTEXT('2D SPACE',''
  ) );
#1462 = PCURVE('',#1463,#1468);
#1463 = CYLINDRICAL_SURFACE('',#1464,2.76);
#1464 = AXIS2_PLACEMENT_3D('',#1465,#1466,#1467);
#1465 = CARTESIAN_POINT('',(69.356418351584,15.5,4.96));
#1466 = DIRECTION('',(-0.,-1.,-0.));
#1467 = DIRECTION('',(0.999657324976,0.,-2.617694830787E-02));
#1468 = DEFINITIONAL_REPRESENTATION('',(#1469),#1473);
#1469 = LINE('',#1470,#1471);
#1470 = CARTESIAN_POINT('',(-0.,0.));
#1471 = VECTOR('',#1472,1.);
#1472 = DIRECTION('',(-0.,1.));
#1473 = ( GEOMETRIC_REPRESENTATION_CONTEXT(2) 
PARAMETRIC_REPRESENTATION_CONTEXT() REPRESENTATION_CONTEXT('2D SPACE',''
  ) );
#1474 = ORIENTED_EDGE('',*,*,#1426,.T.);
#1475 = ORIENTED_EDGE('',*,*,#599,.T.);
#1476 = ORIENTED_EDGE('',*,*,#1477,.F.);
#1477 = EDGE_CURVE('',#1448,#567,#1478,.T.);
#1478 = SURFACE_CURVE('',#1479,(#1482,#1488),.PCURVE_S1.);
#1479 = B_SPLINE_CURVE_WITH_KNOTS('',1,(#1480,#1481),.UNSPECIFIED.,.F.,
  .F.,(2,2),(0.,1.),.PIECEWISE_BEZIER_KNOTS.);
#1480 = CARTESIAN_POINT('',(72.045091315328,-15.5,2.2));
#1481 = CARTESIAN_POINT('',(72.825431778089,-15.5,32.));
#1482 = PCURVE('',#614,#1483);
#1483 = DEFINITIONAL_REPRESENTATION('',(#1484),#1487);
#1484 = B_SPLINE_CURVE_WITH_KNOTS('',1,(#1485,#1486),.UNSPECIFIED.,.F.,
  .F.,(2,2),(0.,1.),.PIECEWISE_BEZIER_KNOTS.);
#1485 = CARTESIAN_POINT('',(-15.5,-29.81021521622));
#1486 = CARTESIAN_POINT('',(-15.5,0.));
#1487 = ( GEOMETRIC_REPRESENTATION_CONTEXT(2) 
PARAMETRIC_REPRESENTATION_CONTEXT() REPRESENTATION_CONTEXT('2D SPACE',''
  ) );
#1488 = PCURVE('',#587,#1489);
#1489 = DEFINITIONAL_REPRESENTATION('',(#1490),#1493);
#1490 = B_SPLINE_CURVE_WITH_KNOTS('',1,(#1491,#1492),.UNSPECIFIED.,.F.,
  .F.,(2,2),(0.,1.),.PIECEWISE_BEZIER_KNOTS.);
#1491 = CARTESIAN_POINT('',(3.14159265359,0.));
#1492 = CARTESIAN_POINT('',(3.14159265359,29.8));
#1493 = ( GEOMETRIC_REPRESENTATION_CONTEXT(2) 
PARAMETRIC_REPRESENTATION_CONTEXT() REPRESENTATION_CONTEXT('2D SPACE',''
  ) );
#1494 = ADVANCED_FACE('',(#1495),#587,.F.);
#1495 = FACE_BOUND('',#1496,.F.);
#1496 = EDGE_LOOP('',(#1497,#1526,#1527,#1528));
#1497 = ORIENTED_EDGE('',*,*,#1498,.F.);
#1498 = EDGE_CURVE('',#1448,#1499,#1501,.T.);
#1499 = VERTEX_POINT('',#1500);
#1500 = CARTESIAN_POINT('',(59.5,-28.11547256851,4.88775162267));
#1501 = SURFACE_CURVE('',#1502,(#1507,#1514),.PCURVE_S1.);
#1502 = CIRCLE('',#1503,12.615472568516);
#1503 = AXIS2_PLACEMENT_3D('',#1504,#1505,#1506);
#1504 = CARTESIAN_POINT('',(59.5,-15.5,4.88775162267));
#1505 = DIRECTION('',(0.,0.,-1.));
#1506 = DIRECTION('',(1.,0.,0.));
#1507 = PCURVE('',#587,#1508);
#1508 = DEFINITIONAL_REPRESENTATION('',(#1509),#1513);
#1509 = LINE('',#1510,#1511);
#1510 = CARTESIAN_POINT('',(3.14159265359,2.68775162267));
#1511 = VECTOR('',#1512,1.);
#1512 = DIRECTION('',(-1.,-0.));
#1513 = ( GEOMETRIC_REPRESENTATION_CONTEXT(2) 
PARAMETRIC_REPRESENTATION_CONTEXT() REPRESENTATION_CONTEXT('2D SPACE',''
  ) );
#1514 = PCURVE('',#1515,#1520);
#1515 = TOROIDAL_SURFACE('',#1516,9.856418351584,2.76);
#1516 = AXIS2_PLACEMENT_3D('',#1517,#1518,#1519);
#1517 = CARTESIAN_POINT('',(59.5,-15.5,4.96));
#1518 = DIRECTION('',(0.,0.,-1.));
#1519 = DIRECTION('',(1.,0.,0.));
#1520 = DEFINITIONAL_REPRESENTATION('',(#1521),#1525);
#1521 = LINE('',#1522,#1523);
#1522 = CARTESIAN_POINT('',(0.,2.617993877992E-02));
#1523 = VECTOR('',#1524,1.);
#1524 = DIRECTION('',(1.,0.));
#1525 = ( GEOMETRIC_REPRESENTATION_CONTEXT(2) 
PARAMETRIC_REPRESENTATION_CONTEXT() REPRESENTATION_CONTEXT('2D SPACE',''
  ) );
#1526 = ORIENTED_EDGE('',*,*,#1477,.T.);
#1527 = ORIENTED_EDGE('',*,*,#566,.F.);
#1528 = ORIENTED_EDGE('',*,*,#1529,.F.);
#1529 = EDGE_CURVE('',#1499,#541,#1530,.T.);
#1530 = SURFACE_CURVE('',#1531,(#1534,#1540),.PCURVE_S1.);
#1531 = B_SPLINE_CURVE_WITH_KNOTS('',1,(#1532,#1533),.UNSPECIFIED.,.F.,
  .F.,(2,2),(0.,1.),.PIECEWISE_BEZIER_KNOTS.);
#1532 = CARTESIAN_POINT('',(59.5,-28.04509131532,2.2));
#1533 = CARTESIAN_POINT('',(59.5,-28.82543177808,32.));
#1534 = PCURVE('',#587,#1535);
#1535 = DEFINITIONAL_REPRESENTATION('',(#1536),#1539);
#1536 = B_SPLINE_CURVE_WITH_KNOTS('',1,(#1537,#1538),.UNSPECIFIED.,.F.,
  .F.,(2,2),(0.,1.),.PIECEWISE_BEZIER_KNOTS.);
#1537 = CARTESIAN_POINT('',(1.570796326795,0.));
#1538 = CARTESIAN_POINT('',(1.570796326795,29.8));
#1539 = ( GEOMETRIC_REPRESENTATION_CONTEXT(2) 
PARAMETRIC_REPRESENTATION_CONTEXT() REPRESENTATION_CONTEXT('2D SPACE',''
  ) );
#1540 = PCURVE('',#555,#1541);
#1541 = DEFINITIONAL_REPRESENTATION('',(#1542),#1545);
#1542 = B_SPLINE_CURVE_WITH_KNOTS('',1,(#1543,#1544),.UNSPECIFIED.,.F.,
  .F.,(2,2),(0.,1.),.PIECEWISE_BEZIER_KNOTS.);
#1543 = CARTESIAN_POINT('',(59.5,-29.81021521622));
#1544 = CARTESIAN_POINT('',(59.5,0.));
#1545 = ( GEOMETRIC_REPRESENTATION_CONTEXT(2) 
PARAMETRIC_REPRESENTATION_CONTEXT() REPRESENTATION_CONTEXT('2D SPACE',''
  ) );
#1546 = ADVANCED_FACE('',(#1547),#555,.F.);
#1547 = FACE_BOUND('',#1548,.F.);
#1548 = EDGE_LOOP('',(#1549,#1577,#1578,#1579));
#1549 = ORIENTED_EDGE('',*,*,#1550,.F.);
#1550 = EDGE_CURVE('',#1499,#1551,#1553,.T.);
#1551 = VERTEX_POINT('',#1552);
#1552 = CARTESIAN_POINT('',(-59.5,-28.11547256851,4.88775162267));
#1553 = SURFACE_CURVE('',#1554,(#1558,#1565),.PCURVE_S1.);
#1554 = LINE('',#1555,#1556);
#1555 = CARTESIAN_POINT('',(59.5,-28.11547256851,4.88775162267));
#1556 = VECTOR('',#1557,1.);
#1557 = DIRECTION('',(-1.,-0.,-0.));
#1558 = PCURVE('',#555,#1559);
#1559 = DEFINITIONAL_REPRESENTATION('',(#1560),#1564);
#1560 = LINE('',#1561,#1562);
#1561 = CARTESIAN_POINT('',(59.5,-27.12154225248));
#1562 = VECTOR('',#1563,1.);
#1563 = DIRECTION('',(-1.,0.));
#1564 = ( GEOMETRIC_REPRESENTATION_CONTEXT(2) 
PARAMETRIC_REPRESENTATION_CONTEXT() REPRESENTATION_CONTEXT('2D SPACE',''
  ) );
#1565 = PCURVE('',#1566,#1571);
#1566 = CYLINDRICAL_SURFACE('',#1567,2.76);
#1567 = AXIS2_PLACEMENT_3D('',#1568,#1569,#1570);
#1568 = CARTESIAN_POINT('',(59.5,-25.35641835158,4.96));
#1569 = DIRECTION('',(-1.,-0.,-0.));
#1570 = DIRECTION('',(0.,-0.999657324976,-2.617694830787E-02));
#1571 = DEFINITIONAL_REPRESENTATION('',(#1572),#1576);
#1572 = LINE('',#1573,#1574);
#1573 = CARTESIAN_POINT('',(-0.,0.));
#1574 = VECTOR('',#1575,1.);
#1575 = DIRECTION('',(-0.,1.));
#1576 = ( GEOMETRIC_REPRESENTATION_CONTEXT(2) 
PARAMETRIC_REPRESENTATION_CONTEXT() REPRESENTATION_CONTEXT('2D SPACE',''
  ) );
#1577 = ORIENTED_EDGE('',*,*,#1529,.T.);
#1578 = ORIENTED_EDGE('',*,*,#540,.T.);
#1579 = ORIENTED_EDGE('',*,*,#1580,.F.);
#1580 = EDGE_CURVE('',#1551,#508,#1581,.T.);
#1581 = SURFACE_CURVE('',#1582,(#1585,#1591),.PCURVE_S1.);
#1582 = B_SPLINE_CURVE_WITH_KNOTS('',1,(#1583,#1584),.UNSPECIFIED.,.F.,
  .F.,(2,2),(0.,1.),.PIECEWISE_BEZIER_KNOTS.);
#1583 = CARTESIAN_POINT('',(-59.5,-28.04509131532,2.2));
#1584 = CARTESIAN_POINT('',(-59.5,-28.82543177808,32.));
#1585 = PCURVE('',#555,#1586);
#1586 = DEFINITIONAL_REPRESENTATION('',(#1587),#1590);
#1587 = B_SPLINE_CURVE_WITH_KNOTS('',1,(#1588,#1589),.UNSPECIFIED.,.F.,
  .F.,(2,2),(0.,1.),.PIECEWISE_BEZIER_KNOTS.);
#1588 = CARTESIAN_POINT('',(-59.5,-29.81021521622));
#1589 = CARTESIAN_POINT('',(-59.5,0.));
#1590 = ( GEOMETRIC_REPRESENTATION_CONTEXT(2) 
PARAMETRIC_REPRESENTATION_CONTEXT() REPRESENTATION_CONTEXT('2D SPACE',''
  ) );
#1591 = PCURVE('',#528,#1592);
#1592 = DEFINITIONAL_REPRESENTATION('',(#1593),#1596);
#1593 = B_SPLINE_CURVE_WITH_KNOTS('',1,(#1594,#1595),.UNSPECIFIED.,.F.,
  .F.,(2,2),(0.,1.),.PIECEWISE_BEZIER_KNOTS.);
#1594 = CARTESIAN_POINT('',(1.570796326795,0.));
#1595 = CARTESIAN_POINT('',(1.570796326795,29.8));
#1596 = ( GEOMETRIC_REPRESENTATION_CONTEXT(2) 
PARAMETRIC_REPRESENTATION_CONTEXT() REPRESENTATION_CONTEXT('2D SPACE',''
  ) );
#1597 = ADVANCED_FACE('',(#1598),#528,.F.);
#1598 = FACE_BOUND('',#1599,.F.);
#1599 = EDGE_LOOP('',(#1600,#1627,#1628,#1629));
#1600 = ORIENTED_EDGE('',*,*,#1601,.F.);
#1601 = EDGE_CURVE('',#1551,#1223,#1602,.T.);
#1602 = SURFACE_CURVE('',#1603,(#1608,#1615),.PCURVE_S1.);
#1603 = CIRCLE('',#1604,12.615472568516);
#1604 = AXIS2_PLACEMENT_3D('',#1605,#1606,#1607);
#1605 = CARTESIAN_POINT('',(-59.5,-15.5,4.88775162267));
#1606 = DIRECTION('',(0.,0.,-1.));
#1607 = DIRECTION('',(0.,-1.,0.));
#1608 = PCURVE('',#528,#1609);
#1609 = DEFINITIONAL_REPRESENTATION('',(#1610),#1614);
#1610 = LINE('',#1611,#1612);
#1611 = CARTESIAN_POINT('',(1.570796326795,2.68775162267));
#1612 = VECTOR('',#1613,1.);
#1613 = DIRECTION('',(-1.,-0.));
#1614 = ( GEOMETRIC_REPRESENTATION_CONTEXT(2) 
PARAMETRIC_REPRESENTATION_CONTEXT() REPRESENTATION_CONTEXT('2D SPACE',''
  ) );
#1615 = PCURVE('',#1616,#1621);
#1616 = TOROIDAL_SURFACE('',#1617,9.856418351584,2.76);
#1617 = AXIS2_PLACEMENT_3D('',#1618,#1619,#1620);
#1618 = CARTESIAN_POINT('',(-59.5,-15.5,4.96));
#1619 = DIRECTION('',(0.,0.,-1.));
#1620 = DIRECTION('',(0.,-1.,0.));
#1621 = DEFINITIONAL_REPRESENTATION('',(#1622),#1626);
#1622 = LINE('',#1623,#1624);
#1623 = CARTESIAN_POINT('',(0.,2.617993877992E-02));
#1624 = VECTOR('',#1625,1.);
#1625 = DIRECTION('',(1.,0.));
#1626 = ( GEOMETRIC_REPRESENTATION_CONTEXT(2) 
PARAMETRIC_REPRESENTATION_CONTEXT() REPRESENTATION_CONTEXT('2D SPACE',''
  ) );
#1627 = ORIENTED_EDGE('',*,*,#1580,.T.);
#1628 = ORIENTED_EDGE('',*,*,#507,.F.);
#1629 = ORIENTED_EDGE('',*,*,#1252,.F.);
#1630 = ADVANCED_FACE('',(#1631),#801,.T.);
#1631 = FACE_BOUND('',#1632,.F.);
#1632 = EDGE_LOOP('',(#1633,#1653,#1654,#1655));
#1633 = ORIENTED_EDGE('',*,*,#1634,.T.);
#1634 = EDGE_CURVE('',#766,#976,#1635,.T.);
#1635 = SURFACE_CURVE('',#1636,(#1641,#1647),.PCURVE_S1.);
#1636 = CIRCLE('',#1637,4.96);
#1637 = AXIS2_PLACEMENT_3D('',#1638,#1639,#1640);
#1638 = CARTESIAN_POINT('',(59.5,-25.35641835158,4.96));
#1639 = DIRECTION('',(1.,-5.97050406262E-17,0.));
#1640 = DIRECTION('',(-5.97050406262E-17,-1.,0.));
#1641 = PCURVE('',#801,#1642);
#1642 = DEFINITIONAL_REPRESENTATION('',(#1643),#1646);
#1643 = B_SPLINE_CURVE_WITH_KNOTS('',1,(#1644,#1645),.UNSPECIFIED.,.F.,
  .F.,(2,2),(2.617993877992E-02,1.570796326795),
  .PIECEWISE_BEZIER_KNOTS.);
#1644 = CARTESIAN_POINT('',(0.,1.42108547152E-14));
#1645 = CARTESIAN_POINT('',(-1.544616388015,1.42108547152E-14));
#1646 = ( GEOMETRIC_REPRESENTATION_CONTEXT(2) 
PARAMETRIC_REPRESENTATION_CONTEXT() REPRESENTATION_CONTEXT('2D SPACE',''
  ) );
#1647 = PCURVE('',#992,#1648);
#1648 = DEFINITIONAL_REPRESENTATION('',(#1649),#1652);
#1649 = B_SPLINE_CURVE_WITH_KNOTS('',1,(#1650,#1651),.UNSPECIFIED.,.F.,
  .F.,(2,2),(2.617993877992E-02,1.570796326795),
  .PIECEWISE_BEZIER_KNOTS.);
#1650 = CARTESIAN_POINT('',(1.570796326795,2.617993877992E-02));
#1651 = CARTESIAN_POINT('',(1.570796326795,1.570796326795));
#1652 = ( GEOMETRIC_REPRESENTATION_CONTEXT(2) 
PARAMETRIC_REPRESENTATION_CONTEXT() REPRESENTATION_CONTEXT('2D SPACE',''
  ) );
#1653 = ORIENTED_EDGE('',*,*,#1004,.T.);
#1654 = ORIENTED_EDGE('',*,*,#816,.F.);
#1655 = ORIENTED_EDGE('',*,*,#787,.F.);
#1656 = ADVANCED_FACE('',(#1657),#906,.T.);
#1657 = FACE_BOUND('',#1658,.F.);
#1658 = EDGE_LOOP('',(#1659,#1660,#1661,#1681));
#1659 = ORIENTED_EDGE('',*,*,#1031,.T.);
#1660 = ORIENTED_EDGE('',*,*,#890,.T.);
#1661 = ORIENTED_EDGE('',*,*,#1662,.F.);
#1662 = EDGE_CURVE('',#1058,#891,#1663,.T.);
#1663 = SURFACE_CURVE('',#1664,(#1669,#1675),.PCURVE_S1.);
#1664 = CIRCLE('',#1665,4.96);
#1665 = AXIS2_PLACEMENT_3D('',#1666,#1667,#1668);
#1666 = CARTESIAN_POINT('',(59.5,25.356418351584,4.96));
#1667 = DIRECTION('',(-1.,0.,-0.));
#1668 = DIRECTION('',(0.,0.999657324976,-2.617694830787E-02));
#1669 = PCURVE('',#906,#1670);
#1670 = DEFINITIONAL_REPRESENTATION('',(#1671),#1674);
#1671 = B_SPLINE_CURVE_WITH_KNOTS('',1,(#1672,#1673),.UNSPECIFIED.,.F.,
  .F.,(2,2),(0.,1.544616388015),.PIECEWISE_BEZIER_KNOTS.);
#1672 = CARTESIAN_POINT('',(0.,119.));
#1673 = CARTESIAN_POINT('',(-1.544616388015,119.));
#1674 = ( GEOMETRIC_REPRESENTATION_CONTEXT(2) 
PARAMETRIC_REPRESENTATION_CONTEXT() REPRESENTATION_CONTEXT('2D SPACE',''
  ) );
#1675 = PCURVE('',#935,#1676);
#1676 = DEFINITIONAL_REPRESENTATION('',(#1677),#1680);
#1677 = B_SPLINE_CURVE_WITH_KNOTS('',1,(#1678,#1679),.UNSPECIFIED.,.F.,
  .F.,(2,2),(0.,1.544616388015),.PIECEWISE_BEZIER_KNOTS.);
#1678 = CARTESIAN_POINT('',(0.,2.617993877992E-02));
#1679 = CARTESIAN_POINT('',(0.,1.570796326795));
#1680 = ( GEOMETRIC_REPRESENTATION_CONTEXT(2) 
PARAMETRIC_REPRESENTATION_CONTEXT() REPRESENTATION_CONTEXT('2D SPACE',''
  ) );
#1681 = ORIENTED_EDGE('',*,*,#1077,.F.);
#1682 = ADVANCED_FACE('',(#1683),#992,.T.);
#1683 = FACE_BOUND('',#1684,.T.);
#1684 = EDGE_LOOP('',(#1685,#1705,#1706,#1707));
#1685 = ORIENTED_EDGE('',*,*,#1686,.F.);
#1686 = EDGE_CURVE('',#1102,#948,#1687,.T.);
#1687 = SURFACE_CURVE('',#1688,(#1693,#1699),.PCURVE_S1.);
#1688 = CIRCLE('',#1689,4.96);
#1689 = AXIS2_PLACEMENT_3D('',#1690,#1691,#1692);
#1690 = CARTESIAN_POINT('',(69.356418351584,-15.5,4.96));
#1691 = DIRECTION('',(0.,1.,0.));
#1692 = DIRECTION('',(0.999657324976,0.,-2.617694830787E-02));
#1693 = PCURVE('',#992,#1694);
#1694 = DEFINITIONAL_REPRESENTATION('',(#1695),#1698);
#1695 = B_SPLINE_CURVE_WITH_KNOTS('',1,(#1696,#1697),.UNSPECIFIED.,.F.,
  .F.,(2,2),(0.,1.544616388015),.PIECEWISE_BEZIER_KNOTS.);
#1696 = CARTESIAN_POINT('',(0.,2.617993877992E-02));
#1697 = CARTESIAN_POINT('',(0.,1.570796326795));
#1698 = ( GEOMETRIC_REPRESENTATION_CONTEXT(2) 
PARAMETRIC_REPRESENTATION_CONTEXT() REPRESENTATION_CONTEXT('2D SPACE',''
  ) );
#1699 = PCURVE('',#963,#1700);
#1700 = DEFINITIONAL_REPRESENTATION('',(#1701),#1704);
#1701 = B_SPLINE_CURVE_WITH_KNOTS('',1,(#1702,#1703),.UNSPECIFIED.,.F.,
  .F.,(2,2),(0.,1.544616388015),.PIECEWISE_BEZIER_KNOTS.);
#1702 = CARTESIAN_POINT('',(0.,31.));
#1703 = CARTESIAN_POINT('',(-1.544616388015,31.));
#1704 = ( GEOMETRIC_REPRESENTATION_CONTEXT(2) 
PARAMETRIC_REPRESENTATION_CONTEXT() REPRESENTATION_CONTEXT('2D SPACE',''
  ) );
#1705 = ORIENTED_EDGE('',*,*,#1123,.T.);
#1706 = ORIENTED_EDGE('',*,*,#1634,.T.);
#1707 = ORIENTED_EDGE('',*,*,#975,.F.);
#1708 = ADVANCED_FACE('',(#1709),#935,.T.);
#1709 = FACE_BOUND('',#1710,.T.);
#1710 = EDGE_LOOP('',(#1711,#1712,#1713,#1733));
#1711 = ORIENTED_EDGE('',*,*,#1662,.F.);
#1712 = ORIENTED_EDGE('',*,*,#1170,.T.);
#1713 = ORIENTED_EDGE('',*,*,#1714,.T.);
#1714 = EDGE_CURVE('',#1151,#919,#1715,.T.);
#1715 = SURFACE_CURVE('',#1716,(#1721,#1727),.PCURVE_S1.);
#1716 = CIRCLE('',#1717,4.96);
#1717 = AXIS2_PLACEMENT_3D('',#1718,#1719,#1720);
#1718 = CARTESIAN_POINT('',(69.356418351584,15.5,4.96));
#1719 = DIRECTION('',(-6.123233995737E-17,1.,0.));
#1720 = DIRECTION('',(1.,6.123233995737E-17,0.));
#1721 = PCURVE('',#935,#1722);
#1722 = DEFINITIONAL_REPRESENTATION('',(#1723),#1726);
#1723 = B_SPLINE_CURVE_WITH_KNOTS('',1,(#1724,#1725),.UNSPECIFIED.,.F.,
  .F.,(2,2),(2.617993877992E-02,1.570796326795),
  .PIECEWISE_BEZIER_KNOTS.);
#1724 = CARTESIAN_POINT('',(1.570796326795,2.617993877992E-02));
#1725 = CARTESIAN_POINT('',(1.570796326795,1.570796326795));
#1726 = ( GEOMETRIC_REPRESENTATION_CONTEXT(2) 
PARAMETRIC_REPRESENTATION_CONTEXT() REPRESENTATION_CONTEXT('2D SPACE',''
  ) );
#1727 = PCURVE('',#963,#1728);
#1728 = DEFINITIONAL_REPRESENTATION('',(#1729),#1732);
#1729 = B_SPLINE_CURVE_WITH_KNOTS('',1,(#1730,#1731),.UNSPECIFIED.,.F.,
  .F.,(2,2),(2.617993877992E-02,1.570796326795),
  .PIECEWISE_BEZIER_KNOTS.);
#1730 = CARTESIAN_POINT('',(0.,0.));
#1731 = CARTESIAN_POINT('',(-1.544616388015,0.));
#1732 = ( GEOMETRIC_REPRESENTATION_CONTEXT(2) 
PARAMETRIC_REPRESENTATION_CONTEXT() REPRESENTATION_CONTEXT('2D SPACE',''
  ) );
#1733 = ORIENTED_EDGE('',*,*,#918,.F.);
#1734 = ADVANCED_FACE('',(#1735),#963,.T.);
#1735 = FACE_BOUND('',#1736,.F.);
#1736 = EDGE_LOOP('',(#1737,#1738,#1739,#1740));
#1737 = ORIENTED_EDGE('',*,*,#1714,.T.);
#1738 = ORIENTED_EDGE('',*,*,#947,.T.);
#1739 = ORIENTED_EDGE('',*,*,#1686,.F.);
#1740 = ORIENTED_EDGE('',*,*,#1198,.F.);
#1741 = ADVANCED_FACE('',(#1742),#1240,.F.);
#1742 = FACE_BOUND('',#1743,.T.);
#1743 = EDGE_LOOP('',(#1744,#1766,#1794,#1814));
#1744 = ORIENTED_EDGE('',*,*,#1745,.T.);
#1745 = EDGE_CURVE('',#1223,#1746,#1748,.T.);
#1746 = VERTEX_POINT('',#1747);
#1747 = CARTESIAN_POINT('',(-69.35641835158,-15.5,2.2));
#1748 = SURFACE_CURVE('',#1749,(#1754,#1760),.PCURVE_S1.);
#1749 = CIRCLE('',#1750,2.76);
#1750 = AXIS2_PLACEMENT_3D('',#1751,#1752,#1753);
#1751 = CARTESIAN_POINT('',(-69.35641835158,-15.5,4.96));
#1752 = DIRECTION('',(0.,-1.,-0.));
#1753 = DIRECTION('',(-0.999657324976,0.,-2.617694830787E-02));
#1754 = PCURVE('',#1240,#1755);
#1755 = DEFINITIONAL_REPRESENTATION('',(#1756),#1759);
#1756 = B_SPLINE_CURVE_WITH_KNOTS('',1,(#1757,#1758),.UNSPECIFIED.,.F.,
  .F.,(2,2),(0.,1.544616388015),.PIECEWISE_BEZIER_KNOTS.);
#1757 = CARTESIAN_POINT('',(0.,0.));
#1758 = CARTESIAN_POINT('',(-1.544616388015,0.));
#1759 = ( GEOMETRIC_REPRESENTATION_CONTEXT(2) 
PARAMETRIC_REPRESENTATION_CONTEXT() REPRESENTATION_CONTEXT('2D SPACE',''
  ) );
#1760 = PCURVE('',#1616,#1761);
#1761 = DEFINITIONAL_REPRESENTATION('',(#1762),#1765);
#1762 = B_SPLINE_CURVE_WITH_KNOTS('',1,(#1763,#1764),.UNSPECIFIED.,.F.,
  .F.,(2,2),(0.,1.544616388015),.PIECEWISE_BEZIER_KNOTS.);
#1763 = CARTESIAN_POINT('',(1.570796326795,2.617993877992E-02));
#1764 = CARTESIAN_POINT('',(1.570796326795,1.570796326795));
#1765 = ( GEOMETRIC_REPRESENTATION_CONTEXT(2) 
PARAMETRIC_REPRESENTATION_CONTEXT() REPRESENTATION_CONTEXT('2D SPACE',''
  ) );
#1766 = ORIENTED_EDGE('',*,*,#1767,.T.);
#1767 = EDGE_CURVE('',#1746,#1768,#1770,.T.);
#1768 = VERTEX_POINT('',#1769);
#1769 = CARTESIAN_POINT('',(-69.35641835158,15.5,2.2));
#1770 = SURFACE_CURVE('',#1771,(#1775,#1782),.PCURVE_S1.);
#1771 = LINE('',#1772,#1773);
#1772 = CARTESIAN_POINT('',(-69.35641835158,-15.5,2.2));
#1773 = VECTOR('',#1774,1.);
#1774 = DIRECTION('',(0.,1.,0.));
#1775 = PCURVE('',#1240,#1776);
#1776 = DEFINITIONAL_REPRESENTATION('',(#1777),#1781);
#1777 = LINE('',#1778,#1779);
#1778 = CARTESIAN_POINT('',(-1.544616388015,0.));
#1779 = VECTOR('',#1780,1.);
#1780 = DIRECTION('',(-0.,1.));
#1781 = ( GEOMETRIC_REPRESENTATION_CONTEXT(2) 
PARAMETRIC_REPRESENTATION_CONTEXT() REPRESENTATION_CONTEXT('2D SPACE',''
  ) );
#1782 = PCURVE('',#1783,#1788);
#1783 = PLANE('',#1784);
#1784 = AXIS2_PLACEMENT_3D('',#1785,#1786,#1787);
#1785 = CARTESIAN_POINT('',(-59.5,-15.5,2.2));
#1786 = DIRECTION('',(0.,0.,-1.));
#1787 = DIRECTION('',(-1.,0.,0.));
#1788 = DEFINITIONAL_REPRESENTATION('',(#1789),#1793);
#1789 = LINE('',#1790,#1791);
#1790 = CARTESIAN_POINT('',(9.856418351584,-3.552713678801E-15));
#1791 = VECTOR('',#1792,1.);
#1792 = DIRECTION('',(0.,1.));
#1793 = ( GEOMETRIC_REPRESENTATION_CONTEXT(2) 
PARAMETRIC_REPRESENTATION_CONTEXT() REPRESENTATION_CONTEXT('2D SPACE',''
  ) );
#1794 = ORIENTED_EDGE('',*,*,#1795,.F.);
#1795 = EDGE_CURVE('',#1225,#1768,#1796,.T.);
#1796 = SURFACE_CURVE('',#1797,(#1802,#1808),.PCURVE_S1.);
#1797 = CIRCLE('',#1798,2.76);
#1798 = AXIS2_PLACEMENT_3D('',#1799,#1800,#1801);
#1799 = CARTESIAN_POINT('',(-69.35641835158,15.5,4.96));
#1800 = DIRECTION('',(0.,-1.,-0.));
#1801 = DIRECTION('',(-0.999657324976,0.,-2.617694830787E-02));
#1802 = PCURVE('',#1240,#1803);
#1803 = DEFINITIONAL_REPRESENTATION('',(#1804),#1807);
#1804 = B_SPLINE_CURVE_WITH_KNOTS('',1,(#1805,#1806),.UNSPECIFIED.,.F.,
  .F.,(2,2),(0.,1.544616388015),.PIECEWISE_BEZIER_KNOTS.);
#1805 = CARTESIAN_POINT('',(0.,31.));
#1806 = CARTESIAN_POINT('',(-1.544616388015,31.));
#1807 = ( GEOMETRIC_REPRESENTATION_CONTEXT(2) 
PARAMETRIC_REPRESENTATION_CONTEXT() REPRESENTATION_CONTEXT('2D SPACE',''
  ) );
#1808 = PCURVE('',#1309,#1809);
#1809 = DEFINITIONAL_REPRESENTATION('',(#1810),#1813);
#1810 = B_SPLINE_CURVE_WITH_KNOTS('',1,(#1811,#1812),.UNSPECIFIED.,.F.,
  .F.,(2,2),(0.,1.544616388015),.PIECEWISE_BEZIER_KNOTS.);
#1811 = CARTESIAN_POINT('',(0.,2.617993877992E-02));
#1812 = CARTESIAN_POINT('',(0.,1.570796326795));
#1813 = ( GEOMETRIC_REPRESENTATION_CONTEXT(2) 
PARAMETRIC_REPRESENTATION_CONTEXT() REPRESENTATION_CONTEXT('2D SPACE',''
  ) );
#1814 = ORIENTED_EDGE('',*,*,#1222,.F.);
#1815 = ADVANCED_FACE('',(#1816),#1309,.F.);
#1816 = FACE_BOUND('',#1817,.F.);
#1817 = EDGE_LOOP('',(#1818,#1819,#1820,#1842,#1866,#2071));
#1818 = ORIENTED_EDGE('',*,*,#1795,.F.);
#1819 = ORIENTED_EDGE('',*,*,#1292,.T.);
#1820 = ORIENTED_EDGE('',*,*,#1821,.T.);
#1821 = EDGE_CURVE('',#1293,#1822,#1824,.T.);
#1822 = VERTEX_POINT('',#1823);
#1823 = CARTESIAN_POINT('',(-59.5,25.356418351584,2.2));
#1824 = SURFACE_CURVE('',#1825,(#1830,#1836),.PCURVE_S1.);
#1825 = CIRCLE('',#1826,2.76);
#1826 = AXIS2_PLACEMENT_3D('',#1827,#1828,#1829);
#1827 = CARTESIAN_POINT('',(-59.5,25.356418351584,4.96));
#1828 = DIRECTION('',(-1.,8.036542085207E-17,0.));
#1829 = DIRECTION('',(8.036542085207E-17,1.,0.));
#1830 = PCURVE('',#1309,#1831);
#1831 = DEFINITIONAL_REPRESENTATION('',(#1832),#1835);
#1832 = B_SPLINE_CURVE_WITH_KNOTS('',1,(#1833,#1834),.UNSPECIFIED.,.F.,
  .F.,(2,2),(2.617993877992E-02,1.570796326795),
  .PIECEWISE_BEZIER_KNOTS.);
#1833 = CARTESIAN_POINT('',(1.570796326795,2.617993877992E-02));
#1834 = CARTESIAN_POINT('',(1.570796326795,1.570796326795));
#1835 = ( GEOMETRIC_REPRESENTATION_CONTEXT(2) 
PARAMETRIC_REPRESENTATION_CONTEXT() REPRESENTATION_CONTEXT('2D SPACE',''
  ) );
#1836 = PCURVE('',#1360,#1837);
#1837 = DEFINITIONAL_REPRESENTATION('',(#1838),#1841);
#1838 = B_SPLINE_CURVE_WITH_KNOTS('',1,(#1839,#1840),.UNSPECIFIED.,.F.,
  .F.,(2,2),(2.617993877992E-02,1.570796326795),
  .PIECEWISE_BEZIER_KNOTS.);
#1839 = CARTESIAN_POINT('',(0.,0.));
#1840 = CARTESIAN_POINT('',(-1.544616388015,0.));
#1841 = ( GEOMETRIC_REPRESENTATION_CONTEXT(2) 
PARAMETRIC_REPRESENTATION_CONTEXT() REPRESENTATION_CONTEXT('2D SPACE',''
  ) );
#1842 = ORIENTED_EDGE('',*,*,#1843,.F.);
#1843 = EDGE_CURVE('',#1844,#1822,#1846,.T.);
#1844 = VERTEX_POINT('',#1845);
#1845 = CARTESIAN_POINT('',(-64.53146811142,23.97545346074,2.2));
#1846 = SURFACE_CURVE('',#1847,(#1852,#1859),.PCURVE_S1.);
#1847 = CIRCLE('',#1848,9.856418351584);
#1848 = AXIS2_PLACEMENT_3D('',#1849,#1850,#1851);
#1849 = CARTESIAN_POINT('',(-59.5,15.5,2.2));
#1850 = DIRECTION('',(0.,0.,-1.));
#1851 = DIRECTION('',(-1.,1.415977608094E-16,0.));
#1852 = PCURVE('',#1309,#1853);
#1853 = DEFINITIONAL_REPRESENTATION('',(#1854),#1858);
#1854 = LINE('',#1855,#1856);
#1855 = CARTESIAN_POINT('',(0.,1.570796326795));
#1856 = VECTOR('',#1857,1.);
#1857 = DIRECTION('',(1.,0.));
#1858 = ( GEOMETRIC_REPRESENTATION_CONTEXT(2) 
PARAMETRIC_REPRESENTATION_CONTEXT() REPRESENTATION_CONTEXT('2D SPACE',''
  ) );
#1859 = PCURVE('',#1783,#1860);
#1860 = DEFINITIONAL_REPRESENTATION('',(#1861),#1865);
#1861 = CIRCLE('',#1862,9.856418351584);
#1862 = AXIS2_PLACEMENT_2D('',#1863,#1864);
#1863 = CARTESIAN_POINT('',(0.,31.));
#1864 = DIRECTION('',(1.,3.604467213214E-16));
#1865 = ( GEOMETRIC_REPRESENTATION_CONTEXT(2) 
PARAMETRIC_REPRESENTATION_CONTEXT() REPRESENTATION_CONTEXT('2D SPACE',''
  ) );
#1866 = ORIENTED_EDGE('',*,*,#1867,.T.);
#1867 = EDGE_CURVE('',#1844,#1868,#1870,.T.);
#1868 = VERTEX_POINT('',#1869);
#1869 = CARTESIAN_POINT('',(-67.97545346074,20.531468111422,2.2));
#1870 = SURFACE_CURVE('',#1871,(#1934,#2000),.PCURVE_S1.);
#1871 = B_SPLINE_CURVE_WITH_KNOTS('',6,(#1872,#1873,#1874,#1875,#1876,
    #1877,#1878,#1879,#1880,#1881,#1882,#1883,#1884,#1885,#1886,#1887,
    #1888,#1889,#1890,#1891,#1892,#1893,#1894,#1895,#1896,#1897,#1898,
    #1899,#1900,#1901,#1902,#1903,#1904,#1905,#1906,#1907,#1908,#1909,
    #1910,#1911,#1912,#1913,#1914,#1915,#1916,#1917,#1918,#1919,#1920,
    #1921,#1922,#1923,#1924,#1925,#1926,#1927,#1928,#1929,#1930,#1931,
    #1932,#1933),.UNSPECIFIED.,.F.,.F.,(7,5,5,5,5,5,5,5,5,5,5,5,7),(0.,
    8.72110118732E-02,0.135009047116,0.239702089318,0.382425386557,
    0.424877347232,0.499931093057,0.57579956759,0.616206889429,
    0.759744257167,0.865442130441,0.91320994955,1.),.UNSPECIFIED.);
#1872 = CARTESIAN_POINT('',(-64.53146811142,23.97545346074,2.2));
#1873 = CARTESIAN_POINT('',(-64.61410132059,24.029666981432,2.2));
#1874 = CARTESIAN_POINT('',(-64.6995026099,24.079955714575,2.20342849073
    ));
#1875 = CARTESIAN_POINT('',(-64.78723834893,24.126008470811,
    2.210034363713));
#1876 = CARTESIAN_POINT('',(-64.87689101038,24.16764544422,
    2.219501807636));
#1877 = CARTESIAN_POINT('',(-64.96808359161,24.204774043438,
    2.231502751326));
#1878 = CARTESIAN_POINT('',(-65.11114188937,24.255214441208,
    2.253501269805));
#1879 = CARTESIAN_POINT('',(-65.16215676607,24.271707063383,
    2.261953385856));
#1880 = CARTESIAN_POINT('',(-65.21348717992,24.286828774439,
    2.271016257208));
#1881 = CARTESIAN_POINT('',(-65.26508580176,24.300578088157,
    2.28063730893));
#1882 = CARTESIAN_POINT('',(-65.31690987805,24.312956435307,
    2.290764968884));
#1883 = CARTESIAN_POINT('',(-65.48284382292,24.34808284157,2.32453189714
    ));
#1884 = CARTESIAN_POINT('',(-65.59764982977,24.365632579765,
    2.349901530317));
#1885 = CARTESIAN_POINT('',(-65.71296819846,24.376654761353,
    2.376935316269));
#1886 = CARTESIAN_POINT('',(-65.82847525752,24.381201925765,
    2.405134061966));
#1887 = CARTESIAN_POINT('',(-65.9438985178,24.379311611124,2.43401301626
    ));
#1888 = CARTESIAN_POINT('',(-66.21596027316,24.359616267155,
    2.502735894395));
#1889 = CARTESIAN_POINT('',(-66.37225383914,24.336285722431,
    2.542730521476));
#1890 = CARTESIAN_POINT('',(-66.52742550138,24.300981463423,2.5818776151
    ));
#1891 = CARTESIAN_POINT('',(-66.68075975678,24.253539785517,
    2.618896623078));
#1892 = CARTESIAN_POINT('',(-66.83134774522,24.193778276344,
    2.65231549003));
#1893 = CARTESIAN_POINT('',(-67.02164683959,24.100208657136,
    2.689193349426));
#1894 = CARTESIAN_POINT('',(-67.0649188011,24.077668407386,
    2.697204177989));
#1895 = CARTESIAN_POINT('',(-67.1078008317,24.054041292946,
    2.704734243828));
#1896 = CARTESIAN_POINT('',(-67.15025408182,24.029332514157,
    2.711746917676));
#1897 = CARTESIAN_POINT('',(-67.19223643353,24.003551440811,
    2.718207522134));
#1898 = CARTESIAN_POINT('',(-67.30701405782,23.929263089268,
    2.734475303675));
#1899 = CARTESIAN_POINT('',(-67.37872120813,23.878502083573,
    2.743043634548));
#1900 = CARTESIAN_POINT('',(-67.44855926592,23.824520834376,
    2.749612819868));
#1901 = CARTESIAN_POINT('',(-67.51625878611,23.767452381006,
    2.754046437467));
#1902 = CARTESIAN_POINT('',(-67.58155438698,23.707483912352,
    2.756267495423));
#1903 = CARTESIAN_POINT('',(-67.70751211346,23.581574117753,
    2.756287482135));
#1904 = CARTESIAN_POINT('',(-67.76812851687,23.515562747598,
    2.754038154308));
#1905 = CARTESIAN_POINT('',(-67.82578021409,23.447095920315,
    2.749527509936));
#1906 = CARTESIAN_POINT('',(-67.88027428385,23.376447876901,
    2.742835624746));
#1907 = CARTESIAN_POINT('',(-67.9314743456,23.303896895135,
    2.734104453033));
#1908 = CARTESIAN_POINT('',(-68.00475303542,23.190207860207,
    2.717879210363));
#1909 = CARTESIAN_POINT('',(-68.02925938336,23.15023459192,
    2.711713954146));
#1910 = CARTESIAN_POINT('',(-68.0527942592,23.10983521324,2.705049118246
    ));
#1911 = CARTESIAN_POINT('',(-68.07534954561,23.069046045987,
    2.697914573846));
#1912 = CARTESIAN_POINT('',(-68.0969205684,23.027900725237,
    2.690341809802));
#1913 = CARTESIAN_POINT('',(-68.19062680927,22.839114960697,
    2.654019622145));
#1914 = CARTESIAN_POINT('',(-68.25125223156,22.68778949382,
    2.620569354009));
#1915 = CARTESIAN_POINT('',(-68.29941041637,22.533654874788,
    2.58342893793));
#1916 = CARTESIAN_POINT('',(-68.33528753018,22.377642742925,
    2.544100604429));
#1917 = CARTESIAN_POINT('',(-68.3590523999,22.220484177639,
    2.503888592848));
#1918 = CARTESIAN_POINT('',(-68.3792967128,21.9464439987,2.434648870236)
  );
#1919 = CARTESIAN_POINT('',(-68.38131411926,21.82991423651,2.4054793712)
  );
#1920 = CARTESIAN_POINT('',(-68.37677059721,21.713295561311,
    2.376997474325));
#1921 = CARTESIAN_POINT('',(-68.3656274944,21.59686818992,2.349701911704
    ));
#1922 = CARTESIAN_POINT('',(-68.34783056228,21.480965443731,
    2.324106383292));
#1923 = CARTESIAN_POINT('',(-68.31227212325,21.314000517886,
    2.290193296533));
#1924 = CARTESIAN_POINT('',(-68.29983777882,21.262219729705,
    2.280095324329));
#1925 = CARTESIAN_POINT('',(-68.28603415222,21.210665650967,
    2.270505214595));
#1926 = CARTESIAN_POINT('',(-68.27085988051,21.159381078109,
    2.261474473903));
#1927 = CARTESIAN_POINT('',(-68.25431654037,21.108413379474,
    2.253055602672));
#1928 = CARTESIAN_POINT('',(-68.20387555021,20.965879725415,
    2.231213268053));
#1929 = CARTESIAN_POINT('',(-68.16683960828,20.875158020595,
    2.219319697574));
#1930 = CARTESIAN_POINT('',(-68.12534063139,20.785965913517,
    2.209937830527));
#1931 = CARTESIAN_POINT('',(-68.07946918964,20.698677027026,
    2.203395942994));
#1932 = CARTESIAN_POINT('',(-68.02940492892,20.613701895514,2.2));
#1933 = CARTESIAN_POINT('',(-67.97545346074,20.531468111423,2.2));
#1934 = PCURVE('',#1309,#1935);
#1935 = DEFINITIONAL_REPRESENTATION('',(#1936),#1999);
#1936 = B_SPLINE_CURVE_WITH_KNOTS('',6,(#1937,#1938,#1939,#1940,#1941,
    #1942,#1943,#1944,#1945,#1946,#1947,#1948,#1949,#1950,#1951,#1952,
    #1953,#1954,#1955,#1956,#1957,#1958,#1959,#1960,#1961,#1962,#1963,
    #1964,#1965,#1966,#1967,#1968,#1969,#1970,#1971,#1972,#1973,#1974,
    #1975,#1976,#1977,#1978,#1979,#1980,#1981,#1982,#1983,#1984,#1985,
    #1986,#1987,#1988,#1989,#1990,#1991,#1992,#1993,#1994,#1995,#1996,
    #1997,#1998),.UNSPECIFIED.,.F.,.F.,(7,5,5,5,5,5,5,5,5,5,5,5,7),(0.,
    8.72110118732E-02,0.135009047116,0.239702089318,0.382425386557,
    0.424877347232,0.499931093057,0.57579956759,0.616206889429,
    0.759744257167,0.865442130441,0.91320994955,1.),.UNSPECIFIED.);
#1937 = CARTESIAN_POINT('',(1.035057704123,1.570796326795));
#1938 = CARTESIAN_POINT('',(1.030656419558,1.538622392474));
#1939 = CARTESIAN_POINT('',(1.025905537501,1.507076269589));
#1940 = CARTESIAN_POINT('',(1.020837324826,1.476247009214));
#1941 = CARTESIAN_POINT('',(1.015484529842,1.446190958884));
#1942 = CARTESIAN_POINT('',(1.00987651469,1.416946955617));
#1943 = CARTESIAN_POINT('',(1.000837978916,1.372971559676));
#1944 = CARTESIAN_POINT('',(0.99756867766,1.357653877318));
#1945 = CARTESIAN_POINT('',(0.994234003561,1.342591164969));
#1946 = CARTESIAN_POINT('',(0.990837523048,1.327786356773));
#1947 = CARTESIAN_POINT('',(0.987382362627,1.313241773328));
#1948 = CARTESIAN_POINT('',(0.976180517319,1.267676296378));
#1949 = CARTESIAN_POINT('',(0.968222160124,1.237655403809));
#1950 = CARTESIAN_POINT('',(0.960022069533,1.208909280013));
#1951 = CARTESIAN_POINT('',(0.951599535507,1.181460980808));
#1952 = CARTESIAN_POINT('',(0.942966513586,1.155346953564));
#1953 = CARTESIAN_POINT('',(0.922076433273,1.096910786325));
#1954 = CARTESIAN_POINT('',(0.90964865876,1.065797747647));
#1955 = CARTESIAN_POINT('',(0.896848118802,1.037395647795));
#1956 = CARTESIAN_POINT('',(0.883682605812,1.011972103091));
#1957 = CARTESIAN_POINT('',(0.870162806359,0.989914946337));
#1958 = CARTESIAN_POINT('',(0.852194735669,0.966221534549));
#1959 = CARTESIAN_POINT('',(0.848047173659,0.961126555173));
#1960 = CARTESIAN_POINT('',(0.843872424972,0.956379968503));
#1961 = CARTESIAN_POINT('',(0.839671941853,0.951993625742));
#1962 = CARTESIAN_POINT('',(0.835447540218,0.947979068969));
#1963 = CARTESIAN_POINT('',(0.82369450705,0.937925504523));
#1964 = CARTESIAN_POINT('',(0.816118875457,0.93269868901));
#1965 = CARTESIAN_POINT('',(0.808488524198,0.92872727214));
#1966 = CARTESIAN_POINT('',(0.800819188964,0.926059356169));
#1967 = CARTESIAN_POINT('',(0.793129088916,0.924722637263));
#1968 = CARTESIAN_POINT('',(0.777666717876,0.924710609305));
#1969 = CARTESIAN_POINT('',(0.769892969339,0.926064346567));
#1970 = CARTESIAN_POINT('',(0.76214054416,0.928778503486));
#1971 = CARTESIAN_POINT('',(0.754428242203,0.932824270846));
#1972 = CARTESIAN_POINT('',(0.746772260661,0.938151606241));
#1973 = CARTESIAN_POINT('',(0.735147024618,0.948183740683));
#1974 = CARTESIAN_POINT('',(0.731126879857,0.952015911463));
#1975 = CARTESIAN_POINT('',(0.727128419249,0.956184727213));
#1976 = CARTESIAN_POINT('',(0.723153210985,0.960680248296));
#1977 = CARTESIAN_POINT('',(0.719202523304,0.965492274879));
#1978 = CARTESIAN_POINT('',(0.701334188273,0.988793117102));
#1979 = CARTESIAN_POINT('',(0.687722320839,1.010831326344));
#1980 = CARTESIAN_POINT('',(0.674468407511,1.036287814447));
#1981 = CARTESIAN_POINT('',(0.661583542118,1.064764684578));
#1982 = CARTESIAN_POINT('',(0.649075660492,1.095987436888));
#1983 = CARTESIAN_POINT('',(0.628019245556,1.154765569865));
#1984 = CARTESIAN_POINT('',(0.619299847625,1.181107688349));
#1985 = CARTESIAN_POINT('',(0.610794814207,1.208810167207));
#1986 = CARTESIAN_POINT('',(0.602516412807,1.237835397462));
#1987 = CARTESIAN_POINT('',(0.594484526367,1.268159699076));
#1988 = CARTESIAN_POINT('',(0.583219667621,1.31405593794));
#1989 = CARTESIAN_POINT('',(0.579769427504,1.328603387378));
#1990 = CARTESIAN_POINT('',(0.576377904192,1.343410647079));
#1991 = CARTESIAN_POINT('',(0.573048230504,1.358475388155));
#1992 = CARTESIAN_POINT('',(0.569783978175,1.373794661256));
#1993 = CARTESIAN_POINT('',(0.560784319852,1.417654005785));
#1994 = CARTESIAN_POINT('',(0.55520838021,1.446772356181));
#1995 = CARTESIAN_POINT('',(0.549885457893,1.476693850906));
#1996 = CARTESIAN_POINT('',(0.544844895523,1.507381479992));
#1997 = CARTESIAN_POINT('',(0.540118632697,1.538777911985));
#1998 = CARTESIAN_POINT('',(0.535738622672,1.570796326795));
#1999 = ( GEOMETRIC_REPRESENTATION_CONTEXT(2) 
PARAMETRIC_REPRESENTATION_CONTEXT() REPRESENTATION_CONTEXT('2D SPACE',''
  ) );
#2000 = PCURVE('',#2001,#2006);
#2001 = CONICAL_SURFACE('',#2002,2.5,2.554168483063E-02);
#2002 = AXIS2_PLACEMENT_3D('',#2003,#2004,#2005);
#2003 = CARTESIAN_POINT('',(-65.89584540552,21.89584540552,1.7));
#2004 = DIRECTION('',(-0.,-0.,-1.));
#2005 = DIRECTION('',(1.,0.,-0.));
#2006 = DEFINITIONAL_REPRESENTATION('',(#2007),#2070);
#2007 = B_SPLINE_CURVE_WITH_KNOTS('',6,(#2008,#2009,#2010,#2011,#2012,
    #2013,#2014,#2015,#2016,#2017,#2018,#2019,#2020,#2021,#2022,#2023,
    #2024,#2025,#2026,#2027,#2028,#2029,#2030,#2031,#2032,#2033,#2034,
    #2035,#2036,#2037,#2038,#2039,#2040,#2041,#2042,#2043,#2044,#2045,
    #2046,#2047,#2048,#2049,#2050,#2051,#2052,#2053,#2054,#2055,#2056,
    #2057,#2058,#2059,#2060,#2061,#2062,#2063,#2064,#2065,#2066,#2067,
    #2068,#2069),.UNSPECIFIED.,.F.,.F.,(7,5,5,5,5,5,5,5,5,5,5,5,7),(0.,
    8.72110118732E-02,0.135009047116,0.239702089318,0.382425386557,
    0.424877347232,0.499931093057,0.57579956759,0.616206889429,
    0.759744257167,0.865442130441,0.91320994955,1.),.UNSPECIFIED.);
#2008 = CARTESIAN_POINT('',(-0.990162828527,-0.5));
#2009 = CARTESIAN_POINT('',(-1.029897820399,-0.5));
#2010 = CARTESIAN_POINT('',(-1.0696977294,-0.50342849073));
#2011 = CARTESIAN_POINT('',(-1.109467413926,-0.510034363713));
#2012 = CARTESIAN_POINT('',(-1.149146997911,-0.519501807636));
#2013 = CARTESIAN_POINT('',(-1.188700267402,-0.531502751326));
#2014 = CARTESIAN_POINT('',(-1.249716182821,-0.553501269805));
#2015 = CARTESIAN_POINT('',(-1.271276727778,-0.561953385856));
#2016 = CARTESIAN_POINT('',(-1.292794478738,-0.571016257208));
#2017 = CARTESIAN_POINT('',(-1.314269607251,-0.58063730893));
#2018 = CARTESIAN_POINT('',(-1.335703928894,-0.590764968884));
#2019 = CARTESIAN_POINT('',(-1.403966992018,-0.62453189714));
#2020 = CARTESIAN_POINT('',(-1.450646927784,-0.649901530317));
#2021 = CARTESIAN_POINT('',(-1.497188396398,-0.676935316269));
#2022 = CARTESIAN_POINT('',(-1.543647498394,-0.705134061966));
#2023 = CARTESIAN_POINT('',(-1.590095683655,-0.73401301626));
#2024 = CARTESIAN_POINT('',(-1.70006041499,-0.802735894395));
#2025 = CARTESIAN_POINT('',(-1.763613586359,-0.842730521476));
#2026 = CARTESIAN_POINT('',(-1.827555796811,-0.8818776151));
#2027 = CARTESIAN_POINT('',(-1.892066537884,-0.918896623078));
#2028 = CARTESIAN_POINT('',(-1.95729850987,-0.95231549003));
#2029 = CARTESIAN_POINT('',(-2.042979977911,-0.989193349426));
#2030 = CARTESIAN_POINT('',(-2.062690365447,-0.997204177989));
#2031 = CARTESIAN_POINT('',(-2.08246844722,-1.004734243828));
#2032 = CARTESIAN_POINT('',(-2.102312869997,-1.011746917676));
#2033 = CARTESIAN_POINT('',(-2.122220688152,-1.018207522134));
#2034 = CARTESIAN_POINT('',(-2.177487245267,-1.034475303675));
#2035 = CARTESIAN_POINT('',(-2.212974926023,-1.043043634548));
#2036 = CARTESIAN_POINT('',(-2.248616207214,-1.049612819868));
#2037 = CARTESIAN_POINT('',(-2.284370716732,-1.054046437467));
#2038 = CARTESIAN_POINT('',(-2.320187582835,-1.056267495423));
#2039 = CARTESIAN_POINT('',(-2.392203819473,-1.056287482135));
#2040 = CARTESIAN_POINT('',(-2.428410030048,-1.054038154308));
#2041 = CARTESIAN_POINT('',(-2.464552164056,-1.049527509936));
#2042 = CARTESIAN_POINT('',(-2.500577762509,-1.042835624746));
#2043 = CARTESIAN_POINT('',(-2.536445369852,-1.034104453033));
#2044 = CARTESIAN_POINT('',(-2.591120524997,-1.017879210363));
#2045 = CARTESIAN_POINT('',(-2.610067438871,-1.011713954146));
#2046 = CARTESIAN_POINT('',(-2.628956926236,-1.005049118246));
#2047 = CARTESIAN_POINT('',(-2.647786437904,-0.997914573846));
#2048 = CARTESIAN_POINT('',(-2.66655473777,-0.990341809802));
#2049 = CARTESIAN_POINT('',(-2.751713893165,-0.954019622145));
#2050 = CARTESIAN_POINT('',(-2.81734911432,-0.920569354009));
#2051 = CARTESIAN_POINT('',(-2.882250061909,-0.88342893793));
#2052 = CARTESIAN_POINT('',(-2.946570638919,-0.844100604429));
#2053 = CARTESIAN_POINT('',(-3.010492485987,-0.803888592848));
#2054 = CARTESIAN_POINT('',(-3.12126985643,-0.734648870236));
#2055 = CARTESIAN_POINT('',(-3.168162919983,-0.7054793712));
#2056 = CARTESIAN_POINT('',(-3.215066401396,-0.676997474325));
#2057 = CARTESIAN_POINT('',(-3.262053844953,-0.649701911704));
#2058 = CARTESIAN_POINT('',(-3.309182864186,-0.624106383292));
#2059 = CARTESIAN_POINT('',(-3.377887510135,-0.590193296533));
#2060 = CARTESIAN_POINT('',(-3.399310027372,-0.580095324329));
#2061 = CARTESIAN_POINT('',(-3.420773381204,-0.570505214595));
#2062 = CARTESIAN_POINT('',(-3.442279341588,-0.561474473903));
#2063 = CARTESIAN_POINT('',(-3.463828031931,-0.553055602672));
#2064 = CARTESIAN_POINT('',(-3.524644789305,-0.531213268053));
#2065 = CARTESIAN_POINT('',(-3.564009354857,-0.519319697574));
#2066 = CARTESIAN_POINT('',(-3.603498007343,-0.509937830527));
#2067 = CARTESIAN_POINT('',(-3.643076259566,-0.503395942994));
#2068 = CARTESIAN_POINT('',(-3.682683227466,-0.5));
#2069 = CARTESIAN_POINT('',(-3.722226151858,-0.5));
#2070 = ( GEOMETRIC_REPRESENTATION_CONTEXT(2) 
PARAMETRIC_REPRESENTATION_CONTEXT() REPRESENTATION_CONTEXT('2D SPACE',''
  ) );
#2071 = ORIENTED_EDGE('',*,*,#2072,.F.);
#2072 = EDGE_CURVE('',#1768,#1868,#2073,.T.);
#2073 = SURFACE_CURVE('',#2074,(#2079,#2086),.PCURVE_S1.);
#2074 = CIRCLE('',#2075,9.856418351584);
#2075 = AXIS2_PLACEMENT_3D('',#2076,#2077,#2078);
#2076 = CARTESIAN_POINT('',(-59.5,15.5,2.2));
#2077 = DIRECTION('',(0.,0.,-1.));
#2078 = DIRECTION('',(-1.,1.415977608094E-16,0.));
#2079 = PCURVE('',#1309,#2080);
#2080 = DEFINITIONAL_REPRESENTATION('',(#2081),#2085);
#2081 = LINE('',#2082,#2083);
#2082 = CARTESIAN_POINT('',(0.,1.570796326795));
#2083 = VECTOR('',#2084,1.);
#2084 = DIRECTION('',(1.,0.));
#2085 = ( GEOMETRIC_REPRESENTATION_CONTEXT(2) 
PARAMETRIC_REPRESENTATION_CONTEXT() REPRESENTATION_CONTEXT('2D SPACE',''
  ) );
#2086 = PCURVE('',#1783,#2087);
#2087 = DEFINITIONAL_REPRESENTATION('',(#2088),#2092);
#2088 = CIRCLE('',#2089,9.856418351584);
#2089 = AXIS2_PLACEMENT_2D('',#2090,#2091);
#2090 = CARTESIAN_POINT('',(0.,31.));
#2091 = DIRECTION('',(1.,3.604467213214E-16));
#2092 = ( GEOMETRIC_REPRESENTATION_CONTEXT(2) 
PARAMETRIC_REPRESENTATION_CONTEXT() REPRESENTATION_CONTEXT('2D SPACE',''
  ) );
#2093 = ADVANCED_FACE('',(#2094),#1360,.F.);
#2094 = FACE_BOUND('',#2095,.T.);
#2095 = EDGE_LOOP('',(#2096,#2097,#2120,#2140));
#2096 = ORIENTED_EDGE('',*,*,#1821,.T.);
#2097 = ORIENTED_EDGE('',*,*,#2098,.T.);
#2098 = EDGE_CURVE('',#1822,#2099,#2101,.T.);
#2099 = VERTEX_POINT('',#2100);
#2100 = CARTESIAN_POINT('',(59.5,25.356418351584,2.2));
#2101 = SURFACE_CURVE('',#2102,(#2106,#2113),.PCURVE_S1.);
#2102 = LINE('',#2103,#2104);
#2103 = CARTESIAN_POINT('',(-59.5,25.356418351584,2.2));
#2104 = VECTOR('',#2105,1.);
#2105 = DIRECTION('',(1.,0.,0.));
#2106 = PCURVE('',#1360,#2107);
#2107 = DEFINITIONAL_REPRESENTATION('',(#2108),#2112);
#2108 = LINE('',#2109,#2110);
#2109 = CARTESIAN_POINT('',(-1.544616388015,0.));
#2110 = VECTOR('',#2111,1.);
#2111 = DIRECTION('',(-0.,1.));
#2112 = ( GEOMETRIC_REPRESENTATION_CONTEXT(2) 
PARAMETRIC_REPRESENTATION_CONTEXT() REPRESENTATION_CONTEXT('2D SPACE',''
  ) );
#2113 = PCURVE('',#1783,#2114);
#2114 = DEFINITIONAL_REPRESENTATION('',(#2115),#2119);
#2115 = LINE('',#2116,#2117);
#2116 = CARTESIAN_POINT('',(0.,40.856418351584));
#2117 = VECTOR('',#2118,1.);
#2118 = DIRECTION('',(-1.,0.));
#2119 = ( GEOMETRIC_REPRESENTATION_CONTEXT(2) 
PARAMETRIC_REPRESENTATION_CONTEXT() REPRESENTATION_CONTEXT('2D SPACE',''
  ) );
#2120 = ORIENTED_EDGE('',*,*,#2121,.F.);
#2121 = EDGE_CURVE('',#1345,#2099,#2122,.T.);
#2122 = SURFACE_CURVE('',#2123,(#2128,#2134),.PCURVE_S1.);
#2123 = CIRCLE('',#2124,2.76);
#2124 = AXIS2_PLACEMENT_3D('',#2125,#2126,#2127);
#2125 = CARTESIAN_POINT('',(59.5,25.356418351584,4.96));
#2126 = DIRECTION('',(-1.,0.,-0.));
#2127 = DIRECTION('',(0.,0.999657324976,-2.617694830787E-02));
#2128 = PCURVE('',#1360,#2129);
#2129 = DEFINITIONAL_REPRESENTATION('',(#2130),#2133);
#2130 = B_SPLINE_CURVE_WITH_KNOTS('',1,(#2131,#2132),.UNSPECIFIED.,.F.,
  .F.,(2,2),(0.,1.544616388015),.PIECEWISE_BEZIER_KNOTS.);
#2131 = CARTESIAN_POINT('',(0.,119.));
#2132 = CARTESIAN_POINT('',(-1.544616388015,119.));
#2133 = ( GEOMETRIC_REPRESENTATION_CONTEXT(2) 
PARAMETRIC_REPRESENTATION_CONTEXT() REPRESENTATION_CONTEXT('2D SPACE',''
  ) );
#2134 = PCURVE('',#1412,#2135);
#2135 = DEFINITIONAL_REPRESENTATION('',(#2136),#2139);
#2136 = B_SPLINE_CURVE_WITH_KNOTS('',1,(#2137,#2138),.UNSPECIFIED.,.F.,
  .F.,(2,2),(0.,1.544616388015),.PIECEWISE_BEZIER_KNOTS.);
#2137 = CARTESIAN_POINT('',(0.,2.617993877992E-02));
#2138 = CARTESIAN_POINT('',(0.,1.570796326795));
#2139 = ( GEOMETRIC_REPRESENTATION_CONTEXT(2) 
PARAMETRIC_REPRESENTATION_CONTEXT() REPRESENTATION_CONTEXT('2D SPACE',''
  ) );
#2140 = ORIENTED_EDGE('',*,*,#1344,.F.);
#2141 = ADVANCED_FACE('',(#2142),#1412,.F.);
#2142 = FACE_BOUND('',#2143,.F.);
#2143 = EDGE_LOOP('',(#2144,#2145,#2146,#2168,#2192,#2247,#2417));
#2144 = ORIENTED_EDGE('',*,*,#2121,.F.);
#2145 = ORIENTED_EDGE('',*,*,#1395,.T.);
#2146 = ORIENTED_EDGE('',*,*,#2147,.T.);
#2147 = EDGE_CURVE('',#1396,#2148,#2150,.T.);
#2148 = VERTEX_POINT('',#2149);
#2149 = CARTESIAN_POINT('',(69.356418351584,15.5,2.2));
#2150 = SURFACE_CURVE('',#2151,(#2156,#2162),.PCURVE_S1.);
#2151 = CIRCLE('',#2152,2.76);
#2152 = AXIS2_PLACEMENT_3D('',#2153,#2154,#2155);
#2153 = CARTESIAN_POINT('',(69.356418351584,15.5,4.96));
#2154 = DIRECTION('',(-6.123233995737E-17,1.,0.));
#2155 = DIRECTION('',(1.,6.123233995737E-17,0.));
#2156 = PCURVE('',#1412,#2157);
#2157 = DEFINITIONAL_REPRESENTATION('',(#2158),#2161);
#2158 = B_SPLINE_CURVE_WITH_KNOTS('',1,(#2159,#2160),.UNSPECIFIED.,.F.,
  .F.,(2,2),(2.617993877992E-02,1.570796326795),
  .PIECEWISE_BEZIER_KNOTS.);
#2159 = CARTESIAN_POINT('',(1.570796326795,2.617993877992E-02));
#2160 = CARTESIAN_POINT('',(1.570796326795,1.570796326795));
#2161 = ( GEOMETRIC_REPRESENTATION_CONTEXT(2) 
PARAMETRIC_REPRESENTATION_CONTEXT() REPRESENTATION_CONTEXT('2D SPACE',''
  ) );
#2162 = PCURVE('',#1463,#2163);
#2163 = DEFINITIONAL_REPRESENTATION('',(#2164),#2167);
#2164 = B_SPLINE_CURVE_WITH_KNOTS('',1,(#2165,#2166),.UNSPECIFIED.,.F.,
  .F.,(2,2),(2.617993877992E-02,1.570796326795),
  .PIECEWISE_BEZIER_KNOTS.);
#2165 = CARTESIAN_POINT('',(0.,0.));
#2166 = CARTESIAN_POINT('',(-1.544616388015,0.));
#2167 = ( GEOMETRIC_REPRESENTATION_CONTEXT(2) 
PARAMETRIC_REPRESENTATION_CONTEXT() REPRESENTATION_CONTEXT('2D SPACE',''
  ) );
#2168 = ORIENTED_EDGE('',*,*,#2169,.F.);
#2169 = EDGE_CURVE('',#2170,#2148,#2172,.T.);
#2170 = VERTEX_POINT('',#2171);
#2171 = CARTESIAN_POINT('',(67.97545346074,20.531468111422,2.2));
#2172 = SURFACE_CURVE('',#2173,(#2178,#2185),.PCURVE_S1.);
#2173 = CIRCLE('',#2174,9.856418351584);
#2174 = AXIS2_PLACEMENT_3D('',#2175,#2176,#2177);
#2175 = CARTESIAN_POINT('',(59.5,15.5,2.2));
#2176 = DIRECTION('',(0.,0.,-1.));
#2177 = DIRECTION('',(0.,1.,0.));
#2178 = PCURVE('',#1412,#2179);
#2179 = DEFINITIONAL_REPRESENTATION('',(#2180),#2184);
#2180 = LINE('',#2181,#2182);
#2181 = CARTESIAN_POINT('',(0.,1.570796326795));
#2182 = VECTOR('',#2183,1.);
#2183 = DIRECTION('',(1.,0.));
#2184 = ( GEOMETRIC_REPRESENTATION_CONTEXT(2) 
PARAMETRIC_REPRESENTATION_CONTEXT() REPRESENTATION_CONTEXT('2D SPACE',''
  ) );
#2185 = PCURVE('',#1783,#2186);
#2186 = DEFINITIONAL_REPRESENTATION('',(#2187),#2191);
#2187 = CIRCLE('',#2188,9.856418351584);
#2188 = AXIS2_PLACEMENT_2D('',#2189,#2190);
#2189 = CARTESIAN_POINT('',(-119.,31.));
#2190 = DIRECTION('',(0.,1.));
#2191 = ( GEOMETRIC_REPRESENTATION_CONTEXT(2) 
PARAMETRIC_REPRESENTATION_CONTEXT() REPRESENTATION_CONTEXT('2D SPACE',''
  ) );
#2192 = ORIENTED_EDGE('',*,*,#2193,.T.);
#2193 = EDGE_CURVE('',#2170,#2194,#2196,.T.);
#2194 = VERTEX_POINT('',#2195);
#2195 = CARTESIAN_POINT('',(68.377394747484,21.89584540552,
    2.422217258463));
#2196 = SURFACE_CURVE('',#2197,(#2210,#2226),.PCURVE_S1.);
#2197 = B_SPLINE_CURVE_WITH_KNOTS('',6,(#2198,#2199,#2200,#2201,#2202,
    #2203,#2204,#2205,#2206,#2207,#2208,#2209),.UNSPECIFIED.,.F.,.F.,(7,
    5,7),(0.,0.398273611778,1.),.UNSPECIFIED.);
#2198 = CARTESIAN_POINT('',(67.97545346074,20.531468111423,2.2));
#2199 = CARTESIAN_POINT('',(68.028685709573,20.612605648633,2.2));
#2200 = CARTESIAN_POINT('',(68.078133796542,20.696412058898,
    2.203305979034));
#2201 = CARTESIAN_POINT('',(68.123504059239,20.782476581488,
    2.209677917952));
#2202 = CARTESIAN_POINT('',(68.164622298282,20.87040452999,
    2.218822542401));
#2203 = CARTESIAN_POINT('',(68.201399231399,20.959835978482,
    2.230425023802));
#2204 = CARTESIAN_POINT('',(68.282742095093,21.187389264862,
    2.264963230999));
#2205 = CARTESIAN_POINT('',(68.321676968203,21.327009928269,
    2.290654180405));
#2206 = CARTESIAN_POINT('',(68.350517378468,21.468369618956,
    2.320205890942));
#2207 = CARTESIAN_POINT('',(68.369347906041,21.61067207693,
    2.352602704982));
#2208 = CARTESIAN_POINT('',(68.378296871469,21.753301452276,
    2.386905265262));
#2209 = CARTESIAN_POINT('',(68.377394747484,21.89584540552,
    2.422217258463));
#2210 = PCURVE('',#1412,#2211);
#2211 = DEFINITIONAL_REPRESENTATION('',(#2212),#2225);
#2212 = B_SPLINE_CURVE_WITH_KNOTS('',6,(#2213,#2214,#2215,#2216,#2217,
    #2218,#2219,#2220,#2221,#2222,#2223,#2224),.UNSPECIFIED.,.F.,.F.,(7,
    5,7),(0.,0.398273611778,1.),.UNSPECIFIED.);
#2213 = CARTESIAN_POINT('',(1.035057704123,1.570796326795));
#2214 = CARTESIAN_POINT('',(1.030736083388,1.539204744919));
#2215 = CARTESIAN_POINT('',(1.026077374611,1.508218613091));
#2216 = CARTESIAN_POINT('',(1.021112266111,1.477921390072));
#2217 = CARTESIAN_POINT('',(1.015871449717,1.448368533583));
#2218 = CARTESIAN_POINT('',(1.010383186427,1.419596119626));
#2219 = CARTESIAN_POINT('',(0.99604049788,1.34937640889));
#2220 = CARTESIAN_POINT('',(0.986901039061,1.3089735361));
#2221 = CARTESIAN_POINT('',(0.977327672157,1.27047119126));
#2222 = CARTESIAN_POINT('',(0.967376931023,1.233904976811));
#2223 = CARTESIAN_POINT('',(0.957086063132,1.199317422363));
#2224 = CARTESIAN_POINT('',(0.946467602265,1.166772273121));
#2225 = ( GEOMETRIC_REPRESENTATION_CONTEXT(2) 
PARAMETRIC_REPRESENTATION_CONTEXT() REPRESENTATION_CONTEXT('2D SPACE',''
  ) );
#2226 = PCURVE('',#2227,#2232);
#2227 = CONICAL_SURFACE('',#2228,2.5,2.554168483063E-02);
#2228 = AXIS2_PLACEMENT_3D('',#2229,#2230,#2231);
#2229 = CARTESIAN_POINT('',(65.89584540552,21.89584540552,1.7));
#2230 = DIRECTION('',(-0.,-0.,-1.));
#2231 = DIRECTION('',(1.,0.,-0.));
#2232 = DEFINITIONAL_REPRESENTATION('',(#2233),#2246);
#2233 = B_SPLINE_CURVE_WITH_KNOTS('',6,(#2234,#2235,#2236,#2237,#2238,
    #2239,#2240,#2241,#2242,#2243,#2244,#2245),.UNSPECIFIED.,.F.,.F.,(7,
    5,7),(0.,0.398273611778,1.),.UNSPECIFIED.);
#2234 = CARTESIAN_POINT('',(-5.702551808912,-0.5));
#2235 = CARTESIAN_POINT('',(-5.741567592202,-0.5));
#2236 = CARTESIAN_POINT('',(-5.780645795703,-0.503305979034));
#2237 = CARTESIAN_POINT('',(-5.819697251302,-0.509677917952));
#2238 = CARTESIAN_POINT('',(-5.858663049059,-0.518822542401));
#2239 = CARTESIAN_POINT('',(-5.897509370993,-0.530425023802));
#2240 = CARTESIAN_POINT('',(-5.994711276276,-0.564963230999));
#2241 = CARTESIAN_POINT('',(-6.052880652025,-0.590654180405));
#2242 = CARTESIAN_POINT('',(-6.110730170613,-0.620205890942));
#2243 = CARTESIAN_POINT('',(-6.168317968369,-0.652602704982));
#2244 = CARTESIAN_POINT('',(-6.225743792383,-0.686905265262));
#2245 = CARTESIAN_POINT('',(-6.28318530718,-0.722217258463));
#2246 = ( GEOMETRIC_REPRESENTATION_CONTEXT(2) 
PARAMETRIC_REPRESENTATION_CONTEXT() REPRESENTATION_CONTEXT('2D SPACE',''
  ) );
#2247 = ORIENTED_EDGE('',*,*,#2248,.T.);
#2248 = EDGE_CURVE('',#2194,#2249,#2251,.T.);
#2249 = VERTEX_POINT('',#2250);
#2250 = CARTESIAN_POINT('',(64.531468111422,23.97545346074,2.2));
#2251 = SURFACE_CURVE('',#2252,(#2305,#2361),.PCURVE_S1.);
#2252 = B_SPLINE_CURVE_WITH_KNOTS('',6,(#2253,#2254,#2255,#2256,#2257,
    #2258,#2259,#2260,#2261,#2262,#2263,#2264,#2265,#2266,#2267,#2268,
    #2269,#2270,#2271,#2272,#2273,#2274,#2275,#2276,#2277,#2278,#2279,
    #2280,#2281,#2282,#2283,#2284,#2285,#2286,#2287,#2288,#2289,#2290,
    #2291,#2292,#2293,#2294,#2295,#2296,#2297,#2298,#2299,#2300,#2301,
    #2302,#2303,#2304),.UNSPECIFIED.,.F.,.F.,(7,5,5,5,5,5,5,5,5,5,7),(0.
    ,3.146788458214E-02,0.213280954238,0.267359870804,0.362969712936,
    0.459617425762,0.511091707552,0.693941809418,0.828588746308,
    0.889439455273,1.),.UNSPECIFIED.);
#2253 = CARTESIAN_POINT('',(68.377394747484,21.89584540552,
    2.422217258463));
#2254 = CARTESIAN_POINT('',(68.377222494227,21.923063017222,
    2.42895979715));
#2255 = CARTESIAN_POINT('',(68.376691079134,21.950276375186,
    2.435738855313));
#2256 = CARTESIAN_POINT('',(68.375800768352,21.977482082694,
    2.442548063643));
#2257 = CARTESIAN_POINT('',(68.374551727834,22.004676797343,
    2.449381044654));
#2258 = CARTESIAN_POINT('',(68.372944023331,22.031857231046,
    2.456231412679));
#2259 = CARTESIAN_POINT('',(68.359616267155,22.215960273169,
    2.502735894395));
#2260 = CARTESIAN_POINT('',(68.336285722431,22.37225383914,
    2.542730521476));
#2261 = CARTESIAN_POINT('',(68.300981463423,22.527425501385,2.5818776151
    ));
#2262 = CARTESIAN_POINT('',(68.253539785517,22.680759756781,
    2.618896623078));
#2263 = CARTESIAN_POINT('',(68.193778276344,22.831347745229,
    2.65231549003));
#2264 = CARTESIAN_POINT('',(68.100208657136,23.021646839597,
    2.689193349426));
#2265 = CARTESIAN_POINT('',(68.077668407386,23.064918801105,
    2.697204177989));
#2266 = CARTESIAN_POINT('',(68.054041292946,23.107800831707,
    2.704734243828));
#2267 = CARTESIAN_POINT('',(68.029332514157,23.150254081827,
    2.711746917676));
#2268 = CARTESIAN_POINT('',(68.003551440811,23.192236433538,
    2.718207522134));
#2269 = CARTESIAN_POINT('',(67.929263089268,23.307014057821,
    2.734475303675));
#2270 = CARTESIAN_POINT('',(67.878502083573,23.378721208135,
    2.743043634548));
#2271 = CARTESIAN_POINT('',(67.824520834376,23.448559265921,
    2.749612819868));
#2272 = CARTESIAN_POINT('',(67.767452381006,23.516258786115,
    2.754046437467));
#2273 = CARTESIAN_POINT('',(67.707483912352,23.581554386986,
    2.756267495423));
#2274 = CARTESIAN_POINT('',(67.581574117752,23.707512113467,
    2.756287482135));
#2275 = CARTESIAN_POINT('',(67.515562747596,23.768128516871,
    2.754038154308));
#2276 = CARTESIAN_POINT('',(67.447095920313,23.8257802141,2.749527509935
    ));
#2277 = CARTESIAN_POINT('',(67.376447876898,23.880274283855,
    2.742835624746));
#2278 = CARTESIAN_POINT('',(67.303896895131,23.93147434561,
    2.734104453032));
#2279 = CARTESIAN_POINT('',(67.190207860202,24.004753035426,
    2.717879210363));
#2280 = CARTESIAN_POINT('',(67.150234591915,24.029259383366,
    2.711713954145));
#2281 = CARTESIAN_POINT('',(67.109835213236,24.052794259208,
    2.705049118245));
#2282 = CARTESIAN_POINT('',(67.069046045983,24.075349545614,
    2.697914573846));
#2283 = CARTESIAN_POINT('',(67.027900725233,24.096920568404,
    2.690341809801));
#2284 = CARTESIAN_POINT('',(66.839114960693,24.190626809278,
    2.654019622144));
#2285 = CARTESIAN_POINT('',(66.687789493816,24.251252231561,
    2.620569354009));
#2286 = CARTESIAN_POINT('',(66.533654874786,24.299410416373,
    2.583428937929));
#2287 = CARTESIAN_POINT('',(66.377642742922,24.335287530187,
    2.544100604428));
#2288 = CARTESIAN_POINT('',(66.220484177637,24.359052399908,
    2.503888592847));
#2289 = CARTESIAN_POINT('',(65.946443998698,24.379296712806,
    2.434648870235));
#2290 = CARTESIAN_POINT('',(65.829914236508,24.381314119262,
    2.405479371199));
#2291 = CARTESIAN_POINT('',(65.713295561309,24.376770597213,
    2.376997474325));
#2292 = CARTESIAN_POINT('',(65.596868189918,24.365627494403,
    2.349701911703));
#2293 = CARTESIAN_POINT('',(65.480965443729,24.347830562286,
    2.324106383292));
#2294 = CARTESIAN_POINT('',(65.314000517884,24.312272123258,
    2.290193296533));
#2295 = CARTESIAN_POINT('',(65.262219729703,24.299837778822,
    2.280095324329));
#2296 = CARTESIAN_POINT('',(65.210665650966,24.286034152226,
    2.270505214594));
#2297 = CARTESIAN_POINT('',(65.159381078107,24.270859880509,
    2.261474473903));
#2298 = CARTESIAN_POINT('',(65.108413379472,24.254316540377,
    2.253055602672));
#2299 = CARTESIAN_POINT('',(64.965879725414,24.203875550212,
    2.231213268053));
#2300 = CARTESIAN_POINT('',(64.875158020594,24.166839608282,
    2.219319697574));
#2301 = CARTESIAN_POINT('',(64.785965913516,24.125340631391,
    2.209937830527));
#2302 = CARTESIAN_POINT('',(64.698677027025,24.079469189641,
    2.203395942994));
#2303 = CARTESIAN_POINT('',(64.613701895514,24.029404928922,2.2));
#2304 = CARTESIAN_POINT('',(64.531468111423,23.97545346074,2.2));
#2305 = PCURVE('',#1412,#2306);
#2306 = DEFINITIONAL_REPRESENTATION('',(#2307),#2360);
#2307 = B_SPLINE_CURVE_WITH_KNOTS('',6,(#2308,#2309,#2310,#2311,#2312,
    #2313,#2314,#2315,#2316,#2317,#2318,#2319,#2320,#2321,#2322,#2323,
    #2324,#2325,#2326,#2327,#2328,#2329,#2330,#2331,#2332,#2333,#2334,
    #2335,#2336,#2337,#2338,#2339,#2340,#2341,#2342,#2343,#2344,#2345,
    #2346,#2347,#2348,#2349,#2350,#2351,#2352,#2353,#2354,#2355,#2356,
    #2357,#2358,#2359),.UNSPECIFIED.,.F.,.F.,(7,5,5,5,5,5,5,5,5,5,7),(0.
    ,3.146788458214E-02,0.213280954238,0.267359870804,0.362969712936,
    0.459617425762,0.511091707552,0.693941809418,0.828588746308,
    0.889439455273,1.),.UNSPECIFIED.);
#2308 = CARTESIAN_POINT('',(0.946467602265,1.166772273121));
#2309 = CARTESIAN_POINT('',(0.944440093288,1.160558040845));
#2310 = CARTESIAN_POINT('',(0.942400724967,1.154418535254));
#2311 = CARTESIAN_POINT('',(0.940349625104,1.148354312144));
#2312 = CARTESIAN_POINT('',(0.938286905607,1.142365998835));
#2313 = CARTESIAN_POINT('',(0.936212662493,1.136454294174));
#2314 = CARTESIAN_POINT('',(0.922076433273,1.096910786325));
#2315 = CARTESIAN_POINT('',(0.90964865876,1.065797747647));
#2316 = CARTESIAN_POINT('',(0.896848118803,1.037395647795));
#2317 = CARTESIAN_POINT('',(0.883682605812,1.011972103091));
#2318 = CARTESIAN_POINT('',(0.870162806359,0.989914946337));
#2319 = CARTESIAN_POINT('',(0.852194735669,0.966221534549));
#2320 = CARTESIAN_POINT('',(0.848047173659,0.961126555173));
#2321 = CARTESIAN_POINT('',(0.843872424972,0.956379968503));
#2322 = CARTESIAN_POINT('',(0.839671941853,0.951993625742));
#2323 = CARTESIAN_POINT('',(0.835447540218,0.947979068969));
#2324 = CARTESIAN_POINT('',(0.82369450705,0.937925504523));
#2325 = CARTESIAN_POINT('',(0.816118875457,0.93269868901));
#2326 = CARTESIAN_POINT('',(0.808488524198,0.92872727214));
#2327 = CARTESIAN_POINT('',(0.800819188964,0.926059356169));
#2328 = CARTESIAN_POINT('',(0.793129088916,0.924722637263));
#2329 = CARTESIAN_POINT('',(0.777666717876,0.924710609305));
#2330 = CARTESIAN_POINT('',(0.769892969339,0.926064346567));
#2331 = CARTESIAN_POINT('',(0.76214054416,0.928778503486));
#2332 = CARTESIAN_POINT('',(0.754428242203,0.932824270847));
#2333 = CARTESIAN_POINT('',(0.746772260661,0.938151606242));
#2334 = CARTESIAN_POINT('',(0.735147024618,0.948183740684));
#2335 = CARTESIAN_POINT('',(0.731126879857,0.952015911464));
#2336 = CARTESIAN_POINT('',(0.727128419249,0.956184727213));
#2337 = CARTESIAN_POINT('',(0.723153210985,0.960680248297));
#2338 = CARTESIAN_POINT('',(0.719202523304,0.96549227488));
#2339 = CARTESIAN_POINT('',(0.701334188273,0.988793117102));
#2340 = CARTESIAN_POINT('',(0.687722320839,1.010831326344));
#2341 = CARTESIAN_POINT('',(0.67446840751,1.036287814447));
#2342 = CARTESIAN_POINT('',(0.661583542117,1.064764684578));
#2343 = CARTESIAN_POINT('',(0.649075660492,1.095987436888));
#2344 = CARTESIAN_POINT('',(0.628019245555,1.154765569865));
#2345 = CARTESIAN_POINT('',(0.619299847624,1.181107688349));
#2346 = CARTESIAN_POINT('',(0.610794814207,1.208810167208));
#2347 = CARTESIAN_POINT('',(0.602516412807,1.237835397463));
#2348 = CARTESIAN_POINT('',(0.594484526367,1.268159699077));
#2349 = CARTESIAN_POINT('',(0.58321966762,1.314055937941));
#2350 = CARTESIAN_POINT('',(0.579769427504,1.328603387378));
#2351 = CARTESIAN_POINT('',(0.576377904192,1.34341064708));
#2352 = CARTESIAN_POINT('',(0.573048230504,1.358475388156));
#2353 = CARTESIAN_POINT('',(0.569783978175,1.373794661256));
#2354 = CARTESIAN_POINT('',(0.560784319852,1.417654005786));
#2355 = CARTESIAN_POINT('',(0.55520838021,1.446772356181));
#2356 = CARTESIAN_POINT('',(0.549885457893,1.476693850907));
#2357 = CARTESIAN_POINT('',(0.544844895523,1.507381479992));
#2358 = CARTESIAN_POINT('',(0.540118632697,1.538777911985));
#2359 = CARTESIAN_POINT('',(0.535738622672,1.570796326795));
#2360 = ( GEOMETRIC_REPRESENTATION_CONTEXT(2) 
PARAMETRIC_REPRESENTATION_CONTEXT() REPRESENTATION_CONTEXT('2D SPACE',''
  ) );
#2361 = PCURVE('',#2227,#2362);
#2362 = DEFINITIONAL_REPRESENTATION('',(#2363),#2416);
#2363 = B_SPLINE_CURVE_WITH_KNOTS('',6,(#2364,#2365,#2366,#2367,#2368,
    #2369,#2370,#2371,#2372,#2373,#2374,#2375,#2376,#2377,#2378,#2379,
    #2380,#2381,#2382,#2383,#2384,#2385,#2386,#2387,#2388,#2389,#2390,
    #2391,#2392,#2393,#2394,#2395,#2396,#2397,#2398,#2399,#2400,#2401,
    #2402,#2403,#2404,#2405,#2406,#2407,#2408,#2409,#2410,#2411,#2412,
    #2413,#2414,#2415),.UNSPECIFIED.,.F.,.F.,(7,5,5,5,5,5,5,5,5,5,7),(0.
    ,3.146788458214E-02,0.213280954238,0.267359870804,0.362969712936,
    0.459617425762,0.511091707552,0.693941809418,0.828588746308,
    0.889439455273,1.),.UNSPECIFIED.);
#2364 = CARTESIAN_POINT('',(0.,-0.722217258463));
#2365 = CARTESIAN_POINT('',(-1.09679913439E-02,-0.72895979715));
#2366 = CARTESIAN_POINT('',(-2.193609691358E-02,-0.735738855313));
#2367 = CARTESIAN_POINT('',(-3.290533791622E-02,-0.742548063643));
#2368 = CARTESIAN_POINT('',(-4.387675702983E-02,-0.749381044654));
#2369 = CARTESIAN_POINT('',(-5.485141840329E-02,-0.756231412679));
#2370 = CARTESIAN_POINT('',(-0.129264088195,-0.802735894395));
#2371 = CARTESIAN_POINT('',(-0.192817259565,-0.842730521476));
#2372 = CARTESIAN_POINT('',(-0.256759470016,-0.8818776151));
#2373 = CARTESIAN_POINT('',(-0.321270211089,-0.918896623079));
#2374 = CARTESIAN_POINT('',(-0.386502183075,-0.95231549003));
#2375 = CARTESIAN_POINT('',(-0.472183651117,-0.989193349426));
#2376 = CARTESIAN_POINT('',(-0.491894038652,-0.997204177989));
#2377 = CARTESIAN_POINT('',(-0.511672120425,-1.004734243828));
#2378 = CARTESIAN_POINT('',(-0.531516543202,-1.011746917676));
#2379 = CARTESIAN_POINT('',(-0.551424361357,-1.018207522134));
#2380 = CARTESIAN_POINT('',(-0.606690918472,-1.034475303675));
#2381 = CARTESIAN_POINT('',(-0.642178599229,-1.043043634548));
#2382 = CARTESIAN_POINT('',(-0.677819880419,-1.049612819868));
#2383 = CARTESIAN_POINT('',(-0.713574389938,-1.054046437467));
#2384 = CARTESIAN_POINT('',(-0.74939125604,-1.056267495423));
#2385 = CARTESIAN_POINT('',(-0.821407492678,-1.056287482135));
#2386 = CARTESIAN_POINT('',(-0.857613703254,-1.054038154308));
#2387 = CARTESIAN_POINT('',(-0.893755837262,-1.049527509935));
#2388 = CARTESIAN_POINT('',(-0.929781435716,-1.042835624746));
#2389 = CARTESIAN_POINT('',(-0.965649043059,-1.034104453032));
#2390 = CARTESIAN_POINT('',(-1.020324198204,-1.017879210363));
#2391 = CARTESIAN_POINT('',(-1.039271112078,-1.011713954145));
#2392 = CARTESIAN_POINT('',(-1.058160599444,-1.005049118245));
#2393 = CARTESIAN_POINT('',(-1.076990111111,-0.997914573846));
#2394 = CARTESIAN_POINT('',(-1.095758410977,-0.990341809801));
#2395 = CARTESIAN_POINT('',(-1.180917566372,-0.954019622144));
#2396 = CARTESIAN_POINT('',(-1.246552787526,-0.920569354009));
#2397 = CARTESIAN_POINT('',(-1.311453735115,-0.883428937929));
#2398 = CARTESIAN_POINT('',(-1.375774312125,-0.844100604428));
#2399 = CARTESIAN_POINT('',(-1.439696159193,-0.803888592847));
#2400 = CARTESIAN_POINT('',(-1.550473529636,-0.734648870235));
#2401 = CARTESIAN_POINT('',(-1.597366593189,-0.705479371199));
#2402 = CARTESIAN_POINT('',(-1.644270074602,-0.676997474325));
#2403 = CARTESIAN_POINT('',(-1.691257518159,-0.649701911703));
#2404 = CARTESIAN_POINT('',(-1.738386537392,-0.624106383292));
#2405 = CARTESIAN_POINT('',(-1.807091183341,-0.590193296533));
#2406 = CARTESIAN_POINT('',(-1.828513700578,-0.580095324329));
#2407 = CARTESIAN_POINT('',(-1.849977054409,-0.570505214594));
#2408 = CARTESIAN_POINT('',(-1.871483014794,-0.561474473903));
#2409 = CARTESIAN_POINT('',(-1.893031705136,-0.553055602672));
#2410 = CARTESIAN_POINT('',(-1.953848462511,-0.531213268053));
#2411 = CARTESIAN_POINT('',(-1.993213028063,-0.519319697574));
#2412 = CARTESIAN_POINT('',(-2.032701680549,-0.509937830527));
#2413 = CARTESIAN_POINT('',(-2.072279932771,-0.503395942994));
#2414 = CARTESIAN_POINT('',(-2.111886900671,-0.5));
#2415 = CARTESIAN_POINT('',(-2.151429825063,-0.5));
#2416 = ( GEOMETRIC_REPRESENTATION_CONTEXT(2) 
PARAMETRIC_REPRESENTATION_CONTEXT() REPRESENTATION_CONTEXT('2D SPACE',''
  ) );
#2417 = ORIENTED_EDGE('',*,*,#2418,.F.);
#2418 = EDGE_CURVE('',#2099,#2249,#2419,.T.);
#2419 = SURFACE_CURVE('',#2420,(#2425,#2432),.PCURVE_S1.);
#2420 = CIRCLE('',#2421,9.856418351584);
#2421 = AXIS2_PLACEMENT_3D('',#2422,#2423,#2424);
#2422 = CARTESIAN_POINT('',(59.5,15.5,2.2));
#2423 = DIRECTION('',(0.,0.,-1.));
#2424 = DIRECTION('',(0.,1.,0.));
#2425 = PCURVE('',#1412,#2426);
#2426 = DEFINITIONAL_REPRESENTATION('',(#2427),#2431);
#2427 = LINE('',#2428,#2429);
#2428 = CARTESIAN_POINT('',(0.,1.570796326795));
#2429 = VECTOR('',#2430,1.);
#2430 = DIRECTION('',(1.,0.));
#2431 = ( GEOMETRIC_REPRESENTATION_CONTEXT(2) 
PARAMETRIC_REPRESENTATION_CONTEXT() REPRESENTATION_CONTEXT('2D SPACE',''
  ) );
#2432 = PCURVE('',#1783,#2433);
#2433 = DEFINITIONAL_REPRESENTATION('',(#2434),#2438);
#2434 = CIRCLE('',#2435,9.856418351584);
#2435 = AXIS2_PLACEMENT_2D('',#2436,#2437);
#2436 = CARTESIAN_POINT('',(-119.,31.));
#2437 = DIRECTION('',(0.,1.));
#2438 = ( GEOMETRIC_REPRESENTATION_CONTEXT(2) 
PARAMETRIC_REPRESENTATION_CONTEXT() REPRESENTATION_CONTEXT('2D SPACE',''
  ) );
#2439 = ADVANCED_FACE('',(#2440),#1463,.F.);
#2440 = FACE_BOUND('',#2441,.T.);
#2441 = EDGE_LOOP('',(#2442,#2443,#2466,#2486));
#2442 = ORIENTED_EDGE('',*,*,#2147,.T.);
#2443 = ORIENTED_EDGE('',*,*,#2444,.T.);
#2444 = EDGE_CURVE('',#2148,#2445,#2447,.T.);
#2445 = VERTEX_POINT('',#2446);
#2446 = CARTESIAN_POINT('',(69.356418351584,-15.5,2.2));
#2447 = SURFACE_CURVE('',#2448,(#2452,#2459),.PCURVE_S1.);
#2448 = LINE('',#2449,#2450);
#2449 = CARTESIAN_POINT('',(69.356418351584,15.5,2.2));
#2450 = VECTOR('',#2451,1.);
#2451 = DIRECTION('',(-0.,-1.,-0.));
#2452 = PCURVE('',#1463,#2453);
#2453 = DEFINITIONAL_REPRESENTATION('',(#2454),#2458);
#2454 = LINE('',#2455,#2456);
#2455 = CARTESIAN_POINT('',(-1.544616388015,0.));
#2456 = VECTOR('',#2457,1.);
#2457 = DIRECTION('',(-0.,1.));
#2458 = ( GEOMETRIC_REPRESENTATION_CONTEXT(2) 
PARAMETRIC_REPRESENTATION_CONTEXT() REPRESENTATION_CONTEXT('2D SPACE',''
  ) );
#2459 = PCURVE('',#1783,#2460);
#2460 = DEFINITIONAL_REPRESENTATION('',(#2461),#2465);
#2461 = LINE('',#2462,#2463);
#2462 = CARTESIAN_POINT('',(-128.8564183515,31.));
#2463 = VECTOR('',#2464,1.);
#2464 = DIRECTION('',(0.,-1.));
#2465 = ( GEOMETRIC_REPRESENTATION_CONTEXT(2) 
PARAMETRIC_REPRESENTATION_CONTEXT() REPRESENTATION_CONTEXT('2D SPACE',''
  ) );
#2466 = ORIENTED_EDGE('',*,*,#2467,.F.);
#2467 = EDGE_CURVE('',#1448,#2445,#2468,.T.);
#2468 = SURFACE_CURVE('',#2469,(#2474,#2480),.PCURVE_S1.);
#2469 = CIRCLE('',#2470,2.76);
#2470 = AXIS2_PLACEMENT_3D('',#2471,#2472,#2473);
#2471 = CARTESIAN_POINT('',(69.356418351584,-15.5,4.96));
#2472 = DIRECTION('',(0.,1.,0.));
#2473 = DIRECTION('',(0.999657324976,0.,-2.617694830787E-02));
#2474 = PCURVE('',#1463,#2475);
#2475 = DEFINITIONAL_REPRESENTATION('',(#2476),#2479);
#2476 = B_SPLINE_CURVE_WITH_KNOTS('',1,(#2477,#2478),.UNSPECIFIED.,.F.,
  .F.,(2,2),(0.,1.544616388015),.PIECEWISE_BEZIER_KNOTS.);
#2477 = CARTESIAN_POINT('',(0.,31.));
#2478 = CARTESIAN_POINT('',(-1.544616388015,31.));
#2479 = ( GEOMETRIC_REPRESENTATION_CONTEXT(2) 
PARAMETRIC_REPRESENTATION_CONTEXT() REPRESENTATION_CONTEXT('2D SPACE',''
  ) );
#2480 = PCURVE('',#1515,#2481);
#2481 = DEFINITIONAL_REPRESENTATION('',(#2482),#2485);
#2482 = B_SPLINE_CURVE_WITH_KNOTS('',1,(#2483,#2484),.UNSPECIFIED.,.F.,
  .F.,(2,2),(0.,1.544616388015),.PIECEWISE_BEZIER_KNOTS.);
#2483 = CARTESIAN_POINT('',(0.,2.617993877992E-02));
#2484 = CARTESIAN_POINT('',(0.,1.570796326795));
#2485 = ( GEOMETRIC_REPRESENTATION_CONTEXT(2) 
PARAMETRIC_REPRESENTATION_CONTEXT() REPRESENTATION_CONTEXT('2D SPACE',''
  ) );
#2486 = ORIENTED_EDGE('',*,*,#1447,.F.);
#2487 = ADVANCED_FACE('',(#2488),#1515,.F.);
#2488 = FACE_BOUND('',#2489,.F.);
#2489 = EDGE_LOOP('',(#2490,#2547,#2569,#2570,#2571,#2593,#2617));
#2490 = ORIENTED_EDGE('',*,*,#2491,.T.);
#2491 = EDGE_CURVE('',#2492,#2494,#2496,.T.);
#2492 = VERTEX_POINT('',#2493);
#2493 = CARTESIAN_POINT('',(68.377394747484,-21.89584540552,
    2.422217258463));
#2494 = VERTEX_POINT('',#2495);
#2495 = CARTESIAN_POINT('',(67.97545346074,-20.53146811142,2.2));
#2496 = SURFACE_CURVE('',#2497,(#2510,#2526),.PCURVE_S1.);
#2497 = B_SPLINE_CURVE_WITH_KNOTS('',6,(#2498,#2499,#2500,#2501,#2502,
    #2503,#2504,#2505,#2506,#2507,#2508,#2509),.UNSPECIFIED.,.F.,.F.,(7,
    5,7),(0.,0.603683270097,1.),.UNSPECIFIED.);
#2498 = CARTESIAN_POINT('',(68.377394747484,-21.89584540552,
    2.422217258463));
#2499 = CARTESIAN_POINT('',(68.378299805427,-21.75283785977,
    2.38679042086));
#2500 = CARTESIAN_POINT('',(68.369289595521,-21.60974456097,
    2.352379647673));
#2501 = CARTESIAN_POINT('',(68.350333384847,-21.46698146336,
    2.319889920655));
#2502 = CARTESIAN_POINT('',(68.321301197035,-21.32517109451,
    2.290269918224));
#2503 = CARTESIAN_POINT('',(68.282107849504,-21.18511902667,
    2.264545887247));
#2504 = CARTESIAN_POINT('',(68.200494864043,-20.95763971268,
    2.230140626174));
#2505 = CARTESIAN_POINT('',(68.163813730904,-20.86867707541,
    2.218643270472));
#2506 = CARTESIAN_POINT('',(68.122835137105,-20.78120840202,
    2.209584240024));
#2507 = CARTESIAN_POINT('',(68.077647878277,-20.69558871331,
    2.203273566247));
#2508 = CARTESIAN_POINT('',(68.028424187945,-20.61220703273,2.2));
#2509 = CARTESIAN_POINT('',(67.97545346074,-20.53146811142,2.2));
#2510 = PCURVE('',#1515,#2511);
#2511 = DEFINITIONAL_REPRESENTATION('',(#2512),#2525);
#2512 = B_SPLINE_CURVE_WITH_KNOTS('',6,(#2513,#2514,#2515,#2516,#2517,
    #2518,#2519,#2520,#2521,#2522,#2523,#2524),.UNSPECIFIED.,.F.,.F.,(7,
    5,7),(0.,0.603683270097,1.),.UNSPECIFIED.);
#2513 = CARTESIAN_POINT('',(0.62432872453,1.166772273121));
#2514 = CARTESIAN_POINT('',(0.613675729481,1.199423268221));
#2515 = CARTESIAN_POINT('',(0.603352478249,1.234129922023));
#2516 = CARTESIAN_POINT('',(0.593371595471,1.270827958247));
#2517 = CARTESIAN_POINT('',(0.583770773983,1.309474510494));
#2518 = CARTESIAN_POINT('',(0.574607256237,1.350033626815));
#2519 = CARTESIAN_POINT('',(0.56027839609,1.420303016992));
#2520 = CARTESIAN_POINT('',(0.554821939179,1.448949339894));
#2521 = CARTESIAN_POINT('',(0.549610911687,1.478367935175));
#2522 = CARTESIAN_POINT('',(0.544673187242,1.508523066292));
#2523 = CARTESIAN_POINT('',(0.540039011967,1.539359949369));
#2524 = CARTESIAN_POINT('',(0.535738622672,1.570796326795));
#2525 = ( GEOMETRIC_REPRESENTATION_CONTEXT(2) 
PARAMETRIC_REPRESENTATION_CONTEXT() REPRESENTATION_CONTEXT('2D SPACE',''
  ) );
#2526 = PCURVE('',#2527,#2532);
#2527 = CONICAL_SURFACE('',#2528,2.5,2.554168483063E-02);
#2528 = AXIS2_PLACEMENT_3D('',#2529,#2530,#2531);
#2529 = CARTESIAN_POINT('',(65.89584540552,-21.89584540552,1.7));
#2530 = DIRECTION('',(-0.,-0.,-1.));
#2531 = DIRECTION('',(1.,0.,-0.));
#2532 = DEFINITIONAL_REPRESENTATION('',(#2533),#2546);
#2533 = B_SPLINE_CURVE_WITH_KNOTS('',6,(#2534,#2535,#2536,#2537,#2538,
    #2539,#2540,#2541,#2542,#2543,#2544,#2545),.UNSPECIFIED.,.F.,.F.,(7,
    5,7),(0.,0.603683270097,1.),.UNSPECIFIED.);
#2534 = CARTESIAN_POINT('',(0.,-0.722217258463));
#2535 = CARTESIAN_POINT('',(-5.762833054471E-02,-0.68679042086));
#2536 = CARTESIAN_POINT('',(-0.115240776954,-0.652379647673));
#2537 = CARTESIAN_POINT('',(-0.173016914203,-0.619889920655));
#2538 = CARTESIAN_POINT('',(-0.231057208557,-0.590269918224));
#2539 = CARTESIAN_POINT('',(-0.289419983746,-0.564545887247));
#2540 = CARTESIAN_POINT('',(-0.386630109986,-0.530140626174));
#2541 = CARTESIAN_POINT('',(-0.425287927411,-0.518643270472));
#2542 = CARTESIAN_POINT('',(-0.464063565659,-0.509584240024));
#2543 = CARTESIAN_POINT('',(-0.502923454211,-0.503273566247));
#2544 = CARTESIAN_POINT('',(-0.541809393356,-0.5));
#2545 = CARTESIAN_POINT('',(-0.580633498268,-0.5));
#2546 = ( GEOMETRIC_REPRESENTATION_CONTEXT(2) 
PARAMETRIC_REPRESENTATION_CONTEXT() REPRESENTATION_CONTEXT('2D SPACE',''
  ) );
#2547 = ORIENTED_EDGE('',*,*,#2548,.F.);
#2548 = EDGE_CURVE('',#2445,#2494,#2549,.T.);
#2549 = SURFACE_CURVE('',#2550,(#2555,#2562),.PCURVE_S1.);
#2550 = CIRCLE('',#2551,9.856418351584);
#2551 = AXIS2_PLACEMENT_3D('',#2552,#2553,#2554);
#2552 = CARTESIAN_POINT('',(59.5,-15.5,2.2));
#2553 = DIRECTION('',(0.,0.,-1.));
#2554 = DIRECTION('',(1.,0.,0.));
#2555 = PCURVE('',#1515,#2556);
#2556 = DEFINITIONAL_REPRESENTATION('',(#2557),#2561);
#2557 = LINE('',#2558,#2559);
#2558 = CARTESIAN_POINT('',(0.,1.570796326795));
#2559 = VECTOR('',#2560,1.);
#2560 = DIRECTION('',(1.,0.));
#2561 = ( GEOMETRIC_REPRESENTATION_CONTEXT(2) 
PARAMETRIC_REPRESENTATION_CONTEXT() REPRESENTATION_CONTEXT('2D SPACE',''
  ) );
#2562 = PCURVE('',#1783,#2563);
#2563 = DEFINITIONAL_REPRESENTATION('',(#2564),#2568);
#2564 = CIRCLE('',#2565,9.856418351584);
#2565 = AXIS2_PLACEMENT_2D('',#2566,#2567);
#2566 = CARTESIAN_POINT('',(-119.,0.));
#2567 = DIRECTION('',(-1.,0.));
#2568 = ( GEOMETRIC_REPRESENTATION_CONTEXT(2) 
PARAMETRIC_REPRESENTATION_CONTEXT() REPRESENTATION_CONTEXT('2D SPACE',''
  ) );
#2569 = ORIENTED_EDGE('',*,*,#2467,.F.);
#2570 = ORIENTED_EDGE('',*,*,#1498,.T.);
#2571 = ORIENTED_EDGE('',*,*,#2572,.T.);
#2572 = EDGE_CURVE('',#1499,#2573,#2575,.T.);
#2573 = VERTEX_POINT('',#2574);
#2574 = CARTESIAN_POINT('',(59.5,-25.35641835158,2.2));
#2575 = SURFACE_CURVE('',#2576,(#2581,#2587),.PCURVE_S1.);
#2576 = CIRCLE('',#2577,2.76);
#2577 = AXIS2_PLACEMENT_3D('',#2578,#2579,#2580);
#2578 = CARTESIAN_POINT('',(59.5,-25.35641835158,4.96));
#2579 = DIRECTION('',(1.,6.123233995737E-17,0.));
#2580 = DIRECTION('',(6.123233995737E-17,-1.,0.));
#2581 = PCURVE('',#1515,#2582);
#2582 = DEFINITIONAL_REPRESENTATION('',(#2583),#2586);
#2583 = B_SPLINE_CURVE_WITH_KNOTS('',1,(#2584,#2585),.UNSPECIFIED.,.F.,
  .F.,(2,2),(2.617993877992E-02,1.570796326795),
  .PIECEWISE_BEZIER_KNOTS.);
#2584 = CARTESIAN_POINT('',(1.570796326795,2.617993877992E-02));
#2585 = CARTESIAN_POINT('',(1.570796326795,1.570796326795));
#2586 = ( GEOMETRIC_REPRESENTATION_CONTEXT(2) 
PARAMETRIC_REPRESENTATION_CONTEXT() REPRESENTATION_CONTEXT('2D SPACE',''
  ) );
#2587 = PCURVE('',#1566,#2588);
#2588 = DEFINITIONAL_REPRESENTATION('',(#2589),#2592);
#2589 = B_SPLINE_CURVE_WITH_KNOTS('',1,(#2590,#2591),.UNSPECIFIED.,.F.,
  .F.,(2,2),(2.617993877992E-02,1.570796326795),
  .PIECEWISE_BEZIER_KNOTS.);
#2590 = CARTESIAN_POINT('',(0.,-7.105427357601E-15));
#2591 = CARTESIAN_POINT('',(-1.544616388015,-7.105427357601E-15));
#2592 = ( GEOMETRIC_REPRESENTATION_CONTEXT(2) 
PARAMETRIC_REPRESENTATION_CONTEXT() REPRESENTATION_CONTEXT('2D SPACE',''
  ) );
#2593 = ORIENTED_EDGE('',*,*,#2594,.F.);
#2594 = EDGE_CURVE('',#2595,#2573,#2597,.T.);
#2595 = VERTEX_POINT('',#2596);
#2596 = CARTESIAN_POINT('',(64.531468111422,-23.97545346074,2.2));
#2597 = SURFACE_CURVE('',#2598,(#2603,#2610),.PCURVE_S1.);
#2598 = CIRCLE('',#2599,9.856418351584);
#2599 = AXIS2_PLACEMENT_3D('',#2600,#2601,#2602);
#2600 = CARTESIAN_POINT('',(59.5,-15.5,2.2));
#2601 = DIRECTION('',(0.,0.,-1.));
#2602 = DIRECTION('',(1.,0.,0.));
#2603 = PCURVE('',#1515,#2604);
#2604 = DEFINITIONAL_REPRESENTATION('',(#2605),#2609);
#2605 = LINE('',#2606,#2607);
#2606 = CARTESIAN_POINT('',(0.,1.570796326795));
#2607 = VECTOR('',#2608,1.);
#2608 = DIRECTION('',(1.,0.));
#2609 = ( GEOMETRIC_REPRESENTATION_CONTEXT(2) 
PARAMETRIC_REPRESENTATION_CONTEXT() REPRESENTATION_CONTEXT('2D SPACE',''
  ) );
#2610 = PCURVE('',#1783,#2611);
#2611 = DEFINITIONAL_REPRESENTATION('',(#2612),#2616);
#2612 = CIRCLE('',#2613,9.856418351584);
#2613 = AXIS2_PLACEMENT_2D('',#2614,#2615);
#2614 = CARTESIAN_POINT('',(-119.,0.));
#2615 = DIRECTION('',(-1.,0.));
#2616 = ( GEOMETRIC_REPRESENTATION_CONTEXT(2) 
PARAMETRIC_REPRESENTATION_CONTEXT() REPRESENTATION_CONTEXT('2D SPACE',''
  ) );
#2617 = ORIENTED_EDGE('',*,*,#2618,.T.);
#2618 = EDGE_CURVE('',#2595,#2492,#2619,.T.);
#2619 = SURFACE_CURVE('',#2620,(#2700,#2783),.PCURVE_S1.);
#2620 = B_SPLINE_CURVE_WITH_KNOTS('',8,(#2621,#2622,#2623,#2624,#2625,
    #2626,#2627,#2628,#2629,#2630,#2631,#2632,#2633,#2634,#2635,#2636,
    #2637,#2638,#2639,#2640,#2641,#2642,#2643,#2644,#2645,#2646,#2647,
    #2648,#2649,#2650,#2651,#2652,#2653,#2654,#2655,#2656,#2657,#2658,
    #2659,#2660,#2661,#2662,#2663,#2664,#2665,#2666,#2667,#2668,#2669,
    #2670,#2671,#2672,#2673,#2674,#2675,#2676,#2677,#2678,#2679,#2680,
    #2681,#2682,#2683,#2684,#2685,#2686,#2687,#2688,#2689,#2690,#2691,
    #2692,#2693,#2694,#2695,#2696,#2697,#2698,#2699),.UNSPECIFIED.,.F.,
  .F.,(9,7,7,7,7,7,7,7,7,7,7,9),(0.,0.110932356304,0.171731429292,
    0.304900917992,0.486444868947,0.540443738199,0.635912059171,
    0.732416714585,0.783814804428,0.966394252584,0.983060336837,1.),
  .UNSPECIFIED.);
#2621 = CARTESIAN_POINT('',(64.531468111423,-23.97545346074,2.2));
#2622 = CARTESIAN_POINT('',(64.593443018301,-24.01611360125,2.2));
#2623 = CARTESIAN_POINT('',(64.656900825252,-24.05467117702,
    2.201836691463));
#2624 = CARTESIAN_POINT('',(64.721686664274,-24.09101504896,
    2.205420392789));
#2625 = CARTESIAN_POINT('',(64.787649118026,-24.12506223163,
    2.210647557486));
#2626 = CARTESIAN_POINT('',(64.85464283643,-24.15675316077,
    2.217406393059));
#2627 = CARTESIAN_POINT('',(64.922530799517,-24.18604738998,
    2.225581183475));
#2628 = CARTESIAN_POINT('',(64.991186226534,-24.2129197163,
    2.235055315205));
#2629 = CARTESIAN_POINT('',(65.098479949855,-24.25075001463,
    2.251554204063));
#2630 = CARTESIAN_POINT('',(65.136662439102,-24.26341199929,
    2.257751036869));
#2631 = CARTESIAN_POINT('',(65.175023177087,-24.27534060781,
    2.264284541762));
#2632 = CARTESIAN_POINT('',(65.213544653065,-24.28653468929,
    2.271135867287));
#2633 = CARTESIAN_POINT('',(65.252210302141,-24.29699387045,
    2.278286325453));
#2634 = CARTESIAN_POINT('',(65.291004539909,-24.30671840306,
    2.285717443151));
#2635 = CARTESIAN_POINT('',(65.329912797108,-24.31570901144,
    2.29341101358));
#2636 = CARTESIAN_POINT('',(65.454363255761,-24.34205381614,
    2.318736209772));
#2637 = CARTESIAN_POINT('',(65.540278388426,-24.35662319768,
    2.337294816718));
#2638 = CARTESIAN_POINT('',(65.626534317856,-24.36768874409,
    2.356838278888));
#2639 = CARTESIAN_POINT('',(65.713008632113,-24.37526725767,2.3771849505
    ));
#2640 = CARTESIAN_POINT('',(65.799589514316,-24.37937540476,
    2.398157255034));
#2641 = CARTESIAN_POINT('',(65.886176115231,-24.38002663715,
    2.41958071066));
#2642 = CARTESIAN_POINT('',(65.97267892586,-24.37722811344,
    2.441282955664));
#2643 = CARTESIAN_POINT('',(66.176725242384,-24.36245660546,
    2.492825114265));
#2644 = CARTESIAN_POINT('',(66.294083964827,-24.34752352366,
    2.522745761741));
#2645 = CARTESIAN_POINT('',(66.410926550731,-24.32617675972,
    2.552426487726));
#2646 = CARTESIAN_POINT('',(66.527031771346,-24.29838058794,
    2.581421596747));
#2647 = CARTESIAN_POINT('',(66.642131950045,-24.26408022307,
    2.609256141688));
#2648 = CARTESIAN_POINT('',(66.755913911397,-24.2232177093,
    2.635427650735));
#2649 = CARTESIAN_POINT('',(66.868015865089,-24.17574864764,
    2.659421366035));
#2650 = CARTESIAN_POINT('',(67.010740185865,-24.10557143324,
    2.687079760582));
#2651 = CARTESIAN_POINT('',(67.043270154158,-24.08889963421,
    2.693182923464));
#2652 = CARTESIAN_POINT('',(67.075597530444,-24.07164517898,
    2.699035184157));
#2653 = CARTESIAN_POINT('',(67.107708950175,-24.05380950772,
    2.704623374115));
#2654 = CARTESIAN_POINT('',(67.139590315896,-24.03539482015,
    2.709934598922));
#2655 = CARTESIAN_POINT('',(67.171226829791,-24.01640420942,
    2.714956382416));
#2656 = CARTESIAN_POINT('',(67.202603026228,-23.99684179607,
    2.719676810824));
#2657 = CARTESIAN_POINT('',(67.288686244441,-23.94112553242,
    2.73187764698));
#2658 = CARTESIAN_POINT('',(67.342810343577,-23.90376432809,
    2.738694387115));
#2659 = CARTESIAN_POINT('',(67.395980462668,-23.86466174518,
    2.744471736712));
#2660 = CARTESIAN_POINT('',(67.448101007866,-23.82385929062,
    2.749155198214));
#2661 = CARTESIAN_POINT('',(67.499076343282,-23.78140877842,
    2.752700973106));
#2662 = CARTESIAN_POINT('',(67.548811703742,-23.73737362607,
    2.755077997925));
#2663 = CARTESIAN_POINT('',(67.597214107545,-23.69183015093,
    2.756269980275));
#2664 = CARTESIAN_POINT('',(67.691682402406,-23.59739780498,
    2.756284970309));
#2665 = CARTESIAN_POINT('',(67.737723799424,-23.54847141048,
    2.755082126252));
#2666 = CARTESIAN_POINT('',(67.782223794087,-23.49818295608,
    2.752668209299));
#2667 = CARTESIAN_POINT('',(67.82510357964,-23.44662851685,
    2.749060101189));
#2668 = CARTESIAN_POINT('',(67.866297836986,-23.3939060015,
    2.744290101059));
#2669 = CARTESIAN_POINT('',(67.905753362909,-23.34011418373,
    2.738403767738));
#2670 = CARTESIAN_POINT('',(67.943427698295,-23.28535173371,
    2.731457762043));
#2671 = CARTESIAN_POINT('',(67.998386715657,-23.20008495752,
    2.719288830041));
#2672 = CARTESIAN_POINT('',(68.016971961854,-23.17020462324,
    2.714777768772));
#2673 = CARTESIAN_POINT('',(68.035039016029,-23.14008909256,
    2.709994218776));
#2674 = CARTESIAN_POINT('',(68.052584347184,-23.10975168711,
    2.704948466424));
#2675 = CARTESIAN_POINT('',(68.069605267194,-23.07920517849,
    2.699651257841));
#2676 = CARTESIAN_POINT('',(68.086099825753,-23.04846176257,
    2.694113685795));
#2677 = CARTESIAN_POINT('',(68.102066705323,-23.01753303378,
    2.688347076589));
#2678 = CARTESIAN_POINT('',(68.172346385979,-22.87594371037,
    2.661105435846));
#2679 = CARTESIAN_POINT('',(68.220493225029,-22.76330899625,
    2.637112094744));
#2680 = CARTESIAN_POINT('',(68.26195600232,-22.64895485847,
    2.610888876995));
#2681 = CARTESIAN_POINT('',(68.296778758302,-22.53325255061,
    2.582960098482));
#2682 = CARTESIAN_POINT('',(68.325020511295,-22.41652294373,
    2.55383800801));
#2683 = CARTESIAN_POINT('',(68.346737609936,-22.29903973727,
    2.52400660148));
#2684 = CARTESIAN_POINT('',(68.361967131562,-22.18102847528,
    2.493919609843));
#2685 = CARTESIAN_POINT('',(68.371509507762,-22.05185666814,
    2.461282716486));
#2686 = CARTESIAN_POINT('',(68.372249606964,-22.04110375628,
    2.458568106115));
#2687 = CARTESIAN_POINT('',(68.372932659753,-22.03040170363,
    2.455868851369));
#2688 = CARTESIAN_POINT('',(68.373559663158,-22.01974961977,
    2.453184973743));
#2689 = CARTESIAN_POINT('',(68.37413157561,-22.00914665276,
    2.450516494582));
#2690 = CARTESIAN_POINT('',(68.374649316947,-21.99859198922,
    2.447863435072));
#2691 = CARTESIAN_POINT('',(68.375113768408,-21.9880848543,
    2.445225816249));
#2692 = CARTESIAN_POINT('',(68.375944540041,-21.96699245934,
    2.43993845822));
#2693 = CARTESIAN_POINT('',(68.376295487183,-21.95675500609,
    2.437376031323));
#2694 = CARTESIAN_POINT('',(68.376599340945,-21.94655936582,
    2.434827711881));
#2695 = CARTESIAN_POINT('',(68.37686000278,-21.9362224581,2.432248071486
    ));
#2696 = CARTESIAN_POINT('',(68.377073472854,-21.92573610743,
    2.429635625953));
#2697 = CARTESIAN_POINT('',(68.377232101146,-21.91525910228,
    2.427030720556));
#2698 = CARTESIAN_POINT('',(68.377336005612,-21.90512717365,
    2.424516602572));
#2699 = CARTESIAN_POINT('',(68.377394747484,-21.89584540552,
    2.422217258463));
#2700 = PCURVE('',#1515,#2701);
#2701 = DEFINITIONAL_REPRESENTATION('',(#2702),#2782);
#2702 = B_SPLINE_CURVE_WITH_KNOTS('',8,(#2703,#2704,#2705,#2706,#2707,
    #2708,#2709,#2710,#2711,#2712,#2713,#2714,#2715,#2716,#2717,#2718,
    #2719,#2720,#2721,#2722,#2723,#2724,#2725,#2726,#2727,#2728,#2729,
    #2730,#2731,#2732,#2733,#2734,#2735,#2736,#2737,#2738,#2739,#2740,
    #2741,#2742,#2743,#2744,#2745,#2746,#2747,#2748,#2749,#2750,#2751,
    #2752,#2753,#2754,#2755,#2756,#2757,#2758,#2759,#2760,#2761,#2762,
    #2763,#2764,#2765,#2766,#2767,#2768,#2769,#2770,#2771,#2772,#2773,
    #2774,#2775,#2776,#2777,#2778,#2779,#2780,#2781),.UNSPECIFIED.,.F.,
  .F.,(9,7,7,7,7,7,7,7,7,7,7,9),(0.,0.110932356304,0.171731429292,
    0.304900917992,0.486444868947,0.540443738199,0.635912059171,
    0.732416714585,0.783814804428,0.966394252584,0.983060336837,1.),
  .UNSPECIFIED.);
#2703 = CARTESIAN_POINT('',(1.035057704123,1.570796326795));
#2704 = CARTESIAN_POINT('',(1.031756740699,1.546665876054));
#2705 = CARTESIAN_POINT('',(1.028268492905,1.522871752868));
#2706 = CARTESIAN_POINT('',(1.024604484623,1.499445761193));
#2707 = CARTESIAN_POINT('',(1.020776342903,1.476412697081));
#2708 = CARTESIAN_POINT('',(1.01679538357,1.453791976509));
#2709 = CARTESIAN_POINT('',(1.012672288144,1.431598866949));
#2710 = CARTESIAN_POINT('',(1.008416872045,1.409845322691));
#2711 = CARTESIAN_POINT('',(1.001637970214,1.376863775734));
#2712 = CARTESIAN_POINT('',(0.999200852,1.365321689278));
#2713 = CARTESIAN_POINT('',(0.996728004902,1.353915517446));
#2714 = CARTESIAN_POINT('',(0.99422075933,1.342646430145));
#2715 = CARTESIAN_POINT('',(0.991680356043,1.331515440046));
#2716 = CARTESIAN_POINT('',(0.989107941535,1.320523428345));
#2717 = CARTESIAN_POINT('',(0.986504563404,1.309671170527));
#2718 = CARTESIAN_POINT('',(0.978103179424,1.275497062814));
#2719 = CARTESIAN_POINT('',(0.972191777694,1.252710927707));
#2720 = CARTESIAN_POINT('',(0.966146237469,1.230605455229));
#2721 = CARTESIAN_POINT('',(0.959974403082,1.209187385283));
#2722 = CARTESIAN_POINT('',(0.953682616739,1.18846601332));
#2723 = CARTESIAN_POINT('',(0.947275648983,1.168453504408));
#2724 = CARTESIAN_POINT('',(0.940756629161,1.149165207305));
#2725 = CARTESIAN_POINT('',(0.925089068927,1.105338081876));
#2726 = CARTESIAN_POINT('',(0.915849073449,1.081446986398));
#2727 = CARTESIAN_POINT('',(0.906408584616,1.058987680416));
#2728 = CARTESIAN_POINT('',(0.896769910296,1.038033909613));
#2729 = CARTESIAN_POINT('',(0.886936024796,1.01868867369));
#2730 = CARTESIAN_POINT('',(0.876910954681,1.001079079278));
#2731 = CARTESIAN_POINT('',(0.866700596663,0.985349539096));
#2732 = CARTESIAN_POINT('',(0.853224543645,0.967579480255));
#2733 = CARTESIAN_POINT('',(0.850119942874,0.963686073556));
#2734 = CARTESIAN_POINT('',(0.847000573629,0.959977236296));
#2735 = CARTESIAN_POINT('',(0.843866910451,0.956457163627));
#2736 = CARTESIAN_POINT('',(0.840719499935,0.953130045645));
#2737 = CARTESIAN_POINT('',(0.837558966604,0.950000006208));
#2738 = CARTESIAN_POINT('',(0.834386018789,0.947071041744));
#2739 = CARTESIAN_POINT('',(0.825571243913,0.939530868409));
#2740 = CARTESIAN_POINT('',(0.819904238249,0.935354762482));
#2741 = CARTESIAN_POINT('',(0.814205424821,0.93184034179));
#2742 = CARTESIAN_POINT('',(0.808480170489,0.929006593761));
#2743 = CARTESIAN_POINT('',(0.802734297971,0.926868963418));
#2744 = CARTESIAN_POINT('',(0.796974162156,0.925438523051));
#2745 = CARTESIAN_POINT('',(0.791206726418,0.924721141884));
#2746 = CARTESIAN_POINT('',(0.779609948139,0.924712120916));
#2747 = CARTESIAN_POINT('',(0.773779814054,0.92543604164));
#2748 = CARTESIAN_POINT('',(0.76795714769,0.926888645045));
#2749 = CARTESIAN_POINT('',(0.762149141993,0.92906384858));
#2750 = CARTESIAN_POINT('',(0.756362352022,0.931950139867));
#2751 = CARTESIAN_POINT('',(0.75060277512,0.935531456559));
#2752 = CARTESIAN_POINT('',(0.744875931089,0.939788066193));
#2753 = CARTESIAN_POINT('',(0.736157004057,0.947312167025));
#2754 = CARTESIAN_POINT('',(0.733137658416,0.950112178793));
#2755 = CARTESIAN_POINT('',(0.730129588007,0.953094184505));
#2756 = CARTESIAN_POINT('',(0.727133401894,0.956254735499));
#2757 = CARTESIAN_POINT('',(0.724149640256,0.959590279329));
#2758 = CARTESIAN_POINT('',(0.721178778998,0.963097207792));
#2759 = CARTESIAN_POINT('',(0.718221234355,0.966771904959));
#2760 = CARTESIAN_POINT('',(0.704819983082,0.984247536626));
#2761 = CARTESIAN_POINT('',(0.694540087121,0.999949931985));
#2762 = CARTESIAN_POINT('',(0.684447194733,1.017561692533));
#2763 = CARTESIAN_POINT('',(0.674547489211,1.036935039167));
#2764 = CARTESIAN_POINT('',(0.664845149584,1.057939668707));
#2765 = CARTESIAN_POINT('',(0.655343217603,1.080469926198));
#2766 = CARTESIAN_POINT('',(0.646044004172,1.104450183221));
#2767 = CARTESIAN_POINT('',(0.636118834879,1.132155892969));
#2768 = CARTESIAN_POINT('',(0.635294543434,1.134473351974));
#2769 = CARTESIAN_POINT('',(0.634476046692,1.136790799596));
#2770 = CARTESIAN_POINT('',(0.633663235128,1.139108236183));
#2771 = CARTESIAN_POINT('',(0.632856003878,1.141425662074));
#2772 = CARTESIAN_POINT('',(0.63205425274,1.143743077599));
#2773 = CARTESIAN_POINT('',(0.631257886173,1.146060483076));
#2774 = CARTESIAN_POINT('',(0.629662754717,1.150733315322));
#2775 = CARTESIAN_POINT('',(0.628890303045,1.153011727367));
#2776 = CARTESIAN_POINT('',(0.628122866918,1.155291982361));
#2777 = CARTESIAN_POINT('',(0.627345659475,1.157608671298));
#2778 = CARTESIAN_POINT('',(0.626560183672,1.159977016702));
#2779 = CARTESIAN_POINT('',(0.625776065826,1.162346815644));
#2780 = CARTESIAN_POINT('',(0.625020172855,1.164653255136));
#2781 = CARTESIAN_POINT('',(0.624328750378,1.166772436724));
#2782 = ( GEOMETRIC_REPRESENTATION_CONTEXT(2) 
PARAMETRIC_REPRESENTATION_CONTEXT() REPRESENTATION_CONTEXT('2D SPACE',''
  ) );
#2783 = PCURVE('',#2527,#2784);
#2784 = DEFINITIONAL_REPRESENTATION('',(#2785),#2865);
#2785 = B_SPLINE_CURVE_WITH_KNOTS('',8,(#2786,#2787,#2788,#2789,#2790,
    #2791,#2792,#2793,#2794,#2795,#2796,#2797,#2798,#2799,#2800,#2801,
    #2802,#2803,#2804,#2805,#2806,#2807,#2808,#2809,#2810,#2811,#2812,
    #2813,#2814,#2815,#2816,#2817,#2818,#2819,#2820,#2821,#2822,#2823,
    #2824,#2825,#2826,#2827,#2828,#2829,#2830,#2831,#2832,#2833,#2834,
    #2835,#2836,#2837,#2838,#2839,#2840,#2841,#2842,#2843,#2844,#2845,
    #2846,#2847,#2848,#2849,#2850,#2851,#2852,#2853,#2854,#2855,#2856,
    #2857,#2858,#2859,#2860,#2861,#2862,#2863,#2864),.UNSPECIFIED.,.F.,
  .F.,(9,7,7,7,7,7,7,7,7,7,7,9),(0.,0.110932356304,0.171731429292,
    0.304900917992,0.486444868947,0.540443738199,0.635912059171,
    0.732416714585,0.783814804428,0.966394252584,0.983060336837,1.),
  .UNSPECIFIED.);
#2786 = CARTESIAN_POINT('',(-4.131755482117,-0.5));
#2787 = CARTESIAN_POINT('',(-4.161556726021,-0.5));
#2788 = CARTESIAN_POINT('',(-4.191392746958,-0.501836691463));
#2789 = CARTESIAN_POINT('',(-4.221229565784,-0.505420392789));
#2790 = CARTESIAN_POINT('',(-4.251040760257,-0.510647557486));
#2791 = CARTESIAN_POINT('',(-4.280806221809,-0.517406393059));
#2792 = CARTESIAN_POINT('',(-4.310511315812,-0.525581183475));
#2793 = CARTESIAN_POINT('',(-4.340146445325,-0.535055315205));
#2794 = CARTESIAN_POINT('',(-4.38590838189,-0.551554204063));
#2795 = CARTESIAN_POINT('',(-4.402087634849,-0.557751036869));
#2796 = CARTESIAN_POINT('',(-4.418244234037,-0.564284541762));
#2797 = CARTESIAN_POINT('',(-4.434377998946,-0.571135867287));
#2798 = CARTESIAN_POINT('',(-4.450489106548,-0.578286325453));
#2799 = CARTESIAN_POINT('',(-4.466578086103,-0.585717443151));
#2800 = CARTESIAN_POINT('',(-4.482645813979,-0.59341101358));
#2801 = CARTESIAN_POINT('',(-4.533843111322,-0.618736209772));
#2802 = CARTESIAN_POINT('',(-4.568892963441,-0.637294816718));
#2803 = CARTESIAN_POINT('',(-4.603860112761,-0.656838278888));
#2804 = CARTESIAN_POINT('',(-4.638763399998,-0.6771849505));
#2805 = CARTESIAN_POINT('',(-4.673624206835,-0.698157255034));
#2806 = CARTESIAN_POINT('',(-4.708467204098,-0.71958071066));
#2807 = CARTESIAN_POINT('',(-4.743321099944,-0.741282955664));
#2808 = CARTESIAN_POINT('',(-4.825794648445,-0.792825114265));
#2809 = CARTESIAN_POINT('',(-4.873433921794,-0.822745761741));
#2810 = CARTESIAN_POINT('',(-4.921233475321,-0.852426487726));
#2811 = CARTESIAN_POINT('',(-4.969270278391,-0.881421596747));
#2812 = CARTESIAN_POINT('',(-5.017608780946,-0.909256141688));
#2813 = CARTESIAN_POINT('',(-5.066303990787,-0.935427650735));
#2814 = CARTESIAN_POINT('',(-5.115400849701,-0.959421366035));
#2815 = CARTESIAN_POINT('',(-5.179661950732,-0.987079760582));
#2816 = CARTESIAN_POINT('',(-5.194430241857,-0.993182923464));
#2817 = CARTESIAN_POINT('',(-5.209234792434,-0.999035184157));
#2818 = CARTESIAN_POINT('',(-5.224075316739,-1.004623374115));
#2819 = CARTESIAN_POINT('',(-5.238951210255,-1.009934598922));
#2820 = CARTESIAN_POINT('',(-5.253861527235,-1.014956382416));
#2821 = CARTESIAN_POINT('',(-5.268804958275,-1.019676810824));
#2822 = CARTESIAN_POINT('',(-5.310254876112,-1.03187764698));
#2823 = CARTESIAN_POINT('',(-5.33683043887,-1.038694387115));
#2824 = CARTESIAN_POINT('',(-5.3634943571,-1.044471736712));
#2825 = CARTESIAN_POINT('',(-5.390233124017,-1.049155198214));
#2826 = CARTESIAN_POINT('',(-5.417031424005,-1.052700973106));
#2827 = CARTESIAN_POINT('',(-5.443871691528,-1.055077997925));
#2828 = CARTESIAN_POINT('',(-5.470733670033,-1.056269980275));
#2829 = CARTESIAN_POINT('',(-5.524745847511,-1.056284970309));
#2830 = CARTESIAN_POINT('',(-5.551899710792,-1.055082126252));
#2831 = CARTESIAN_POINT('',(-5.579031351793,-1.052668209299));
#2832 = CARTESIAN_POINT('',(-5.606119845741,-1.049060101189));
#2833 = CARTESIAN_POINT('',(-5.633147088867,-1.044290101059));
#2834 = CARTESIAN_POINT('',(-5.660097335279,-1.038403767738));
#2835 = CARTESIAN_POINT('',(-5.686956733838,-1.031457762043));
#2836 = CARTESIAN_POINT('',(-5.727963100197,-1.019288830041));
#2837 = CARTESIAN_POINT('',(-5.742184728393,-1.014777768772));
#2838 = CARTESIAN_POINT('',(-5.756376311462,-1.009994218776));
#2839 = CARTESIAN_POINT('',(-5.770536727891,-1.004948466424));
#2840 = CARTESIAN_POINT('',(-5.78466515517,-0.999651257841));
#2841 = CARTESIAN_POINT('',(-5.798761052164,-0.994113685795));
#2842 = CARTESIAN_POINT('',(-5.812824141485,-0.988347076589));
#2843 = CARTESIAN_POINT('',(-5.876693508031,-0.961105435846));
#2844 = CARTESIAN_POINT('',(-5.926094981127,-0.937112094744));
#2845 = CARTESIAN_POINT('',(-5.975088332639,-0.910888876995));
#2846 = CARTESIAN_POINT('',(-6.023718350375,-0.882960098482));
#2847 = CARTESIAN_POINT('',(-6.072040427191,-0.85383800801));
#2848 = CARTESIAN_POINT('',(-6.12011979039,-0.82400660148));
#2849 = CARTESIAN_POINT('',(-6.168034621774,-0.793919609843));
#2850 = CARTESIAN_POINT('',(-6.220250735432,-0.761282716486));
#2851 = CARTESIAN_POINT('',(-6.224595716425,-0.758568106115));
#2852 = CARTESIAN_POINT('',(-6.228918544594,-0.755868851369));
#2853 = CARTESIAN_POINT('',(-6.233219731799,-0.753184973743));
#2854 = CARTESIAN_POINT('',(-6.237499768513,-0.750516494582));
#2855 = CARTESIAN_POINT('',(-6.241759123828,-0.747863435072));
#2856 = CARTESIAN_POINT('',(-6.245998245445,-0.745225816249));
#2857 = CARTESIAN_POINT('',(-6.254506135265,-0.73993845822));
#2858 = CARTESIAN_POINT('',(-6.258634580851,-0.737376031323));
#2859 = CARTESIAN_POINT('',(-6.262745442325,-0.734827711879));
#2860 = CARTESIAN_POINT('',(-6.266912596287,-0.732248071489));
#2861 = CARTESIAN_POINT('',(-6.271139378375,-0.72963562595));
#2862 = CARTESIAN_POINT('',(-6.275361888513,-0.727030720558));
#2863 = CARTESIAN_POINT('',(-6.279444995442,-0.724516602571));
#2864 = CARTESIAN_POINT('',(-6.28318530718,-0.722217258463));
#2865 = ( GEOMETRIC_REPRESENTATION_CONTEXT(2) 
PARAMETRIC_REPRESENTATION_CONTEXT() REPRESENTATION_CONTEXT('2D SPACE',''
  ) );
#2866 = ADVANCED_FACE('',(#2867),#1566,.F.);
#2867 = FACE_BOUND('',#2868,.T.);
#2868 = EDGE_LOOP('',(#2869,#2870,#2893,#2913));
#2869 = ORIENTED_EDGE('',*,*,#2572,.T.);
#2870 = ORIENTED_EDGE('',*,*,#2871,.T.);
#2871 = EDGE_CURVE('',#2573,#2872,#2874,.T.);
#2872 = VERTEX_POINT('',#2873);
#2873 = CARTESIAN_POINT('',(-59.5,-25.35641835158,2.2));
#2874 = SURFACE_CURVE('',#2875,(#2879,#2886),.PCURVE_S1.);
#2875 = LINE('',#2876,#2877);
#2876 = CARTESIAN_POINT('',(59.5,-25.35641835158,2.2));
#2877 = VECTOR('',#2878,1.);
#2878 = DIRECTION('',(-1.,-0.,-0.));
#2879 = PCURVE('',#1566,#2880);
#2880 = DEFINITIONAL_REPRESENTATION('',(#2881),#2885);
#2881 = LINE('',#2882,#2883);
#2882 = CARTESIAN_POINT('',(-1.544616388015,0.));
#2883 = VECTOR('',#2884,1.);
#2884 = DIRECTION('',(-0.,1.));
#2885 = ( GEOMETRIC_REPRESENTATION_CONTEXT(2) 
PARAMETRIC_REPRESENTATION_CONTEXT() REPRESENTATION_CONTEXT('2D SPACE',''
  ) );
#2886 = PCURVE('',#1783,#2887);
#2887 = DEFINITIONAL_REPRESENTATION('',(#2888),#2892);
#2888 = LINE('',#2889,#2890);
#2889 = CARTESIAN_POINT('',(-119.,-9.856418351584));
#2890 = VECTOR('',#2891,1.);
#2891 = DIRECTION('',(1.,-0.));
#2892 = ( GEOMETRIC_REPRESENTATION_CONTEXT(2) 
PARAMETRIC_REPRESENTATION_CONTEXT() REPRESENTATION_CONTEXT('2D SPACE',''
  ) );
#2893 = ORIENTED_EDGE('',*,*,#2894,.F.);
#2894 = EDGE_CURVE('',#1551,#2872,#2895,.T.);
#2895 = SURFACE_CURVE('',#2896,(#2901,#2907),.PCURVE_S1.);
#2896 = CIRCLE('',#2897,2.76);
#2897 = AXIS2_PLACEMENT_3D('',#2898,#2899,#2900);
#2898 = CARTESIAN_POINT('',(-59.5,-25.35641835158,4.96));
#2899 = DIRECTION('',(1.,0.,0.));
#2900 = DIRECTION('',(0.,-0.999657324976,-2.617694830787E-02));
#2901 = PCURVE('',#1566,#2902);
#2902 = DEFINITIONAL_REPRESENTATION('',(#2903),#2906);
#2903 = B_SPLINE_CURVE_WITH_KNOTS('',1,(#2904,#2905),.UNSPECIFIED.,.F.,
  .F.,(2,2),(0.,1.544616388015),.PIECEWISE_BEZIER_KNOTS.);
#2904 = CARTESIAN_POINT('',(0.,119.));
#2905 = CARTESIAN_POINT('',(-1.544616388015,119.));
#2906 = ( GEOMETRIC_REPRESENTATION_CONTEXT(2) 
PARAMETRIC_REPRESENTATION_CONTEXT() REPRESENTATION_CONTEXT('2D SPACE',''
  ) );
#2907 = PCURVE('',#1616,#2908);
#2908 = DEFINITIONAL_REPRESENTATION('',(#2909),#2912);
#2909 = B_SPLINE_CURVE_WITH_KNOTS('',1,(#2910,#2911),.UNSPECIFIED.,.F.,
  .F.,(2,2),(0.,1.544616388015),.PIECEWISE_BEZIER_KNOTS.);
#2910 = CARTESIAN_POINT('',(0.,2.617993877992E-02));
#2911 = CARTESIAN_POINT('',(0.,1.570796326795));
#2912 = ( GEOMETRIC_REPRESENTATION_CONTEXT(2) 
PARAMETRIC_REPRESENTATION_CONTEXT() REPRESENTATION_CONTEXT('2D SPACE',''
  ) );
#2913 = ORIENTED_EDGE('',*,*,#1550,.F.);
#2914 = ADVANCED_FACE('',(#2915),#1616,.F.);
#2915 = FACE_BOUND('',#2916,.F.);
#2916 = EDGE_LOOP('',(#2917,#2918,#2919,#2920,#2944,#3149));
#2917 = ORIENTED_EDGE('',*,*,#2894,.F.);
#2918 = ORIENTED_EDGE('',*,*,#1601,.T.);
#2919 = ORIENTED_EDGE('',*,*,#1745,.T.);
#2920 = ORIENTED_EDGE('',*,*,#2921,.F.);
#2921 = EDGE_CURVE('',#2922,#1746,#2924,.T.);
#2922 = VERTEX_POINT('',#2923);
#2923 = CARTESIAN_POINT('',(-67.97545346074,-20.53146811142,2.2));
#2924 = SURFACE_CURVE('',#2925,(#2930,#2937),.PCURVE_S1.);
#2925 = CIRCLE('',#2926,9.856418351584);
#2926 = AXIS2_PLACEMENT_3D('',#2927,#2928,#2929);
#2927 = CARTESIAN_POINT('',(-59.5,-15.5,2.2));
#2928 = DIRECTION('',(0.,0.,-1.));
#2929 = DIRECTION('',(0.,-1.,0.));
#2930 = PCURVE('',#1616,#2931);
#2931 = DEFINITIONAL_REPRESENTATION('',(#2932),#2936);
#2932 = LINE('',#2933,#2934);
#2933 = CARTESIAN_POINT('',(0.,1.570796326795));
#2934 = VECTOR('',#2935,1.);
#2935 = DIRECTION('',(1.,0.));
#2936 = ( GEOMETRIC_REPRESENTATION_CONTEXT(2) 
PARAMETRIC_REPRESENTATION_CONTEXT() REPRESENTATION_CONTEXT('2D SPACE',''
  ) );
#2937 = PCURVE('',#1783,#2938);
#2938 = DEFINITIONAL_REPRESENTATION('',(#2939),#2943);
#2939 = CIRCLE('',#2940,9.856418351584);
#2940 = AXIS2_PLACEMENT_2D('',#2941,#2942);
#2941 = CARTESIAN_POINT('',(0.,0.));
#2942 = DIRECTION('',(0.,-1.));
#2943 = ( GEOMETRIC_REPRESENTATION_CONTEXT(2) 
PARAMETRIC_REPRESENTATION_CONTEXT() REPRESENTATION_CONTEXT('2D SPACE',''
  ) );
#2944 = ORIENTED_EDGE('',*,*,#2945,.T.);
#2945 = EDGE_CURVE('',#2922,#2946,#2948,.T.);
#2946 = VERTEX_POINT('',#2947);
#2947 = CARTESIAN_POINT('',(-64.53146811142,-23.97545346074,2.2));
#2948 = SURFACE_CURVE('',#2949,(#3012,#3078),.PCURVE_S1.);
#2949 = B_SPLINE_CURVE_WITH_KNOTS('',6,(#2950,#2951,#2952,#2953,#2954,
    #2955,#2956,#2957,#2958,#2959,#2960,#2961,#2962,#2963,#2964,#2965,
    #2966,#2967,#2968,#2969,#2970,#2971,#2972,#2973,#2974,#2975,#2976,
    #2977,#2978,#2979,#2980,#2981,#2982,#2983,#2984,#2985,#2986,#2987,
    #2988,#2989,#2990,#2991,#2992,#2993,#2994,#2995,#2996,#2997,#2998,
    #2999,#3000,#3001,#3002,#3003,#3004,#3005,#3006,#3007,#3008,#3009,
    #3010,#3011),.UNSPECIFIED.,.F.,.F.,(7,5,5,5,5,5,5,5,5,5,5,5,7),(0.,
    8.721101187333E-02,0.135009047116,0.239702089318,0.382425386557,
    0.424877347233,0.499931093058,0.575799567591,0.61620688943,
    0.759744257168,0.865442130441,0.91320994955,1.),.UNSPECIFIED.);
#2950 = CARTESIAN_POINT('',(-67.97545346074,-20.53146811142,2.2));
#2951 = CARTESIAN_POINT('',(-68.02966698143,-20.61410132059,2.2));
#2952 = CARTESIAN_POINT('',(-68.07995571457,-20.6995026099,2.20342849073
    ));
#2953 = CARTESIAN_POINT('',(-68.12600847081,-20.78723834893,
    2.210034363713));
#2954 = CARTESIAN_POINT('',(-68.16764544422,-20.87689101038,
    2.219501807636));
#2955 = CARTESIAN_POINT('',(-68.20477404343,-20.96808359161,
    2.231502751326));
#2956 = CARTESIAN_POINT('',(-68.2552144412,-21.11114188937,
    2.253501269805));
#2957 = CARTESIAN_POINT('',(-68.27170706338,-21.16215676606,
    2.261953385856));
#2958 = CARTESIAN_POINT('',(-68.28682877443,-21.21348717992,
    2.271016257208));
#2959 = CARTESIAN_POINT('',(-68.30057808815,-21.26508580176,
    2.28063730893));
#2960 = CARTESIAN_POINT('',(-68.3129564353,-21.31690987805,
    2.290764968884));
#2961 = CARTESIAN_POINT('',(-68.34808284157,-21.48284382292,
    2.32453189714));
#2962 = CARTESIAN_POINT('',(-68.36563257976,-21.59764982977,
    2.349901530317));
#2963 = CARTESIAN_POINT('',(-68.37665476135,-21.71296819846,
    2.376935316269));
#2964 = CARTESIAN_POINT('',(-68.38120192576,-21.82847525752,
    2.405134061966));
#2965 = CARTESIAN_POINT('',(-68.37931161112,-21.9438985178,2.43401301626
    ));
#2966 = CARTESIAN_POINT('',(-68.35961626715,-22.21596027316,
    2.502735894395));
#2967 = CARTESIAN_POINT('',(-68.33628572243,-22.37225383914,
    2.542730521476));
#2968 = CARTESIAN_POINT('',(-68.30098146342,-22.52742550138,2.5818776151
    ));
#2969 = CARTESIAN_POINT('',(-68.25353978551,-22.68075975678,
    2.618896623078));
#2970 = CARTESIAN_POINT('',(-68.19377827634,-22.83134774522,
    2.65231549003));
#2971 = CARTESIAN_POINT('',(-68.10020865713,-23.02164683959,
    2.689193349426));
#2972 = CARTESIAN_POINT('',(-68.07766840738,-23.0649188011,
    2.697204177989));
#2973 = CARTESIAN_POINT('',(-68.05404129294,-23.1078008317,
    2.704734243828));
#2974 = CARTESIAN_POINT('',(-68.02933251415,-23.15025408182,
    2.711746917676));
#2975 = CARTESIAN_POINT('',(-68.00355144081,-23.19223643353,
    2.718207522134));
#2976 = CARTESIAN_POINT('',(-67.92926308926,-23.30701405782,
    2.734475303675));
#2977 = CARTESIAN_POINT('',(-67.87850208357,-23.37872120813,
    2.743043634548));
#2978 = CARTESIAN_POINT('',(-67.82452083437,-23.44855926592,
    2.749612819868));
#2979 = CARTESIAN_POINT('',(-67.767452381,-23.51625878611,2.754046437467
    ));
#2980 = CARTESIAN_POINT('',(-67.70748391235,-23.58155438698,
    2.756267495423));
#2981 = CARTESIAN_POINT('',(-67.58157411775,-23.70751211346,
    2.756287482135));
#2982 = CARTESIAN_POINT('',(-67.51556274759,-23.76812851687,
    2.754038154308));
#2983 = CARTESIAN_POINT('',(-67.44709592031,-23.8257802141,
    2.749527509935));
#2984 = CARTESIAN_POINT('',(-67.37644787689,-23.88027428385,
    2.742835624746));
#2985 = CARTESIAN_POINT('',(-67.30389689513,-23.93147434561,
    2.734104453033));
#2986 = CARTESIAN_POINT('',(-67.1902078602,-24.00475303542,
    2.717879210363));
#2987 = CARTESIAN_POINT('',(-67.15023459191,-24.02925938336,
    2.711713954145));
#2988 = CARTESIAN_POINT('',(-67.10983521323,-24.0527942592,
    2.705049118245));
#2989 = CARTESIAN_POINT('',(-67.06904604598,-24.07534954561,
    2.697914573846));
#2990 = CARTESIAN_POINT('',(-67.02790072523,-24.0969205684,
    2.690341809801));
#2991 = CARTESIAN_POINT('',(-66.83911496069,-24.19062680927,
    2.654019622144));
#2992 = CARTESIAN_POINT('',(-66.68778949381,-24.25125223156,
    2.620569354009));
#2993 = CARTESIAN_POINT('',(-66.53365487478,-24.29941041637,
    2.583428937929));
#2994 = CARTESIAN_POINT('',(-66.37764274292,-24.33528753018,
    2.544100604428));
#2995 = CARTESIAN_POINT('',(-66.22048417763,-24.3590523999,
    2.503888592847));
#2996 = CARTESIAN_POINT('',(-65.94644399869,-24.3792967128,
    2.434648870235));
#2997 = CARTESIAN_POINT('',(-65.8299142365,-24.38131411926,
    2.405479371199));
#2998 = CARTESIAN_POINT('',(-65.7132955613,-24.37677059721,
    2.376997474325));
#2999 = CARTESIAN_POINT('',(-65.59686818991,-24.3656274944,
    2.349701911703));
#3000 = CARTESIAN_POINT('',(-65.48096544372,-24.34783056228,
    2.324106383292));
#3001 = CARTESIAN_POINT('',(-65.31400051788,-24.31227212325,
    2.290193296533));
#3002 = CARTESIAN_POINT('',(-65.2622197297,-24.29983777882,
    2.280095324329));
#3003 = CARTESIAN_POINT('',(-65.21066565096,-24.28603415222,
    2.270505214594));
#3004 = CARTESIAN_POINT('',(-65.1593810781,-24.2708598805,2.261474473903
    ));
#3005 = CARTESIAN_POINT('',(-65.10841337947,-24.25431654037,
    2.253055602672));
#3006 = CARTESIAN_POINT('',(-64.96587972541,-24.20387555021,
    2.231213268053));
#3007 = CARTESIAN_POINT('',(-64.87515802059,-24.16683960828,
    2.219319697574));
#3008 = CARTESIAN_POINT('',(-64.78596591351,-24.12534063139,
    2.209937830527));
#3009 = CARTESIAN_POINT('',(-64.69867702702,-24.07946918964,
    2.203395942994));
#3010 = CARTESIAN_POINT('',(-64.61370189551,-24.02940492892,2.2));
#3011 = CARTESIAN_POINT('',(-64.53146811142,-23.97545346074,2.2));
#3012 = PCURVE('',#1616,#3013);
#3013 = DEFINITIONAL_REPRESENTATION('',(#3014),#3077);
#3014 = B_SPLINE_CURVE_WITH_KNOTS('',6,(#3015,#3016,#3017,#3018,#3019,
    #3020,#3021,#3022,#3023,#3024,#3025,#3026,#3027,#3028,#3029,#3030,
    #3031,#3032,#3033,#3034,#3035,#3036,#3037,#3038,#3039,#3040,#3041,
    #3042,#3043,#3044,#3045,#3046,#3047,#3048,#3049,#3050,#3051,#3052,
    #3053,#3054,#3055,#3056,#3057,#3058,#3059,#3060,#3061,#3062,#3063,
    #3064,#3065,#3066,#3067,#3068,#3069,#3070,#3071,#3072,#3073,#3074,
    #3075,#3076),.UNSPECIFIED.,.F.,.F.,(7,5,5,5,5,5,5,5,5,5,5,5,7),(0.,
    8.721101187333E-02,0.135009047116,0.239702089318,0.382425386557,
    0.424877347233,0.499931093058,0.575799567591,0.61620688943,
    0.759744257168,0.865442130441,0.91320994955,1.),.UNSPECIFIED.);
#3015 = CARTESIAN_POINT('',(1.035057704123,1.570796326795));
#3016 = CARTESIAN_POINT('',(1.030656419558,1.538622392474));
#3017 = CARTESIAN_POINT('',(1.025905537501,1.507076269588));
#3018 = CARTESIAN_POINT('',(1.020837324826,1.476247009214));
#3019 = CARTESIAN_POINT('',(1.015484529842,1.446190958884));
#3020 = CARTESIAN_POINT('',(1.00987651469,1.416946955617));
#3021 = CARTESIAN_POINT('',(1.000837978916,1.372971559676));
#3022 = CARTESIAN_POINT('',(0.99756867766,1.357653877318));
#3023 = CARTESIAN_POINT('',(0.994234003561,1.342591164969));
#3024 = CARTESIAN_POINT('',(0.990837523048,1.327786356773));
#3025 = CARTESIAN_POINT('',(0.987382362627,1.313241773328));
#3026 = CARTESIAN_POINT('',(0.976180517319,1.267676296378));
#3027 = CARTESIAN_POINT('',(0.968222160124,1.237655403809));
#3028 = CARTESIAN_POINT('',(0.960022069533,1.208909280013));
#3029 = CARTESIAN_POINT('',(0.951599535507,1.181460980808));
#3030 = CARTESIAN_POINT('',(0.942966513586,1.155346953564));
#3031 = CARTESIAN_POINT('',(0.922076433273,1.096910786325));
#3032 = CARTESIAN_POINT('',(0.90964865876,1.065797747647));
#3033 = CARTESIAN_POINT('',(0.896848118802,1.037395647795));
#3034 = CARTESIAN_POINT('',(0.883682605812,1.011972103091));
#3035 = CARTESIAN_POINT('',(0.870162806359,0.989914946337));
#3036 = CARTESIAN_POINT('',(0.852194735669,0.966221534549));
#3037 = CARTESIAN_POINT('',(0.848047173659,0.961126555173));
#3038 = CARTESIAN_POINT('',(0.843872424972,0.956379968503));
#3039 = CARTESIAN_POINT('',(0.839671941853,0.951993625742));
#3040 = CARTESIAN_POINT('',(0.835447540218,0.947979068969));
#3041 = CARTESIAN_POINT('',(0.82369450705,0.937925504523));
#3042 = CARTESIAN_POINT('',(0.816118875457,0.93269868901));
#3043 = CARTESIAN_POINT('',(0.808488524198,0.92872727214));
#3044 = CARTESIAN_POINT('',(0.800819188964,0.926059356169));
#3045 = CARTESIAN_POINT('',(0.793129088916,0.924722637263));
#3046 = CARTESIAN_POINT('',(0.777666717876,0.924710609305));
#3047 = CARTESIAN_POINT('',(0.769892969339,0.926064346567));
#3048 = CARTESIAN_POINT('',(0.76214054416,0.928778503486));
#3049 = CARTESIAN_POINT('',(0.754428242203,0.932824270847));
#3050 = CARTESIAN_POINT('',(0.746772260661,0.938151606242));
#3051 = CARTESIAN_POINT('',(0.735147024618,0.948183740684));
#3052 = CARTESIAN_POINT('',(0.731126879857,0.952015911464));
#3053 = CARTESIAN_POINT('',(0.727128419249,0.956184727213));
#3054 = CARTESIAN_POINT('',(0.723153210985,0.960680248296));
#3055 = CARTESIAN_POINT('',(0.719202523304,0.96549227488));
#3056 = CARTESIAN_POINT('',(0.701334188273,0.988793117102));
#3057 = CARTESIAN_POINT('',(0.687722320839,1.010831326344));
#3058 = CARTESIAN_POINT('',(0.67446840751,1.036287814447));
#3059 = CARTESIAN_POINT('',(0.661583542117,1.064764684578));
#3060 = CARTESIAN_POINT('',(0.649075660492,1.095987436888));
#3061 = CARTESIAN_POINT('',(0.628019245555,1.154765569865));
#3062 = CARTESIAN_POINT('',(0.619299847625,1.181107688349));
#3063 = CARTESIAN_POINT('',(0.610794814207,1.208810167208));
#3064 = CARTESIAN_POINT('',(0.602516412807,1.237835397463));
#3065 = CARTESIAN_POINT('',(0.594484526367,1.268159699077));
#3066 = CARTESIAN_POINT('',(0.583219667621,1.314055937941));
#3067 = CARTESIAN_POINT('',(0.579769427504,1.328603387378));
#3068 = CARTESIAN_POINT('',(0.576377904192,1.34341064708));
#3069 = CARTESIAN_POINT('',(0.573048230504,1.358475388155));
#3070 = CARTESIAN_POINT('',(0.569783978175,1.373794661256));
#3071 = CARTESIAN_POINT('',(0.560784319852,1.417654005786));
#3072 = CARTESIAN_POINT('',(0.55520838021,1.446772356181));
#3073 = CARTESIAN_POINT('',(0.549885457893,1.476693850907));
#3074 = CARTESIAN_POINT('',(0.544844895523,1.507381479992));
#3075 = CARTESIAN_POINT('',(0.540118632697,1.538777911985));
#3076 = CARTESIAN_POINT('',(0.535738622672,1.570796326795));
#3077 = ( GEOMETRIC_REPRESENTATION_CONTEXT(2) 
PARAMETRIC_REPRESENTATION_CONTEXT() REPRESENTATION_CONTEXT('2D SPACE',''
  ) );
#3078 = PCURVE('',#3079,#3084);
#3079 = CONICAL_SURFACE('',#3080,2.5,2.554168483063E-02);
#3080 = AXIS2_PLACEMENT_3D('',#3081,#3082,#3083);
#3081 = CARTESIAN_POINT('',(-65.89584540552,-21.89584540552,1.7));
#3082 = DIRECTION('',(-0.,-0.,-1.));
#3083 = DIRECTION('',(1.,0.,-0.));
#3084 = DEFINITIONAL_REPRESENTATION('',(#3085),#3148);
#3085 = B_SPLINE_CURVE_WITH_KNOTS('',6,(#3086,#3087,#3088,#3089,#3090,
    #3091,#3092,#3093,#3094,#3095,#3096,#3097,#3098,#3099,#3100,#3101,
    #3102,#3103,#3104,#3105,#3106,#3107,#3108,#3109,#3110,#3111,#3112,
    #3113,#3114,#3115,#3116,#3117,#3118,#3119,#3120,#3121,#3122,#3123,
    #3124,#3125,#3126,#3127,#3128,#3129,#3130,#3131,#3132,#3133,#3134,
    #3135,#3136,#3137,#3138,#3139,#3140,#3141,#3142,#3143,#3144,#3145,
    #3146,#3147),.UNSPECIFIED.,.F.,.F.,(7,5,5,5,5,5,5,5,5,5,5,5,7),(0.,
    8.721101187333E-02,0.135009047116,0.239702089318,0.382425386557,
    0.424877347233,0.499931093058,0.575799567591,0.61620688943,
    0.759744257168,0.865442130441,0.91320994955,1.),.UNSPECIFIED.);
#3086 = CARTESIAN_POINT('',(-2.560959155322,-0.5));
#3087 = CARTESIAN_POINT('',(-2.600694147194,-0.5));
#3088 = CARTESIAN_POINT('',(-2.640494056195,-0.50342849073));
#3089 = CARTESIAN_POINT('',(-2.68026374072,-0.510034363713));
#3090 = CARTESIAN_POINT('',(-2.719943324706,-0.519501807636));
#3091 = CARTESIAN_POINT('',(-2.759496594197,-0.531502751326));
#3092 = CARTESIAN_POINT('',(-2.820512509616,-0.553501269805));
#3093 = CARTESIAN_POINT('',(-2.842073054573,-0.561953385856));
#3094 = CARTESIAN_POINT('',(-2.863590805533,-0.571016257208));
#3095 = CARTESIAN_POINT('',(-2.885065934046,-0.58063730893));
#3096 = CARTESIAN_POINT('',(-2.906500255689,-0.590764968884));
#3097 = CARTESIAN_POINT('',(-2.974763318813,-0.62453189714));
#3098 = CARTESIAN_POINT('',(-3.021443254578,-0.649901530317));
#3099 = CARTESIAN_POINT('',(-3.067984723193,-0.676935316269));
#3100 = CARTESIAN_POINT('',(-3.114443825189,-0.705134061966));
#3101 = CARTESIAN_POINT('',(-3.16089201045,-0.73401301626));
#3102 = CARTESIAN_POINT('',(-3.270856741785,-0.802735894395));
#3103 = CARTESIAN_POINT('',(-3.334409913154,-0.842730521476));
#3104 = CARTESIAN_POINT('',(-3.398352123606,-0.8818776151));
#3105 = CARTESIAN_POINT('',(-3.462862864679,-0.918896623078));
#3106 = CARTESIAN_POINT('',(-3.528094836665,-0.95231549003));
#3107 = CARTESIAN_POINT('',(-3.613776304706,-0.989193349426));
#3108 = CARTESIAN_POINT('',(-3.633486692242,-0.997204177989));
#3109 = CARTESIAN_POINT('',(-3.653264774015,-1.004734243828));
#3110 = CARTESIAN_POINT('',(-3.673109196792,-1.011746917676));
#3111 = CARTESIAN_POINT('',(-3.693017014947,-1.018207522134));
#3112 = CARTESIAN_POINT('',(-3.748283572062,-1.034475303675));
#3113 = CARTESIAN_POINT('',(-3.783771252818,-1.043043634548));
#3114 = CARTESIAN_POINT('',(-3.819412534009,-1.049612819868));
#3115 = CARTESIAN_POINT('',(-3.855167043527,-1.054046437467));
#3116 = CARTESIAN_POINT('',(-3.89098390963,-1.056267495423));
#3117 = CARTESIAN_POINT('',(-3.963000146268,-1.056287482135));
#3118 = CARTESIAN_POINT('',(-3.999206356844,-1.054038154308));
#3119 = CARTESIAN_POINT('',(-4.035348490852,-1.049527509935));
#3120 = CARTESIAN_POINT('',(-4.071374089305,-1.042835624746));
#3121 = CARTESIAN_POINT('',(-4.107241696649,-1.034104453033));
#3122 = CARTESIAN_POINT('',(-4.161916851794,-1.017879210363));
#3123 = CARTESIAN_POINT('',(-4.180863765668,-1.011713954145));
#3124 = CARTESIAN_POINT('',(-4.199753253033,-1.005049118245));
#3125 = CARTESIAN_POINT('',(-4.218582764701,-0.997914573846));
#3126 = CARTESIAN_POINT('',(-4.237351064567,-0.990341809801));
#3127 = CARTESIAN_POINT('',(-4.322510219961,-0.954019622144));
#3128 = CARTESIAN_POINT('',(-4.388145441116,-0.920569354009));
#3129 = CARTESIAN_POINT('',(-4.453046388705,-0.883428937929));
#3130 = CARTESIAN_POINT('',(-4.517366965715,-0.844100604428));
#3131 = CARTESIAN_POINT('',(-4.581288812782,-0.803888592847));
#3132 = CARTESIAN_POINT('',(-4.692066183225,-0.734648870235));
#3133 = CARTESIAN_POINT('',(-4.738959246779,-0.705479371199));
#3134 = CARTESIAN_POINT('',(-4.785862728191,-0.676997474325));
#3135 = CARTESIAN_POINT('',(-4.832850171749,-0.649701911703));
#3136 = CARTESIAN_POINT('',(-4.879979190981,-0.624106383292));
#3137 = CARTESIAN_POINT('',(-4.948683836931,-0.590193296533));
#3138 = CARTESIAN_POINT('',(-4.970106354167,-0.580095324329));
#3139 = CARTESIAN_POINT('',(-4.991569707999,-0.570505214594));
#3140 = CARTESIAN_POINT('',(-5.013075668384,-0.561474473903));
#3141 = CARTESIAN_POINT('',(-5.034624358726,-0.553055602672));
#3142 = CARTESIAN_POINT('',(-5.095441116101,-0.531213268053));
#3143 = CARTESIAN_POINT('',(-5.134805681653,-0.519319697574));
#3144 = CARTESIAN_POINT('',(-5.174294334139,-0.509937830527));
#3145 = CARTESIAN_POINT('',(-5.213872586361,-0.503395942994));
#3146 = CARTESIAN_POINT('',(-5.253479554261,-0.5));
#3147 = CARTESIAN_POINT('',(-5.293022478653,-0.5));
#3148 = ( GEOMETRIC_REPRESENTATION_CONTEXT(2) 
PARAMETRIC_REPRESENTATION_CONTEXT() REPRESENTATION_CONTEXT('2D SPACE',''
  ) );
#3149 = ORIENTED_EDGE('',*,*,#3150,.F.);
#3150 = EDGE_CURVE('',#2872,#2946,#3151,.T.);
#3151 = SURFACE_CURVE('',#3152,(#3157,#3164),.PCURVE_S1.);
#3152 = CIRCLE('',#3153,9.856418351584);
#3153 = AXIS2_PLACEMENT_3D('',#3154,#3155,#3156);
#3154 = CARTESIAN_POINT('',(-59.5,-15.5,2.2));
#3155 = DIRECTION('',(0.,0.,-1.));
#3156 = DIRECTION('',(0.,-1.,0.));
#3157 = PCURVE('',#1616,#3158);
#3158 = DEFINITIONAL_REPRESENTATION('',(#3159),#3163);
#3159 = LINE('',#3160,#3161);
#3160 = CARTESIAN_POINT('',(0.,1.570796326795));
#3161 = VECTOR('',#3162,1.);
#3162 = DIRECTION('',(1.,0.));
#3163 = ( GEOMETRIC_REPRESENTATION_CONTEXT(2) 
PARAMETRIC_REPRESENTATION_CONTEXT() REPRESENTATION_CONTEXT('2D SPACE',''
  ) );
#3164 = PCURVE('',#1783,#3165);
#3165 = DEFINITIONAL_REPRESENTATION('',(#3166),#3170);
#3166 = CIRCLE('',#3167,9.856418351584);
#3167 = AXIS2_PLACEMENT_2D('',#3168,#3169);
#3168 = CARTESIAN_POINT('',(0.,0.));
#3169 = DIRECTION('',(0.,-1.));
#3170 = ( GEOMETRIC_REPRESENTATION_CONTEXT(2) 
PARAMETRIC_REPRESENTATION_CONTEXT() REPRESENTATION_CONTEXT('2D SPACE',''
  ) );
#3171 = ADVANCED_FACE('',(#3172),#1783,.F.);
#3172 = FACE_BOUND('',#3173,.F.);
#3173 = EDGE_LOOP('',(#3174,#3175,#3176,#3202,#3203,#3204,#3205,#3233,
    #3259,#3260,#3261,#3262,#3290,#3316,#3317,#3318,#3319,#3345));
#3174 = ORIENTED_EDGE('',*,*,#2444,.T.);
#3175 = ORIENTED_EDGE('',*,*,#2548,.T.);
#3176 = ORIENTED_EDGE('',*,*,#3177,.T.);
#3177 = EDGE_CURVE('',#2494,#2595,#3178,.T.);
#3178 = SURFACE_CURVE('',#3179,(#3184,#3195),.PCURVE_S1.);
#3179 = CIRCLE('',#3180,2.487226379722);
#3180 = AXIS2_PLACEMENT_3D('',#3181,#3182,#3183);
#3181 = CARTESIAN_POINT('',(65.89584540552,-21.89584540552,2.2));
#3182 = DIRECTION('',(0.,0.,1.));
#3183 = DIRECTION('',(1.,0.,-0.));
#3184 = PCURVE('',#1783,#3185);
#3185 = DEFINITIONAL_REPRESENTATION('',(#3186),#3194);
#3186 = ( BOUNDED_CURVE() B_SPLINE_CURVE(2,(#3187,#3188,#3189,#3190,
#3191,#3192,#3193),.UNSPECIFIED.,.T.,.F.) B_SPLINE_CURVE_WITH_KNOTS((1,2
    ,2,2,2,1),(-2.094395102393,0.,2.094395102393,4.188790204786,
6.28318530718,8.377580409573),.UNSPECIFIED.) CURVE() 
GEOMETRIC_REPRESENTATION_ITEM() RATIONAL_B_SPLINE_CURVE((1.,0.5,1.,0.5,
1.,0.5,1.)) REPRESENTATION_ITEM('') );
#3187 = CARTESIAN_POINT('',(-127.8830717852,-6.39584540552));
#3188 = CARTESIAN_POINT('',(-127.8830717852,-2.087842945915));
#3189 = CARTESIAN_POINT('',(-124.1522322156,-4.241844175717));
#3190 = CARTESIAN_POINT('',(-120.421392646,-6.39584540552));
#3191 = CARTESIAN_POINT('',(-124.1522322156,-8.549846635322));
#3192 = CARTESIAN_POINT('',(-127.8830717852,-10.70384786512));
#3193 = CARTESIAN_POINT('',(-127.8830717852,-6.39584540552));
#3194 = ( GEOMETRIC_REPRESENTATION_CONTEXT(2) 
PARAMETRIC_REPRESENTATION_CONTEXT() REPRESENTATION_CONTEXT('2D SPACE',''
  ) );
#3195 = PCURVE('',#2527,#3196);
#3196 = DEFINITIONAL_REPRESENTATION('',(#3197),#3201);
#3197 = LINE('',#3198,#3199);
#3198 = CARTESIAN_POINT('',(-0.,-0.5));
#3199 = VECTOR('',#3200,1.);
#3200 = DIRECTION('',(-1.,-0.));
#3201 = ( GEOMETRIC_REPRESENTATION_CONTEXT(2) 
PARAMETRIC_REPRESENTATION_CONTEXT() REPRESENTATION_CONTEXT('2D SPACE',''
  ) );
#3202 = ORIENTED_EDGE('',*,*,#2594,.T.);
#3203 = ORIENTED_EDGE('',*,*,#2871,.T.);
#3204 = ORIENTED_EDGE('',*,*,#3150,.T.);
#3205 = ORIENTED_EDGE('',*,*,#3206,.T.);
#3206 = EDGE_CURVE('',#2946,#3207,#3209,.T.);
#3207 = VERTEX_POINT('',#3208);
#3208 = CARTESIAN_POINT('',(-63.40861902579,-21.89584540552,2.2));
#3209 = SURFACE_CURVE('',#3210,(#3215,#3226),.PCURVE_S1.);
#3210 = CIRCLE('',#3211,2.487226379722);
#3211 = AXIS2_PLACEMENT_3D('',#3212,#3213,#3214);
#3212 = CARTESIAN_POINT('',(-65.89584540552,-21.89584540552,2.2));
#3213 = DIRECTION('',(0.,0.,1.));
#3214 = DIRECTION('',(1.,0.,-0.));
#3215 = PCURVE('',#1783,#3216);
#3216 = DEFINITIONAL_REPRESENTATION('',(#3217),#3225);
#3217 = ( BOUNDED_CURVE() B_SPLINE_CURVE(2,(#3218,#3219,#3220,#3221,
#3222,#3223,#3224),.UNSPECIFIED.,.T.,.F.) B_SPLINE_CURVE_WITH_KNOTS((1,2
    ,2,2,2,1),(-2.094395102393,0.,2.094395102393,4.188790204786,
6.28318530718,8.377580409573),.UNSPECIFIED.) CURVE() 
GEOMETRIC_REPRESENTATION_ITEM() RATIONAL_B_SPLINE_CURVE((1.,0.5,1.,0.5,
1.,0.5,1.)) REPRESENTATION_ITEM('') );
#3218 = CARTESIAN_POINT('',(3.908619025797,-6.39584540552));
#3219 = CARTESIAN_POINT('',(3.908619025797,-2.087842945915));
#3220 = CARTESIAN_POINT('',(7.639458595381,-4.241844175717));
#3221 = CARTESIAN_POINT('',(11.370298164964,-6.39584540552));
#3222 = CARTESIAN_POINT('',(7.639458595381,-8.549846635322));
#3223 = CARTESIAN_POINT('',(3.908619025797,-10.70384786512));
#3224 = CARTESIAN_POINT('',(3.908619025797,-6.39584540552));
#3225 = ( GEOMETRIC_REPRESENTATION_CONTEXT(2) 
PARAMETRIC_REPRESENTATION_CONTEXT() REPRESENTATION_CONTEXT('2D SPACE',''
  ) );
#3226 = PCURVE('',#3079,#3227);
#3227 = DEFINITIONAL_REPRESENTATION('',(#3228),#3232);
#3228 = LINE('',#3229,#3230);
#3229 = CARTESIAN_POINT('',(-0.,-0.5));
#3230 = VECTOR('',#3231,1.);
#3231 = DIRECTION('',(-1.,-0.));
#3232 = ( GEOMETRIC_REPRESENTATION_CONTEXT(2) 
PARAMETRIC_REPRESENTATION_CONTEXT() REPRESENTATION_CONTEXT('2D SPACE',''
  ) );
#3233 = ORIENTED_EDGE('',*,*,#3234,.T.);
#3234 = EDGE_CURVE('',#3207,#2922,#3235,.T.);
#3235 = SURFACE_CURVE('',#3236,(#3241,#3252),.PCURVE_S1.);
#3236 = CIRCLE('',#3237,2.487226379722);
#3237 = AXIS2_PLACEMENT_3D('',#3238,#3239,#3240);
#3238 = CARTESIAN_POINT('',(-65.89584540552,-21.89584540552,2.2));
#3239 = DIRECTION('',(0.,0.,1.));
#3240 = DIRECTION('',(1.,0.,-0.));
#3241 = PCURVE('',#1783,#3242);
#3242 = DEFINITIONAL_REPRESENTATION('',(#3243),#3251);
#3243 = ( BOUNDED_CURVE() B_SPLINE_CURVE(2,(#3244,#3245,#3246,#3247,
#3248,#3249,#3250),.UNSPECIFIED.,.T.,.F.) B_SPLINE_CURVE_WITH_KNOTS((1,2
    ,2,2,2,1),(-2.094395102393,0.,2.094395102393,4.188790204786,
6.28318530718,8.377580409573),.UNSPECIFIED.) CURVE() 
GEOMETRIC_REPRESENTATION_ITEM() RATIONAL_B_SPLINE_CURVE((1.,0.5,1.,0.5,
1.,0.5,1.)) REPRESENTATION_ITEM('') );
#3244 = CARTESIAN_POINT('',(3.908619025797,-6.39584540552));
#3245 = CARTESIAN_POINT('',(3.908619025797,-2.087842945915));
#3246 = CARTESIAN_POINT('',(7.639458595381,-4.241844175717));
#3247 = CARTESIAN_POINT('',(11.370298164964,-6.39584540552));
#3248 = CARTESIAN_POINT('',(7.639458595381,-8.549846635322));
#3249 = CARTESIAN_POINT('',(3.908619025797,-10.70384786512));
#3250 = CARTESIAN_POINT('',(3.908619025797,-6.39584540552));
#3251 = ( GEOMETRIC_REPRESENTATION_CONTEXT(2) 
PARAMETRIC_REPRESENTATION_CONTEXT() REPRESENTATION_CONTEXT('2D SPACE',''
  ) );
#3252 = PCURVE('',#3079,#3253);
#3253 = DEFINITIONAL_REPRESENTATION('',(#3254),#3258);
#3254 = LINE('',#3255,#3256);
#3255 = CARTESIAN_POINT('',(-0.,-0.5));
#3256 = VECTOR('',#3257,1.);
#3257 = DIRECTION('',(-1.,-0.));
#3258 = ( GEOMETRIC_REPRESENTATION_CONTEXT(2) 
PARAMETRIC_REPRESENTATION_CONTEXT() REPRESENTATION_CONTEXT('2D SPACE',''
  ) );
#3259 = ORIENTED_EDGE('',*,*,#2921,.T.);
#3260 = ORIENTED_EDGE('',*,*,#1767,.T.);
#3261 = ORIENTED_EDGE('',*,*,#2072,.T.);
#3262 = ORIENTED_EDGE('',*,*,#3263,.T.);
#3263 = EDGE_CURVE('',#1868,#3264,#3266,.T.);
#3264 = VERTEX_POINT('',#3265);
#3265 = CARTESIAN_POINT('',(-63.40861902579,21.89584540552,2.2));
#3266 = SURFACE_CURVE('',#3267,(#3272,#3283),.PCURVE_S1.);
#3267 = CIRCLE('',#3268,2.487226379722);
#3268 = AXIS2_PLACEMENT_3D('',#3269,#3270,#3271);
#3269 = CARTESIAN_POINT('',(-65.89584540552,21.89584540552,2.2));
#3270 = DIRECTION('',(0.,0.,1.));
#3271 = DIRECTION('',(1.,0.,-0.));
#3272 = PCURVE('',#1783,#3273);
#3273 = DEFINITIONAL_REPRESENTATION('',(#3274),#3282);
#3274 = ( BOUNDED_CURVE() B_SPLINE_CURVE(2,(#3275,#3276,#3277,#3278,
#3279,#3280,#3281),.UNSPECIFIED.,.T.,.F.) B_SPLINE_CURVE_WITH_KNOTS((1,2
    ,2,2,2,1),(-2.094395102393,0.,2.094395102393,4.188790204786,
6.28318530718,8.377580409573),.UNSPECIFIED.) CURVE() 
GEOMETRIC_REPRESENTATION_ITEM() RATIONAL_B_SPLINE_CURVE((1.,0.5,1.,0.5,
1.,0.5,1.)) REPRESENTATION_ITEM('') );
#3275 = CARTESIAN_POINT('',(3.908619025797,37.39584540552));
#3276 = CARTESIAN_POINT('',(3.908619025797,41.703847865124));
#3277 = CARTESIAN_POINT('',(7.639458595381,39.549846635322));
#3278 = CARTESIAN_POINT('',(11.370298164964,37.39584540552));
#3279 = CARTESIAN_POINT('',(7.639458595381,35.241844175717));
#3280 = CARTESIAN_POINT('',(3.908619025797,33.087842945915));
#3281 = CARTESIAN_POINT('',(3.908619025797,37.39584540552));
#3282 = ( GEOMETRIC_REPRESENTATION_CONTEXT(2) 
PARAMETRIC_REPRESENTATION_CONTEXT() REPRESENTATION_CONTEXT('2D SPACE',''
  ) );
#3283 = PCURVE('',#2001,#3284);
#3284 = DEFINITIONAL_REPRESENTATION('',(#3285),#3289);
#3285 = LINE('',#3286,#3287);
#3286 = CARTESIAN_POINT('',(-0.,-0.5));
#3287 = VECTOR('',#3288,1.);
#3288 = DIRECTION('',(-1.,-0.));
#3289 = ( GEOMETRIC_REPRESENTATION_CONTEXT(2) 
PARAMETRIC_REPRESENTATION_CONTEXT() REPRESENTATION_CONTEXT('2D SPACE',''
  ) );
#3290 = ORIENTED_EDGE('',*,*,#3291,.T.);
#3291 = EDGE_CURVE('',#3264,#1844,#3292,.T.);
#3292 = SURFACE_CURVE('',#3293,(#3298,#3309),.PCURVE_S1.);
#3293 = CIRCLE('',#3294,2.487226379722);
#3294 = AXIS2_PLACEMENT_3D('',#3295,#3296,#3297);
#3295 = CARTESIAN_POINT('',(-65.89584540552,21.89584540552,2.2));
#3296 = DIRECTION('',(0.,0.,1.));
#3297 = DIRECTION('',(1.,0.,-0.));
#3298 = PCURVE('',#1783,#3299);
#3299 = DEFINITIONAL_REPRESENTATION('',(#3300),#3308);
#3300 = ( BOUNDED_CURVE() B_SPLINE_CURVE(2,(#3301,#3302,#3303,#3304,
#3305,#3306,#3307),.UNSPECIFIED.,.T.,.F.) B_SPLINE_CURVE_WITH_KNOTS((1,2
    ,2,2,2,1),(-2.094395102393,0.,2.094395102393,4.188790204786,
6.28318530718,8.377580409573),.UNSPECIFIED.) CURVE() 
GEOMETRIC_REPRESENTATION_ITEM() RATIONAL_B_SPLINE_CURVE((1.,0.5,1.,0.5,
1.,0.5,1.)) REPRESENTATION_ITEM('') );
#3301 = CARTESIAN_POINT('',(3.908619025797,37.39584540552));
#3302 = CARTESIAN_POINT('',(3.908619025797,41.703847865124));
#3303 = CARTESIAN_POINT('',(7.639458595381,39.549846635322));
#3304 = CARTESIAN_POINT('',(11.370298164964,37.39584540552));
#3305 = CARTESIAN_POINT('',(7.639458595381,35.241844175717));
#3306 = CARTESIAN_POINT('',(3.908619025797,33.087842945915));
#3307 = CARTESIAN_POINT('',(3.908619025797,37.39584540552));
#3308 = ( GEOMETRIC_REPRESENTATION_CONTEXT(2) 
PARAMETRIC_REPRESENTATION_CONTEXT() REPRESENTATION_CONTEXT('2D SPACE',''
  ) );
#3309 = PCURVE('',#2001,#3310);
#3310 = DEFINITIONAL_REPRESENTATION('',(#3311),#3315);
#3311 = LINE('',#3312,#3313);
#3312 = CARTESIAN_POINT('',(-0.,-0.5));
#3313 = VECTOR('',#3314,1.);
#3314 = DIRECTION('',(-1.,-0.));
#3315 = ( GEOMETRIC_REPRESENTATION_CONTEXT(2) 
PARAMETRIC_REPRESENTATION_CONTEXT() REPRESENTATION_CONTEXT('2D SPACE',''
  ) );
#3316 = ORIENTED_EDGE('',*,*,#1843,.T.);
#3317 = ORIENTED_EDGE('',*,*,#2098,.T.);
#3318 = ORIENTED_EDGE('',*,*,#2418,.T.);
#3319 = ORIENTED_EDGE('',*,*,#3320,.T.);
#3320 = EDGE_CURVE('',#2249,#2170,#3321,.T.);
#3321 = SURFACE_CURVE('',#3322,(#3327,#3338),.PCURVE_S1.);
#3322 = CIRCLE('',#3323,2.487226379722);
#3323 = AXIS2_PLACEMENT_3D('',#3324,#3325,#3326);
#3324 = CARTESIAN_POINT('',(65.89584540552,21.89584540552,2.2));
#3325 = DIRECTION('',(0.,0.,1.));
#3326 = DIRECTION('',(1.,0.,-0.));
#3327 = PCURVE('',#1783,#3328);
#3328 = DEFINITIONAL_REPRESENTATION('',(#3329),#3337);
#3329 = ( BOUNDED_CURVE() B_SPLINE_CURVE(2,(#3330,#3331,#3332,#3333,
#3334,#3335,#3336),.UNSPECIFIED.,.T.,.F.) B_SPLINE_CURVE_WITH_KNOTS((1,2
    ,2,2,2,1),(-2.094395102393,0.,2.094395102393,4.188790204786,
6.28318530718,8.377580409573),.UNSPECIFIED.) CURVE() 
GEOMETRIC_REPRESENTATION_ITEM() RATIONAL_B_SPLINE_CURVE((1.,0.5,1.,0.5,
1.,0.5,1.)) REPRESENTATION_ITEM('') );
#3330 = CARTESIAN_POINT('',(-127.8830717852,37.39584540552));
#3331 = CARTESIAN_POINT('',(-127.8830717852,41.703847865124));
#3332 = CARTESIAN_POINT('',(-124.1522322156,39.549846635322));
#3333 = CARTESIAN_POINT('',(-120.421392646,37.39584540552));
#3334 = CARTESIAN_POINT('',(-124.1522322156,35.241844175717));
#3335 = CARTESIAN_POINT('',(-127.8830717852,33.087842945915));
#3336 = CARTESIAN_POINT('',(-127.8830717852,37.39584540552));
#3337 = ( GEOMETRIC_REPRESENTATION_CONTEXT(2) 
PARAMETRIC_REPRESENTATION_CONTEXT() REPRESENTATION_CONTEXT('2D SPACE',''
  ) );
#3338 = PCURVE('',#2227,#3339);
#3339 = DEFINITIONAL_REPRESENTATION('',(#3340),#3344);
#3340 = LINE('',#3341,#3342);
#3341 = CARTESIAN_POINT('',(-0.,-0.5));
#3342 = VECTOR('',#3343,1.);
#3343 = DIRECTION('',(-1.,-0.));
#3344 = ( GEOMETRIC_REPRESENTATION_CONTEXT(2) 
PARAMETRIC_REPRESENTATION_CONTEXT() REPRESENTATION_CONTEXT('2D SPACE',''
  ) );
#3345 = ORIENTED_EDGE('',*,*,#2169,.T.);
#3346 = ADVANCED_FACE('',(#3347),#2001,.T.);
#3347 = FACE_BOUND('',#3348,.T.);
#3348 = EDGE_LOOP('',(#3349,#3372,#3399,#3400,#3401,#3402));
#3349 = ORIENTED_EDGE('',*,*,#3350,.T.);
#3350 = EDGE_CURVE('',#3264,#3351,#3353,.T.);
#3351 = VERTEX_POINT('',#3352);
#3352 = CARTESIAN_POINT('',(-63.9195638369,21.89584540552,22.2));
#3353 = SEAM_CURVE('',#3354,(#3358,#3365),.PCURVE_S1.);
#3354 = LINE('',#3355,#3356);
#3355 = CARTESIAN_POINT('',(-63.39584540552,21.89584540552,1.7));
#3356 = VECTOR('',#3357,1.);
#3357 = DIRECTION('',(-2.553890778377E-02,6.255228334223E-18,
    0.999673828901));
#3358 = PCURVE('',#2001,#3359);
#3359 = DEFINITIONAL_REPRESENTATION('',(#3360),#3364);
#3360 = LINE('',#3361,#3362);
#3361 = CARTESIAN_POINT('',(-6.28318530718,0.));
#3362 = VECTOR('',#3363,1.);
#3363 = DIRECTION('',(-0.,-1.));
#3364 = ( GEOMETRIC_REPRESENTATION_CONTEXT(2) 
PARAMETRIC_REPRESENTATION_CONTEXT() REPRESENTATION_CONTEXT('2D SPACE',''
  ) );
#3365 = PCURVE('',#2001,#3366);
#3366 = DEFINITIONAL_REPRESENTATION('',(#3367),#3371);
#3367 = LINE('',#3368,#3369);
#3368 = CARTESIAN_POINT('',(0.,-0.));
#3369 = VECTOR('',#3370,1.);
#3370 = DIRECTION('',(-0.,-1.));
#3371 = ( GEOMETRIC_REPRESENTATION_CONTEXT(2) 
PARAMETRIC_REPRESENTATION_CONTEXT() REPRESENTATION_CONTEXT('2D SPACE',''
  ) );
#3372 = ORIENTED_EDGE('',*,*,#3373,.F.);
#3373 = EDGE_CURVE('',#3351,#3351,#3374,.T.);
#3374 = SURFACE_CURVE('',#3375,(#3380,#3387),.PCURVE_S1.);
#3375 = CIRCLE('',#3376,1.976281568616);
#3376 = AXIS2_PLACEMENT_3D('',#3377,#3378,#3379);
#3377 = CARTESIAN_POINT('',(-65.89584540552,21.89584540552,22.2));
#3378 = DIRECTION('',(0.,0.,1.));
#3379 = DIRECTION('',(1.,0.,-0.));
#3380 = PCURVE('',#2001,#3381);
#3381 = DEFINITIONAL_REPRESENTATION('',(#3382),#3386);
#3382 = LINE('',#3383,#3384);
#3383 = CARTESIAN_POINT('',(-0.,-20.5));
#3384 = VECTOR('',#3385,1.);
#3385 = DIRECTION('',(-1.,-0.));
#3386 = ( GEOMETRIC_REPRESENTATION_CONTEXT(2) 
PARAMETRIC_REPRESENTATION_CONTEXT() REPRESENTATION_CONTEXT('2D SPACE',''
  ) );
#3387 = PCURVE('',#3388,#3393);
#3388 = PLANE('',#3389);
#3389 = AXIS2_PLACEMENT_3D('',#3390,#3391,#3392);
#3390 = CARTESIAN_POINT('',(-65.89584540552,21.89584540552,22.2));
#3391 = DIRECTION('',(0.,0.,1.));
#3392 = DIRECTION('',(1.,0.,-0.));
#3393 = DEFINITIONAL_REPRESENTATION('',(#3394),#3398);
#3394 = CIRCLE('',#3395,1.976281568616);
#3395 = AXIS2_PLACEMENT_2D('',#3396,#3397);
#3396 = CARTESIAN_POINT('',(0.,0.));
#3397 = DIRECTION('',(1.,0.));
#3398 = ( GEOMETRIC_REPRESENTATION_CONTEXT(2) 
PARAMETRIC_REPRESENTATION_CONTEXT() REPRESENTATION_CONTEXT('2D SPACE',''
  ) );
#3399 = ORIENTED_EDGE('',*,*,#3350,.F.);
#3400 = ORIENTED_EDGE('',*,*,#3291,.T.);
#3401 = ORIENTED_EDGE('',*,*,#1867,.T.);
#3402 = ORIENTED_EDGE('',*,*,#3263,.T.);
#3403 = ADVANCED_FACE('',(#3404),#2227,.T.);
#3404 = FACE_BOUND('',#3405,.T.);
#3405 = EDGE_LOOP('',(#3406,#3429,#3456,#3457,#3458,#3459));
#3406 = ORIENTED_EDGE('',*,*,#3407,.T.);
#3407 = EDGE_CURVE('',#2194,#3408,#3410,.T.);
#3408 = VERTEX_POINT('',#3409);
#3409 = CARTESIAN_POINT('',(67.872126974136,21.89584540552,22.2));
#3410 = SEAM_CURVE('',#3411,(#3415,#3422),.PCURVE_S1.);
#3411 = LINE('',#3412,#3413);
#3412 = CARTESIAN_POINT('',(68.39584540552,21.89584540552,1.7));
#3413 = VECTOR('',#3414,1.);
#3414 = DIRECTION('',(-2.553890778377E-02,6.255228334223E-18,
    0.999673828901));
#3415 = PCURVE('',#2227,#3416);
#3416 = DEFINITIONAL_REPRESENTATION('',(#3417),#3421);
#3417 = LINE('',#3418,#3419);
#3418 = CARTESIAN_POINT('',(-6.28318530718,0.));
#3419 = VECTOR('',#3420,1.);
#3420 = DIRECTION('',(-0.,-1.));
#3421 = ( GEOMETRIC_REPRESENTATION_CONTEXT(2) 
PARAMETRIC_REPRESENTATION_CONTEXT() REPRESENTATION_CONTEXT('2D SPACE',''
  ) );
#3422 = PCURVE('',#2227,#3423);
#3423 = DEFINITIONAL_REPRESENTATION('',(#3424),#3428);
#3424 = LINE('',#3425,#3426);
#3425 = CARTESIAN_POINT('',(0.,-0.));
#3426 = VECTOR('',#3427,1.);
#3427 = DIRECTION('',(-0.,-1.));
#3428 = ( GEOMETRIC_REPRESENTATION_CONTEXT(2) 
PARAMETRIC_REPRESENTATION_CONTEXT() REPRESENTATION_CONTEXT('2D SPACE',''
  ) );
#3429 = ORIENTED_EDGE('',*,*,#3430,.F.);
#3430 = EDGE_CURVE('',#3408,#3408,#3431,.T.);
#3431 = SURFACE_CURVE('',#3432,(#3437,#3444),.PCURVE_S1.);
#3432 = CIRCLE('',#3433,1.976281568616);
#3433 = AXIS2_PLACEMENT_3D('',#3434,#3435,#3436);
#3434 = CARTESIAN_POINT('',(65.89584540552,21.89584540552,22.2));
#3435 = DIRECTION('',(0.,0.,1.));
#3436 = DIRECTION('',(1.,0.,-0.));
#3437 = PCURVE('',#2227,#3438);
#3438 = DEFINITIONAL_REPRESENTATION('',(#3439),#3443);
#3439 = LINE('',#3440,#3441);
#3440 = CARTESIAN_POINT('',(-0.,-20.5));
#3441 = VECTOR('',#3442,1.);
#3442 = DIRECTION('',(-1.,-0.));
#3443 = ( GEOMETRIC_REPRESENTATION_CONTEXT(2) 
PARAMETRIC_REPRESENTATION_CONTEXT() REPRESENTATION_CONTEXT('2D SPACE',''
  ) );
#3444 = PCURVE('',#3445,#3450);
#3445 = PLANE('',#3446);
#3446 = AXIS2_PLACEMENT_3D('',#3447,#3448,#3449);
#3447 = CARTESIAN_POINT('',(65.89584540552,21.89584540552,22.2));
#3448 = DIRECTION('',(0.,0.,1.));
#3449 = DIRECTION('',(1.,0.,-0.));
#3450 = DEFINITIONAL_REPRESENTATION('',(#3451),#3455);
#3451 = CIRCLE('',#3452,1.976281568616);
#3452 = AXIS2_PLACEMENT_2D('',#3453,#3454);
#3453 = CARTESIAN_POINT('',(0.,0.));
#3454 = DIRECTION('',(1.,0.));
#3455 = ( GEOMETRIC_REPRESENTATION_CONTEXT(2) 
PARAMETRIC_REPRESENTATION_CONTEXT() REPRESENTATION_CONTEXT('2D SPACE',''
  ) );
#3456 = ORIENTED_EDGE('',*,*,#3407,.F.);
#3457 = ORIENTED_EDGE('',*,*,#2248,.T.);
#3458 = ORIENTED_EDGE('',*,*,#3320,.T.);
#3459 = ORIENTED_EDGE('',*,*,#2193,.T.);
#3460 = ADVANCED_FACE('',(#3461),#2527,.T.);
#3461 = FACE_BOUND('',#3462,.T.);
#3462 = EDGE_LOOP('',(#3463,#3486,#3513,#3514,#3515,#3516));
#3463 = ORIENTED_EDGE('',*,*,#3464,.T.);
#3464 = EDGE_CURVE('',#2492,#3465,#3467,.T.);
#3465 = VERTEX_POINT('',#3466);
#3466 = CARTESIAN_POINT('',(67.872126974136,-21.89584540552,22.2));
#3467 = SEAM_CURVE('',#3468,(#3472,#3479),.PCURVE_S1.);
#3468 = LINE('',#3469,#3470);
#3469 = CARTESIAN_POINT('',(68.39584540552,-21.89584540552,1.7));
#3470 = VECTOR('',#3471,1.);
#3471 = DIRECTION('',(-2.553890778377E-02,6.255228334223E-18,
    0.999673828901));
#3472 = PCURVE('',#2527,#3473);
#3473 = DEFINITIONAL_REPRESENTATION('',(#3474),#3478);
#3474 = LINE('',#3475,#3476);
#3475 = CARTESIAN_POINT('',(-6.28318530718,0.));
#3476 = VECTOR('',#3477,1.);
#3477 = DIRECTION('',(-0.,-1.));
#3478 = ( GEOMETRIC_REPRESENTATION_CONTEXT(2) 
PARAMETRIC_REPRESENTATION_CONTEXT() REPRESENTATION_CONTEXT('2D SPACE',''
  ) );
#3479 = PCURVE('',#2527,#3480);
#3480 = DEFINITIONAL_REPRESENTATION('',(#3481),#3485);
#3481 = LINE('',#3482,#3483);
#3482 = CARTESIAN_POINT('',(0.,-0.));
#3483 = VECTOR('',#3484,1.);
#3484 = DIRECTION('',(-0.,-1.));
#3485 = ( GEOMETRIC_REPRESENTATION_CONTEXT(2) 
PARAMETRIC_REPRESENTATION_CONTEXT() REPRESENTATION_CONTEXT('2D SPACE',''
  ) );
#3486 = ORIENTED_EDGE('',*,*,#3487,.F.);
#3487 = EDGE_CURVE('',#3465,#3465,#3488,.T.);
#3488 = SURFACE_CURVE('',#3489,(#3494,#3501),.PCURVE_S1.);
#3489 = CIRCLE('',#3490,1.976281568616);
#3490 = AXIS2_PLACEMENT_3D('',#3491,#3492,#3493);
#3491 = CARTESIAN_POINT('',(65.89584540552,-21.89584540552,22.2));
#3492 = DIRECTION('',(0.,0.,1.));
#3493 = DIRECTION('',(1.,0.,-0.));
#3494 = PCURVE('',#2527,#3495);
#3495 = DEFINITIONAL_REPRESENTATION('',(#3496),#3500);
#3496 = LINE('',#3497,#3498);
#3497 = CARTESIAN_POINT('',(-0.,-20.5));
#3498 = VECTOR('',#3499,1.);
#3499 = DIRECTION('',(-1.,-0.));
#3500 = ( GEOMETRIC_REPRESENTATION_CONTEXT(2) 
PARAMETRIC_REPRESENTATION_CONTEXT() REPRESENTATION_CONTEXT('2D SPACE',''
  ) );
#3501 = PCURVE('',#3502,#3507);
#3502 = PLANE('',#3503);
#3503 = AXIS2_PLACEMENT_3D('',#3504,#3505,#3506);
#3504 = CARTESIAN_POINT('',(65.89584540552,-21.89584540552,22.2));
#3505 = DIRECTION('',(0.,0.,1.));
#3506 = DIRECTION('',(1.,0.,-0.));
#3507 = DEFINITIONAL_REPRESENTATION('',(#3508),#3512);
#3508 = CIRCLE('',#3509,1.976281568616);
#3509 = AXIS2_PLACEMENT_2D('',#3510,#3511);
#3510 = CARTESIAN_POINT('',(0.,0.));
#3511 = DIRECTION('',(1.,0.));
#3512 = ( GEOMETRIC_REPRESENTATION_CONTEXT(2) 
PARAMETRIC_REPRESENTATION_CONTEXT() REPRESENTATION_CONTEXT('2D SPACE',''
  ) );
#3513 = ORIENTED_EDGE('',*,*,#3464,.F.);
#3514 = ORIENTED_EDGE('',*,*,#2491,.T.);
#3515 = ORIENTED_EDGE('',*,*,#3177,.T.);
#3516 = ORIENTED_EDGE('',*,*,#2618,.T.);
#3517 = ADVANCED_FACE('',(#3518),#3079,.T.);
#3518 = FACE_BOUND('',#3519,.T.);
#3519 = EDGE_LOOP('',(#3520,#3543,#3570,#3571,#3572,#3573));
#3520 = ORIENTED_EDGE('',*,*,#3521,.T.);
#3521 = EDGE_CURVE('',#3207,#3522,#3524,.T.);
#3522 = VERTEX_POINT('',#3523);
#3523 = CARTESIAN_POINT('',(-63.9195638369,-21.89584540552,22.2));
#3524 = SEAM_CURVE('',#3525,(#3529,#3536),.PCURVE_S1.);
#3525 = LINE('',#3526,#3527);
#3526 = CARTESIAN_POINT('',(-63.39584540552,-21.89584540552,1.7));
#3527 = VECTOR('',#3528,1.);
#3528 = DIRECTION('',(-2.553890778377E-02,6.255228334223E-18,
    0.999673828901));
#3529 = PCURVE('',#3079,#3530);
#3530 = DEFINITIONAL_REPRESENTATION('',(#3531),#3535);
#3531 = LINE('',#3532,#3533);
#3532 = CARTESIAN_POINT('',(-6.28318530718,0.));
#3533 = VECTOR('',#3534,1.);
#3534 = DIRECTION('',(-0.,-1.));
#3535 = ( GEOMETRIC_REPRESENTATION_CONTEXT(2) 
PARAMETRIC_REPRESENTATION_CONTEXT() REPRESENTATION_CONTEXT('2D SPACE',''
  ) );
#3536 = PCURVE('',#3079,#3537);
#3537 = DEFINITIONAL_REPRESENTATION('',(#3538),#3542);
#3538 = LINE('',#3539,#3540);
#3539 = CARTESIAN_POINT('',(0.,-0.));
#3540 = VECTOR('',#3541,1.);
#3541 = DIRECTION('',(-0.,-1.));
#3542 = ( GEOMETRIC_REPRESENTATION_CONTEXT(2) 
PARAMETRIC_REPRESENTATION_CONTEXT() REPRESENTATION_CONTEXT('2D SPACE',''
  ) );
#3543 = ORIENTED_EDGE('',*,*,#3544,.F.);
#3544 = EDGE_CURVE('',#3522,#3522,#3545,.T.);
#3545 = SURFACE_CURVE('',#3546,(#3551,#3558),.PCURVE_S1.);
#3546 = CIRCLE('',#3547,1.976281568616);
#3547 = AXIS2_PLACEMENT_3D('',#3548,#3549,#3550);
#3548 = CARTESIAN_POINT('',(-65.89584540552,-21.89584540552,22.2));
#3549 = DIRECTION('',(0.,0.,1.));
#3550 = DIRECTION('',(1.,0.,-0.));
#3551 = PCURVE('',#3079,#3552);
#3552 = DEFINITIONAL_REPRESENTATION('',(#3553),#3557);
#3553 = LINE('',#3554,#3555);
#3554 = CARTESIAN_POINT('',(-0.,-20.5));
#3555 = VECTOR('',#3556,1.);
#3556 = DIRECTION('',(-1.,-0.));
#3557 = ( GEOMETRIC_REPRESENTATION_CONTEXT(2) 
PARAMETRIC_REPRESENTATION_CONTEXT() REPRESENTATION_CONTEXT('2D SPACE',''
  ) );
#3558 = PCURVE('',#3559,#3564);
#3559 = PLANE('',#3560);
#3560 = AXIS2_PLACEMENT_3D('',#3561,#3562,#3563);
#3561 = CARTESIAN_POINT('',(-65.89584540552,-21.89584540552,22.2));
#3562 = DIRECTION('',(0.,0.,1.));
#3563 = DIRECTION('',(1.,0.,-0.));
#3564 = DEFINITIONAL_REPRESENTATION('',(#3565),#3569);
#3565 = CIRCLE('',#3566,1.976281568616);
#3566 = AXIS2_PLACEMENT_2D('',#3567,#3568);
#3567 = CARTESIAN_POINT('',(0.,0.));
#3568 = DIRECTION('',(1.,0.));
#3569 = ( GEOMETRIC_REPRESENTATION_CONTEXT(2) 
PARAMETRIC_REPRESENTATION_CONTEXT() REPRESENTATION_CONTEXT('2D SPACE',''
  ) );
#3570 = ORIENTED_EDGE('',*,*,#3521,.F.);
#3571 = ORIENTED_EDGE('',*,*,#3234,.T.);
#3572 = ORIENTED_EDGE('',*,*,#2945,.T.);
#3573 = ORIENTED_EDGE('',*,*,#3206,.T.);
#3574 = ADVANCED_FACE('',(#3575,#3578),#3388,.T.);
#3575 = FACE_BOUND('',#3576,.T.);
#3576 = EDGE_LOOP('',(#3577));
#3577 = ORIENTED_EDGE('',*,*,#3373,.T.);
#3578 = FACE_BOUND('',#3579,.T.);
#3579 = EDGE_LOOP('',(#3580));
#3580 = ORIENTED_EDGE('',*,*,#3581,.F.);
#3581 = EDGE_CURVE('',#3582,#3582,#3584,.T.);
#3582 = VERTEX_POINT('',#3583);
#3583 = CARTESIAN_POINT('',(-64.28521993492,21.89584540552,22.2));
#3584 = SURFACE_CURVE('',#3585,(#3590,#3597),.PCURVE_S1.);
#3585 = CIRCLE('',#3586,1.610625470599);
#3586 = AXIS2_PLACEMENT_3D('',#3587,#3588,#3589);
#3587 = CARTESIAN_POINT('',(-65.89584540552,21.89584540552,22.2));
#3588 = DIRECTION('',(0.,0.,1.));
#3589 = DIRECTION('',(1.,0.,-0.));
#3590 = PCURVE('',#3388,#3591);
#3591 = DEFINITIONAL_REPRESENTATION('',(#3592),#3596);
#3592 = CIRCLE('',#3593,1.610625470599);
#3593 = AXIS2_PLACEMENT_2D('',#3594,#3595);
#3594 = CARTESIAN_POINT('',(0.,0.));
#3595 = DIRECTION('',(1.,0.));
#3596 = ( GEOMETRIC_REPRESENTATION_CONTEXT(2) 
PARAMETRIC_REPRESENTATION_CONTEXT() REPRESENTATION_CONTEXT('2D SPACE',''
  ) );
#3597 = PCURVE('',#3598,#3603);
#3598 = CONICAL_SURFACE('',#3599,1.1,2.617993877991E-02);
#3599 = AXIS2_PLACEMENT_3D('',#3600,#3601,#3602);
#3600 = CARTESIAN_POINT('',(-65.89584540552,21.89584540552,2.7));
#3601 = DIRECTION('',(0.,0.,1.));
#3602 = DIRECTION('',(1.,0.,-0.));
#3603 = DEFINITIONAL_REPRESENTATION('',(#3604),#3608);
#3604 = LINE('',#3605,#3606);
#3605 = CARTESIAN_POINT('',(0.,19.5));
#3606 = VECTOR('',#3607,1.);
#3607 = DIRECTION('',(1.,0.));
#3608 = ( GEOMETRIC_REPRESENTATION_CONTEXT(2) 
PARAMETRIC_REPRESENTATION_CONTEXT() REPRESENTATION_CONTEXT('2D SPACE',''
  ) );
#3609 = ADVANCED_FACE('',(#3610,#3613),#3445,.T.);
#3610 = FACE_BOUND('',#3611,.T.);
#3611 = EDGE_LOOP('',(#3612));
#3612 = ORIENTED_EDGE('',*,*,#3430,.T.);
#3613 = FACE_BOUND('',#3614,.T.);
#3614 = EDGE_LOOP('',(#3615));
#3615 = ORIENTED_EDGE('',*,*,#3616,.F.);
#3616 = EDGE_CURVE('',#3617,#3617,#3619,.T.);
#3617 = VERTEX_POINT('',#3618);
#3618 = CARTESIAN_POINT('',(67.506470876119,21.89584540552,22.2));
#3619 = SURFACE_CURVE('',#3620,(#3625,#3632),.PCURVE_S1.);
#3620 = CIRCLE('',#3621,1.610625470599);
#3621 = AXIS2_PLACEMENT_3D('',#3622,#3623,#3624);
#3622 = CARTESIAN_POINT('',(65.89584540552,21.89584540552,22.2));
#3623 = DIRECTION('',(0.,0.,1.));
#3624 = DIRECTION('',(1.,0.,-0.));
#3625 = PCURVE('',#3445,#3626);
#3626 = DEFINITIONAL_REPRESENTATION('',(#3627),#3631);
#3627 = CIRCLE('',#3628,1.610625470599);
#3628 = AXIS2_PLACEMENT_2D('',#3629,#3630);
#3629 = CARTESIAN_POINT('',(0.,0.));
#3630 = DIRECTION('',(1.,0.));
#3631 = ( GEOMETRIC_REPRESENTATION_CONTEXT(2) 
PARAMETRIC_REPRESENTATION_CONTEXT() REPRESENTATION_CONTEXT('2D SPACE',''
  ) );
#3632 = PCURVE('',#3633,#3638);
#3633 = CONICAL_SURFACE('',#3634,1.1,2.617993877991E-02);
#3634 = AXIS2_PLACEMENT_3D('',#3635,#3636,#3637);
#3635 = CARTESIAN_POINT('',(65.89584540552,21.89584540552,2.7));
#3636 = DIRECTION('',(0.,0.,1.));
#3637 = DIRECTION('',(1.,0.,-0.));
#3638 = DEFINITIONAL_REPRESENTATION('',(#3639),#3643);
#3639 = LINE('',#3640,#3641);
#3640 = CARTESIAN_POINT('',(0.,19.5));
#3641 = VECTOR('',#3642,1.);
#3642 = DIRECTION('',(1.,0.));
#3643 = ( GEOMETRIC_REPRESENTATION_CONTEXT(2) 
PARAMETRIC_REPRESENTATION_CONTEXT() REPRESENTATION_CONTEXT('2D SPACE',''
  ) );
#3644 = ADVANCED_FACE('',(#3645,#3648),#3502,.T.);
#3645 = FACE_BOUND('',#3646,.T.);
#3646 = EDGE_LOOP('',(#3647));
#3647 = ORIENTED_EDGE('',*,*,#3487,.T.);
#3648 = FACE_BOUND('',#3649,.T.);
#3649 = EDGE_LOOP('',(#3650));
#3650 = ORIENTED_EDGE('',*,*,#3651,.F.);
#3651 = EDGE_CURVE('',#3652,#3652,#3654,.T.);
#3652 = VERTEX_POINT('',#3653);
#3653 = CARTESIAN_POINT('',(67.506470876119,-21.89584540552,22.2));
#3654 = SURFACE_CURVE('',#3655,(#3660,#3667),.PCURVE_S1.);
#3655 = CIRCLE('',#3656,1.610625470599);
#3656 = AXIS2_PLACEMENT_3D('',#3657,#3658,#3659);
#3657 = CARTESIAN_POINT('',(65.89584540552,-21.89584540552,22.2));
#3658 = DIRECTION('',(0.,0.,1.));
#3659 = DIRECTION('',(1.,0.,-0.));
#3660 = PCURVE('',#3502,#3661);
#3661 = DEFINITIONAL_REPRESENTATION('',(#3662),#3666);
#3662 = CIRCLE('',#3663,1.610625470599);
#3663 = AXIS2_PLACEMENT_2D('',#3664,#3665);
#3664 = CARTESIAN_POINT('',(0.,0.));
#3665 = DIRECTION('',(1.,0.));
#3666 = ( GEOMETRIC_REPRESENTATION_CONTEXT(2) 
PARAMETRIC_REPRESENTATION_CONTEXT() REPRESENTATION_CONTEXT('2D SPACE',''
  ) );
#3667 = PCURVE('',#3668,#3673);
#3668 = CONICAL_SURFACE('',#3669,1.1,2.617993877991E-02);
#3669 = AXIS2_PLACEMENT_3D('',#3670,#3671,#3672);
#3670 = CARTESIAN_POINT('',(65.89584540552,-21.89584540552,2.7));
#3671 = DIRECTION('',(0.,0.,1.));
#3672 = DIRECTION('',(1.,0.,-0.));
#3673 = DEFINITIONAL_REPRESENTATION('',(#3674),#3678);
#3674 = LINE('',#3675,#3676);
#3675 = CARTESIAN_POINT('',(0.,19.5));
#3676 = VECTOR('',#3677,1.);
#3677 = DIRECTION('',(1.,0.));
#3678 = ( GEOMETRIC_REPRESENTATION_CONTEXT(2) 
PARAMETRIC_REPRESENTATION_CONTEXT() REPRESENTATION_CONTEXT('2D SPACE',''
  ) );
#3679 = ADVANCED_FACE('',(#3680,#3683),#3559,.T.);
#3680 = FACE_BOUND('',#3681,.T.);
#3681 = EDGE_LOOP('',(#3682));
#3682 = ORIENTED_EDGE('',*,*,#3544,.T.);
#3683 = FACE_BOUND('',#3684,.T.);
#3684 = EDGE_LOOP('',(#3685));
#3685 = ORIENTED_EDGE('',*,*,#3686,.F.);
#3686 = EDGE_CURVE('',#3687,#3687,#3689,.T.);
#3687 = VERTEX_POINT('',#3688);
#3688 = CARTESIAN_POINT('',(-64.28521993492,-21.89584540552,22.2));
#3689 = SURFACE_CURVE('',#3690,(#3695,#3702),.PCURVE_S1.);
#3690 = CIRCLE('',#3691,1.610625470599);
#3691 = AXIS2_PLACEMENT_3D('',#3692,#3693,#3694);
#3692 = CARTESIAN_POINT('',(-65.89584540552,-21.89584540552,22.2));
#3693 = DIRECTION('',(0.,0.,1.));
#3694 = DIRECTION('',(1.,0.,-0.));
#3695 = PCURVE('',#3559,#3696);
#3696 = DEFINITIONAL_REPRESENTATION('',(#3697),#3701);
#3697 = CIRCLE('',#3698,1.610625470599);
#3698 = AXIS2_PLACEMENT_2D('',#3699,#3700);
#3699 = CARTESIAN_POINT('',(0.,0.));
#3700 = DIRECTION('',(1.,0.));
#3701 = ( GEOMETRIC_REPRESENTATION_CONTEXT(2) 
PARAMETRIC_REPRESENTATION_CONTEXT() REPRESENTATION_CONTEXT('2D SPACE',''
  ) );
#3702 = PCURVE('',#3703,#3708);
#3703 = CONICAL_SURFACE('',#3704,1.1,2.617993877991E-02);
#3704 = AXIS2_PLACEMENT_3D('',#3705,#3706,#3707);
#3705 = CARTESIAN_POINT('',(-65.89584540552,-21.89584540552,2.7));
#3706 = DIRECTION('',(0.,0.,1.));
#3707 = DIRECTION('',(1.,0.,-0.));
#3708 = DEFINITIONAL_REPRESENTATION('',(#3709),#3713);
#3709 = LINE('',#3710,#3711);
#3710 = CARTESIAN_POINT('',(0.,19.5));
#3711 = VECTOR('',#3712,1.);
#3712 = DIRECTION('',(1.,0.));
#3713 = ( GEOMETRIC_REPRESENTATION_CONTEXT(2) 
PARAMETRIC_REPRESENTATION_CONTEXT() REPRESENTATION_CONTEXT('2D SPACE',''
  ) );
#3714 = ADVANCED_FACE('',(#3715),#3598,.F.);
#3715 = FACE_BOUND('',#3716,.F.);
#3716 = EDGE_LOOP('',(#3717,#3718,#3741,#3768));
#3717 = ORIENTED_EDGE('',*,*,#3581,.F.);
#3718 = ORIENTED_EDGE('',*,*,#3719,.F.);
#3719 = EDGE_CURVE('',#3720,#3582,#3722,.T.);
#3720 = VERTEX_POINT('',#3721);
#3721 = CARTESIAN_POINT('',(-64.79584540552,21.89584540552,2.7));
#3722 = SEAM_CURVE('',#3723,(#3727,#3734),.PCURVE_S1.);
#3723 = LINE('',#3724,#3725);
#3724 = CARTESIAN_POINT('',(-64.79584540552,21.89584540552,2.7));
#3725 = VECTOR('',#3726,1.);
#3726 = DIRECTION('',(2.617694830787E-02,-6.411503191337E-18,
    0.999657324976));
#3727 = PCURVE('',#3598,#3728);
#3728 = DEFINITIONAL_REPRESENTATION('',(#3729),#3733);
#3729 = LINE('',#3730,#3731);
#3730 = CARTESIAN_POINT('',(6.28318530718,-0.));
#3731 = VECTOR('',#3732,1.);
#3732 = DIRECTION('',(0.,1.));
#3733 = ( GEOMETRIC_REPRESENTATION_CONTEXT(2) 
PARAMETRIC_REPRESENTATION_CONTEXT() REPRESENTATION_CONTEXT('2D SPACE',''
  ) );
#3734 = PCURVE('',#3598,#3735);
#3735 = DEFINITIONAL_REPRESENTATION('',(#3736),#3740);
#3736 = LINE('',#3737,#3738);
#3737 = CARTESIAN_POINT('',(0.,-0.));
#3738 = VECTOR('',#3739,1.);
#3739 = DIRECTION('',(0.,1.));
#3740 = ( GEOMETRIC_REPRESENTATION_CONTEXT(2) 
PARAMETRIC_REPRESENTATION_CONTEXT() REPRESENTATION_CONTEXT('2D SPACE',''
  ) );
#3741 = ORIENTED_EDGE('',*,*,#3742,.T.);
#3742 = EDGE_CURVE('',#3720,#3720,#3743,.T.);
#3743 = SURFACE_CURVE('',#3744,(#3749,#3756),.PCURVE_S1.);
#3744 = CIRCLE('',#3745,1.1);
#3745 = AXIS2_PLACEMENT_3D('',#3746,#3747,#3748);
#3746 = CARTESIAN_POINT('',(-65.89584540552,21.89584540552,2.7));
#3747 = DIRECTION('',(0.,0.,1.));
#3748 = DIRECTION('',(1.,0.,-0.));
#3749 = PCURVE('',#3598,#3750);
#3750 = DEFINITIONAL_REPRESENTATION('',(#3751),#3755);
#3751 = LINE('',#3752,#3753);
#3752 = CARTESIAN_POINT('',(0.,0.));
#3753 = VECTOR('',#3754,1.);
#3754 = DIRECTION('',(1.,0.));
#3755 = ( GEOMETRIC_REPRESENTATION_CONTEXT(2) 
PARAMETRIC_REPRESENTATION_CONTEXT() REPRESENTATION_CONTEXT('2D SPACE',''
  ) );
#3756 = PCURVE('',#3757,#3762);
#3757 = PLANE('',#3758);
#3758 = AXIS2_PLACEMENT_3D('',#3759,#3760,#3761);
#3759 = CARTESIAN_POINT('',(-65.89584540552,21.89584540552,2.7));
#3760 = DIRECTION('',(0.,0.,1.));
#3761 = DIRECTION('',(1.,0.,-0.));
#3762 = DEFINITIONAL_REPRESENTATION('',(#3763),#3767);
#3763 = CIRCLE('',#3764,1.1);
#3764 = AXIS2_PLACEMENT_2D('',#3765,#3766);
#3765 = CARTESIAN_POINT('',(0.,0.));
#3766 = DIRECTION('',(1.,0.));
#3767 = ( GEOMETRIC_REPRESENTATION_CONTEXT(2) 
PARAMETRIC_REPRESENTATION_CONTEXT() REPRESENTATION_CONTEXT('2D SPACE',''
  ) );
#3768 = ORIENTED_EDGE('',*,*,#3719,.T.);
#3769 = ADVANCED_FACE('',(#3770),#3633,.F.);
#3770 = FACE_BOUND('',#3771,.F.);
#3771 = EDGE_LOOP('',(#3772,#3773,#3796,#3823));
#3772 = ORIENTED_EDGE('',*,*,#3616,.F.);
#3773 = ORIENTED_EDGE('',*,*,#3774,.F.);
#3774 = EDGE_CURVE('',#3775,#3617,#3777,.T.);
#3775 = VERTEX_POINT('',#3776);
#3776 = CARTESIAN_POINT('',(66.99584540552,21.89584540552,2.7));
#3777 = SEAM_CURVE('',#3778,(#3782,#3789),.PCURVE_S1.);
#3778 = LINE('',#3779,#3780);
#3779 = CARTESIAN_POINT('',(66.99584540552,21.89584540552,2.7));
#3780 = VECTOR('',#3781,1.);
#3781 = DIRECTION('',(2.617694830787E-02,-6.411503191337E-18,
    0.999657324976));
#3782 = PCURVE('',#3633,#3783);
#3783 = DEFINITIONAL_REPRESENTATION('',(#3784),#3788);
#3784 = LINE('',#3785,#3786);
#3785 = CARTESIAN_POINT('',(6.28318530718,-0.));
#3786 = VECTOR('',#3787,1.);
#3787 = DIRECTION('',(0.,1.));
#3788 = ( GEOMETRIC_REPRESENTATION_CONTEXT(2) 
PARAMETRIC_REPRESENTATION_CONTEXT() REPRESENTATION_CONTEXT('2D SPACE',''
  ) );
#3789 = PCURVE('',#3633,#3790);
#3790 = DEFINITIONAL_REPRESENTATION('',(#3791),#3795);
#3791 = LINE('',#3792,#3793);
#3792 = CARTESIAN_POINT('',(0.,-0.));
#3793 = VECTOR('',#3794,1.);
#3794 = DIRECTION('',(0.,1.));
#3795 = ( GEOMETRIC_REPRESENTATION_CONTEXT(2) 
PARAMETRIC_REPRESENTATION_CONTEXT() REPRESENTATION_CONTEXT('2D SPACE',''
  ) );
#3796 = ORIENTED_EDGE('',*,*,#3797,.T.);
#3797 = EDGE_CURVE('',#3775,#3775,#3798,.T.);
#3798 = SURFACE_CURVE('',#3799,(#3804,#3811),.PCURVE_S1.);
#3799 = CIRCLE('',#3800,1.1);
#3800 = AXIS2_PLACEMENT_3D('',#3801,#3802,#3803);
#3801 = CARTESIAN_POINT('',(65.89584540552,21.89584540552,2.7));
#3802 = DIRECTION('',(0.,0.,1.));
#3803 = DIRECTION('',(1.,0.,-0.));
#3804 = PCURVE('',#3633,#3805);
#3805 = DEFINITIONAL_REPRESENTATION('',(#3806),#3810);
#3806 = LINE('',#3807,#3808);
#3807 = CARTESIAN_POINT('',(0.,0.));
#3808 = VECTOR('',#3809,1.);
#3809 = DIRECTION('',(1.,0.));
#3810 = ( GEOMETRIC_REPRESENTATION_CONTEXT(2) 
PARAMETRIC_REPRESENTATION_CONTEXT() REPRESENTATION_CONTEXT('2D SPACE',''
  ) );
#3811 = PCURVE('',#3812,#3817);
#3812 = PLANE('',#3813);
#3813 = AXIS2_PLACEMENT_3D('',#3814,#3815,#3816);
#3814 = CARTESIAN_POINT('',(65.89584540552,21.89584540552,2.7));
#3815 = DIRECTION('',(0.,0.,1.));
#3816 = DIRECTION('',(1.,0.,-0.));
#3817 = DEFINITIONAL_REPRESENTATION('',(#3818),#3822);
#3818 = CIRCLE('',#3819,1.1);
#3819 = AXIS2_PLACEMENT_2D('',#3820,#3821);
#3820 = CARTESIAN_POINT('',(0.,0.));
#3821 = DIRECTION('',(1.,0.));
#3822 = ( GEOMETRIC_REPRESENTATION_CONTEXT(2) 
PARAMETRIC_REPRESENTATION_CONTEXT() REPRESENTATION_CONTEXT('2D SPACE',''
  ) );
#3823 = ORIENTED_EDGE('',*,*,#3774,.T.);
#3824 = ADVANCED_FACE('',(#3825),#3668,.F.);
#3825 = FACE_BOUND('',#3826,.F.);
#3826 = EDGE_LOOP('',(#3827,#3828,#3851,#3878));
#3827 = ORIENTED_EDGE('',*,*,#3651,.F.);
#3828 = ORIENTED_EDGE('',*,*,#3829,.F.);
#3829 = EDGE_CURVE('',#3830,#3652,#3832,.T.);
#3830 = VERTEX_POINT('',#3831);
#3831 = CARTESIAN_POINT('',(66.99584540552,-21.89584540552,2.7));
#3832 = SEAM_CURVE('',#3833,(#3837,#3844),.PCURVE_S1.);
#3833 = LINE('',#3834,#3835);
#3834 = CARTESIAN_POINT('',(66.99584540552,-21.89584540552,2.7));
#3835 = VECTOR('',#3836,1.);
#3836 = DIRECTION('',(2.617694830787E-02,-6.411503191337E-18,
    0.999657324976));
#3837 = PCURVE('',#3668,#3838);
#3838 = DEFINITIONAL_REPRESENTATION('',(#3839),#3843);
#3839 = LINE('',#3840,#3841);
#3840 = CARTESIAN_POINT('',(6.28318530718,-0.));
#3841 = VECTOR('',#3842,1.);
#3842 = DIRECTION('',(0.,1.));
#3843 = ( GEOMETRIC_REPRESENTATION_CONTEXT(2) 
PARAMETRIC_REPRESENTATION_CONTEXT() REPRESENTATION_CONTEXT('2D SPACE',''
  ) );
#3844 = PCURVE('',#3668,#3845);
#3845 = DEFINITIONAL_REPRESENTATION('',(#3846),#3850);
#3846 = LINE('',#3847,#3848);
#3847 = CARTESIAN_POINT('',(0.,-0.));
#3848 = VECTOR('',#3849,1.);
#3849 = DIRECTION('',(0.,1.));
#3850 = ( GEOMETRIC_REPRESENTATION_CONTEXT(2) 
PARAMETRIC_REPRESENTATION_CONTEXT() REPRESENTATION_CONTEXT('2D SPACE',''
  ) );
#3851 = ORIENTED_EDGE('',*,*,#3852,.T.);
#3852 = EDGE_CURVE('',#3830,#3830,#3853,.T.);
#3853 = SURFACE_CURVE('',#3854,(#3859,#3866),.PCURVE_S1.);
#3854 = CIRCLE('',#3855,1.1);
#3855 = AXIS2_PLACEMENT_3D('',#3856,#3857,#3858);
#3856 = CARTESIAN_POINT('',(65.89584540552,-21.89584540552,2.7));
#3857 = DIRECTION('',(0.,0.,1.));
#3858 = DIRECTION('',(1.,0.,-0.));
#3859 = PCURVE('',#3668,#3860);
#3860 = DEFINITIONAL_REPRESENTATION('',(#3861),#3865);
#3861 = LINE('',#3862,#3863);
#3862 = CARTESIAN_POINT('',(0.,0.));
#3863 = VECTOR('',#3864,1.);
#3864 = DIRECTION('',(1.,0.));
#3865 = ( GEOMETRIC_REPRESENTATION_CONTEXT(2) 
PARAMETRIC_REPRESENTATION_CONTEXT() REPRESENTATION_CONTEXT('2D SPACE',''
  ) );
#3866 = PCURVE('',#3867,#3872);
#3867 = PLANE('',#3868);
#3868 = AXIS2_PLACEMENT_3D('',#3869,#3870,#3871);
#3869 = CARTESIAN_POINT('',(65.89584540552,-21.89584540552,2.7));
#3870 = DIRECTION('',(0.,0.,1.));
#3871 = DIRECTION('',(1.,0.,-0.));
#3872 = DEFINITIONAL_REPRESENTATION('',(#3873),#3877);
#3873 = CIRCLE('',#3874,1.1);
#3874 = AXIS2_PLACEMENT_2D('',#3875,#3876);
#3875 = CARTESIAN_POINT('',(0.,0.));
#3876 = DIRECTION('',(1.,0.));
#3877 = ( GEOMETRIC_REPRESENTATION_CONTEXT(2) 
PARAMETRIC_REPRESENTATION_CONTEXT() REPRESENTATION_CONTEXT('2D SPACE',''
  ) );
#3878 = ORIENTED_EDGE('',*,*,#3829,.T.);
#3879 = ADVANCED_FACE('',(#3880),#3703,.F.);
#3880 = FACE_BOUND('',#3881,.F.);
#3881 = EDGE_LOOP('',(#3882,#3883,#3906,#3933));
#3882 = ORIENTED_EDGE('',*,*,#3686,.F.);
#3883 = ORIENTED_EDGE('',*,*,#3884,.F.);
#3884 = EDGE_CURVE('',#3885,#3687,#3887,.T.);
#3885 = VERTEX_POINT('',#3886);
#3886 = CARTESIAN_POINT('',(-64.79584540552,-21.89584540552,2.7));
#3887 = SEAM_CURVE('',#3888,(#3892,#3899),.PCURVE_S1.);
#3888 = LINE('',#3889,#3890);
#3889 = CARTESIAN_POINT('',(-64.79584540552,-21.89584540552,2.7));
#3890 = VECTOR('',#3891,1.);
#3891 = DIRECTION('',(2.617694830787E-02,-6.411503191337E-18,
    0.999657324976));
#3892 = PCURVE('',#3703,#3893);
#3893 = DEFINITIONAL_REPRESENTATION('',(#3894),#3898);
#3894 = LINE('',#3895,#3896);
#3895 = CARTESIAN_POINT('',(6.28318530718,-0.));
#3896 = VECTOR('',#3897,1.);
#3897 = DIRECTION('',(0.,1.));
#3898 = ( GEOMETRIC_REPRESENTATION_CONTEXT(2) 
PARAMETRIC_REPRESENTATION_CONTEXT() REPRESENTATION_CONTEXT('2D SPACE',''
  ) );
#3899 = PCURVE('',#3703,#3900);
#3900 = DEFINITIONAL_REPRESENTATION('',(#3901),#3905);
#3901 = LINE('',#3902,#3903);
#3902 = CARTESIAN_POINT('',(0.,-0.));
#3903 = VECTOR('',#3904,1.);
#3904 = DIRECTION('',(0.,1.));
#3905 = ( GEOMETRIC_REPRESENTATION_CONTEXT(2) 
PARAMETRIC_REPRESENTATION_CONTEXT() REPRESENTATION_CONTEXT('2D SPACE',''
  ) );
#3906 = ORIENTED_EDGE('',*,*,#3907,.T.);
#3907 = EDGE_CURVE('',#3885,#3885,#3908,.T.);
#3908 = SURFACE_CURVE('',#3909,(#3914,#3921),.PCURVE_S1.);
#3909 = CIRCLE('',#3910,1.1);
#3910 = AXIS2_PLACEMENT_3D('',#3911,#3912,#3913);
#3911 = CARTESIAN_POINT('',(-65.89584540552,-21.89584540552,2.7));
#3912 = DIRECTION('',(0.,0.,1.));
#3913 = DIRECTION('',(1.,0.,-0.));
#3914 = PCURVE('',#3703,#3915);
#3915 = DEFINITIONAL_REPRESENTATION('',(#3916),#3920);
#3916 = LINE('',#3917,#3918);
#3917 = CARTESIAN_POINT('',(0.,0.));
#3918 = VECTOR('',#3919,1.);
#3919 = DIRECTION('',(1.,0.));
#3920 = ( GEOMETRIC_REPRESENTATION_CONTEXT(2) 
PARAMETRIC_REPRESENTATION_CONTEXT() REPRESENTATION_CONTEXT('2D SPACE',''
  ) );
#3921 = PCURVE('',#3922,#3927);
#3922 = PLANE('',#3923);
#3923 = AXIS2_PLACEMENT_3D('',#3924,#3925,#3926);
#3924 = CARTESIAN_POINT('',(-65.89584540552,-21.89584540552,2.7));
#3925 = DIRECTION('',(0.,0.,1.));
#3926 = DIRECTION('',(1.,0.,-0.));
#3927 = DEFINITIONAL_REPRESENTATION('',(#3928),#3932);
#3928 = CIRCLE('',#3929,1.1);
#3929 = AXIS2_PLACEMENT_2D('',#3930,#3931);
#3930 = CARTESIAN_POINT('',(0.,0.));
#3931 = DIRECTION('',(1.,0.));
#3932 = ( GEOMETRIC_REPRESENTATION_CONTEXT(2) 
PARAMETRIC_REPRESENTATION_CONTEXT() REPRESENTATION_CONTEXT('2D SPACE',''
  ) );
#3933 = ORIENTED_EDGE('',*,*,#3884,.T.);
#3934 = ADVANCED_FACE('',(#3935),#3757,.T.);
#3935 = FACE_BOUND('',#3936,.F.);
#3936 = EDGE_LOOP('',(#3937));
#3937 = ORIENTED_EDGE('',*,*,#3742,.F.);
#3938 = ADVANCED_FACE('',(#3939),#3812,.T.);
#3939 = FACE_BOUND('',#3940,.F.);
#3940 = EDGE_LOOP('',(#3941));
#3941 = ORIENTED_EDGE('',*,*,#3797,.F.);
#3942 = ADVANCED_FACE('',(#3943),#3867,.T.);
#3943 = FACE_BOUND('',#3944,.F.);
#3944 = EDGE_LOOP('',(#3945));
#3945 = ORIENTED_EDGE('',*,*,#3852,.F.);
#3946 = ADVANCED_FACE('',(#3947),#3922,.T.);
#3947 = FACE_BOUND('',#3948,.F.);
#3948 = EDGE_LOOP('',(#3949));
#3949 = ORIENTED_EDGE('',*,*,#3907,.F.);
#3950 = ( GEOMETRIC_REPRESENTATION_CONTEXT(3) 
GLOBAL_UNCERTAINTY_ASSIGNED_CONTEXT((#3954)) 
GLOBAL_UNIT_ASSIGNED_CONTEXT((#3951,#3952,#3953)) REPRESENTATION_CONTEXT
('Context #1','3D Context with UNIT and UNCERTAINTY') );
#3951 = ( LENGTH_UNIT() NAMED_UNIT(*) SI_UNIT(.MILLI.,.METRE.) );
#3952 = ( NAMED_UNIT(*) PLANE_ANGLE_UNIT() SI_UNIT($,.RADIAN.) );
#3953 = ( NAMED_UNIT(*) SI_UNIT($,.STERADIAN.) SOLID_ANGLE_UNIT() );
#3954 = UNCERTAINTY_MEASURE_WITH_UNIT(LENGTH_MEASURE(1.E-07),#3951,
  'distance_accuracy_value','confusion accuracy');
#3955 = CONTEXT_DEPENDENT_SHAPE_REPRESENTATION(#3956,#3958);
#3956 = ( REPRESENTATION_RELATIONSHIP('','',#36,#10) 
REPRESENTATION_RELATIONSHIP_WITH_TRANSFORMATION(#3957) 
SHAPE_REPRESENTATION_RELATIONSHIP() );
#3957 = ITEM_DEFINED_TRANSFORMATION('','',#11,#15);
#3958 = PRODUCT_DEFINITION_SHAPE('Placement','Placement of an item',
  #3959);
#3959 = NEXT_ASSEMBLY_USAGE_OCCURRENCE('788','bottom_shell','',#5,#31,$
  );
#3960 = PRODUCT_RELATED_PRODUCT_CATEGORY('part',$,(#33));
#3961 = SHAPE_DEFINITION_REPRESENTATION(#3962,#3968);
#3962 = PRODUCT_DEFINITION_SHAPE('','',#3963);
#3963 = PRODUCT_DEFINITION('design','',#3964,#3967);
#3964 = PRODUCT_DEFINITION_FORMATION('','',#3965);
#3965 = PRODUCT('top_shell','top_shell','',(#3966));
#3966 = PRODUCT_CONTEXT('',#2,'mechanical');
#3967 = PRODUCT_DEFINITION_CONTEXT('part definition',#2,'design');
#3968 = ADVANCED_BREP_SHAPE_REPRESENTATION('',(#11,#3969),#6149);
#3969 = MANIFOLD_SOLID_BREP('',#3970);
#3970 = CLOSED_SHELL('',(#3971,#4085,#4169,#4252,#4658,#4705,#4756,#4811
    ,#4987,#5015,#5061,#5108,#5155,#5182,#5252,#5304,#5355,#5407,#5458,
    #5510,#5561,#5594,#5622,#5650,#5678,#5706,#5713,#5791,#5846,#5896,
    #5951,#6001,#6056,#6106,#6138));
#3971 = ADVANCED_FACE('',(#3972),#3985,.T.);
#3972 = FACE_BOUND('',#3973,.F.);
#3973 = EDGE_LOOP('',(#3974,#4006,#4034,#4059));
#3974 = ORIENTED_EDGE('',*,*,#3975,.T.);
#3975 = EDGE_CURVE('',#3976,#3978,#3980,.T.);
#3976 = VERTEX_POINT('',#3977);
#3977 = CARTESIAN_POINT('',(-74.31471868346,-15.5,-4.830162336393));
#3978 = VERTEX_POINT('',#3979);
#3979 = CARTESIAN_POINT('',(-75.,-15.5,-31.));
#3980 = SURFACE_CURVE('',#3981,(#3984,#3995),.PCURVE_S1.);
#3981 = B_SPLINE_CURVE_WITH_KNOTS('',1,(#3982,#3983),.UNSPECIFIED.,.F.,
  .F.,(2,2),(0.,1.),.PIECEWISE_BEZIER_KNOTS.);
#3982 = CARTESIAN_POINT('',(-74.18823643135,-15.5,0.));
#3983 = CARTESIAN_POINT('',(-75.,-15.5,-31.));
#3984 = PCURVE('',#3985,#3990);
#3985 = PLANE('',#3986);
#3986 = AXIS2_PLACEMENT_3D('',#3987,#3988,#3989);
#3987 = CARTESIAN_POINT('',(-75.,7.999120924724E-16,-31.));
#3988 = DIRECTION('',(-0.999657324976,0.,2.617694830787E-02));
#3989 = DIRECTION('',(-0.,1.,0.));
#3990 = DEFINITIONAL_REPRESENTATION('',(#3991),#3994);
#3991 = B_SPLINE_CURVE_WITH_KNOTS('',1,(#3992,#3993),.UNSPECIFIED.,.F.,
  .F.,(2,2),(0.,1.),.PIECEWISE_BEZIER_KNOTS.);
#3992 = CARTESIAN_POINT('',(-15.5,-31.01062656721));
#3993 = CARTESIAN_POINT('',(-15.5,0.));
#3994 = ( GEOMETRIC_REPRESENTATION_CONTEXT(2) 
PARAMETRIC_REPRESENTATION_CONTEXT() REPRESENTATION_CONTEXT('2D SPACE',''
  ) );
#3995 = PCURVE('',#3996,#4001);
#3996 = CONICAL_SURFACE('',#3997,14.688236431355,2.617993877991E-02);
#3997 = AXIS2_PLACEMENT_3D('',#3998,#3999,#4000);
#3998 = CARTESIAN_POINT('',(-59.5,-15.5,0.));
#3999 = DIRECTION('',(-0.,-0.,-1.));
#4000 = DIRECTION('',(-1.,-0.,-0.));
#4001 = DEFINITIONAL_REPRESENTATION('',(#4002),#4005);
#4002 = B_SPLINE_CURVE_WITH_KNOTS('',1,(#4003,#4004),.UNSPECIFIED.,.F.,
  .F.,(2,2),(0.,1.),.PIECEWISE_BEZIER_KNOTS.);
#4003 = CARTESIAN_POINT('',(0.,0.));
#4004 = CARTESIAN_POINT('',(0.,31.));
#4005 = ( GEOMETRIC_REPRESENTATION_CONTEXT(2) 
PARAMETRIC_REPRESENTATION_CONTEXT() REPRESENTATION_CONTEXT('2D SPACE',''
  ) );
#4006 = ORIENTED_EDGE('',*,*,#4007,.T.);
#4007 = EDGE_CURVE('',#3978,#4008,#4010,.T.);
#4008 = VERTEX_POINT('',#4009);
#4009 = CARTESIAN_POINT('',(-75.,15.5,-31.));
#4010 = SURFACE_CURVE('',#4011,(#4015,#4022),.PCURVE_S1.);
#4011 = LINE('',#4012,#4013);
#4012 = CARTESIAN_POINT('',(-75.,7.999120924724E-16,-31.));
#4013 = VECTOR('',#4014,1.);
#4014 = DIRECTION('',(0.,1.,0.));
#4015 = PCURVE('',#3985,#4016);
#4016 = DEFINITIONAL_REPRESENTATION('',(#4017),#4021);
#4017 = LINE('',#4018,#4019);
#4018 = CARTESIAN_POINT('',(-0.,-0.));
#4019 = VECTOR('',#4020,1.);
#4020 = DIRECTION('',(1.,-0.));
#4021 = ( GEOMETRIC_REPRESENTATION_CONTEXT(2) 
PARAMETRIC_REPRESENTATION_CONTEXT() REPRESENTATION_CONTEXT('2D SPACE',''
  ) );
#4022 = PCURVE('',#4023,#4028);
#4023 = PLANE('',#4024);
#4024 = AXIS2_PLACEMENT_3D('',#4025,#4026,#4027);
#4025 = CARTESIAN_POINT('',(-59.5,-15.5,-31.));
#4026 = DIRECTION('',(-0.,-0.,1.));
#4027 = DIRECTION('',(1.,0.,0.));
#4028 = DEFINITIONAL_REPRESENTATION('',(#4029),#4033);
#4029 = LINE('',#4030,#4031);
#4030 = CARTESIAN_POINT('',(-15.5,15.5));
#4031 = VECTOR('',#4032,1.);
#4032 = DIRECTION('',(0.,1.));
#4033 = ( GEOMETRIC_REPRESENTATION_CONTEXT(2) 
PARAMETRIC_REPRESENTATION_CONTEXT() REPRESENTATION_CONTEXT('2D SPACE',''
  ) );
#4034 = ORIENTED_EDGE('',*,*,#4035,.F.);
#4035 = EDGE_CURVE('',#4036,#4008,#4038,.T.);
#4036 = VERTEX_POINT('',#4037);
#4037 = CARTESIAN_POINT('',(-74.31471868346,15.5,-4.830162336393));
#4038 = SURFACE_CURVE('',#4039,(#4042,#4048),.PCURVE_S1.);
#4039 = B_SPLINE_CURVE_WITH_KNOTS('',1,(#4040,#4041),.UNSPECIFIED.,.F.,
  .F.,(2,2),(0.,1.),.PIECEWISE_BEZIER_KNOTS.);
#4040 = CARTESIAN_POINT('',(-74.18823643135,15.5,0.));
#4041 = CARTESIAN_POINT('',(-75.,15.5,-31.));
#4042 = PCURVE('',#3985,#4043);
#4043 = DEFINITIONAL_REPRESENTATION('',(#4044),#4047);
#4044 = B_SPLINE_CURVE_WITH_KNOTS('',1,(#4045,#4046),.UNSPECIFIED.,.F.,
  .F.,(2,2),(0.,1.),.PIECEWISE_BEZIER_KNOTS.);
#4045 = CARTESIAN_POINT('',(15.5,-31.01062656721));
#4046 = CARTESIAN_POINT('',(15.5,0.));
#4047 = ( GEOMETRIC_REPRESENTATION_CONTEXT(2) 
PARAMETRIC_REPRESENTATION_CONTEXT() REPRESENTATION_CONTEXT('2D SPACE',''
  ) );
#4048 = PCURVE('',#4049,#4054);
#4049 = CONICAL_SURFACE('',#4050,14.688236431355,2.617993877991E-02);
#4050 = AXIS2_PLACEMENT_3D('',#4051,#4052,#4053);
#4051 = CARTESIAN_POINT('',(-59.5,15.5,0.));
#4052 = DIRECTION('',(-0.,-0.,-1.));
#4053 = DIRECTION('',(-1.,-0.,-0.));
#4054 = DEFINITIONAL_REPRESENTATION('',(#4055),#4058);
#4055 = B_SPLINE_CURVE_WITH_KNOTS('',1,(#4056,#4057),.UNSPECIFIED.,.F.,
  .F.,(2,2),(0.,1.),.PIECEWISE_BEZIER_KNOTS.);
#4056 = CARTESIAN_POINT('',(-6.28318530718,0.));
#4057 = CARTESIAN_POINT('',(-6.28318530718,31.));
#4058 = ( GEOMETRIC_REPRESENTATION_CONTEXT(2) 
PARAMETRIC_REPRESENTATION_CONTEXT() REPRESENTATION_CONTEXT('2D SPACE',''
  ) );
#4059 = ORIENTED_EDGE('',*,*,#4060,.F.);
#4060 = EDGE_CURVE('',#3976,#4036,#4061,.T.);
#4061 = SURFACE_CURVE('',#4062,(#4066,#4073),.PCURVE_S1.);
#4062 = LINE('',#4063,#4064);
#4063 = CARTESIAN_POINT('',(-74.31471868346,-15.5,-4.830162336393));
#4064 = VECTOR('',#4065,1.);
#4065 = DIRECTION('',(-0.,1.,-0.));
#4066 = PCURVE('',#3985,#4067);
#4067 = DEFINITIONAL_REPRESENTATION('',(#4068),#4072);
#4068 = LINE('',#4069,#4070);
#4069 = CARTESIAN_POINT('',(-15.5,-26.17880848744));
#4070 = VECTOR('',#4071,1.);
#4071 = DIRECTION('',(1.,-0.));
#4072 = ( GEOMETRIC_REPRESENTATION_CONTEXT(2) 
PARAMETRIC_REPRESENTATION_CONTEXT() REPRESENTATION_CONTEXT('2D SPACE',''
  ) );
#4073 = PCURVE('',#4074,#4079);
#4074 = CYLINDRICAL_SURFACE('',#4075,4.96);
#4075 = AXIS2_PLACEMENT_3D('',#4076,#4077,#4078);
#4076 = CARTESIAN_POINT('',(-69.35641835158,-15.5,-4.96));
#4077 = DIRECTION('',(-0.,1.,-0.));
#4078 = DIRECTION('',(-0.999657324976,0.,2.617694830787E-02));
#4079 = DEFINITIONAL_REPRESENTATION('',(#4080),#4084);
#4080 = LINE('',#4081,#4082);
#4081 = CARTESIAN_POINT('',(0.,0.));
#4082 = VECTOR('',#4083,1.);
#4083 = DIRECTION('',(0.,1.));
#4084 = ( GEOMETRIC_REPRESENTATION_CONTEXT(2) 
PARAMETRIC_REPRESENTATION_CONTEXT() REPRESENTATION_CONTEXT('2D SPACE',''
  ) );
#4085 = ADVANCED_FACE('',(#4086),#3996,.T.);
#4086 = FACE_BOUND('',#4087,.F.);
#4087 = EDGE_LOOP('',(#4088,#4115,#4141,#4142));
#4088 = ORIENTED_EDGE('',*,*,#4089,.T.);
#4089 = EDGE_CURVE('',#4090,#4092,#4094,.T.);
#4090 = VERTEX_POINT('',#4091);
#4091 = CARTESIAN_POINT('',(-59.5,-30.31471868346,-4.830162336393));
#4092 = VERTEX_POINT('',#4093);
#4093 = CARTESIAN_POINT('',(-59.5,-31.,-31.));
#4094 = SURFACE_CURVE('',#4095,(#4098,#4104),.PCURVE_S1.);
#4095 = B_SPLINE_CURVE_WITH_KNOTS('',1,(#4096,#4097),.UNSPECIFIED.,.F.,
  .F.,(2,2),(0.,1.),.PIECEWISE_BEZIER_KNOTS.);
#4096 = CARTESIAN_POINT('',(-59.5,-30.18823643135,0.));
#4097 = CARTESIAN_POINT('',(-59.5,-31.,-31.));
#4098 = PCURVE('',#3996,#4099);
#4099 = DEFINITIONAL_REPRESENTATION('',(#4100),#4103);
#4100 = B_SPLINE_CURVE_WITH_KNOTS('',1,(#4101,#4102),.UNSPECIFIED.,.F.,
  .F.,(2,2),(0.,1.),.PIECEWISE_BEZIER_KNOTS.);
#4101 = CARTESIAN_POINT('',(-1.570796326795,0.));
#4102 = CARTESIAN_POINT('',(-1.570796326795,31.));
#4103 = ( GEOMETRIC_REPRESENTATION_CONTEXT(2) 
PARAMETRIC_REPRESENTATION_CONTEXT() REPRESENTATION_CONTEXT('2D SPACE',''
  ) );
#4104 = PCURVE('',#4105,#4110);
#4105 = PLANE('',#4106);
#4106 = AXIS2_PLACEMENT_3D('',#4107,#4108,#4109);
#4107 = CARTESIAN_POINT('',(4.913024630571E-15,-31.,-31.));
#4108 = DIRECTION('',(0.,-0.999657324976,2.617694830787E-02));
#4109 = DIRECTION('',(-1.,0.,0.));
#4110 = DEFINITIONAL_REPRESENTATION('',(#4111),#4114);
#4111 = B_SPLINE_CURVE_WITH_KNOTS('',1,(#4112,#4113),.UNSPECIFIED.,.F.,
  .F.,(2,2),(0.,1.),.PIECEWISE_BEZIER_KNOTS.);
#4112 = CARTESIAN_POINT('',(59.5,-31.01062656721));
#4113 = CARTESIAN_POINT('',(59.5,0.));
#4114 = ( GEOMETRIC_REPRESENTATION_CONTEXT(2) 
PARAMETRIC_REPRESENTATION_CONTEXT() REPRESENTATION_CONTEXT('2D SPACE',''
  ) );
#4115 = ORIENTED_EDGE('',*,*,#4116,.T.);
#4116 = EDGE_CURVE('',#4092,#3978,#4117,.T.);
#4117 = SURFACE_CURVE('',#4118,(#4123,#4130),.PCURVE_S1.);
#4118 = CIRCLE('',#4119,15.5);
#4119 = AXIS2_PLACEMENT_3D('',#4120,#4121,#4122);
#4120 = CARTESIAN_POINT('',(-59.5,-15.5,-31.));
#4121 = DIRECTION('',(0.,0.,-1.));
#4122 = DIRECTION('',(-1.,-0.,-0.));
#4123 = PCURVE('',#3996,#4124);
#4124 = DEFINITIONAL_REPRESENTATION('',(#4125),#4129);
#4125 = LINE('',#4126,#4127);
#4126 = CARTESIAN_POINT('',(-6.28318530718,31.));
#4127 = VECTOR('',#4128,1.);
#4128 = DIRECTION('',(1.,-0.));
#4129 = ( GEOMETRIC_REPRESENTATION_CONTEXT(2) 
PARAMETRIC_REPRESENTATION_CONTEXT() REPRESENTATION_CONTEXT('2D SPACE',''
  ) );
#4130 = PCURVE('',#4023,#4131);
#4131 = DEFINITIONAL_REPRESENTATION('',(#4132),#4140);
#4132 = ( BOUNDED_CURVE() B_SPLINE_CURVE(2,(#4133,#4134,#4135,#4136,
#4137,#4138,#4139),.UNSPECIFIED.,.T.,.F.) B_SPLINE_CURVE_WITH_KNOTS((1,2
    ,2,2,2,1),(-2.094395102393,0.,2.094395102393,4.188790204786,
6.28318530718,8.377580409573),.UNSPECIFIED.) CURVE() 
GEOMETRIC_REPRESENTATION_ITEM() RATIONAL_B_SPLINE_CURVE((1.,0.5,1.,0.5,
1.,0.5,1.)) REPRESENTATION_ITEM('') );
#4133 = CARTESIAN_POINT('',(-15.5,0.));
#4134 = CARTESIAN_POINT('',(-15.5,26.846787517318));
#4135 = CARTESIAN_POINT('',(7.75,13.423393758659));
#4136 = CARTESIAN_POINT('',(31.,3.796405077357E-15));
#4137 = CARTESIAN_POINT('',(7.75,-13.42339375865));
#4138 = CARTESIAN_POINT('',(-15.5,-26.84678751731));
#4139 = CARTESIAN_POINT('',(-15.5,0.));
#4140 = ( GEOMETRIC_REPRESENTATION_CONTEXT(2) 
PARAMETRIC_REPRESENTATION_CONTEXT() REPRESENTATION_CONTEXT('2D SPACE',''
  ) );
#4141 = ORIENTED_EDGE('',*,*,#3975,.F.);
#4142 = ORIENTED_EDGE('',*,*,#4143,.F.);
#4143 = EDGE_CURVE('',#4090,#3976,#4144,.T.);
#4144 = SURFACE_CURVE('',#4145,(#4150,#4157),.PCURVE_S1.);
#4145 = CIRCLE('',#4146,14.814718683462);
#4146 = AXIS2_PLACEMENT_3D('',#4147,#4148,#4149);
#4147 = CARTESIAN_POINT('',(-59.5,-15.5,-4.830162336393));
#4148 = DIRECTION('',(-0.,0.,-1.));
#4149 = DIRECTION('',(-0.,-1.,-0.));
#4150 = PCURVE('',#3996,#4151);
#4151 = DEFINITIONAL_REPRESENTATION('',(#4152),#4156);
#4152 = LINE('',#4153,#4154);
#4153 = CARTESIAN_POINT('',(-1.570796326795,4.830162336393));
#4154 = VECTOR('',#4155,1.);
#4155 = DIRECTION('',(1.,-0.));
#4156 = ( GEOMETRIC_REPRESENTATION_CONTEXT(2) 
PARAMETRIC_REPRESENTATION_CONTEXT() REPRESENTATION_CONTEXT('2D SPACE',''
  ) );
#4157 = PCURVE('',#4158,#4163);
#4158 = TOROIDAL_SURFACE('',#4159,9.856418351584,4.96);
#4159 = AXIS2_PLACEMENT_3D('',#4160,#4161,#4162);
#4160 = CARTESIAN_POINT('',(-59.5,-15.5,-4.96));
#4161 = DIRECTION('',(-0.,-0.,1.));
#4162 = DIRECTION('',(-0.,-1.,-0.));
#4163 = DEFINITIONAL_REPRESENTATION('',(#4164),#4168);
#4164 = LINE('',#4165,#4166);
#4165 = CARTESIAN_POINT('',(-0.,2.617993877992E-02));
#4166 = VECTOR('',#4167,1.);
#4167 = DIRECTION('',(-1.,0.));
#4168 = ( GEOMETRIC_REPRESENTATION_CONTEXT(2) 
PARAMETRIC_REPRESENTATION_CONTEXT() REPRESENTATION_CONTEXT('2D SPACE',''
  ) );
#4169 = ADVANCED_FACE('',(#4170),#4074,.T.);
#4170 = FACE_BOUND('',#4171,.T.);
#4171 = EDGE_LOOP('',(#4172,#4196,#4224,#4251));
#4172 = ORIENTED_EDGE('',*,*,#4173,.T.);
#4173 = EDGE_CURVE('',#3976,#4174,#4176,.T.);
#4174 = VERTEX_POINT('',#4175);
#4175 = CARTESIAN_POINT('',(-69.35641835158,-15.5,3.552713678801E-15));
#4176 = SURFACE_CURVE('',#4177,(#4182,#4189),.PCURVE_S1.);
#4177 = CIRCLE('',#4178,4.96);
#4178 = AXIS2_PLACEMENT_3D('',#4179,#4180,#4181);
#4179 = CARTESIAN_POINT('',(-69.35641835158,-15.5,-4.96));
#4180 = DIRECTION('',(0.,1.,0.));
#4181 = DIRECTION('',(-0.999657324976,0.,2.617694830787E-02));
#4182 = PCURVE('',#4074,#4183);
#4183 = DEFINITIONAL_REPRESENTATION('',(#4184),#4188);
#4184 = LINE('',#4185,#4186);
#4185 = CARTESIAN_POINT('',(0.,1.7763568394E-15));
#4186 = VECTOR('',#4187,1.);
#4187 = DIRECTION('',(1.,0.));
#4188 = ( GEOMETRIC_REPRESENTATION_CONTEXT(2) 
PARAMETRIC_REPRESENTATION_CONTEXT() REPRESENTATION_CONTEXT('2D SPACE',''
  ) );
#4189 = PCURVE('',#4158,#4190);
#4190 = DEFINITIONAL_REPRESENTATION('',(#4191),#4195);
#4191 = LINE('',#4192,#4193);
#4192 = CARTESIAN_POINT('',(-1.570796326795,2.617993877992E-02));
#4193 = VECTOR('',#4194,1.);
#4194 = DIRECTION('',(-0.,1.));
#4195 = ( GEOMETRIC_REPRESENTATION_CONTEXT(2) 
PARAMETRIC_REPRESENTATION_CONTEXT() REPRESENTATION_CONTEXT('2D SPACE',''
  ) );
#4196 = ORIENTED_EDGE('',*,*,#4197,.T.);
#4197 = EDGE_CURVE('',#4174,#4198,#4200,.T.);
#4198 = VERTEX_POINT('',#4199);
#4199 = CARTESIAN_POINT('',(-69.35641835158,15.5,3.552713678801E-15));
#4200 = SURFACE_CURVE('',#4201,(#4205,#4212),.PCURVE_S1.);
#4201 = LINE('',#4202,#4203);
#4202 = CARTESIAN_POINT('',(-69.35641835158,-15.5,3.552713678801E-15));
#4203 = VECTOR('',#4204,1.);
#4204 = DIRECTION('',(-0.,1.,-0.));
#4205 = PCURVE('',#4074,#4206);
#4206 = DEFINITIONAL_REPRESENTATION('',(#4207),#4211);
#4207 = LINE('',#4208,#4209);
#4208 = CARTESIAN_POINT('',(1.544616388015,0.));
#4209 = VECTOR('',#4210,1.);
#4210 = DIRECTION('',(0.,1.));
#4211 = ( GEOMETRIC_REPRESENTATION_CONTEXT(2) 
PARAMETRIC_REPRESENTATION_CONTEXT() REPRESENTATION_CONTEXT('2D SPACE',''
  ) );
#4212 = PCURVE('',#4213,#4218);
#4213 = PLANE('',#4214);
#4214 = AXIS2_PLACEMENT_3D('',#4215,#4216,#4217);
#4215 = CARTESIAN_POINT('',(-59.5,-15.5,0.));
#4216 = DIRECTION('',(-0.,-0.,1.));
#4217 = DIRECTION('',(1.,0.,0.));
#4218 = DEFINITIONAL_REPRESENTATION('',(#4219),#4223);
#4219 = LINE('',#4220,#4221);
#4220 = CARTESIAN_POINT('',(-9.856418351584,-5.329070518201E-15));
#4221 = VECTOR('',#4222,1.);
#4222 = DIRECTION('',(-0.,1.));
#4223 = ( GEOMETRIC_REPRESENTATION_CONTEXT(2) 
PARAMETRIC_REPRESENTATION_CONTEXT() REPRESENTATION_CONTEXT('2D SPACE',''
  ) );
#4224 = ORIENTED_EDGE('',*,*,#4225,.F.);
#4225 = EDGE_CURVE('',#4036,#4198,#4226,.T.);
#4226 = SURFACE_CURVE('',#4227,(#4232,#4239),.PCURVE_S1.);
#4227 = CIRCLE('',#4228,4.96);
#4228 = AXIS2_PLACEMENT_3D('',#4229,#4230,#4231);
#4229 = CARTESIAN_POINT('',(-69.35641835158,15.5,-4.96));
#4230 = DIRECTION('',(0.,1.,0.));
#4231 = DIRECTION('',(-0.999657324976,0.,2.617694830787E-02));
#4232 = PCURVE('',#4074,#4233);
#4233 = DEFINITIONAL_REPRESENTATION('',(#4234),#4238);
#4234 = LINE('',#4235,#4236);
#4235 = CARTESIAN_POINT('',(0.,31.));
#4236 = VECTOR('',#4237,1.);
#4237 = DIRECTION('',(1.,0.));
#4238 = ( GEOMETRIC_REPRESENTATION_CONTEXT(2) 
PARAMETRIC_REPRESENTATION_CONTEXT() REPRESENTATION_CONTEXT('2D SPACE',''
  ) );
#4239 = PCURVE('',#4240,#4245);
#4240 = TOROIDAL_SURFACE('',#4241,9.856418351584,4.96);
#4241 = AXIS2_PLACEMENT_3D('',#4242,#4243,#4244);
#4242 = CARTESIAN_POINT('',(-59.5,15.5,-4.96));
#4243 = DIRECTION('',(-0.,-0.,1.));
#4244 = DIRECTION('',(-1.,3.628121417507E-16,-0.));
#4245 = DEFINITIONAL_REPRESENTATION('',(#4246),#4250);
#4246 = LINE('',#4247,#4248);
#4247 = CARTESIAN_POINT('',(-0.,2.617993877992E-02));
#4248 = VECTOR('',#4249,1.);
#4249 = DIRECTION('',(-0.,1.));
#4250 = ( GEOMETRIC_REPRESENTATION_CONTEXT(2) 
PARAMETRIC_REPRESENTATION_CONTEXT() REPRESENTATION_CONTEXT('2D SPACE',''
  ) );
#4251 = ORIENTED_EDGE('',*,*,#4060,.F.);
#4252 = ADVANCED_FACE('',(#4253,#4428),#4023,.F.);
#4253 = FACE_BOUND('',#4254,.T.);
#4254 = EDGE_LOOP('',(#4255,#4256,#4284,#4312,#4345,#4373,#4406,#4427));
#4255 = ORIENTED_EDGE('',*,*,#4007,.T.);
#4256 = ORIENTED_EDGE('',*,*,#4257,.T.);
#4257 = EDGE_CURVE('',#4008,#4258,#4260,.T.);
#4258 = VERTEX_POINT('',#4259);
#4259 = CARTESIAN_POINT('',(-59.5,31.,-31.));
#4260 = SURFACE_CURVE('',#4261,(#4266,#4277),.PCURVE_S1.);
#4261 = CIRCLE('',#4262,15.5);
#4262 = AXIS2_PLACEMENT_3D('',#4263,#4264,#4265);
#4263 = CARTESIAN_POINT('',(-59.5,15.5,-31.));
#4264 = DIRECTION('',(0.,0.,-1.));
#4265 = DIRECTION('',(-1.,-0.,-0.));
#4266 = PCURVE('',#4023,#4267);
#4267 = DEFINITIONAL_REPRESENTATION('',(#4268),#4276);
#4268 = ( BOUNDED_CURVE() B_SPLINE_CURVE(2,(#4269,#4270,#4271,#4272,
#4273,#4274,#4275),.UNSPECIFIED.,.T.,.F.) B_SPLINE_CURVE_WITH_KNOTS((1,2
    ,2,2,2,1),(-2.094395102393,0.,2.094395102393,4.188790204786,
6.28318530718,8.377580409573),.UNSPECIFIED.) CURVE() 
GEOMETRIC_REPRESENTATION_ITEM() RATIONAL_B_SPLINE_CURVE((1.,0.5,1.,0.5,
1.,0.5,1.)) REPRESENTATION_ITEM('') );
#4269 = CARTESIAN_POINT('',(-15.5,31.));
#4270 = CARTESIAN_POINT('',(-15.5,57.846787517318));
#4271 = CARTESIAN_POINT('',(7.75,44.423393758659));
#4272 = CARTESIAN_POINT('',(31.,31.));
#4273 = CARTESIAN_POINT('',(7.75,17.576606241341));
#4274 = CARTESIAN_POINT('',(-15.5,4.153212482682));
#4275 = CARTESIAN_POINT('',(-15.5,31.));
#4276 = ( GEOMETRIC_REPRESENTATION_CONTEXT(2) 
PARAMETRIC_REPRESENTATION_CONTEXT() REPRESENTATION_CONTEXT('2D SPACE',''
  ) );
#4277 = PCURVE('',#4049,#4278);
#4278 = DEFINITIONAL_REPRESENTATION('',(#4279),#4283);
#4279 = LINE('',#4280,#4281);
#4280 = CARTESIAN_POINT('',(-12.56637061435,31.));
#4281 = VECTOR('',#4282,1.);
#4282 = DIRECTION('',(1.,-0.));
#4283 = ( GEOMETRIC_REPRESENTATION_CONTEXT(2) 
PARAMETRIC_REPRESENTATION_CONTEXT() REPRESENTATION_CONTEXT('2D SPACE',''
  ) );
#4284 = ORIENTED_EDGE('',*,*,#4285,.T.);
#4285 = EDGE_CURVE('',#4258,#4286,#4288,.T.);
#4286 = VERTEX_POINT('',#4287);
#4287 = CARTESIAN_POINT('',(59.5,31.,-31.));
#4288 = SURFACE_CURVE('',#4289,(#4293,#4300),.PCURVE_S1.);
#4289 = LINE('',#4290,#4291);
#4290 = CARTESIAN_POINT('',(4.913024630571E-15,31.,-31.));
#4291 = VECTOR('',#4292,1.);
#4292 = DIRECTION('',(1.,0.,0.));
#4293 = PCURVE('',#4023,#4294);
#4294 = DEFINITIONAL_REPRESENTATION('',(#4295),#4299);
#4295 = LINE('',#4296,#4297);
#4296 = CARTESIAN_POINT('',(59.5,46.5));
#4297 = VECTOR('',#4298,1.);
#4298 = DIRECTION('',(1.,-0.));
#4299 = ( GEOMETRIC_REPRESENTATION_CONTEXT(2) 
PARAMETRIC_REPRESENTATION_CONTEXT() REPRESENTATION_CONTEXT('2D SPACE',''
  ) );
#4300 = PCURVE('',#4301,#4306);
#4301 = PLANE('',#4302);
#4302 = AXIS2_PLACEMENT_3D('',#4303,#4304,#4305);
#4303 = CARTESIAN_POINT('',(4.913024630571E-15,31.,-31.));
#4304 = DIRECTION('',(-0.,0.999657324976,2.617694830787E-02));
#4305 = DIRECTION('',(1.,-0.,0.));
#4306 = DEFINITIONAL_REPRESENTATION('',(#4307),#4311);
#4307 = LINE('',#4308,#4309);
#4308 = CARTESIAN_POINT('',(-0.,0.));
#4309 = VECTOR('',#4310,1.);
#4310 = DIRECTION('',(1.,-0.));
#4311 = ( GEOMETRIC_REPRESENTATION_CONTEXT(2) 
PARAMETRIC_REPRESENTATION_CONTEXT() REPRESENTATION_CONTEXT('2D SPACE',''
  ) );
#4312 = ORIENTED_EDGE('',*,*,#4313,.T.);
#4313 = EDGE_CURVE('',#4286,#4314,#4316,.T.);
#4314 = VERTEX_POINT('',#4315);
#4315 = CARTESIAN_POINT('',(75.,15.5,-31.));
#4316 = SURFACE_CURVE('',#4317,(#4322,#4333),.PCURVE_S1.);
#4317 = CIRCLE('',#4318,15.5);
#4318 = AXIS2_PLACEMENT_3D('',#4319,#4320,#4321);
#4319 = CARTESIAN_POINT('',(59.5,15.5,-31.));
#4320 = DIRECTION('',(0.,0.,-1.));
#4321 = DIRECTION('',(-1.,-0.,-0.));
#4322 = PCURVE('',#4023,#4323);
#4323 = DEFINITIONAL_REPRESENTATION('',(#4324),#4332);
#4324 = ( BOUNDED_CURVE() B_SPLINE_CURVE(2,(#4325,#4326,#4327,#4328,
#4329,#4330,#4331),.UNSPECIFIED.,.T.,.F.) B_SPLINE_CURVE_WITH_KNOTS((1,2
    ,2,2,2,1),(-2.094395102393,0.,2.094395102393,4.188790204786,
6.28318530718,8.377580409573),.UNSPECIFIED.) CURVE() 
GEOMETRIC_REPRESENTATION_ITEM() RATIONAL_B_SPLINE_CURVE((1.,0.5,1.,0.5,
1.,0.5,1.)) REPRESENTATION_ITEM('') );
#4325 = CARTESIAN_POINT('',(103.5,31.));
#4326 = CARTESIAN_POINT('',(103.5,57.846787517318));
#4327 = CARTESIAN_POINT('',(126.75,44.423393758659));
#4328 = CARTESIAN_POINT('',(150.,31.));
#4329 = CARTESIAN_POINT('',(126.75,17.576606241341));
#4330 = CARTESIAN_POINT('',(103.5,4.153212482682));
#4331 = CARTESIAN_POINT('',(103.5,31.));
#4332 = ( GEOMETRIC_REPRESENTATION_CONTEXT(2) 
PARAMETRIC_REPRESENTATION_CONTEXT() REPRESENTATION_CONTEXT('2D SPACE',''
  ) );
#4333 = PCURVE('',#4334,#4339);
#4334 = CONICAL_SURFACE('',#4335,14.688236431355,2.617993877991E-02);
#4335 = AXIS2_PLACEMENT_3D('',#4336,#4337,#4338);
#4336 = CARTESIAN_POINT('',(59.5,15.5,0.));
#4337 = DIRECTION('',(-0.,-0.,-1.));
#4338 = DIRECTION('',(-1.,-0.,-0.));
#4339 = DEFINITIONAL_REPRESENTATION('',(#4340),#4344);
#4340 = LINE('',#4341,#4342);
#4341 = CARTESIAN_POINT('',(-12.56637061435,31.));
#4342 = VECTOR('',#4343,1.);
#4343 = DIRECTION('',(1.,-0.));
#4344 = ( GEOMETRIC_REPRESENTATION_CONTEXT(2) 
PARAMETRIC_REPRESENTATION_CONTEXT() REPRESENTATION_CONTEXT('2D SPACE',''
  ) );
#4345 = ORIENTED_EDGE('',*,*,#4346,.F.);
#4346 = EDGE_CURVE('',#4347,#4314,#4349,.T.);
#4347 = VERTEX_POINT('',#4348);
#4348 = CARTESIAN_POINT('',(75.,-15.5,-31.));
#4349 = SURFACE_CURVE('',#4350,(#4354,#4361),.PCURVE_S1.);
#4350 = LINE('',#4351,#4352);
#4351 = CARTESIAN_POINT('',(75.,7.999120924724E-16,-31.));
#4352 = VECTOR('',#4353,1.);
#4353 = DIRECTION('',(0.,1.,0.));
#4354 = PCURVE('',#4023,#4355);
#4355 = DEFINITIONAL_REPRESENTATION('',(#4356),#4360);
#4356 = LINE('',#4357,#4358);
#4357 = CARTESIAN_POINT('',(134.5,15.5));
#4358 = VECTOR('',#4359,1.);
#4359 = DIRECTION('',(0.,1.));
#4360 = ( GEOMETRIC_REPRESENTATION_CONTEXT(2) 
PARAMETRIC_REPRESENTATION_CONTEXT() REPRESENTATION_CONTEXT('2D SPACE',''
  ) );
#4361 = PCURVE('',#4362,#4367);
#4362 = PLANE('',#4363);
#4363 = AXIS2_PLACEMENT_3D('',#4364,#4365,#4366);
#4364 = CARTESIAN_POINT('',(75.,7.999120924724E-16,-31.));
#4365 = DIRECTION('',(0.999657324976,-0.,2.617694830787E-02));
#4366 = DIRECTION('',(0.,-1.,0.));
#4367 = DEFINITIONAL_REPRESENTATION('',(#4368),#4372);
#4368 = LINE('',#4369,#4370);
#4369 = CARTESIAN_POINT('',(-0.,0.));
#4370 = VECTOR('',#4371,1.);
#4371 = DIRECTION('',(-1.,0.));
#4372 = ( GEOMETRIC_REPRESENTATION_CONTEXT(2) 
PARAMETRIC_REPRESENTATION_CONTEXT() REPRESENTATION_CONTEXT('2D SPACE',''
  ) );
#4373 = ORIENTED_EDGE('',*,*,#4374,.T.);
#4374 = EDGE_CURVE('',#4347,#4375,#4377,.T.);
#4375 = VERTEX_POINT('',#4376);
#4376 = CARTESIAN_POINT('',(59.5,-31.,-31.));
#4377 = SURFACE_CURVE('',#4378,(#4383,#4394),.PCURVE_S1.);
#4378 = CIRCLE('',#4379,15.5);
#4379 = AXIS2_PLACEMENT_3D('',#4380,#4381,#4382);
#4380 = CARTESIAN_POINT('',(59.5,-15.5,-31.));
#4381 = DIRECTION('',(0.,0.,-1.));
#4382 = DIRECTION('',(-1.,-0.,-0.));
#4383 = PCURVE('',#4023,#4384);
#4384 = DEFINITIONAL_REPRESENTATION('',(#4385),#4393);
#4385 = ( BOUNDED_CURVE() B_SPLINE_CURVE(2,(#4386,#4387,#4388,#4389,
#4390,#4391,#4392),.UNSPECIFIED.,.T.,.F.) B_SPLINE_CURVE_WITH_KNOTS((1,2
    ,2,2,2,1),(-2.094395102393,0.,2.094395102393,4.188790204786,
6.28318530718,8.377580409573),.UNSPECIFIED.) CURVE() 
GEOMETRIC_REPRESENTATION_ITEM() RATIONAL_B_SPLINE_CURVE((1.,0.5,1.,0.5,
1.,0.5,1.)) REPRESENTATION_ITEM('') );
#4386 = CARTESIAN_POINT('',(103.5,0.));
#4387 = CARTESIAN_POINT('',(103.5,26.846787517318));
#4388 = CARTESIAN_POINT('',(126.75,13.423393758659));
#4389 = CARTESIAN_POINT('',(150.,3.796405077357E-15));
#4390 = CARTESIAN_POINT('',(126.75,-13.42339375865));
#4391 = CARTESIAN_POINT('',(103.5,-26.84678751731));
#4392 = CARTESIAN_POINT('',(103.5,0.));
#4393 = ( GEOMETRIC_REPRESENTATION_CONTEXT(2) 
PARAMETRIC_REPRESENTATION_CONTEXT() REPRESENTATION_CONTEXT('2D SPACE',''
  ) );
#4394 = PCURVE('',#4395,#4400);
#4395 = CONICAL_SURFACE('',#4396,14.688236431355,2.617993877991E-02);
#4396 = AXIS2_PLACEMENT_3D('',#4397,#4398,#4399);
#4397 = CARTESIAN_POINT('',(59.5,-15.5,0.));
#4398 = DIRECTION('',(-0.,-0.,-1.));
#4399 = DIRECTION('',(-1.,-0.,-0.));
#4400 = DEFINITIONAL_REPRESENTATION('',(#4401),#4405);
#4401 = LINE('',#4402,#4403);
#4402 = CARTESIAN_POINT('',(-6.28318530718,31.));
#4403 = VECTOR('',#4404,1.);
#4404 = DIRECTION('',(1.,-0.));
#4405 = ( GEOMETRIC_REPRESENTATION_CONTEXT(2) 
PARAMETRIC_REPRESENTATION_CONTEXT() REPRESENTATION_CONTEXT('2D SPACE',''
  ) );
#4406 = ORIENTED_EDGE('',*,*,#4407,.F.);
#4407 = EDGE_CURVE('',#4092,#4375,#4408,.T.);
#4408 = SURFACE_CURVE('',#4409,(#4413,#4420),.PCURVE_S1.);
#4409 = LINE('',#4410,#4411);
#4410 = CARTESIAN_POINT('',(4.913024630571E-15,-31.,-31.));
#4411 = VECTOR('',#4412,1.);
#4412 = DIRECTION('',(1.,0.,0.));
#4413 = PCURVE('',#4023,#4414);
#4414 = DEFINITIONAL_REPRESENTATION('',(#4415),#4419);
#4415 = LINE('',#4416,#4417);
#4416 = CARTESIAN_POINT('',(59.5,-15.5));
#4417 = VECTOR('',#4418,1.);
#4418 = DIRECTION('',(1.,-0.));
#4419 = ( GEOMETRIC_REPRESENTATION_CONTEXT(2) 
PARAMETRIC_REPRESENTATION_CONTEXT() REPRESENTATION_CONTEXT('2D SPACE',''
  ) );
#4420 = PCURVE('',#4105,#4421);
#4421 = DEFINITIONAL_REPRESENTATION('',(#4422),#4426);
#4422 = LINE('',#4423,#4424);
#4423 = CARTESIAN_POINT('',(-0.,-0.));
#4424 = VECTOR('',#4425,1.);
#4425 = DIRECTION('',(-1.,-0.));
#4426 = ( GEOMETRIC_REPRESENTATION_CONTEXT(2) 
PARAMETRIC_REPRESENTATION_CONTEXT() REPRESENTATION_CONTEXT('2D SPACE',''
  ) );
#4427 = ORIENTED_EDGE('',*,*,#4116,.T.);
#4428 = FACE_BOUND('',#4429,.T.);
#4429 = EDGE_LOOP('',(#4430,#4460,#4489,#4517,#4546,#4574,#4603,#4631));
#4430 = ORIENTED_EDGE('',*,*,#4431,.F.);
#4431 = EDGE_CURVE('',#4432,#4434,#4436,.T.);
#4432 = VERTEX_POINT('',#4433);
#4433 = CARTESIAN_POINT('',(-72.79924585652,-15.5,-31.));
#4434 = VERTEX_POINT('',#4435);
#4435 = CARTESIAN_POINT('',(-72.79924585652,15.5,-31.));
#4436 = SURFACE_CURVE('',#4437,(#4441,#4448),.PCURVE_S1.);
#4437 = LINE('',#4438,#4439);
#4438 = CARTESIAN_POINT('',(-72.79924585652,-7.75,-31.));
#4439 = VECTOR('',#4440,1.);
#4440 = DIRECTION('',(-0.,1.,-0.));
#4441 = PCURVE('',#4023,#4442);
#4442 = DEFINITIONAL_REPRESENTATION('',(#4443),#4447);
#4443 = LINE('',#4444,#4445);
#4444 = CARTESIAN_POINT('',(-13.29924585652,7.75));
#4445 = VECTOR('',#4446,1.);
#4446 = DIRECTION('',(-0.,1.));
#4447 = ( GEOMETRIC_REPRESENTATION_CONTEXT(2) 
PARAMETRIC_REPRESENTATION_CONTEXT() REPRESENTATION_CONTEXT('2D SPACE',''
  ) );
#4448 = PCURVE('',#4449,#4454);
#4449 = PLANE('',#4450);
#4450 = AXIS2_PLACEMENT_3D('',#4451,#4452,#4453);
#4451 = CARTESIAN_POINT('',(-72.82543177808,-9.317074375842E-16,-32.));
#4452 = DIRECTION('',(-0.999657324976,0.,2.617694830787E-02));
#4453 = DIRECTION('',(-0.,1.,0.));
#4454 = DEFINITIONAL_REPRESENTATION('',(#4455),#4459);
#4455 = LINE('',#4456,#4457);
#4456 = CARTESIAN_POINT('',(-7.75,-1.000342792491));
#4457 = VECTOR('',#4458,1.);
#4458 = DIRECTION('',(1.,-0.));
#4459 = ( GEOMETRIC_REPRESENTATION_CONTEXT(2) 
PARAMETRIC_REPRESENTATION_CONTEXT() REPRESENTATION_CONTEXT('2D SPACE',''
  ) );
#4460 = ORIENTED_EDGE('',*,*,#4461,.T.);
#4461 = EDGE_CURVE('',#4432,#4462,#4464,.T.);
#4462 = VERTEX_POINT('',#4463);
#4463 = CARTESIAN_POINT('',(-59.5,-28.79924585652,-31.));
#4464 = SURFACE_CURVE('',#4465,(#4470,#4477),.PCURVE_S1.);
#4465 = CIRCLE('',#4466,13.29924585652);
#4466 = AXIS2_PLACEMENT_3D('',#4467,#4468,#4469);
#4467 = CARTESIAN_POINT('',(-59.5,-15.5,-31.));
#4468 = DIRECTION('',(-0.,0.,1.));
#4469 = DIRECTION('',(-1.,-0.,-0.));
#4470 = PCURVE('',#4023,#4471);
#4471 = DEFINITIONAL_REPRESENTATION('',(#4472),#4476);
#4472 = CIRCLE('',#4473,13.29924585652);
#4473 = AXIS2_PLACEMENT_2D('',#4474,#4475);
#4474 = CARTESIAN_POINT('',(7.105427357601E-15,1.7763568394E-15));
#4475 = DIRECTION('',(-1.,0.));
#4476 = ( GEOMETRIC_REPRESENTATION_CONTEXT(2) 
PARAMETRIC_REPRESENTATION_CONTEXT() REPRESENTATION_CONTEXT('2D SPACE',''
  ) );
#4477 = PCURVE('',#4478,#4483);
#4478 = CONICAL_SURFACE('',#4479,12.545091315328,2.617993877992E-02);
#4479 = AXIS2_PLACEMENT_3D('',#4480,#4481,#4482);
#4480 = CARTESIAN_POINT('',(-59.5,-15.5,-2.2));
#4481 = DIRECTION('',(-0.,-0.,-1.));
#4482 = DIRECTION('',(-1.,-0.,-0.));
#4483 = DEFINITIONAL_REPRESENTATION('',(#4484),#4488);
#4484 = LINE('',#4485,#4486);
#4485 = CARTESIAN_POINT('',(-0.,28.8));
#4486 = VECTOR('',#4487,1.);
#4487 = DIRECTION('',(-1.,0.));
#4488 = ( GEOMETRIC_REPRESENTATION_CONTEXT(2) 
PARAMETRIC_REPRESENTATION_CONTEXT() REPRESENTATION_CONTEXT('2D SPACE',''
  ) );
#4489 = ORIENTED_EDGE('',*,*,#4490,.F.);
#4490 = EDGE_CURVE('',#4491,#4462,#4493,.T.);
#4491 = VERTEX_POINT('',#4492);
#4492 = CARTESIAN_POINT('',(59.5,-28.79924585652,-31.));
#4493 = SURFACE_CURVE('',#4494,(#4498,#4505),.PCURVE_S1.);
#4494 = LINE('',#4495,#4496);
#4495 = CARTESIAN_POINT('',(-29.75,-28.79924585652,-31.));
#4496 = VECTOR('',#4497,1.);
#4497 = DIRECTION('',(-1.,0.,-0.));
#4498 = PCURVE('',#4023,#4499);
#4499 = DEFINITIONAL_REPRESENTATION('',(#4500),#4504);
#4500 = LINE('',#4501,#4502);
#4501 = CARTESIAN_POINT('',(29.75,-13.29924585652));
#4502 = VECTOR('',#4503,1.);
#4503 = DIRECTION('',(-1.,0.));
#4504 = ( GEOMETRIC_REPRESENTATION_CONTEXT(2) 
PARAMETRIC_REPRESENTATION_CONTEXT() REPRESENTATION_CONTEXT('2D SPACE',''
  ) );
#4505 = PCURVE('',#4506,#4511);
#4506 = PLANE('',#4507);
#4507 = AXIS2_PLACEMENT_3D('',#4508,#4509,#4510);
#4508 = CARTESIAN_POINT('',(2.861144228329E-16,-28.82543177808,-32.));
#4509 = DIRECTION('',(0.,-0.999657324976,2.617694830787E-02));
#4510 = DIRECTION('',(-1.,0.,0.));
#4511 = DEFINITIONAL_REPRESENTATION('',(#4512),#4516);
#4512 = LINE('',#4513,#4514);
#4513 = CARTESIAN_POINT('',(29.75,-1.000342792491));
#4514 = VECTOR('',#4515,1.);
#4515 = DIRECTION('',(1.,-0.));
#4516 = ( GEOMETRIC_REPRESENTATION_CONTEXT(2) 
PARAMETRIC_REPRESENTATION_CONTEXT() REPRESENTATION_CONTEXT('2D SPACE',''
  ) );
#4517 = ORIENTED_EDGE('',*,*,#4518,.T.);
#4518 = EDGE_CURVE('',#4491,#4519,#4521,.T.);
#4519 = VERTEX_POINT('',#4520);
#4520 = CARTESIAN_POINT('',(72.79924585652,-15.5,-31.));
#4521 = SURFACE_CURVE('',#4522,(#4527,#4534),.PCURVE_S1.);
#4522 = CIRCLE('',#4523,13.29924585652);
#4523 = AXIS2_PLACEMENT_3D('',#4524,#4525,#4526);
#4524 = CARTESIAN_POINT('',(59.5,-15.5,-31.));
#4525 = DIRECTION('',(-0.,0.,1.));
#4526 = DIRECTION('',(-1.,-0.,-0.));
#4527 = PCURVE('',#4023,#4528);
#4528 = DEFINITIONAL_REPRESENTATION('',(#4529),#4533);
#4529 = CIRCLE('',#4530,13.29924585652);
#4530 = AXIS2_PLACEMENT_2D('',#4531,#4532);
#4531 = CARTESIAN_POINT('',(119.,1.7763568394E-15));
#4532 = DIRECTION('',(-1.,0.));
#4533 = ( GEOMETRIC_REPRESENTATION_CONTEXT(2) 
PARAMETRIC_REPRESENTATION_CONTEXT() REPRESENTATION_CONTEXT('2D SPACE',''
  ) );
#4534 = PCURVE('',#4535,#4540);
#4535 = CONICAL_SURFACE('',#4536,12.545091315328,2.617993877992E-02);
#4536 = AXIS2_PLACEMENT_3D('',#4537,#4538,#4539);
#4537 = CARTESIAN_POINT('',(59.5,-15.5,-2.2));
#4538 = DIRECTION('',(-0.,-0.,-1.));
#4539 = DIRECTION('',(-1.,-0.,-0.));
#4540 = DEFINITIONAL_REPRESENTATION('',(#4541),#4545);
#4541 = LINE('',#4542,#4543);
#4542 = CARTESIAN_POINT('',(-0.,28.8));
#4543 = VECTOR('',#4544,1.);
#4544 = DIRECTION('',(-1.,0.));
#4545 = ( GEOMETRIC_REPRESENTATION_CONTEXT(2) 
PARAMETRIC_REPRESENTATION_CONTEXT() REPRESENTATION_CONTEXT('2D SPACE',''
  ) );
#4546 = ORIENTED_EDGE('',*,*,#4547,.F.);
#4547 = EDGE_CURVE('',#4548,#4519,#4550,.T.);
#4548 = VERTEX_POINT('',#4549);
#4549 = CARTESIAN_POINT('',(72.79924585652,15.5,-31.));
#4550 = SURFACE_CURVE('',#4551,(#4555,#4562),.PCURVE_S1.);
#4551 = LINE('',#4552,#4553);
#4552 = CARTESIAN_POINT('',(72.79924585652,-7.75,-31.));
#4553 = VECTOR('',#4554,1.);
#4554 = DIRECTION('',(-0.,-1.,-0.));
#4555 = PCURVE('',#4023,#4556);
#4556 = DEFINITIONAL_REPRESENTATION('',(#4557),#4561);
#4557 = LINE('',#4558,#4559);
#4558 = CARTESIAN_POINT('',(132.29924585652,7.75));
#4559 = VECTOR('',#4560,1.);
#4560 = DIRECTION('',(-0.,-1.));
#4561 = ( GEOMETRIC_REPRESENTATION_CONTEXT(2) 
PARAMETRIC_REPRESENTATION_CONTEXT() REPRESENTATION_CONTEXT('2D SPACE',''
  ) );
#4562 = PCURVE('',#4563,#4568);
#4563 = PLANE('',#4564);
#4564 = AXIS2_PLACEMENT_3D('',#4565,#4566,#4567);
#4565 = CARTESIAN_POINT('',(72.825431778089,-9.317074375842E-16,-32.));
#4566 = DIRECTION('',(0.999657324976,-0.,2.617694830787E-02));
#4567 = DIRECTION('',(0.,-1.,0.));
#4568 = DEFINITIONAL_REPRESENTATION('',(#4569),#4573);
#4569 = LINE('',#4570,#4571);
#4570 = CARTESIAN_POINT('',(7.75,-1.000342792491));
#4571 = VECTOR('',#4572,1.);
#4572 = DIRECTION('',(1.,-0.));
#4573 = ( GEOMETRIC_REPRESENTATION_CONTEXT(2) 
PARAMETRIC_REPRESENTATION_CONTEXT() REPRESENTATION_CONTEXT('2D SPACE',''
  ) );
#4574 = ORIENTED_EDGE('',*,*,#4575,.T.);
#4575 = EDGE_CURVE('',#4548,#4576,#4578,.T.);
#4576 = VERTEX_POINT('',#4577);
#4577 = CARTESIAN_POINT('',(59.5,28.79924585652,-31.));
#4578 = SURFACE_CURVE('',#4579,(#4584,#4591),.PCURVE_S1.);
#4579 = CIRCLE('',#4580,13.29924585652);
#4580 = AXIS2_PLACEMENT_3D('',#4581,#4582,#4583);
#4581 = CARTESIAN_POINT('',(59.5,15.5,-31.));
#4582 = DIRECTION('',(-0.,0.,1.));
#4583 = DIRECTION('',(-1.,-0.,-0.));
#4584 = PCURVE('',#4023,#4585);
#4585 = DEFINITIONAL_REPRESENTATION('',(#4586),#4590);
#4586 = CIRCLE('',#4587,13.29924585652);
#4587 = AXIS2_PLACEMENT_2D('',#4588,#4589);
#4588 = CARTESIAN_POINT('',(119.,31.));
#4589 = DIRECTION('',(-1.,0.));
#4590 = ( GEOMETRIC_REPRESENTATION_CONTEXT(2) 
PARAMETRIC_REPRESENTATION_CONTEXT() REPRESENTATION_CONTEXT('2D SPACE',''
  ) );
#4591 = PCURVE('',#4592,#4597);
#4592 = CONICAL_SURFACE('',#4593,12.545091315328,2.617993877992E-02);
#4593 = AXIS2_PLACEMENT_3D('',#4594,#4595,#4596);
#4594 = CARTESIAN_POINT('',(59.5,15.5,-2.2));
#4595 = DIRECTION('',(-0.,-0.,-1.));
#4596 = DIRECTION('',(-1.,-0.,-0.));
#4597 = DEFINITIONAL_REPRESENTATION('',(#4598),#4602);
#4598 = LINE('',#4599,#4600);
#4599 = CARTESIAN_POINT('',(-0.,28.8));
#4600 = VECTOR('',#4601,1.);
#4601 = DIRECTION('',(-1.,0.));
#4602 = ( GEOMETRIC_REPRESENTATION_CONTEXT(2) 
PARAMETRIC_REPRESENTATION_CONTEXT() REPRESENTATION_CONTEXT('2D SPACE',''
  ) );
#4603 = ORIENTED_EDGE('',*,*,#4604,.F.);
#4604 = EDGE_CURVE('',#4605,#4576,#4607,.T.);
#4605 = VERTEX_POINT('',#4606);
#4606 = CARTESIAN_POINT('',(-59.5,28.79924585652,-31.));
#4607 = SURFACE_CURVE('',#4608,(#4612,#4619),.PCURVE_S1.);
#4608 = LINE('',#4609,#4610);
#4609 = CARTESIAN_POINT('',(-29.75,28.79924585652,-31.));
#4610 = VECTOR('',#4611,1.);
#4611 = DIRECTION('',(1.,-0.,-0.));
#4612 = PCURVE('',#4023,#4613);
#4613 = DEFINITIONAL_REPRESENTATION('',(#4614),#4618);
#4614 = LINE('',#4615,#4616);
#4615 = CARTESIAN_POINT('',(29.75,44.29924585652));
#4616 = VECTOR('',#4617,1.);
#4617 = DIRECTION('',(1.,-0.));
#4618 = ( GEOMETRIC_REPRESENTATION_CONTEXT(2) 
PARAMETRIC_REPRESENTATION_CONTEXT() REPRESENTATION_CONTEXT('2D SPACE',''
  ) );
#4619 = PCURVE('',#4620,#4625);
#4620 = PLANE('',#4621);
#4621 = AXIS2_PLACEMENT_3D('',#4622,#4623,#4624);
#4622 = CARTESIAN_POINT('',(2.861144228329E-16,28.825431778089,-32.));
#4623 = DIRECTION('',(-0.,0.999657324976,2.617694830787E-02));
#4624 = DIRECTION('',(1.,-0.,0.));
#4625 = DEFINITIONAL_REPRESENTATION('',(#4626),#4630);
#4626 = LINE('',#4627,#4628);
#4627 = CARTESIAN_POINT('',(-29.75,-1.000342792491));
#4628 = VECTOR('',#4629,1.);
#4629 = DIRECTION('',(1.,-0.));
#4630 = ( GEOMETRIC_REPRESENTATION_CONTEXT(2) 
PARAMETRIC_REPRESENTATION_CONTEXT() REPRESENTATION_CONTEXT('2D SPACE',''
  ) );
#4631 = ORIENTED_EDGE('',*,*,#4632,.T.);
#4632 = EDGE_CURVE('',#4605,#4434,#4633,.T.);
#4633 = SURFACE_CURVE('',#4634,(#4639,#4646),.PCURVE_S1.);
#4634 = CIRCLE('',#4635,13.29924585652);
#4635 = AXIS2_PLACEMENT_3D('',#4636,#4637,#4638);
#4636 = CARTESIAN_POINT('',(-59.5,15.5,-31.));
#4637 = DIRECTION('',(-0.,0.,1.));
#4638 = DIRECTION('',(-1.,-0.,-0.));
#4639 = PCURVE('',#4023,#4640);
#4640 = DEFINITIONAL_REPRESENTATION('',(#4641),#4645);
#4641 = CIRCLE('',#4642,13.29924585652);
#4642 = AXIS2_PLACEMENT_2D('',#4643,#4644);
#4643 = CARTESIAN_POINT('',(7.105427357601E-15,31.));
#4644 = DIRECTION('',(-1.,0.));
#4645 = ( GEOMETRIC_REPRESENTATION_CONTEXT(2) 
PARAMETRIC_REPRESENTATION_CONTEXT() REPRESENTATION_CONTEXT('2D SPACE',''
  ) );
#4646 = PCURVE('',#4647,#4652);
#4647 = CONICAL_SURFACE('',#4648,12.545091315328,2.617993877992E-02);
#4648 = AXIS2_PLACEMENT_3D('',#4649,#4650,#4651);
#4649 = CARTESIAN_POINT('',(-59.5,15.5,-2.2));
#4650 = DIRECTION('',(-0.,-0.,-1.));
#4651 = DIRECTION('',(-1.,-0.,-0.));
#4652 = DEFINITIONAL_REPRESENTATION('',(#4653),#4657);
#4653 = LINE('',#4654,#4655);
#4654 = CARTESIAN_POINT('',(-0.,28.8));
#4655 = VECTOR('',#4656,1.);
#4656 = DIRECTION('',(-1.,0.));
#4657 = ( GEOMETRIC_REPRESENTATION_CONTEXT(2) 
PARAMETRIC_REPRESENTATION_CONTEXT() REPRESENTATION_CONTEXT('2D SPACE',''
  ) );
#4658 = ADVANCED_FACE('',(#4659),#4049,.T.);
#4659 = FACE_BOUND('',#4660,.F.);
#4660 = EDGE_LOOP('',(#4661,#4662,#4663,#4683));
#4661 = ORIENTED_EDGE('',*,*,#4035,.T.);
#4662 = ORIENTED_EDGE('',*,*,#4257,.T.);
#4663 = ORIENTED_EDGE('',*,*,#4664,.F.);
#4664 = EDGE_CURVE('',#4665,#4258,#4667,.T.);
#4665 = VERTEX_POINT('',#4666);
#4666 = CARTESIAN_POINT('',(-59.5,30.314718683462,-4.830162336393));
#4667 = SURFACE_CURVE('',#4668,(#4671,#4677),.PCURVE_S1.);
#4668 = B_SPLINE_CURVE_WITH_KNOTS('',1,(#4669,#4670),.UNSPECIFIED.,.F.,
  .F.,(2,2),(0.,1.),.PIECEWISE_BEZIER_KNOTS.);
#4669 = CARTESIAN_POINT('',(-59.5,30.188236431355,0.));
#4670 = CARTESIAN_POINT('',(-59.5,31.,-31.));
#4671 = PCURVE('',#4049,#4672);
#4672 = DEFINITIONAL_REPRESENTATION('',(#4673),#4676);
#4673 = B_SPLINE_CURVE_WITH_KNOTS('',1,(#4674,#4675),.UNSPECIFIED.,.F.,
  .F.,(2,2),(0.,1.),.PIECEWISE_BEZIER_KNOTS.);
#4674 = CARTESIAN_POINT('',(-4.712388980385,0.));
#4675 = CARTESIAN_POINT('',(-4.712388980385,31.));
#4676 = ( GEOMETRIC_REPRESENTATION_CONTEXT(2) 
PARAMETRIC_REPRESENTATION_CONTEXT() REPRESENTATION_CONTEXT('2D SPACE',''
  ) );
#4677 = PCURVE('',#4301,#4678);
#4678 = DEFINITIONAL_REPRESENTATION('',(#4679),#4682);
#4679 = B_SPLINE_CURVE_WITH_KNOTS('',1,(#4680,#4681),.UNSPECIFIED.,.F.,
  .F.,(2,2),(0.,1.),.PIECEWISE_BEZIER_KNOTS.);
#4680 = CARTESIAN_POINT('',(-59.5,-31.01062656721));
#4681 = CARTESIAN_POINT('',(-59.5,0.));
#4682 = ( GEOMETRIC_REPRESENTATION_CONTEXT(2) 
PARAMETRIC_REPRESENTATION_CONTEXT() REPRESENTATION_CONTEXT('2D SPACE',''
  ) );
#4683 = ORIENTED_EDGE('',*,*,#4684,.F.);
#4684 = EDGE_CURVE('',#4036,#4665,#4685,.T.);
#4685 = SURFACE_CURVE('',#4686,(#4691,#4698),.PCURVE_S1.);
#4686 = CIRCLE('',#4687,14.814718683462);
#4687 = AXIS2_PLACEMENT_3D('',#4688,#4689,#4690);
#4688 = CARTESIAN_POINT('',(-59.5,15.5,-4.830162336393));
#4689 = DIRECTION('',(0.,-0.,-1.));
#4690 = DIRECTION('',(-1.,3.628121417507E-16,-0.));
#4691 = PCURVE('',#4049,#4692);
#4692 = DEFINITIONAL_REPRESENTATION('',(#4693),#4697);
#4693 = LINE('',#4694,#4695);
#4694 = CARTESIAN_POINT('',(-6.28318530718,4.830162336393));
#4695 = VECTOR('',#4696,1.);
#4696 = DIRECTION('',(1.,-0.));
#4697 = ( GEOMETRIC_REPRESENTATION_CONTEXT(2) 
PARAMETRIC_REPRESENTATION_CONTEXT() REPRESENTATION_CONTEXT('2D SPACE',''
  ) );
#4698 = PCURVE('',#4240,#4699);
#4699 = DEFINITIONAL_REPRESENTATION('',(#4700),#4704);
#4700 = LINE('',#4701,#4702);
#4701 = CARTESIAN_POINT('',(-0.,2.617993877992E-02));
#4702 = VECTOR('',#4703,1.);
#4703 = DIRECTION('',(-1.,0.));
#4704 = ( GEOMETRIC_REPRESENTATION_CONTEXT(2) 
PARAMETRIC_REPRESENTATION_CONTEXT() REPRESENTATION_CONTEXT('2D SPACE',''
  ) );
#4705 = ADVANCED_FACE('',(#4706),#4105,.T.);
#4706 = FACE_BOUND('',#4707,.F.);
#4707 = EDGE_LOOP('',(#4708,#4728,#4729,#4730));
#4708 = ORIENTED_EDGE('',*,*,#4709,.T.);
#4709 = EDGE_CURVE('',#4710,#4375,#4712,.T.);
#4710 = VERTEX_POINT('',#4711);
#4711 = CARTESIAN_POINT('',(59.5,-30.31471868346,-4.830162336393));
#4712 = SURFACE_CURVE('',#4713,(#4716,#4722),.PCURVE_S1.);
#4713 = B_SPLINE_CURVE_WITH_KNOTS('',1,(#4714,#4715),.UNSPECIFIED.,.F.,
  .F.,(2,2),(0.,1.),.PIECEWISE_BEZIER_KNOTS.);
#4714 = CARTESIAN_POINT('',(59.5,-30.18823643135,0.));
#4715 = CARTESIAN_POINT('',(59.5,-31.,-31.));
#4716 = PCURVE('',#4105,#4717);
#4717 = DEFINITIONAL_REPRESENTATION('',(#4718),#4721);
#4718 = B_SPLINE_CURVE_WITH_KNOTS('',1,(#4719,#4720),.UNSPECIFIED.,.F.,
  .F.,(2,2),(0.,1.),.PIECEWISE_BEZIER_KNOTS.);
#4719 = CARTESIAN_POINT('',(-59.5,-31.01062656721));
#4720 = CARTESIAN_POINT('',(-59.5,0.));
#4721 = ( GEOMETRIC_REPRESENTATION_CONTEXT(2) 
PARAMETRIC_REPRESENTATION_CONTEXT() REPRESENTATION_CONTEXT('2D SPACE',''
  ) );
#4722 = PCURVE('',#4395,#4723);
#4723 = DEFINITIONAL_REPRESENTATION('',(#4724),#4727);
#4724 = B_SPLINE_CURVE_WITH_KNOTS('',1,(#4725,#4726),.UNSPECIFIED.,.F.,
  .F.,(2,2),(0.,1.),.PIECEWISE_BEZIER_KNOTS.);
#4725 = CARTESIAN_POINT('',(-1.570796326795,0.));
#4726 = CARTESIAN_POINT('',(-1.570796326795,31.));
#4727 = ( GEOMETRIC_REPRESENTATION_CONTEXT(2) 
PARAMETRIC_REPRESENTATION_CONTEXT() REPRESENTATION_CONTEXT('2D SPACE',''
  ) );
#4728 = ORIENTED_EDGE('',*,*,#4407,.F.);
#4729 = ORIENTED_EDGE('',*,*,#4089,.F.);
#4730 = ORIENTED_EDGE('',*,*,#4731,.F.);
#4731 = EDGE_CURVE('',#4710,#4090,#4732,.T.);
#4732 = SURFACE_CURVE('',#4733,(#4737,#4744),.PCURVE_S1.);
#4733 = LINE('',#4734,#4735);
#4734 = CARTESIAN_POINT('',(59.5,-30.31471868346,-4.830162336393));
#4735 = VECTOR('',#4736,1.);
#4736 = DIRECTION('',(-1.,-0.,0.));
#4737 = PCURVE('',#4105,#4738);
#4738 = DEFINITIONAL_REPRESENTATION('',(#4739),#4743);
#4739 = LINE('',#4740,#4741);
#4740 = CARTESIAN_POINT('',(-59.5,-26.17880848744));
#4741 = VECTOR('',#4742,1.);
#4742 = DIRECTION('',(1.,-0.));
#4743 = ( GEOMETRIC_REPRESENTATION_CONTEXT(2) 
PARAMETRIC_REPRESENTATION_CONTEXT() REPRESENTATION_CONTEXT('2D SPACE',''
  ) );
#4744 = PCURVE('',#4745,#4750);
#4745 = CYLINDRICAL_SURFACE('',#4746,4.96);
#4746 = AXIS2_PLACEMENT_3D('',#4747,#4748,#4749);
#4747 = CARTESIAN_POINT('',(59.5,-25.35641835158,-4.96));
#4748 = DIRECTION('',(-1.,-0.,0.));
#4749 = DIRECTION('',(0.,-0.999657324976,2.617694830787E-02));
#4750 = DEFINITIONAL_REPRESENTATION('',(#4751),#4755);
#4751 = LINE('',#4752,#4753);
#4752 = CARTESIAN_POINT('',(0.,0.));
#4753 = VECTOR('',#4754,1.);
#4754 = DIRECTION('',(0.,1.));
#4755 = ( GEOMETRIC_REPRESENTATION_CONTEXT(2) 
PARAMETRIC_REPRESENTATION_CONTEXT() REPRESENTATION_CONTEXT('2D SPACE',''
  ) );
#4756 = ADVANCED_FACE('',(#4757),#4158,.T.);
#4757 = FACE_BOUND('',#4758,.F.);
#4758 = EDGE_LOOP('',(#4759,#4783,#4784,#4785));
#4759 = ORIENTED_EDGE('',*,*,#4760,.F.);
#4760 = EDGE_CURVE('',#4090,#4761,#4763,.T.);
#4761 = VERTEX_POINT('',#4762);
#4762 = CARTESIAN_POINT('',(-59.5,-25.35641835158,2.6645352591E-15));
#4763 = SURFACE_CURVE('',#4764,(#4769,#4776),.PCURVE_S1.);
#4764 = CIRCLE('',#4765,4.96);
#4765 = AXIS2_PLACEMENT_3D('',#4766,#4767,#4768);
#4766 = CARTESIAN_POINT('',(-59.5,-25.35641835158,-4.96));
#4767 = DIRECTION('',(-1.,-0.,0.));
#4768 = DIRECTION('',(0.,-0.999657324976,2.617694830787E-02));
#4769 = PCURVE('',#4158,#4770);
#4770 = DEFINITIONAL_REPRESENTATION('',(#4771),#4775);
#4771 = LINE('',#4772,#4773);
#4772 = CARTESIAN_POINT('',(-0.,2.617993877992E-02));
#4773 = VECTOR('',#4774,1.);
#4774 = DIRECTION('',(-0.,1.));
#4775 = ( GEOMETRIC_REPRESENTATION_CONTEXT(2) 
PARAMETRIC_REPRESENTATION_CONTEXT() REPRESENTATION_CONTEXT('2D SPACE',''
  ) );
#4776 = PCURVE('',#4745,#4777);
#4777 = DEFINITIONAL_REPRESENTATION('',(#4778),#4782);
#4778 = LINE('',#4779,#4780);
#4779 = CARTESIAN_POINT('',(0.,119.));
#4780 = VECTOR('',#4781,1.);
#4781 = DIRECTION('',(1.,0.));
#4782 = ( GEOMETRIC_REPRESENTATION_CONTEXT(2) 
PARAMETRIC_REPRESENTATION_CONTEXT() REPRESENTATION_CONTEXT('2D SPACE',''
  ) );
#4783 = ORIENTED_EDGE('',*,*,#4143,.T.);
#4784 = ORIENTED_EDGE('',*,*,#4173,.T.);
#4785 = ORIENTED_EDGE('',*,*,#4786,.F.);
#4786 = EDGE_CURVE('',#4761,#4174,#4787,.T.);
#4787 = SURFACE_CURVE('',#4788,(#4793,#4800),.PCURVE_S1.);
#4788 = CIRCLE('',#4789,9.856418351584);
#4789 = AXIS2_PLACEMENT_3D('',#4790,#4791,#4792);
#4790 = CARTESIAN_POINT('',(-59.5,-15.5,0.));
#4791 = DIRECTION('',(-0.,0.,-1.));
#4792 = DIRECTION('',(-0.,-1.,-0.));
#4793 = PCURVE('',#4158,#4794);
#4794 = DEFINITIONAL_REPRESENTATION('',(#4795),#4799);
#4795 = LINE('',#4796,#4797);
#4796 = CARTESIAN_POINT('',(-0.,1.570796326795));
#4797 = VECTOR('',#4798,1.);
#4798 = DIRECTION('',(-1.,0.));
#4799 = ( GEOMETRIC_REPRESENTATION_CONTEXT(2) 
PARAMETRIC_REPRESENTATION_CONTEXT() REPRESENTATION_CONTEXT('2D SPACE',''
  ) );
#4800 = PCURVE('',#4213,#4801);
#4801 = DEFINITIONAL_REPRESENTATION('',(#4802),#4810);
#4802 = ( BOUNDED_CURVE() B_SPLINE_CURVE(2,(#4803,#4804,#4805,#4806,
#4807,#4808,#4809),.UNSPECIFIED.,.T.,.F.) B_SPLINE_CURVE_WITH_KNOTS((1,2
    ,2,2,2,1),(-2.094395102393,0.,2.094395102393,4.188790204786,
6.28318530718,8.377580409573),.UNSPECIFIED.) CURVE() 
GEOMETRIC_REPRESENTATION_ITEM() RATIONAL_B_SPLINE_CURVE((1.,0.5,1.,0.5,
1.,0.5,1.)) REPRESENTATION_ITEM('') );
#4803 = CARTESIAN_POINT('',(0.,-9.856418351584));
#4804 = CARTESIAN_POINT('',(-17.07181736559,-9.856418351584));
#4805 = CARTESIAN_POINT('',(-8.535908682799,4.928209175792));
#4806 = CARTESIAN_POINT('',(-2.414126237065E-15,19.712836703167));
#4807 = CARTESIAN_POINT('',(8.535908682799,4.928209175792));
#4808 = CARTESIAN_POINT('',(17.071817365597,-9.856418351584));
#4809 = CARTESIAN_POINT('',(0.,-9.856418351584));
#4810 = ( GEOMETRIC_REPRESENTATION_CONTEXT(2) 
PARAMETRIC_REPRESENTATION_CONTEXT() REPRESENTATION_CONTEXT('2D SPACE',''
  ) );
#4811 = ADVANCED_FACE('',(#4812),#4213,.T.);
#4812 = FACE_BOUND('',#4813,.F.);
#4813 = EDGE_LOOP('',(#4814,#4815,#4843,#4871,#4904,#4932,#4965,#4986));
#4814 = ORIENTED_EDGE('',*,*,#4197,.T.);
#4815 = ORIENTED_EDGE('',*,*,#4816,.T.);
#4816 = EDGE_CURVE('',#4198,#4817,#4819,.T.);
#4817 = VERTEX_POINT('',#4818);
#4818 = CARTESIAN_POINT('',(-59.5,25.356418351584,0.));
#4819 = SURFACE_CURVE('',#4820,(#4825,#4836),.PCURVE_S1.);
#4820 = CIRCLE('',#4821,9.856418351584);
#4821 = AXIS2_PLACEMENT_3D('',#4822,#4823,#4824);
#4822 = CARTESIAN_POINT('',(-59.5,15.5,0.));
#4823 = DIRECTION('',(0.,-0.,-1.));
#4824 = DIRECTION('',(-1.,3.628121417507E-16,-0.));
#4825 = PCURVE('',#4213,#4826);
#4826 = DEFINITIONAL_REPRESENTATION('',(#4827),#4835);
#4827 = ( BOUNDED_CURVE() B_SPLINE_CURVE(2,(#4828,#4829,#4830,#4831,
#4832,#4833,#4834),.UNSPECIFIED.,.T.,.F.) B_SPLINE_CURVE_WITH_KNOTS((1,2
    ,2,2,2,1),(-2.094395102393,0.,2.094395102393,4.188790204786,
6.28318530718,8.377580409573),.UNSPECIFIED.) CURVE() 
GEOMETRIC_REPRESENTATION_ITEM() RATIONAL_B_SPLINE_CURVE((1.,0.5,1.,0.5,
1.,0.5,1.)) REPRESENTATION_ITEM('') );
#4828 = CARTESIAN_POINT('',(-9.856418351584,31.));
#4829 = CARTESIAN_POINT('',(-9.856418351584,48.071817365597));
#4830 = CARTESIAN_POINT('',(4.928209175792,39.535908682799));
#4831 = CARTESIAN_POINT('',(19.712836703167,31.));
#4832 = CARTESIAN_POINT('',(4.928209175792,22.464091317201));
#4833 = CARTESIAN_POINT('',(-9.856418351584,13.928182634403));
#4834 = CARTESIAN_POINT('',(-9.856418351584,31.));
#4835 = ( GEOMETRIC_REPRESENTATION_CONTEXT(2) 
PARAMETRIC_REPRESENTATION_CONTEXT() REPRESENTATION_CONTEXT('2D SPACE',''
  ) );
#4836 = PCURVE('',#4240,#4837);
#4837 = DEFINITIONAL_REPRESENTATION('',(#4838),#4842);
#4838 = LINE('',#4839,#4840);
#4839 = CARTESIAN_POINT('',(-0.,1.570796326795));
#4840 = VECTOR('',#4841,1.);
#4841 = DIRECTION('',(-1.,0.));
#4842 = ( GEOMETRIC_REPRESENTATION_CONTEXT(2) 
PARAMETRIC_REPRESENTATION_CONTEXT() REPRESENTATION_CONTEXT('2D SPACE',''
  ) );
#4843 = ORIENTED_EDGE('',*,*,#4844,.T.);
#4844 = EDGE_CURVE('',#4817,#4845,#4847,.T.);
#4845 = VERTEX_POINT('',#4846);
#4846 = CARTESIAN_POINT('',(59.5,25.356418351584,2.6645352591E-15));
#4847 = SURFACE_CURVE('',#4848,(#4852,#4859),.PCURVE_S1.);
#4848 = LINE('',#4849,#4850);
#4849 = CARTESIAN_POINT('',(-59.5,25.356418351584,2.6645352591E-15));
#4850 = VECTOR('',#4851,1.);
#4851 = DIRECTION('',(1.,-0.,-0.));
#4852 = PCURVE('',#4213,#4853);
#4853 = DEFINITIONAL_REPRESENTATION('',(#4854),#4858);
#4854 = LINE('',#4855,#4856);
#4855 = CARTESIAN_POINT('',(7.105427357601E-15,40.856418351584));
#4856 = VECTOR('',#4857,1.);
#4857 = DIRECTION('',(1.,-0.));
#4858 = ( GEOMETRIC_REPRESENTATION_CONTEXT(2) 
PARAMETRIC_REPRESENTATION_CONTEXT() REPRESENTATION_CONTEXT('2D SPACE',''
  ) );
#4859 = PCURVE('',#4860,#4865);
#4860 = CYLINDRICAL_SURFACE('',#4861,4.96);
#4861 = AXIS2_PLACEMENT_3D('',#4862,#4863,#4864);
#4862 = CARTESIAN_POINT('',(-59.5,25.356418351584,-4.96));
#4863 = DIRECTION('',(1.,-0.,-0.));
#4864 = DIRECTION('',(-0.,0.999657324976,2.617694830787E-02));
#4865 = DEFINITIONAL_REPRESENTATION('',(#4866),#4870);
#4866 = LINE('',#4867,#4868);
#4867 = CARTESIAN_POINT('',(1.544616388015,0.));
#4868 = VECTOR('',#4869,1.);
#4869 = DIRECTION('',(0.,1.));
#4870 = ( GEOMETRIC_REPRESENTATION_CONTEXT(2) 
PARAMETRIC_REPRESENTATION_CONTEXT() REPRESENTATION_CONTEXT('2D SPACE',''
  ) );
#4871 = ORIENTED_EDGE('',*,*,#4872,.T.);
#4872 = EDGE_CURVE('',#4845,#4873,#4875,.T.);
#4873 = VERTEX_POINT('',#4874);
#4874 = CARTESIAN_POINT('',(69.356418351584,15.5,0.));
#4875 = SURFACE_CURVE('',#4876,(#4881,#4892),.PCURVE_S1.);
#4876 = CIRCLE('',#4877,9.856418351584);
#4877 = AXIS2_PLACEMENT_3D('',#4878,#4879,#4880);
#4878 = CARTESIAN_POINT('',(59.5,15.5,0.));
#4879 = DIRECTION('',(-0.,-0.,-1.));
#4880 = DIRECTION('',(-0.,1.,-0.));
#4881 = PCURVE('',#4213,#4882);
#4882 = DEFINITIONAL_REPRESENTATION('',(#4883),#4891);
#4883 = ( BOUNDED_CURVE() B_SPLINE_CURVE(2,(#4884,#4885,#4886,#4887,
#4888,#4889,#4890),.UNSPECIFIED.,.T.,.F.) B_SPLINE_CURVE_WITH_KNOTS((1,2
    ,2,2,2,1),(-2.094395102393,0.,2.094395102393,4.188790204786,
6.28318530718,8.377580409573),.UNSPECIFIED.) CURVE() 
GEOMETRIC_REPRESENTATION_ITEM() RATIONAL_B_SPLINE_CURVE((1.,0.5,1.,0.5,
1.,0.5,1.)) REPRESENTATION_ITEM('') );
#4884 = CARTESIAN_POINT('',(119.,40.856418351584));
#4885 = CARTESIAN_POINT('',(136.07181736559,40.856418351584));
#4886 = CARTESIAN_POINT('',(127.53590868279,26.071790824208));
#4887 = CARTESIAN_POINT('',(119.,11.287163296833));
#4888 = CARTESIAN_POINT('',(110.4640913172,26.071790824208));
#4889 = CARTESIAN_POINT('',(101.9281826344,40.856418351584));
#4890 = CARTESIAN_POINT('',(119.,40.856418351584));
#4891 = ( GEOMETRIC_REPRESENTATION_CONTEXT(2) 
PARAMETRIC_REPRESENTATION_CONTEXT() REPRESENTATION_CONTEXT('2D SPACE',''
  ) );
#4892 = PCURVE('',#4893,#4898);
#4893 = TOROIDAL_SURFACE('',#4894,9.856418351584,4.96);
#4894 = AXIS2_PLACEMENT_3D('',#4895,#4896,#4897);
#4895 = CARTESIAN_POINT('',(59.5,15.5,-4.96));
#4896 = DIRECTION('',(-0.,-0.,1.));
#4897 = DIRECTION('',(-0.,1.,-0.));
#4898 = DEFINITIONAL_REPRESENTATION('',(#4899),#4903);
#4899 = LINE('',#4900,#4901);
#4900 = CARTESIAN_POINT('',(-0.,1.570796326795));
#4901 = VECTOR('',#4902,1.);
#4902 = DIRECTION('',(-1.,0.));
#4903 = ( GEOMETRIC_REPRESENTATION_CONTEXT(2) 
PARAMETRIC_REPRESENTATION_CONTEXT() REPRESENTATION_CONTEXT('2D SPACE',''
  ) );
#4904 = ORIENTED_EDGE('',*,*,#4905,.T.);
#4905 = EDGE_CURVE('',#4873,#4906,#4908,.T.);
#4906 = VERTEX_POINT('',#4907);
#4907 = CARTESIAN_POINT('',(69.356418351584,-15.5,8.881784197001E-16));
#4908 = SURFACE_CURVE('',#4909,(#4913,#4920),.PCURVE_S1.);
#4909 = LINE('',#4910,#4911);
#4910 = CARTESIAN_POINT('',(69.356418351584,15.5,8.881784197001E-16));
#4911 = VECTOR('',#4912,1.);
#4912 = DIRECTION('',(-0.,-1.,0.));
#4913 = PCURVE('',#4213,#4914);
#4914 = DEFINITIONAL_REPRESENTATION('',(#4915),#4919);
#4915 = LINE('',#4916,#4917);
#4916 = CARTESIAN_POINT('',(128.85641835158,31.));
#4917 = VECTOR('',#4918,1.);
#4918 = DIRECTION('',(-0.,-1.));
#4919 = ( GEOMETRIC_REPRESENTATION_CONTEXT(2) 
PARAMETRIC_REPRESENTATION_CONTEXT() REPRESENTATION_CONTEXT('2D SPACE',''
  ) );
#4920 = PCURVE('',#4921,#4926);
#4921 = CYLINDRICAL_SURFACE('',#4922,4.96);
#4922 = AXIS2_PLACEMENT_3D('',#4923,#4924,#4925);
#4923 = CARTESIAN_POINT('',(69.356418351584,15.5,-4.96));
#4924 = DIRECTION('',(-0.,-1.,0.));
#4925 = DIRECTION('',(0.999657324976,-0.,2.617694830787E-02));
#4926 = DEFINITIONAL_REPRESENTATION('',(#4927),#4931);
#4927 = LINE('',#4928,#4929);
#4928 = CARTESIAN_POINT('',(1.544616388015,0.));
#4929 = VECTOR('',#4930,1.);
#4930 = DIRECTION('',(0.,1.));
#4931 = ( GEOMETRIC_REPRESENTATION_CONTEXT(2) 
PARAMETRIC_REPRESENTATION_CONTEXT() REPRESENTATION_CONTEXT('2D SPACE',''
  ) );
#4932 = ORIENTED_EDGE('',*,*,#4933,.T.);
#4933 = EDGE_CURVE('',#4906,#4934,#4936,.T.);
#4934 = VERTEX_POINT('',#4935);
#4935 = CARTESIAN_POINT('',(59.5,-25.35641835158,0.));
#4936 = SURFACE_CURVE('',#4937,(#4942,#4953),.PCURVE_S1.);
#4937 = CIRCLE('',#4938,9.856418351584);
#4938 = AXIS2_PLACEMENT_3D('',#4939,#4940,#4941);
#4939 = CARTESIAN_POINT('',(59.5,-15.5,0.));
#4940 = DIRECTION('',(-0.,0.,-1.));
#4941 = DIRECTION('',(1.,-1.209373805836E-16,-0.));
#4942 = PCURVE('',#4213,#4943);
#4943 = DEFINITIONAL_REPRESENTATION('',(#4944),#4952);
#4944 = ( BOUNDED_CURVE() B_SPLINE_CURVE(2,(#4945,#4946,#4947,#4948,
#4949,#4950,#4951),.UNSPECIFIED.,.T.,.F.) B_SPLINE_CURVE_WITH_KNOTS((1,2
    ,2,2,2,1),(-2.094395102393,0.,2.094395102393,4.188790204786,
6.28318530718,8.377580409573),.UNSPECIFIED.) CURVE() 
GEOMETRIC_REPRESENTATION_ITEM() RATIONAL_B_SPLINE_CURVE((1.,0.5,1.,0.5,
1.,0.5,1.)) REPRESENTATION_ITEM('') );
#4945 = CARTESIAN_POINT('',(128.85641835158,-1.192009417376E-15));
#4946 = CARTESIAN_POINT('',(128.85641835158,-17.07181736559));
#4947 = CARTESIAN_POINT('',(114.0717908242,-8.535908682799));
#4948 = CARTESIAN_POINT('',(99.287163296833,-3.010740231213E-17));
#4949 = CARTESIAN_POINT('',(114.0717908242,8.535908682799));
#4950 = CARTESIAN_POINT('',(128.85641835158,17.071817365597));
#4951 = CARTESIAN_POINT('',(128.85641835158,-1.192009417376E-15));
#4952 = ( GEOMETRIC_REPRESENTATION_CONTEXT(2) 
PARAMETRIC_REPRESENTATION_CONTEXT() REPRESENTATION_CONTEXT('2D SPACE',''
  ) );
#4953 = PCURVE('',#4954,#4959);
#4954 = TOROIDAL_SURFACE('',#4955,9.856418351584,4.96);
#4955 = AXIS2_PLACEMENT_3D('',#4956,#4957,#4958);
#4956 = CARTESIAN_POINT('',(59.5,-15.5,-4.96));
#4957 = DIRECTION('',(-0.,-0.,1.));
#4958 = DIRECTION('',(1.,-1.209373805836E-16,-0.));
#4959 = DEFINITIONAL_REPRESENTATION('',(#4960),#4964);
#4960 = LINE('',#4961,#4962);
#4961 = CARTESIAN_POINT('',(-0.,1.570796326795));
#4962 = VECTOR('',#4963,1.);
#4963 = DIRECTION('',(-1.,0.));
#4964 = ( GEOMETRIC_REPRESENTATION_CONTEXT(2) 
PARAMETRIC_REPRESENTATION_CONTEXT() REPRESENTATION_CONTEXT('2D SPACE',''
  ) );
#4965 = ORIENTED_EDGE('',*,*,#4966,.T.);
#4966 = EDGE_CURVE('',#4934,#4761,#4967,.T.);
#4967 = SURFACE_CURVE('',#4968,(#4972,#4979),.PCURVE_S1.);
#4968 = LINE('',#4969,#4970);
#4969 = CARTESIAN_POINT('',(59.5,-25.35641835158,2.6645352591E-15));
#4970 = VECTOR('',#4971,1.);
#4971 = DIRECTION('',(-1.,-0.,0.));
#4972 = PCURVE('',#4213,#4973);
#4973 = DEFINITIONAL_REPRESENTATION('',(#4974),#4978);
#4974 = LINE('',#4975,#4976);
#4975 = CARTESIAN_POINT('',(119.,-9.856418351584));
#4976 = VECTOR('',#4977,1.);
#4977 = DIRECTION('',(-1.,0.));
#4978 = ( GEOMETRIC_REPRESENTATION_CONTEXT(2) 
PARAMETRIC_REPRESENTATION_CONTEXT() REPRESENTATION_CONTEXT('2D SPACE',''
  ) );
#4979 = PCURVE('',#4745,#4980);
#4980 = DEFINITIONAL_REPRESENTATION('',(#4981),#4985);
#4981 = LINE('',#4982,#4983);
#4982 = CARTESIAN_POINT('',(1.544616388015,0.));
#4983 = VECTOR('',#4984,1.);
#4984 = DIRECTION('',(0.,1.));
#4985 = ( GEOMETRIC_REPRESENTATION_CONTEXT(2) 
PARAMETRIC_REPRESENTATION_CONTEXT() REPRESENTATION_CONTEXT('2D SPACE',''
  ) );
#4986 = ORIENTED_EDGE('',*,*,#4786,.T.);
#4987 = ADVANCED_FACE('',(#4988),#4240,.T.);
#4988 = FACE_BOUND('',#4989,.F.);
#4989 = EDGE_LOOP('',(#4990,#4991,#4992,#5014));
#4990 = ORIENTED_EDGE('',*,*,#4225,.F.);
#4991 = ORIENTED_EDGE('',*,*,#4684,.T.);
#4992 = ORIENTED_EDGE('',*,*,#4993,.T.);
#4993 = EDGE_CURVE('',#4665,#4817,#4994,.T.);
#4994 = SURFACE_CURVE('',#4995,(#5000,#5007),.PCURVE_S1.);
#4995 = CIRCLE('',#4996,4.96);
#4996 = AXIS2_PLACEMENT_3D('',#4997,#4998,#4999);
#4997 = CARTESIAN_POINT('',(-59.5,25.356418351584,-4.96));
#4998 = DIRECTION('',(1.,-3.015798017933E-16,0.));
#4999 = DIRECTION('',(3.015798017933E-16,1.,-0.));
#5000 = PCURVE('',#4240,#5001);
#5001 = DEFINITIONAL_REPRESENTATION('',(#5002),#5006);
#5002 = LINE('',#5003,#5004);
#5003 = CARTESIAN_POINT('',(-1.570796326795,0.));
#5004 = VECTOR('',#5005,1.);
#5005 = DIRECTION('',(-0.,1.));
#5006 = ( GEOMETRIC_REPRESENTATION_CONTEXT(2) 
PARAMETRIC_REPRESENTATION_CONTEXT() REPRESENTATION_CONTEXT('2D SPACE',''
  ) );
#5007 = PCURVE('',#4860,#5008);
#5008 = DEFINITIONAL_REPRESENTATION('',(#5009),#5013);
#5009 = LINE('',#5010,#5011);
#5010 = CARTESIAN_POINT('',(-2.617993877992E-02,-7.105427357601E-15));
#5011 = VECTOR('',#5012,1.);
#5012 = DIRECTION('',(1.,0.));
#5013 = ( GEOMETRIC_REPRESENTATION_CONTEXT(2) 
PARAMETRIC_REPRESENTATION_CONTEXT() REPRESENTATION_CONTEXT('2D SPACE',''
  ) );
#5014 = ORIENTED_EDGE('',*,*,#4816,.F.);
#5015 = ADVANCED_FACE('',(#5016),#4301,.T.);
#5016 = FACE_BOUND('',#5017,.F.);
#5017 = EDGE_LOOP('',(#5018,#5019,#5020,#5040));
#5018 = ORIENTED_EDGE('',*,*,#4664,.T.);
#5019 = ORIENTED_EDGE('',*,*,#4285,.T.);
#5020 = ORIENTED_EDGE('',*,*,#5021,.F.);
#5021 = EDGE_CURVE('',#5022,#4286,#5024,.T.);
#5022 = VERTEX_POINT('',#5023);
#5023 = CARTESIAN_POINT('',(59.5,30.314718683462,-4.830162336393));
#5024 = SURFACE_CURVE('',#5025,(#5028,#5034),.PCURVE_S1.);
#5025 = B_SPLINE_CURVE_WITH_KNOTS('',1,(#5026,#5027),.UNSPECIFIED.,.F.,
  .F.,(2,2),(0.,1.),.PIECEWISE_BEZIER_KNOTS.);
#5026 = CARTESIAN_POINT('',(59.5,30.188236431355,0.));
#5027 = CARTESIAN_POINT('',(59.5,31.,-31.));
#5028 = PCURVE('',#4301,#5029);
#5029 = DEFINITIONAL_REPRESENTATION('',(#5030),#5033);
#5030 = B_SPLINE_CURVE_WITH_KNOTS('',1,(#5031,#5032),.UNSPECIFIED.,.F.,
  .F.,(2,2),(0.,1.),.PIECEWISE_BEZIER_KNOTS.);
#5031 = CARTESIAN_POINT('',(59.5,-31.01062656721));
#5032 = CARTESIAN_POINT('',(59.5,0.));
#5033 = ( GEOMETRIC_REPRESENTATION_CONTEXT(2) 
PARAMETRIC_REPRESENTATION_CONTEXT() REPRESENTATION_CONTEXT('2D SPACE',''
  ) );
#5034 = PCURVE('',#4334,#5035);
#5035 = DEFINITIONAL_REPRESENTATION('',(#5036),#5039);
#5036 = B_SPLINE_CURVE_WITH_KNOTS('',1,(#5037,#5038),.UNSPECIFIED.,.F.,
  .F.,(2,2),(0.,1.),.PIECEWISE_BEZIER_KNOTS.);
#5037 = CARTESIAN_POINT('',(-4.712388980385,0.));
#5038 = CARTESIAN_POINT('',(-4.712388980385,31.));
#5039 = ( GEOMETRIC_REPRESENTATION_CONTEXT(2) 
PARAMETRIC_REPRESENTATION_CONTEXT() REPRESENTATION_CONTEXT('2D SPACE',''
  ) );
#5040 = ORIENTED_EDGE('',*,*,#5041,.F.);
#5041 = EDGE_CURVE('',#4665,#5022,#5042,.T.);
#5042 = SURFACE_CURVE('',#5043,(#5047,#5054),.PCURVE_S1.);
#5043 = LINE('',#5044,#5045);
#5044 = CARTESIAN_POINT('',(-59.5,30.314718683462,-4.830162336393));
#5045 = VECTOR('',#5046,1.);
#5046 = DIRECTION('',(1.,-0.,-0.));
#5047 = PCURVE('',#4301,#5048);
#5048 = DEFINITIONAL_REPRESENTATION('',(#5049),#5053);
#5049 = LINE('',#5050,#5051);
#5050 = CARTESIAN_POINT('',(-59.5,-26.17880848744));
#5051 = VECTOR('',#5052,1.);
#5052 = DIRECTION('',(1.,-0.));
#5053 = ( GEOMETRIC_REPRESENTATION_CONTEXT(2) 
PARAMETRIC_REPRESENTATION_CONTEXT() REPRESENTATION_CONTEXT('2D SPACE',''
  ) );
#5054 = PCURVE('',#4860,#5055);
#5055 = DEFINITIONAL_REPRESENTATION('',(#5056),#5060);
#5056 = LINE('',#5057,#5058);
#5057 = CARTESIAN_POINT('',(0.,0.));
#5058 = VECTOR('',#5059,1.);
#5059 = DIRECTION('',(0.,1.));
#5060 = ( GEOMETRIC_REPRESENTATION_CONTEXT(2) 
PARAMETRIC_REPRESENTATION_CONTEXT() REPRESENTATION_CONTEXT('2D SPACE',''
  ) );
#5061 = ADVANCED_FACE('',(#5062),#4395,.T.);
#5062 = FACE_BOUND('',#5063,.F.);
#5063 = EDGE_LOOP('',(#5064,#5084,#5085,#5086));
#5064 = ORIENTED_EDGE('',*,*,#5065,.T.);
#5065 = EDGE_CURVE('',#5066,#4347,#5068,.T.);
#5066 = VERTEX_POINT('',#5067);
#5067 = CARTESIAN_POINT('',(74.314718683462,-15.5,-4.830162336393));
#5068 = SURFACE_CURVE('',#5069,(#5072,#5078),.PCURVE_S1.);
#5069 = B_SPLINE_CURVE_WITH_KNOTS('',1,(#5070,#5071),.UNSPECIFIED.,.F.,
  .F.,(2,2),(0.,1.),.PIECEWISE_BEZIER_KNOTS.);
#5070 = CARTESIAN_POINT('',(74.188236431355,-15.5,0.));
#5071 = CARTESIAN_POINT('',(75.,-15.5,-31.));
#5072 = PCURVE('',#4395,#5073);
#5073 = DEFINITIONAL_REPRESENTATION('',(#5074),#5077);
#5074 = B_SPLINE_CURVE_WITH_KNOTS('',1,(#5075,#5076),.UNSPECIFIED.,.F.,
  .F.,(2,2),(0.,1.),.PIECEWISE_BEZIER_KNOTS.);
#5075 = CARTESIAN_POINT('',(-3.14159265359,0.));
#5076 = CARTESIAN_POINT('',(-3.14159265359,31.));
#5077 = ( GEOMETRIC_REPRESENTATION_CONTEXT(2) 
PARAMETRIC_REPRESENTATION_CONTEXT() REPRESENTATION_CONTEXT('2D SPACE',''
  ) );
#5078 = PCURVE('',#4362,#5079);
#5079 = DEFINITIONAL_REPRESENTATION('',(#5080),#5083);
#5080 = B_SPLINE_CURVE_WITH_KNOTS('',1,(#5081,#5082),.UNSPECIFIED.,.F.,
  .F.,(2,2),(0.,1.),.PIECEWISE_BEZIER_KNOTS.);
#5081 = CARTESIAN_POINT('',(15.5,-31.01062656721));
#5082 = CARTESIAN_POINT('',(15.5,0.));
#5083 = ( GEOMETRIC_REPRESENTATION_CONTEXT(2) 
PARAMETRIC_REPRESENTATION_CONTEXT() REPRESENTATION_CONTEXT('2D SPACE',''
  ) );
#5084 = ORIENTED_EDGE('',*,*,#4374,.T.);
#5085 = ORIENTED_EDGE('',*,*,#4709,.F.);
#5086 = ORIENTED_EDGE('',*,*,#5087,.F.);
#5087 = EDGE_CURVE('',#5066,#4710,#5088,.T.);
#5088 = SURFACE_CURVE('',#5089,(#5094,#5101),.PCURVE_S1.);
#5089 = CIRCLE('',#5090,14.814718683462);
#5090 = AXIS2_PLACEMENT_3D('',#5091,#5092,#5093);
#5091 = CARTESIAN_POINT('',(59.5,-15.5,-4.830162336393));
#5092 = DIRECTION('',(-0.,0.,-1.));
#5093 = DIRECTION('',(1.,-1.209373805836E-16,-0.));
#5094 = PCURVE('',#4395,#5095);
#5095 = DEFINITIONAL_REPRESENTATION('',(#5096),#5100);
#5096 = LINE('',#5097,#5098);
#5097 = CARTESIAN_POINT('',(-3.14159265359,4.830162336393));
#5098 = VECTOR('',#5099,1.);
#5099 = DIRECTION('',(1.,-0.));
#5100 = ( GEOMETRIC_REPRESENTATION_CONTEXT(2) 
PARAMETRIC_REPRESENTATION_CONTEXT() REPRESENTATION_CONTEXT('2D SPACE',''
  ) );
#5101 = PCURVE('',#4954,#5102);
#5102 = DEFINITIONAL_REPRESENTATION('',(#5103),#5107);
#5103 = LINE('',#5104,#5105);
#5104 = CARTESIAN_POINT('',(-0.,2.617993877992E-02));
#5105 = VECTOR('',#5106,1.);
#5106 = DIRECTION('',(-1.,0.));
#5107 = ( GEOMETRIC_REPRESENTATION_CONTEXT(2) 
PARAMETRIC_REPRESENTATION_CONTEXT() REPRESENTATION_CONTEXT('2D SPACE',''
  ) );
#5108 = ADVANCED_FACE('',(#5109),#4334,.T.);
#5109 = FACE_BOUND('',#5110,.F.);
#5110 = EDGE_LOOP('',(#5111,#5112,#5113,#5133));
#5111 = ORIENTED_EDGE('',*,*,#5021,.T.);
#5112 = ORIENTED_EDGE('',*,*,#4313,.T.);
#5113 = ORIENTED_EDGE('',*,*,#5114,.F.);
#5114 = EDGE_CURVE('',#5115,#4314,#5117,.T.);
#5115 = VERTEX_POINT('',#5116);
#5116 = CARTESIAN_POINT('',(74.314718683462,15.5,-4.830162336393));
#5117 = SURFACE_CURVE('',#5118,(#5121,#5127),.PCURVE_S1.);
#5118 = B_SPLINE_CURVE_WITH_KNOTS('',1,(#5119,#5120),.UNSPECIFIED.,.F.,
  .F.,(2,2),(0.,1.),.PIECEWISE_BEZIER_KNOTS.);
#5119 = CARTESIAN_POINT('',(74.188236431355,15.5,0.));
#5120 = CARTESIAN_POINT('',(75.,15.5,-31.));
#5121 = PCURVE('',#4334,#5122);
#5122 = DEFINITIONAL_REPRESENTATION('',(#5123),#5126);
#5123 = B_SPLINE_CURVE_WITH_KNOTS('',1,(#5124,#5125),.UNSPECIFIED.,.F.,
  .F.,(2,2),(0.,1.),.PIECEWISE_BEZIER_KNOTS.);
#5124 = CARTESIAN_POINT('',(-3.14159265359,0.));
#5125 = CARTESIAN_POINT('',(-3.14159265359,31.));
#5126 = ( GEOMETRIC_REPRESENTATION_CONTEXT(2) 
PARAMETRIC_REPRESENTATION_CONTEXT() REPRESENTATION_CONTEXT('2D SPACE',''
  ) );
#5127 = PCURVE('',#4362,#5128);
#5128 = DEFINITIONAL_REPRESENTATION('',(#5129),#5132);
#5129 = B_SPLINE_CURVE_WITH_KNOTS('',1,(#5130,#5131),.UNSPECIFIED.,.F.,
  .F.,(2,2),(0.,1.),.PIECEWISE_BEZIER_KNOTS.);
#5130 = CARTESIAN_POINT('',(-15.5,-31.01062656721));
#5131 = CARTESIAN_POINT('',(-15.5,0.));
#5132 = ( GEOMETRIC_REPRESENTATION_CONTEXT(2) 
PARAMETRIC_REPRESENTATION_CONTEXT() REPRESENTATION_CONTEXT('2D SPACE',''
  ) );
#5133 = ORIENTED_EDGE('',*,*,#5134,.F.);
#5134 = EDGE_CURVE('',#5022,#5115,#5135,.T.);
#5135 = SURFACE_CURVE('',#5136,(#5141,#5148),.PCURVE_S1.);
#5136 = CIRCLE('',#5137,14.814718683462);
#5137 = AXIS2_PLACEMENT_3D('',#5138,#5139,#5140);
#5138 = CARTESIAN_POINT('',(59.5,15.5,-4.830162336393));
#5139 = DIRECTION('',(-0.,-0.,-1.));
#5140 = DIRECTION('',(-0.,1.,-0.));
#5141 = PCURVE('',#4334,#5142);
#5142 = DEFINITIONAL_REPRESENTATION('',(#5143),#5147);
#5143 = LINE('',#5144,#5145);
#5144 = CARTESIAN_POINT('',(-4.712388980385,4.830162336393));
#5145 = VECTOR('',#5146,1.);
#5146 = DIRECTION('',(1.,-0.));
#5147 = ( GEOMETRIC_REPRESENTATION_CONTEXT(2) 
PARAMETRIC_REPRESENTATION_CONTEXT() REPRESENTATION_CONTEXT('2D SPACE',''
  ) );
#5148 = PCURVE('',#4893,#5149);
#5149 = DEFINITIONAL_REPRESENTATION('',(#5150),#5154);
#5150 = LINE('',#5151,#5152);
#5151 = CARTESIAN_POINT('',(-0.,2.617993877992E-02));
#5152 = VECTOR('',#5153,1.);
#5153 = DIRECTION('',(-1.,0.));
#5154 = ( GEOMETRIC_REPRESENTATION_CONTEXT(2) 
PARAMETRIC_REPRESENTATION_CONTEXT() REPRESENTATION_CONTEXT('2D SPACE',''
  ) );
#5155 = ADVANCED_FACE('',(#5156),#4362,.T.);
#5156 = FACE_BOUND('',#5157,.F.);
#5157 = EDGE_LOOP('',(#5158,#5159,#5160,#5161));
#5158 = ORIENTED_EDGE('',*,*,#5114,.T.);
#5159 = ORIENTED_EDGE('',*,*,#4346,.F.);
#5160 = ORIENTED_EDGE('',*,*,#5065,.F.);
#5161 = ORIENTED_EDGE('',*,*,#5162,.F.);
#5162 = EDGE_CURVE('',#5115,#5066,#5163,.T.);
#5163 = SURFACE_CURVE('',#5164,(#5168,#5175),.PCURVE_S1.);
#5164 = LINE('',#5165,#5166);
#5165 = CARTESIAN_POINT('',(74.314718683462,15.5,-4.830162336393));
#5166 = VECTOR('',#5167,1.);
#5167 = DIRECTION('',(-0.,-1.,0.));
#5168 = PCURVE('',#4362,#5169);
#5169 = DEFINITIONAL_REPRESENTATION('',(#5170),#5174);
#5170 = LINE('',#5171,#5172);
#5171 = CARTESIAN_POINT('',(-15.5,-26.17880848744));
#5172 = VECTOR('',#5173,1.);
#5173 = DIRECTION('',(1.,-0.));
#5174 = ( GEOMETRIC_REPRESENTATION_CONTEXT(2) 
PARAMETRIC_REPRESENTATION_CONTEXT() REPRESENTATION_CONTEXT('2D SPACE',''
  ) );
#5175 = PCURVE('',#4921,#5176);
#5176 = DEFINITIONAL_REPRESENTATION('',(#5177),#5181);
#5177 = LINE('',#5178,#5179);
#5178 = CARTESIAN_POINT('',(0.,0.));
#5179 = VECTOR('',#5180,1.);
#5180 = DIRECTION('',(0.,1.));
#5181 = ( GEOMETRIC_REPRESENTATION_CONTEXT(2) 
PARAMETRIC_REPRESENTATION_CONTEXT() REPRESENTATION_CONTEXT('2D SPACE',''
  ) );
#5182 = ADVANCED_FACE('',(#5183),#4449,.F.);
#5183 = FACE_BOUND('',#5184,.T.);
#5184 = EDGE_LOOP('',(#5185,#5215,#5233,#5234));
#5185 = ORIENTED_EDGE('',*,*,#5186,.F.);
#5186 = EDGE_CURVE('',#5187,#5189,#5191,.T.);
#5187 = VERTEX_POINT('',#5188);
#5188 = CARTESIAN_POINT('',(-72.11547256851,-15.5,-4.88775162267));
#5189 = VERTEX_POINT('',#5190);
#5190 = CARTESIAN_POINT('',(-72.11547256851,15.5,-4.88775162267));
#5191 = SURFACE_CURVE('',#5192,(#5196,#5203),.PCURVE_S1.);
#5192 = LINE('',#5193,#5194);
#5193 = CARTESIAN_POINT('',(-72.11547256851,-15.5,-4.88775162267));
#5194 = VECTOR('',#5195,1.);
#5195 = DIRECTION('',(-0.,1.,-0.));
#5196 = PCURVE('',#4449,#5197);
#5197 = DEFINITIONAL_REPRESENTATION('',(#5198),#5202);
#5198 = LINE('',#5199,#5200);
#5199 = CARTESIAN_POINT('',(-15.5,-27.12154225248));
#5200 = VECTOR('',#5201,1.);
#5201 = DIRECTION('',(1.,-0.));
#5202 = ( GEOMETRIC_REPRESENTATION_CONTEXT(2) 
PARAMETRIC_REPRESENTATION_CONTEXT() REPRESENTATION_CONTEXT('2D SPACE',''
  ) );
#5203 = PCURVE('',#5204,#5209);
#5204 = CYLINDRICAL_SURFACE('',#5205,2.76);
#5205 = AXIS2_PLACEMENT_3D('',#5206,#5207,#5208);
#5206 = CARTESIAN_POINT('',(-69.35641835158,-15.5,-4.96));
#5207 = DIRECTION('',(-0.,1.,-0.));
#5208 = DIRECTION('',(-0.999657324976,0.,2.617694830787E-02));
#5209 = DEFINITIONAL_REPRESENTATION('',(#5210),#5214);
#5210 = LINE('',#5211,#5212);
#5211 = CARTESIAN_POINT('',(0.,0.));
#5212 = VECTOR('',#5213,1.);
#5213 = DIRECTION('',(0.,1.));
#5214 = ( GEOMETRIC_REPRESENTATION_CONTEXT(2) 
PARAMETRIC_REPRESENTATION_CONTEXT() REPRESENTATION_CONTEXT('2D SPACE',''
  ) );
#5215 = ORIENTED_EDGE('',*,*,#5216,.T.);
#5216 = EDGE_CURVE('',#5187,#4432,#5217,.T.);
#5217 = SURFACE_CURVE('',#5218,(#5221,#5227),.PCURVE_S1.);
#5218 = B_SPLINE_CURVE_WITH_KNOTS('',1,(#5219,#5220),.UNSPECIFIED.,.F.,
  .F.,(2,2),(0.,1.),.PIECEWISE_BEZIER_KNOTS.);
#5219 = CARTESIAN_POINT('',(-72.04509131532,-15.5,-2.2));
#5220 = CARTESIAN_POINT('',(-72.82543177808,-15.5,-32.));
#5221 = PCURVE('',#4449,#5222);
#5222 = DEFINITIONAL_REPRESENTATION('',(#5223),#5226);
#5223 = B_SPLINE_CURVE_WITH_KNOTS('',1,(#5224,#5225),.UNSPECIFIED.,.F.,
  .F.,(2,2),(0.,1.),.PIECEWISE_BEZIER_KNOTS.);
#5224 = CARTESIAN_POINT('',(-15.5,-29.81021521622));
#5225 = CARTESIAN_POINT('',(-15.5,0.));
#5226 = ( GEOMETRIC_REPRESENTATION_CONTEXT(2) 
PARAMETRIC_REPRESENTATION_CONTEXT() REPRESENTATION_CONTEXT('2D SPACE',''
  ) );
#5227 = PCURVE('',#4478,#5228);
#5228 = DEFINITIONAL_REPRESENTATION('',(#5229),#5232);
#5229 = B_SPLINE_CURVE_WITH_KNOTS('',1,(#5230,#5231),.UNSPECIFIED.,.F.,
  .F.,(2,2),(0.,1.),.PIECEWISE_BEZIER_KNOTS.);
#5230 = CARTESIAN_POINT('',(0.,0.));
#5231 = CARTESIAN_POINT('',(0.,29.8));
#5232 = ( GEOMETRIC_REPRESENTATION_CONTEXT(2) 
PARAMETRIC_REPRESENTATION_CONTEXT() REPRESENTATION_CONTEXT('2D SPACE',''
  ) );
#5233 = ORIENTED_EDGE('',*,*,#4431,.T.);
#5234 = ORIENTED_EDGE('',*,*,#5235,.F.);
#5235 = EDGE_CURVE('',#5189,#4434,#5236,.T.);
#5236 = SURFACE_CURVE('',#5237,(#5240,#5246),.PCURVE_S1.);
#5237 = B_SPLINE_CURVE_WITH_KNOTS('',1,(#5238,#5239),.UNSPECIFIED.,.F.,
  .F.,(2,2),(0.,1.),.PIECEWISE_BEZIER_KNOTS.);
#5238 = CARTESIAN_POINT('',(-72.04509131532,15.5,-2.2));
#5239 = CARTESIAN_POINT('',(-72.82543177808,15.5,-32.));
#5240 = PCURVE('',#4449,#5241);
#5241 = DEFINITIONAL_REPRESENTATION('',(#5242),#5245);
#5242 = B_SPLINE_CURVE_WITH_KNOTS('',1,(#5243,#5244),.UNSPECIFIED.,.F.,
  .F.,(2,2),(0.,1.),.PIECEWISE_BEZIER_KNOTS.);
#5243 = CARTESIAN_POINT('',(15.5,-29.81021521622));
#5244 = CARTESIAN_POINT('',(15.5,0.));
#5245 = ( GEOMETRIC_REPRESENTATION_CONTEXT(2) 
PARAMETRIC_REPRESENTATION_CONTEXT() REPRESENTATION_CONTEXT('2D SPACE',''
  ) );
#5246 = PCURVE('',#4647,#5247);
#5247 = DEFINITIONAL_REPRESENTATION('',(#5248),#5251);
#5248 = B_SPLINE_CURVE_WITH_KNOTS('',1,(#5249,#5250),.UNSPECIFIED.,.F.,
  .F.,(2,2),(0.,1.),.PIECEWISE_BEZIER_KNOTS.);
#5249 = CARTESIAN_POINT('',(-6.28318530718,0.));
#5250 = CARTESIAN_POINT('',(-6.28318530718,29.8));
#5251 = ( GEOMETRIC_REPRESENTATION_CONTEXT(2) 
PARAMETRIC_REPRESENTATION_CONTEXT() REPRESENTATION_CONTEXT('2D SPACE',''
  ) );
#5252 = ADVANCED_FACE('',(#5253),#4647,.F.);
#5253 = FACE_BOUND('',#5254,.T.);
#5254 = EDGE_LOOP('',(#5255,#5284,#5285,#5286));
#5255 = ORIENTED_EDGE('',*,*,#5256,.F.);
#5256 = EDGE_CURVE('',#5189,#5257,#5259,.T.);
#5257 = VERTEX_POINT('',#5258);
#5258 = CARTESIAN_POINT('',(-59.5,28.115472568516,-4.88775162267));
#5259 = SURFACE_CURVE('',#5260,(#5265,#5272),.PCURVE_S1.);
#5260 = CIRCLE('',#5261,12.615472568516);
#5261 = AXIS2_PLACEMENT_3D('',#5262,#5263,#5264);
#5262 = CARTESIAN_POINT('',(-59.5,15.5,-4.88775162267));
#5263 = DIRECTION('',(0.,-0.,-1.));
#5264 = DIRECTION('',(-1.,1.415977608094E-16,-0.));
#5265 = PCURVE('',#4647,#5266);
#5266 = DEFINITIONAL_REPRESENTATION('',(#5267),#5271);
#5267 = LINE('',#5268,#5269);
#5268 = CARTESIAN_POINT('',(-6.28318530718,2.68775162267));
#5269 = VECTOR('',#5270,1.);
#5270 = DIRECTION('',(1.,-0.));
#5271 = ( GEOMETRIC_REPRESENTATION_CONTEXT(2) 
PARAMETRIC_REPRESENTATION_CONTEXT() REPRESENTATION_CONTEXT('2D SPACE',''
  ) );
#5272 = PCURVE('',#5273,#5278);
#5273 = TOROIDAL_SURFACE('',#5274,9.856418351584,2.76);
#5274 = AXIS2_PLACEMENT_3D('',#5275,#5276,#5277);
#5275 = CARTESIAN_POINT('',(-59.5,15.5,-4.96));
#5276 = DIRECTION('',(-0.,-0.,1.));
#5277 = DIRECTION('',(-1.,1.415977608094E-16,-0.));
#5278 = DEFINITIONAL_REPRESENTATION('',(#5279),#5283);
#5279 = LINE('',#5280,#5281);
#5280 = CARTESIAN_POINT('',(-0.,2.617993877992E-02));
#5281 = VECTOR('',#5282,1.);
#5282 = DIRECTION('',(-1.,0.));
#5283 = ( GEOMETRIC_REPRESENTATION_CONTEXT(2) 
PARAMETRIC_REPRESENTATION_CONTEXT() REPRESENTATION_CONTEXT('2D SPACE',''
  ) );
#5284 = ORIENTED_EDGE('',*,*,#5235,.T.);
#5285 = ORIENTED_EDGE('',*,*,#4632,.F.);
#5286 = ORIENTED_EDGE('',*,*,#5287,.F.);
#5287 = EDGE_CURVE('',#5257,#4605,#5288,.T.);
#5288 = SURFACE_CURVE('',#5289,(#5292,#5298),.PCURVE_S1.);
#5289 = B_SPLINE_CURVE_WITH_KNOTS('',1,(#5290,#5291),.UNSPECIFIED.,.F.,
  .F.,(2,2),(0.,1.),.PIECEWISE_BEZIER_KNOTS.);
#5290 = CARTESIAN_POINT('',(-59.5,28.045091315328,-2.2));
#5291 = CARTESIAN_POINT('',(-59.5,28.825431778089,-32.));
#5292 = PCURVE('',#4647,#5293);
#5293 = DEFINITIONAL_REPRESENTATION('',(#5294),#5297);
#5294 = B_SPLINE_CURVE_WITH_KNOTS('',1,(#5295,#5296),.UNSPECIFIED.,.F.,
  .F.,(2,2),(0.,1.),.PIECEWISE_BEZIER_KNOTS.);
#5295 = CARTESIAN_POINT('',(-4.712388980385,0.));
#5296 = CARTESIAN_POINT('',(-4.712388980385,29.8));
#5297 = ( GEOMETRIC_REPRESENTATION_CONTEXT(2) 
PARAMETRIC_REPRESENTATION_CONTEXT() REPRESENTATION_CONTEXT('2D SPACE',''
  ) );
#5298 = PCURVE('',#4620,#5299);
#5299 = DEFINITIONAL_REPRESENTATION('',(#5300),#5303);
#5300 = B_SPLINE_CURVE_WITH_KNOTS('',1,(#5301,#5302),.UNSPECIFIED.,.F.,
  .F.,(2,2),(0.,1.),.PIECEWISE_BEZIER_KNOTS.);
#5301 = CARTESIAN_POINT('',(-59.5,-29.81021521622));
#5302 = CARTESIAN_POINT('',(-59.5,0.));
#5303 = ( GEOMETRIC_REPRESENTATION_CONTEXT(2) 
PARAMETRIC_REPRESENTATION_CONTEXT() REPRESENTATION_CONTEXT('2D SPACE',''
  ) );
#5304 = ADVANCED_FACE('',(#5305),#4620,.F.);
#5305 = FACE_BOUND('',#5306,.T.);
#5306 = EDGE_LOOP('',(#5307,#5335,#5336,#5337));
#5307 = ORIENTED_EDGE('',*,*,#5308,.F.);
#5308 = EDGE_CURVE('',#5257,#5309,#5311,.T.);
#5309 = VERTEX_POINT('',#5310);
#5310 = CARTESIAN_POINT('',(59.5,28.115472568516,-4.88775162267));
#5311 = SURFACE_CURVE('',#5312,(#5316,#5323),.PCURVE_S1.);
#5312 = LINE('',#5313,#5314);
#5313 = CARTESIAN_POINT('',(-59.5,28.115472568516,-4.88775162267));
#5314 = VECTOR('',#5315,1.);
#5315 = DIRECTION('',(1.,-0.,-0.));
#5316 = PCURVE('',#4620,#5317);
#5317 = DEFINITIONAL_REPRESENTATION('',(#5318),#5322);
#5318 = LINE('',#5319,#5320);
#5319 = CARTESIAN_POINT('',(-59.5,-27.12154225248));
#5320 = VECTOR('',#5321,1.);
#5321 = DIRECTION('',(1.,-0.));
#5322 = ( GEOMETRIC_REPRESENTATION_CONTEXT(2) 
PARAMETRIC_REPRESENTATION_CONTEXT() REPRESENTATION_CONTEXT('2D SPACE',''
  ) );
#5323 = PCURVE('',#5324,#5329);
#5324 = CYLINDRICAL_SURFACE('',#5325,2.76);
#5325 = AXIS2_PLACEMENT_3D('',#5326,#5327,#5328);
#5326 = CARTESIAN_POINT('',(-59.5,25.356418351584,-4.96));
#5327 = DIRECTION('',(1.,-0.,-0.));
#5328 = DIRECTION('',(-0.,0.999657324976,2.617694830787E-02));
#5329 = DEFINITIONAL_REPRESENTATION('',(#5330),#5334);
#5330 = LINE('',#5331,#5332);
#5331 = CARTESIAN_POINT('',(0.,0.));
#5332 = VECTOR('',#5333,1.);
#5333 = DIRECTION('',(0.,1.));
#5334 = ( GEOMETRIC_REPRESENTATION_CONTEXT(2) 
PARAMETRIC_REPRESENTATION_CONTEXT() REPRESENTATION_CONTEXT('2D SPACE',''
  ) );
#5335 = ORIENTED_EDGE('',*,*,#5287,.T.);
#5336 = ORIENTED_EDGE('',*,*,#4604,.T.);
#5337 = ORIENTED_EDGE('',*,*,#5338,.F.);
#5338 = EDGE_CURVE('',#5309,#4576,#5339,.T.);
#5339 = SURFACE_CURVE('',#5340,(#5343,#5349),.PCURVE_S1.);
#5340 = B_SPLINE_CURVE_WITH_KNOTS('',1,(#5341,#5342),.UNSPECIFIED.,.F.,
  .F.,(2,2),(0.,1.),.PIECEWISE_BEZIER_KNOTS.);
#5341 = CARTESIAN_POINT('',(59.5,28.045091315328,-2.2));
#5342 = CARTESIAN_POINT('',(59.5,28.825431778089,-32.));
#5343 = PCURVE('',#4620,#5344);
#5344 = DEFINITIONAL_REPRESENTATION('',(#5345),#5348);
#5345 = B_SPLINE_CURVE_WITH_KNOTS('',1,(#5346,#5347),.UNSPECIFIED.,.F.,
  .F.,(2,2),(0.,1.),.PIECEWISE_BEZIER_KNOTS.);
#5346 = CARTESIAN_POINT('',(59.5,-29.81021521622));
#5347 = CARTESIAN_POINT('',(59.5,0.));
#5348 = ( GEOMETRIC_REPRESENTATION_CONTEXT(2) 
PARAMETRIC_REPRESENTATION_CONTEXT() REPRESENTATION_CONTEXT('2D SPACE',''
  ) );
#5349 = PCURVE('',#4592,#5350);
#5350 = DEFINITIONAL_REPRESENTATION('',(#5351),#5354);
#5351 = B_SPLINE_CURVE_WITH_KNOTS('',1,(#5352,#5353),.UNSPECIFIED.,.F.,
  .F.,(2,2),(0.,1.),.PIECEWISE_BEZIER_KNOTS.);
#5352 = CARTESIAN_POINT('',(-4.712388980385,0.));
#5353 = CARTESIAN_POINT('',(-4.712388980385,29.8));
#5354 = ( GEOMETRIC_REPRESENTATION_CONTEXT(2) 
PARAMETRIC_REPRESENTATION_CONTEXT() REPRESENTATION_CONTEXT('2D SPACE',''
  ) );
#5355 = ADVANCED_FACE('',(#5356),#4592,.F.);
#5356 = FACE_BOUND('',#5357,.T.);
#5357 = EDGE_LOOP('',(#5358,#5387,#5388,#5389));
#5358 = ORIENTED_EDGE('',*,*,#5359,.F.);
#5359 = EDGE_CURVE('',#5309,#5360,#5362,.T.);
#5360 = VERTEX_POINT('',#5361);
#5361 = CARTESIAN_POINT('',(72.115472568516,15.5,-4.88775162267));
#5362 = SURFACE_CURVE('',#5363,(#5368,#5375),.PCURVE_S1.);
#5363 = CIRCLE('',#5364,12.615472568516);
#5364 = AXIS2_PLACEMENT_3D('',#5365,#5366,#5367);
#5365 = CARTESIAN_POINT('',(59.5,15.5,-4.88775162267));
#5366 = DIRECTION('',(-0.,-0.,-1.));
#5367 = DIRECTION('',(-0.,1.,-0.));
#5368 = PCURVE('',#4592,#5369);
#5369 = DEFINITIONAL_REPRESENTATION('',(#5370),#5374);
#5370 = LINE('',#5371,#5372);
#5371 = CARTESIAN_POINT('',(-4.712388980385,2.68775162267));
#5372 = VECTOR('',#5373,1.);
#5373 = DIRECTION('',(1.,-0.));
#5374 = ( GEOMETRIC_REPRESENTATION_CONTEXT(2) 
PARAMETRIC_REPRESENTATION_CONTEXT() REPRESENTATION_CONTEXT('2D SPACE',''
  ) );
#5375 = PCURVE('',#5376,#5381);
#5376 = TOROIDAL_SURFACE('',#5377,9.856418351584,2.76);
#5377 = AXIS2_PLACEMENT_3D('',#5378,#5379,#5380);
#5378 = CARTESIAN_POINT('',(59.5,15.5,-4.96));
#5379 = DIRECTION('',(-0.,-0.,1.));
#5380 = DIRECTION('',(-0.,1.,-0.));
#5381 = DEFINITIONAL_REPRESENTATION('',(#5382),#5386);
#5382 = LINE('',#5383,#5384);
#5383 = CARTESIAN_POINT('',(-0.,2.617993877992E-02));
#5384 = VECTOR('',#5385,1.);
#5385 = DIRECTION('',(-1.,0.));
#5386 = ( GEOMETRIC_REPRESENTATION_CONTEXT(2) 
PARAMETRIC_REPRESENTATION_CONTEXT() REPRESENTATION_CONTEXT('2D SPACE',''
  ) );
#5387 = ORIENTED_EDGE('',*,*,#5338,.T.);
#5388 = ORIENTED_EDGE('',*,*,#4575,.F.);
#5389 = ORIENTED_EDGE('',*,*,#5390,.F.);
#5390 = EDGE_CURVE('',#5360,#4548,#5391,.T.);
#5391 = SURFACE_CURVE('',#5392,(#5395,#5401),.PCURVE_S1.);
#5392 = B_SPLINE_CURVE_WITH_KNOTS('',1,(#5393,#5394),.UNSPECIFIED.,.F.,
  .F.,(2,2),(0.,1.),.PIECEWISE_BEZIER_KNOTS.);
#5393 = CARTESIAN_POINT('',(72.045091315328,15.5,-2.2));
#5394 = CARTESIAN_POINT('',(72.825431778089,15.5,-32.));
#5395 = PCURVE('',#4592,#5396);
#5396 = DEFINITIONAL_REPRESENTATION('',(#5397),#5400);
#5397 = B_SPLINE_CURVE_WITH_KNOTS('',1,(#5398,#5399),.UNSPECIFIED.,.F.,
  .F.,(2,2),(0.,1.),.PIECEWISE_BEZIER_KNOTS.);
#5398 = CARTESIAN_POINT('',(-3.14159265359,0.));
#5399 = CARTESIAN_POINT('',(-3.14159265359,29.8));
#5400 = ( GEOMETRIC_REPRESENTATION_CONTEXT(2) 
PARAMETRIC_REPRESENTATION_CONTEXT() REPRESENTATION_CONTEXT('2D SPACE',''
  ) );
#5401 = PCURVE('',#4563,#5402);
#5402 = DEFINITIONAL_REPRESENTATION('',(#5403),#5406);
#5403 = B_SPLINE_CURVE_WITH_KNOTS('',1,(#5404,#5405),.UNSPECIFIED.,.F.,
  .F.,(2,2),(0.,1.),.PIECEWISE_BEZIER_KNOTS.);
#5404 = CARTESIAN_POINT('',(-15.5,-29.81021521622));
#5405 = CARTESIAN_POINT('',(-15.5,0.));
#5406 = ( GEOMETRIC_REPRESENTATION_CONTEXT(2) 
PARAMETRIC_REPRESENTATION_CONTEXT() REPRESENTATION_CONTEXT('2D SPACE',''
  ) );
#5407 = ADVANCED_FACE('',(#5408),#4563,.F.);
#5408 = FACE_BOUND('',#5409,.T.);
#5409 = EDGE_LOOP('',(#5410,#5438,#5439,#5440));
#5410 = ORIENTED_EDGE('',*,*,#5411,.F.);
#5411 = EDGE_CURVE('',#5360,#5412,#5414,.T.);
#5412 = VERTEX_POINT('',#5413);
#5413 = CARTESIAN_POINT('',(72.115472568516,-15.5,-4.88775162267));
#5414 = SURFACE_CURVE('',#5415,(#5419,#5426),.PCURVE_S1.);
#5415 = LINE('',#5416,#5417);
#5416 = CARTESIAN_POINT('',(72.115472568516,15.5,-4.88775162267));
#5417 = VECTOR('',#5418,1.);
#5418 = DIRECTION('',(-0.,-1.,0.));
#5419 = PCURVE('',#4563,#5420);
#5420 = DEFINITIONAL_REPRESENTATION('',(#5421),#5425);
#5421 = LINE('',#5422,#5423);
#5422 = CARTESIAN_POINT('',(-15.5,-27.12154225248));
#5423 = VECTOR('',#5424,1.);
#5424 = DIRECTION('',(1.,-0.));
#5425 = ( GEOMETRIC_REPRESENTATION_CONTEXT(2) 
PARAMETRIC_REPRESENTATION_CONTEXT() REPRESENTATION_CONTEXT('2D SPACE',''
  ) );
#5426 = PCURVE('',#5427,#5432);
#5427 = CYLINDRICAL_SURFACE('',#5428,2.76);
#5428 = AXIS2_PLACEMENT_3D('',#5429,#5430,#5431);
#5429 = CARTESIAN_POINT('',(69.356418351584,15.5,-4.96));
#5430 = DIRECTION('',(-0.,-1.,0.));
#5431 = DIRECTION('',(0.999657324976,-0.,2.617694830787E-02));
#5432 = DEFINITIONAL_REPRESENTATION('',(#5433),#5437);
#5433 = LINE('',#5434,#5435);
#5434 = CARTESIAN_POINT('',(0.,0.));
#5435 = VECTOR('',#5436,1.);
#5436 = DIRECTION('',(0.,1.));
#5437 = ( GEOMETRIC_REPRESENTATION_CONTEXT(2) 
PARAMETRIC_REPRESENTATION_CONTEXT() REPRESENTATION_CONTEXT('2D SPACE',''
  ) );
#5438 = ORIENTED_EDGE('',*,*,#5390,.T.);
#5439 = ORIENTED_EDGE('',*,*,#4547,.T.);
#5440 = ORIENTED_EDGE('',*,*,#5441,.F.);
#5441 = EDGE_CURVE('',#5412,#4519,#5442,.T.);
#5442 = SURFACE_CURVE('',#5443,(#5446,#5452),.PCURVE_S1.);
#5443 = B_SPLINE_CURVE_WITH_KNOTS('',1,(#5444,#5445),.UNSPECIFIED.,.F.,
  .F.,(2,2),(0.,1.),.PIECEWISE_BEZIER_KNOTS.);
#5444 = CARTESIAN_POINT('',(72.045091315328,-15.5,-2.2));
#5445 = CARTESIAN_POINT('',(72.825431778089,-15.5,-32.));
#5446 = PCURVE('',#4563,#5447);
#5447 = DEFINITIONAL_REPRESENTATION('',(#5448),#5451);
#5448 = B_SPLINE_CURVE_WITH_KNOTS('',1,(#5449,#5450),.UNSPECIFIED.,.F.,
  .F.,(2,2),(0.,1.),.PIECEWISE_BEZIER_KNOTS.);
#5449 = CARTESIAN_POINT('',(15.5,-29.81021521622));
#5450 = CARTESIAN_POINT('',(15.5,0.));
#5451 = ( GEOMETRIC_REPRESENTATION_CONTEXT(2) 
PARAMETRIC_REPRESENTATION_CONTEXT() REPRESENTATION_CONTEXT('2D SPACE',''
  ) );
#5452 = PCURVE('',#4535,#5453);
#5453 = DEFINITIONAL_REPRESENTATION('',(#5454),#5457);
#5454 = B_SPLINE_CURVE_WITH_KNOTS('',1,(#5455,#5456),.UNSPECIFIED.,.F.,
  .F.,(2,2),(0.,1.),.PIECEWISE_BEZIER_KNOTS.);
#5455 = CARTESIAN_POINT('',(-3.14159265359,0.));
#5456 = CARTESIAN_POINT('',(-3.14159265359,29.8));
#5457 = ( GEOMETRIC_REPRESENTATION_CONTEXT(2) 
PARAMETRIC_REPRESENTATION_CONTEXT() REPRESENTATION_CONTEXT('2D SPACE',''
  ) );
#5458 = ADVANCED_FACE('',(#5459),#4535,.F.);
#5459 = FACE_BOUND('',#5460,.T.);
#5460 = EDGE_LOOP('',(#5461,#5490,#5491,#5492));
#5461 = ORIENTED_EDGE('',*,*,#5462,.F.);
#5462 = EDGE_CURVE('',#5412,#5463,#5465,.T.);
#5463 = VERTEX_POINT('',#5464);
#5464 = CARTESIAN_POINT('',(59.5,-28.11547256851,-4.88775162267));
#5465 = SURFACE_CURVE('',#5466,(#5471,#5478),.PCURVE_S1.);
#5466 = CIRCLE('',#5467,12.615472568516);
#5467 = AXIS2_PLACEMENT_3D('',#5468,#5469,#5470);
#5468 = CARTESIAN_POINT('',(59.5,-15.5,-4.88775162267));
#5469 = DIRECTION('',(0.,0.,-1.));
#5470 = DIRECTION('',(1.,-0.,-0.));
#5471 = PCURVE('',#4535,#5472);
#5472 = DEFINITIONAL_REPRESENTATION('',(#5473),#5477);
#5473 = LINE('',#5474,#5475);
#5474 = CARTESIAN_POINT('',(-3.14159265359,2.68775162267));
#5475 = VECTOR('',#5476,1.);
#5476 = DIRECTION('',(1.,-0.));
#5477 = ( GEOMETRIC_REPRESENTATION_CONTEXT(2) 
PARAMETRIC_REPRESENTATION_CONTEXT() REPRESENTATION_CONTEXT('2D SPACE',''
  ) );
#5478 = PCURVE('',#5479,#5484);
#5479 = TOROIDAL_SURFACE('',#5480,9.856418351584,2.76);
#5480 = AXIS2_PLACEMENT_3D('',#5481,#5482,#5483);
#5481 = CARTESIAN_POINT('',(59.5,-15.5,-4.96));
#5482 = DIRECTION('',(-0.,-0.,1.));
#5483 = DIRECTION('',(1.,-0.,-0.));
#5484 = DEFINITIONAL_REPRESENTATION('',(#5485),#5489);
#5485 = LINE('',#5486,#5487);
#5486 = CARTESIAN_POINT('',(-0.,2.617993877992E-02));
#5487 = VECTOR('',#5488,1.);
#5488 = DIRECTION('',(-1.,0.));
#5489 = ( GEOMETRIC_REPRESENTATION_CONTEXT(2) 
PARAMETRIC_REPRESENTATION_CONTEXT() REPRESENTATION_CONTEXT('2D SPACE',''
  ) );
#5490 = ORIENTED_EDGE('',*,*,#5441,.T.);
#5491 = ORIENTED_EDGE('',*,*,#4518,.F.);
#5492 = ORIENTED_EDGE('',*,*,#5493,.F.);
#5493 = EDGE_CURVE('',#5463,#4491,#5494,.T.);
#5494 = SURFACE_CURVE('',#5495,(#5498,#5504),.PCURVE_S1.);
#5495 = B_SPLINE_CURVE_WITH_KNOTS('',1,(#5496,#5497),.UNSPECIFIED.,.F.,
  .F.,(2,2),(0.,1.),.PIECEWISE_BEZIER_KNOTS.);
#5496 = CARTESIAN_POINT('',(59.5,-28.04509131532,-2.2));
#5497 = CARTESIAN_POINT('',(59.5,-28.82543177808,-32.));
#5498 = PCURVE('',#4535,#5499);
#5499 = DEFINITIONAL_REPRESENTATION('',(#5500),#5503);
#5500 = B_SPLINE_CURVE_WITH_KNOTS('',1,(#5501,#5502),.UNSPECIFIED.,.F.,
  .F.,(2,2),(0.,1.),.PIECEWISE_BEZIER_KNOTS.);
#5501 = CARTESIAN_POINT('',(-1.570796326795,0.));
#5502 = CARTESIAN_POINT('',(-1.570796326795,29.8));
#5503 = ( GEOMETRIC_REPRESENTATION_CONTEXT(2) 
PARAMETRIC_REPRESENTATION_CONTEXT() REPRESENTATION_CONTEXT('2D SPACE',''
  ) );
#5504 = PCURVE('',#4506,#5505);
#5505 = DEFINITIONAL_REPRESENTATION('',(#5506),#5509);
#5506 = B_SPLINE_CURVE_WITH_KNOTS('',1,(#5507,#5508),.UNSPECIFIED.,.F.,
  .F.,(2,2),(0.,1.),.PIECEWISE_BEZIER_KNOTS.);
#5507 = CARTESIAN_POINT('',(-59.5,-29.81021521622));
#5508 = CARTESIAN_POINT('',(-59.5,0.));
#5509 = ( GEOMETRIC_REPRESENTATION_CONTEXT(2) 
PARAMETRIC_REPRESENTATION_CONTEXT() REPRESENTATION_CONTEXT('2D SPACE',''
  ) );
#5510 = ADVANCED_FACE('',(#5511),#4506,.F.);
#5511 = FACE_BOUND('',#5512,.T.);
#5512 = EDGE_LOOP('',(#5513,#5541,#5542,#5543));
#5513 = ORIENTED_EDGE('',*,*,#5514,.F.);
#5514 = EDGE_CURVE('',#5463,#5515,#5517,.T.);
#5515 = VERTEX_POINT('',#5516);
#5516 = CARTESIAN_POINT('',(-59.5,-28.11547256851,-4.88775162267));
#5517 = SURFACE_CURVE('',#5518,(#5522,#5529),.PCURVE_S1.);
#5518 = LINE('',#5519,#5520);
#5519 = CARTESIAN_POINT('',(59.5,-28.11547256851,-4.88775162267));
#5520 = VECTOR('',#5521,1.);
#5521 = DIRECTION('',(-1.,-0.,0.));
#5522 = PCURVE('',#4506,#5523);
#5523 = DEFINITIONAL_REPRESENTATION('',(#5524),#5528);
#5524 = LINE('',#5525,#5526);
#5525 = CARTESIAN_POINT('',(-59.5,-27.12154225248));
#5526 = VECTOR('',#5527,1.);
#5527 = DIRECTION('',(1.,-0.));
#5528 = ( GEOMETRIC_REPRESENTATION_CONTEXT(2) 
PARAMETRIC_REPRESENTATION_CONTEXT() REPRESENTATION_CONTEXT('2D SPACE',''
  ) );
#5529 = PCURVE('',#5530,#5535);
#5530 = CYLINDRICAL_SURFACE('',#5531,2.76);
#5531 = AXIS2_PLACEMENT_3D('',#5532,#5533,#5534);
#5532 = CARTESIAN_POINT('',(59.5,-25.35641835158,-4.96));
#5533 = DIRECTION('',(-1.,-0.,0.));
#5534 = DIRECTION('',(0.,-0.999657324976,2.617694830787E-02));
#5535 = DEFINITIONAL_REPRESENTATION('',(#5536),#5540);
#5536 = LINE('',#5537,#5538);
#5537 = CARTESIAN_POINT('',(0.,0.));
#5538 = VECTOR('',#5539,1.);
#5539 = DIRECTION('',(0.,1.));
#5540 = ( GEOMETRIC_REPRESENTATION_CONTEXT(2) 
PARAMETRIC_REPRESENTATION_CONTEXT() REPRESENTATION_CONTEXT('2D SPACE',''
  ) );
#5541 = ORIENTED_EDGE('',*,*,#5493,.T.);
#5542 = ORIENTED_EDGE('',*,*,#4490,.T.);
#5543 = ORIENTED_EDGE('',*,*,#5544,.F.);
#5544 = EDGE_CURVE('',#5515,#4462,#5545,.T.);
#5545 = SURFACE_CURVE('',#5546,(#5549,#5555),.PCURVE_S1.);
#5546 = B_SPLINE_CURVE_WITH_KNOTS('',1,(#5547,#5548),.UNSPECIFIED.,.F.,
  .F.,(2,2),(0.,1.),.PIECEWISE_BEZIER_KNOTS.);
#5547 = CARTESIAN_POINT('',(-59.5,-28.04509131532,-2.2));
#5548 = CARTESIAN_POINT('',(-59.5,-28.82543177808,-32.));
#5549 = PCURVE('',#4506,#5550);
#5550 = DEFINITIONAL_REPRESENTATION('',(#5551),#5554);
#5551 = B_SPLINE_CURVE_WITH_KNOTS('',1,(#5552,#5553),.UNSPECIFIED.,.F.,
  .F.,(2,2),(0.,1.),.PIECEWISE_BEZIER_KNOTS.);
#5552 = CARTESIAN_POINT('',(59.5,-29.81021521622));
#5553 = CARTESIAN_POINT('',(59.5,0.));
#5554 = ( GEOMETRIC_REPRESENTATION_CONTEXT(2) 
PARAMETRIC_REPRESENTATION_CONTEXT() REPRESENTATION_CONTEXT('2D SPACE',''
  ) );
#5555 = PCURVE('',#4478,#5556);
#5556 = DEFINITIONAL_REPRESENTATION('',(#5557),#5560);
#5557 = B_SPLINE_CURVE_WITH_KNOTS('',1,(#5558,#5559),.UNSPECIFIED.,.F.,
  .F.,(2,2),(0.,1.),.PIECEWISE_BEZIER_KNOTS.);
#5558 = CARTESIAN_POINT('',(-1.570796326795,0.));
#5559 = CARTESIAN_POINT('',(-1.570796326795,29.8));
#5560 = ( GEOMETRIC_REPRESENTATION_CONTEXT(2) 
PARAMETRIC_REPRESENTATION_CONTEXT() REPRESENTATION_CONTEXT('2D SPACE',''
  ) );
#5561 = ADVANCED_FACE('',(#5562),#4478,.F.);
#5562 = FACE_BOUND('',#5563,.T.);
#5563 = EDGE_LOOP('',(#5564,#5591,#5592,#5593));
#5564 = ORIENTED_EDGE('',*,*,#5565,.F.);
#5565 = EDGE_CURVE('',#5515,#5187,#5566,.T.);
#5566 = SURFACE_CURVE('',#5567,(#5572,#5579),.PCURVE_S1.);
#5567 = CIRCLE('',#5568,12.615472568516);
#5568 = AXIS2_PLACEMENT_3D('',#5569,#5570,#5571);
#5569 = CARTESIAN_POINT('',(-59.5,-15.5,-4.88775162267));
#5570 = DIRECTION('',(-0.,0.,-1.));
#5571 = DIRECTION('',(-0.,-1.,-0.));
#5572 = PCURVE('',#4478,#5573);
#5573 = DEFINITIONAL_REPRESENTATION('',(#5574),#5578);
#5574 = LINE('',#5575,#5576);
#5575 = CARTESIAN_POINT('',(-1.570796326795,2.68775162267));
#5576 = VECTOR('',#5577,1.);
#5577 = DIRECTION('',(1.,-0.));
#5578 = ( GEOMETRIC_REPRESENTATION_CONTEXT(2) 
PARAMETRIC_REPRESENTATION_CONTEXT() REPRESENTATION_CONTEXT('2D SPACE',''
  ) );
#5579 = PCURVE('',#5580,#5585);
#5580 = TOROIDAL_SURFACE('',#5581,9.856418351584,2.76);
#5581 = AXIS2_PLACEMENT_3D('',#5582,#5583,#5584);
#5582 = CARTESIAN_POINT('',(-59.5,-15.5,-4.96));
#5583 = DIRECTION('',(-0.,-0.,1.));
#5584 = DIRECTION('',(-0.,-1.,-0.));
#5585 = DEFINITIONAL_REPRESENTATION('',(#5586),#5590);
#5586 = LINE('',#5587,#5588);
#5587 = CARTESIAN_POINT('',(-0.,2.617993877992E-02));
#5588 = VECTOR('',#5589,1.);
#5589 = DIRECTION('',(-1.,0.));
#5590 = ( GEOMETRIC_REPRESENTATION_CONTEXT(2) 
PARAMETRIC_REPRESENTATION_CONTEXT() REPRESENTATION_CONTEXT('2D SPACE',''
  ) );
#5591 = ORIENTED_EDGE('',*,*,#5544,.T.);
#5592 = ORIENTED_EDGE('',*,*,#4461,.F.);
#5593 = ORIENTED_EDGE('',*,*,#5216,.F.);
#5594 = ADVANCED_FACE('',(#5595),#4745,.T.);
#5595 = FACE_BOUND('',#5596,.T.);
#5596 = EDGE_LOOP('',(#5597,#5619,#5620,#5621));
#5597 = ORIENTED_EDGE('',*,*,#5598,.T.);
#5598 = EDGE_CURVE('',#4710,#4934,#5599,.T.);
#5599 = SURFACE_CURVE('',#5600,(#5605,#5612),.PCURVE_S1.);
#5600 = CIRCLE('',#5601,4.96);
#5601 = AXIS2_PLACEMENT_3D('',#5602,#5603,#5604);
#5602 = CARTESIAN_POINT('',(59.5,-25.35641835158,-4.96));
#5603 = DIRECTION('',(-1.,5.97050406262E-17,0.));
#5604 = DIRECTION('',(-5.97050406262E-17,-1.,-0.));
#5605 = PCURVE('',#4745,#5606);
#5606 = DEFINITIONAL_REPRESENTATION('',(#5607),#5611);
#5607 = LINE('',#5608,#5609);
#5608 = CARTESIAN_POINT('',(-2.617993877992E-02,1.42108547152E-14));
#5609 = VECTOR('',#5610,1.);
#5610 = DIRECTION('',(1.,0.));
#5611 = ( GEOMETRIC_REPRESENTATION_CONTEXT(2) 
PARAMETRIC_REPRESENTATION_CONTEXT() REPRESENTATION_CONTEXT('2D SPACE',''
  ) );
#5612 = PCURVE('',#4954,#5613);
#5613 = DEFINITIONAL_REPRESENTATION('',(#5614),#5618);
#5614 = LINE('',#5615,#5616);
#5615 = CARTESIAN_POINT('',(-1.570796326795,0.));
#5616 = VECTOR('',#5617,1.);
#5617 = DIRECTION('',(-0.,1.));
#5618 = ( GEOMETRIC_REPRESENTATION_CONTEXT(2) 
PARAMETRIC_REPRESENTATION_CONTEXT() REPRESENTATION_CONTEXT('2D SPACE',''
  ) );
#5619 = ORIENTED_EDGE('',*,*,#4966,.T.);
#5620 = ORIENTED_EDGE('',*,*,#4760,.F.);
#5621 = ORIENTED_EDGE('',*,*,#4731,.F.);
#5622 = ADVANCED_FACE('',(#5623),#4860,.T.);
#5623 = FACE_BOUND('',#5624,.T.);
#5624 = EDGE_LOOP('',(#5625,#5626,#5627,#5649));
#5625 = ORIENTED_EDGE('',*,*,#4993,.T.);
#5626 = ORIENTED_EDGE('',*,*,#4844,.T.);
#5627 = ORIENTED_EDGE('',*,*,#5628,.F.);
#5628 = EDGE_CURVE('',#5022,#4845,#5629,.T.);
#5629 = SURFACE_CURVE('',#5630,(#5635,#5642),.PCURVE_S1.);
#5630 = CIRCLE('',#5631,4.96);
#5631 = AXIS2_PLACEMENT_3D('',#5632,#5633,#5634);
#5632 = CARTESIAN_POINT('',(59.5,25.356418351584,-4.96));
#5633 = DIRECTION('',(1.,0.,0.));
#5634 = DIRECTION('',(-0.,0.999657324976,2.617694830787E-02));
#5635 = PCURVE('',#4860,#5636);
#5636 = DEFINITIONAL_REPRESENTATION('',(#5637),#5641);
#5637 = LINE('',#5638,#5639);
#5638 = CARTESIAN_POINT('',(0.,119.));
#5639 = VECTOR('',#5640,1.);
#5640 = DIRECTION('',(1.,0.));
#5641 = ( GEOMETRIC_REPRESENTATION_CONTEXT(2) 
PARAMETRIC_REPRESENTATION_CONTEXT() REPRESENTATION_CONTEXT('2D SPACE',''
  ) );
#5642 = PCURVE('',#4893,#5643);
#5643 = DEFINITIONAL_REPRESENTATION('',(#5644),#5648);
#5644 = LINE('',#5645,#5646);
#5645 = CARTESIAN_POINT('',(-0.,2.617993877992E-02));
#5646 = VECTOR('',#5647,1.);
#5647 = DIRECTION('',(-0.,1.));
#5648 = ( GEOMETRIC_REPRESENTATION_CONTEXT(2) 
PARAMETRIC_REPRESENTATION_CONTEXT() REPRESENTATION_CONTEXT('2D SPACE',''
  ) );
#5649 = ORIENTED_EDGE('',*,*,#5041,.F.);
#5650 = ADVANCED_FACE('',(#5651),#4954,.T.);
#5651 = FACE_BOUND('',#5652,.F.);
#5652 = EDGE_LOOP('',(#5653,#5675,#5676,#5677));
#5653 = ORIENTED_EDGE('',*,*,#5654,.F.);
#5654 = EDGE_CURVE('',#5066,#4906,#5655,.T.);
#5655 = SURFACE_CURVE('',#5656,(#5661,#5668),.PCURVE_S1.);
#5656 = CIRCLE('',#5657,4.96);
#5657 = AXIS2_PLACEMENT_3D('',#5658,#5659,#5660);
#5658 = CARTESIAN_POINT('',(69.356418351584,-15.5,-4.96));
#5659 = DIRECTION('',(-0.,-1.,0.));
#5660 = DIRECTION('',(0.999657324976,-0.,2.617694830787E-02));
#5661 = PCURVE('',#4954,#5662);
#5662 = DEFINITIONAL_REPRESENTATION('',(#5663),#5667);
#5663 = LINE('',#5664,#5665);
#5664 = CARTESIAN_POINT('',(-0.,2.617993877992E-02));
#5665 = VECTOR('',#5666,1.);
#5666 = DIRECTION('',(-0.,1.));
#5667 = ( GEOMETRIC_REPRESENTATION_CONTEXT(2) 
PARAMETRIC_REPRESENTATION_CONTEXT() REPRESENTATION_CONTEXT('2D SPACE',''
  ) );
#5668 = PCURVE('',#4921,#5669);
#5669 = DEFINITIONAL_REPRESENTATION('',(#5670),#5674);
#5670 = LINE('',#5671,#5672);
#5671 = CARTESIAN_POINT('',(0.,31.));
#5672 = VECTOR('',#5673,1.);
#5673 = DIRECTION('',(1.,0.));
#5674 = ( GEOMETRIC_REPRESENTATION_CONTEXT(2) 
PARAMETRIC_REPRESENTATION_CONTEXT() REPRESENTATION_CONTEXT('2D SPACE',''
  ) );
#5675 = ORIENTED_EDGE('',*,*,#5087,.T.);
#5676 = ORIENTED_EDGE('',*,*,#5598,.T.);
#5677 = ORIENTED_EDGE('',*,*,#4933,.F.);
#5678 = ADVANCED_FACE('',(#5679),#4893,.T.);
#5679 = FACE_BOUND('',#5680,.F.);
#5680 = EDGE_LOOP('',(#5681,#5682,#5683,#5705));
#5681 = ORIENTED_EDGE('',*,*,#5628,.F.);
#5682 = ORIENTED_EDGE('',*,*,#5134,.T.);
#5683 = ORIENTED_EDGE('',*,*,#5684,.T.);
#5684 = EDGE_CURVE('',#5115,#4873,#5685,.T.);
#5685 = SURFACE_CURVE('',#5686,(#5691,#5698),.PCURVE_S1.);
#5686 = CIRCLE('',#5687,4.96);
#5687 = AXIS2_PLACEMENT_3D('',#5688,#5689,#5690);
#5688 = CARTESIAN_POINT('',(69.356418351584,15.5,-4.96));
#5689 = DIRECTION('',(6.123233995737E-17,-1.,0.));
#5690 = DIRECTION('',(1.,6.123233995737E-17,-0.));
#5691 = PCURVE('',#4893,#5692);
#5692 = DEFINITIONAL_REPRESENTATION('',(#5693),#5697);
#5693 = LINE('',#5694,#5695);
#5694 = CARTESIAN_POINT('',(-1.570796326795,0.));
#5695 = VECTOR('',#5696,1.);
#5696 = DIRECTION('',(-0.,1.));
#5697 = ( GEOMETRIC_REPRESENTATION_CONTEXT(2) 
PARAMETRIC_REPRESENTATION_CONTEXT() REPRESENTATION_CONTEXT('2D SPACE',''
  ) );
#5698 = PCURVE('',#4921,#5699);
#5699 = DEFINITIONAL_REPRESENTATION('',(#5700),#5704);
#5700 = LINE('',#5701,#5702);
#5701 = CARTESIAN_POINT('',(-2.617993877992E-02,0.));
#5702 = VECTOR('',#5703,1.);
#5703 = DIRECTION('',(1.,0.));
#5704 = ( GEOMETRIC_REPRESENTATION_CONTEXT(2) 
PARAMETRIC_REPRESENTATION_CONTEXT() REPRESENTATION_CONTEXT('2D SPACE',''
  ) );
#5705 = ORIENTED_EDGE('',*,*,#4872,.F.);
#5706 = ADVANCED_FACE('',(#5707),#4921,.T.);
#5707 = FACE_BOUND('',#5708,.T.);
#5708 = EDGE_LOOP('',(#5709,#5710,#5711,#5712));
#5709 = ORIENTED_EDGE('',*,*,#5684,.T.);
#5710 = ORIENTED_EDGE('',*,*,#4905,.T.);
#5711 = ORIENTED_EDGE('',*,*,#5654,.F.);
#5712 = ORIENTED_EDGE('',*,*,#5162,.F.);
#5713 = ADVANCED_FACE('',(#5714),#5204,.F.);
#5714 = FACE_BOUND('',#5715,.F.);
#5715 = EDGE_LOOP('',(#5716,#5740,#5768,#5790));
#5716 = ORIENTED_EDGE('',*,*,#5717,.T.);
#5717 = EDGE_CURVE('',#5187,#5718,#5720,.T.);
#5718 = VERTEX_POINT('',#5719);
#5719 = CARTESIAN_POINT('',(-69.35641835158,-15.5,-2.2));
#5720 = SURFACE_CURVE('',#5721,(#5726,#5733),.PCURVE_S1.);
#5721 = CIRCLE('',#5722,2.76);
#5722 = AXIS2_PLACEMENT_3D('',#5723,#5724,#5725);
#5723 = CARTESIAN_POINT('',(-69.35641835158,-15.5,-4.96));
#5724 = DIRECTION('',(0.,1.,0.));
#5725 = DIRECTION('',(-0.999657324976,0.,2.617694830787E-02));
#5726 = PCURVE('',#5204,#5727);
#5727 = DEFINITIONAL_REPRESENTATION('',(#5728),#5732);
#5728 = LINE('',#5729,#5730);
#5729 = CARTESIAN_POINT('',(0.,0.));
#5730 = VECTOR('',#5731,1.);
#5731 = DIRECTION('',(1.,0.));
#5732 = ( GEOMETRIC_REPRESENTATION_CONTEXT(2) 
PARAMETRIC_REPRESENTATION_CONTEXT() REPRESENTATION_CONTEXT('2D SPACE',''
  ) );
#5733 = PCURVE('',#5580,#5734);
#5734 = DEFINITIONAL_REPRESENTATION('',(#5735),#5739);
#5735 = LINE('',#5736,#5737);
#5736 = CARTESIAN_POINT('',(-1.570796326795,2.617993877992E-02));
#5737 = VECTOR('',#5738,1.);
#5738 = DIRECTION('',(-0.,1.));
#5739 = ( GEOMETRIC_REPRESENTATION_CONTEXT(2) 
PARAMETRIC_REPRESENTATION_CONTEXT() REPRESENTATION_CONTEXT('2D SPACE',''
  ) );
#5740 = ORIENTED_EDGE('',*,*,#5741,.T.);
#5741 = EDGE_CURVE('',#5718,#5742,#5744,.T.);
#5742 = VERTEX_POINT('',#5743);
#5743 = CARTESIAN_POINT('',(-69.35641835158,15.5,-2.2));
#5744 = SURFACE_CURVE('',#5745,(#5749,#5756),.PCURVE_S1.);
#5745 = LINE('',#5746,#5747);
#5746 = CARTESIAN_POINT('',(-69.35641835158,-15.5,-2.2));
#5747 = VECTOR('',#5748,1.);
#5748 = DIRECTION('',(-0.,1.,-0.));
#5749 = PCURVE('',#5204,#5750);
#5750 = DEFINITIONAL_REPRESENTATION('',(#5751),#5755);
#5751 = LINE('',#5752,#5753);
#5752 = CARTESIAN_POINT('',(1.544616388015,0.));
#5753 = VECTOR('',#5754,1.);
#5754 = DIRECTION('',(0.,1.));
#5755 = ( GEOMETRIC_REPRESENTATION_CONTEXT(2) 
PARAMETRIC_REPRESENTATION_CONTEXT() REPRESENTATION_CONTEXT('2D SPACE',''
  ) );
#5756 = PCURVE('',#5757,#5762);
#5757 = PLANE('',#5758);
#5758 = AXIS2_PLACEMENT_3D('',#5759,#5760,#5761);
#5759 = CARTESIAN_POINT('',(-59.5,-15.5,-2.2));
#5760 = DIRECTION('',(-0.,-0.,1.));
#5761 = DIRECTION('',(1.,0.,0.));
#5762 = DEFINITIONAL_REPRESENTATION('',(#5763),#5767);
#5763 = LINE('',#5764,#5765);
#5764 = CARTESIAN_POINT('',(-9.856418351584,-3.552713678801E-15));
#5765 = VECTOR('',#5766,1.);
#5766 = DIRECTION('',(-0.,1.));
#5767 = ( GEOMETRIC_REPRESENTATION_CONTEXT(2) 
PARAMETRIC_REPRESENTATION_CONTEXT() REPRESENTATION_CONTEXT('2D SPACE',''
  ) );
#5768 = ORIENTED_EDGE('',*,*,#5769,.F.);
#5769 = EDGE_CURVE('',#5189,#5742,#5770,.T.);
#5770 = SURFACE_CURVE('',#5771,(#5776,#5783),.PCURVE_S1.);
#5771 = CIRCLE('',#5772,2.76);
#5772 = AXIS2_PLACEMENT_3D('',#5773,#5774,#5775);
#5773 = CARTESIAN_POINT('',(-69.35641835158,15.5,-4.96));
#5774 = DIRECTION('',(0.,1.,0.));
#5775 = DIRECTION('',(-0.999657324976,0.,2.617694830787E-02));
#5776 = PCURVE('',#5204,#5777);
#5777 = DEFINITIONAL_REPRESENTATION('',(#5778),#5782);
#5778 = LINE('',#5779,#5780);
#5779 = CARTESIAN_POINT('',(0.,31.));
#5780 = VECTOR('',#5781,1.);
#5781 = DIRECTION('',(1.,0.));
#5782 = ( GEOMETRIC_REPRESENTATION_CONTEXT(2) 
PARAMETRIC_REPRESENTATION_CONTEXT() REPRESENTATION_CONTEXT('2D SPACE',''
  ) );
#5783 = PCURVE('',#5273,#5784);
#5784 = DEFINITIONAL_REPRESENTATION('',(#5785),#5789);
#5785 = LINE('',#5786,#5787);
#5786 = CARTESIAN_POINT('',(-0.,2.617993877992E-02));
#5787 = VECTOR('',#5788,1.);
#5788 = DIRECTION('',(-0.,1.));
#5789 = ( GEOMETRIC_REPRESENTATION_CONTEXT(2) 
PARAMETRIC_REPRESENTATION_CONTEXT() REPRESENTATION_CONTEXT('2D SPACE',''
  ) );
#5790 = ORIENTED_EDGE('',*,*,#5186,.F.);
#5791 = ADVANCED_FACE('',(#5792),#5273,.F.);
#5792 = FACE_BOUND('',#5793,.T.);
#5793 = EDGE_LOOP('',(#5794,#5795,#5796,#5820));
#5794 = ORIENTED_EDGE('',*,*,#5769,.F.);
#5795 = ORIENTED_EDGE('',*,*,#5256,.T.);
#5796 = ORIENTED_EDGE('',*,*,#5797,.T.);
#5797 = EDGE_CURVE('',#5257,#5798,#5800,.T.);
#5798 = VERTEX_POINT('',#5799);
#5799 = CARTESIAN_POINT('',(-59.5,25.356418351584,-2.2));
#5800 = SURFACE_CURVE('',#5801,(#5806,#5813),.PCURVE_S1.);
#5801 = CIRCLE('',#5802,2.76);
#5802 = AXIS2_PLACEMENT_3D('',#5803,#5804,#5805);
#5803 = CARTESIAN_POINT('',(-59.5,25.356418351584,-4.96));
#5804 = DIRECTION('',(1.,-8.036542085207E-17,0.));
#5805 = DIRECTION('',(8.036542085207E-17,1.,-0.));
#5806 = PCURVE('',#5273,#5807);
#5807 = DEFINITIONAL_REPRESENTATION('',(#5808),#5812);
#5808 = LINE('',#5809,#5810);
#5809 = CARTESIAN_POINT('',(-1.570796326795,0.));
#5810 = VECTOR('',#5811,1.);
#5811 = DIRECTION('',(-0.,1.));
#5812 = ( GEOMETRIC_REPRESENTATION_CONTEXT(2) 
PARAMETRIC_REPRESENTATION_CONTEXT() REPRESENTATION_CONTEXT('2D SPACE',''
  ) );
#5813 = PCURVE('',#5324,#5814);
#5814 = DEFINITIONAL_REPRESENTATION('',(#5815),#5819);
#5815 = LINE('',#5816,#5817);
#5816 = CARTESIAN_POINT('',(-2.617993877992E-02,0.));
#5817 = VECTOR('',#5818,1.);
#5818 = DIRECTION('',(1.,0.));
#5819 = ( GEOMETRIC_REPRESENTATION_CONTEXT(2) 
PARAMETRIC_REPRESENTATION_CONTEXT() REPRESENTATION_CONTEXT('2D SPACE',''
  ) );
#5820 = ORIENTED_EDGE('',*,*,#5821,.F.);
#5821 = EDGE_CURVE('',#5742,#5798,#5822,.T.);
#5822 = SURFACE_CURVE('',#5823,(#5828,#5835),.PCURVE_S1.);
#5823 = CIRCLE('',#5824,9.856418351584);
#5824 = AXIS2_PLACEMENT_3D('',#5825,#5826,#5827);
#5825 = CARTESIAN_POINT('',(-59.5,15.5,-2.2));
#5826 = DIRECTION('',(0.,-0.,-1.));
#5827 = DIRECTION('',(-1.,1.415977608094E-16,-0.));
#5828 = PCURVE('',#5273,#5829);
#5829 = DEFINITIONAL_REPRESENTATION('',(#5830),#5834);
#5830 = LINE('',#5831,#5832);
#5831 = CARTESIAN_POINT('',(-0.,1.570796326795));
#5832 = VECTOR('',#5833,1.);
#5833 = DIRECTION('',(-1.,0.));
#5834 = ( GEOMETRIC_REPRESENTATION_CONTEXT(2) 
PARAMETRIC_REPRESENTATION_CONTEXT() REPRESENTATION_CONTEXT('2D SPACE',''
  ) );
#5835 = PCURVE('',#5757,#5836);
#5836 = DEFINITIONAL_REPRESENTATION('',(#5837),#5845);
#5837 = ( BOUNDED_CURVE() B_SPLINE_CURVE(2,(#5838,#5839,#5840,#5841,
#5842,#5843,#5844),.UNSPECIFIED.,.T.,.F.) B_SPLINE_CURVE_WITH_KNOTS((1,2
    ,2,2,2,1),(-2.094395102393,0.,2.094395102393,4.188790204786,
6.28318530718,8.377580409573),.UNSPECIFIED.) CURVE() 
GEOMETRIC_REPRESENTATION_ITEM() RATIONAL_B_SPLINE_CURVE((1.,0.5,1.,0.5,
1.,0.5,1.)) REPRESENTATION_ITEM('') );
#5838 = CARTESIAN_POINT('',(-9.856418351584,31.));
#5839 = CARTESIAN_POINT('',(-9.856418351584,48.071817365597));
#5840 = CARTESIAN_POINT('',(4.928209175792,39.535908682799));
#5841 = CARTESIAN_POINT('',(19.712836703167,31.));
#5842 = CARTESIAN_POINT('',(4.928209175792,22.464091317201));
#5843 = CARTESIAN_POINT('',(-9.856418351584,13.928182634403));
#5844 = CARTESIAN_POINT('',(-9.856418351584,31.));
#5845 = ( GEOMETRIC_REPRESENTATION_CONTEXT(2) 
PARAMETRIC_REPRESENTATION_CONTEXT() REPRESENTATION_CONTEXT('2D SPACE',''
  ) );
#5846 = ADVANCED_FACE('',(#5847),#5324,.F.);
#5847 = FACE_BOUND('',#5848,.F.);
#5848 = EDGE_LOOP('',(#5849,#5850,#5873,#5895));
#5849 = ORIENTED_EDGE('',*,*,#5797,.T.);
#5850 = ORIENTED_EDGE('',*,*,#5851,.T.);
#5851 = EDGE_CURVE('',#5798,#5852,#5854,.T.);
#5852 = VERTEX_POINT('',#5853);
#5853 = CARTESIAN_POINT('',(59.5,25.356418351584,-2.2));
#5854 = SURFACE_CURVE('',#5855,(#5859,#5866),.PCURVE_S1.);
#5855 = LINE('',#5856,#5857);
#5856 = CARTESIAN_POINT('',(-59.5,25.356418351584,-2.2));
#5857 = VECTOR('',#5858,1.);
#5858 = DIRECTION('',(1.,-0.,-0.));
#5859 = PCURVE('',#5324,#5860);
#5860 = DEFINITIONAL_REPRESENTATION('',(#5861),#5865);
#5861 = LINE('',#5862,#5863);
#5862 = CARTESIAN_POINT('',(1.544616388015,0.));
#5863 = VECTOR('',#5864,1.);
#5864 = DIRECTION('',(0.,1.));
#5865 = ( GEOMETRIC_REPRESENTATION_CONTEXT(2) 
PARAMETRIC_REPRESENTATION_CONTEXT() REPRESENTATION_CONTEXT('2D SPACE',''
  ) );
#5866 = PCURVE('',#5757,#5867);
#5867 = DEFINITIONAL_REPRESENTATION('',(#5868),#5872);
#5868 = LINE('',#5869,#5870);
#5869 = CARTESIAN_POINT('',(0.,40.856418351584));
#5870 = VECTOR('',#5871,1.);
#5871 = DIRECTION('',(1.,-0.));
#5872 = ( GEOMETRIC_REPRESENTATION_CONTEXT(2) 
PARAMETRIC_REPRESENTATION_CONTEXT() REPRESENTATION_CONTEXT('2D SPACE',''
  ) );
#5873 = ORIENTED_EDGE('',*,*,#5874,.F.);
#5874 = EDGE_CURVE('',#5309,#5852,#5875,.T.);
#5875 = SURFACE_CURVE('',#5876,(#5881,#5888),.PCURVE_S1.);
#5876 = CIRCLE('',#5877,2.76);
#5877 = AXIS2_PLACEMENT_3D('',#5878,#5879,#5880);
#5878 = CARTESIAN_POINT('',(59.5,25.356418351584,-4.96));
#5879 = DIRECTION('',(1.,0.,0.));
#5880 = DIRECTION('',(-0.,0.999657324976,2.617694830787E-02));
#5881 = PCURVE('',#5324,#5882);
#5882 = DEFINITIONAL_REPRESENTATION('',(#5883),#5887);
#5883 = LINE('',#5884,#5885);
#5884 = CARTESIAN_POINT('',(0.,119.));
#5885 = VECTOR('',#5886,1.);
#5886 = DIRECTION('',(1.,0.));
#5887 = ( GEOMETRIC_REPRESENTATION_CONTEXT(2) 
PARAMETRIC_REPRESENTATION_CONTEXT() REPRESENTATION_CONTEXT('2D SPACE',''
  ) );
#5888 = PCURVE('',#5376,#5889);
#5889 = DEFINITIONAL_REPRESENTATION('',(#5890),#5894);
#5890 = LINE('',#5891,#5892);
#5891 = CARTESIAN_POINT('',(-0.,2.617993877992E-02));
#5892 = VECTOR('',#5893,1.);
#5893 = DIRECTION('',(-0.,1.));
#5894 = ( GEOMETRIC_REPRESENTATION_CONTEXT(2) 
PARAMETRIC_REPRESENTATION_CONTEXT() REPRESENTATION_CONTEXT('2D SPACE',''
  ) );
#5895 = ORIENTED_EDGE('',*,*,#5308,.F.);
#5896 = ADVANCED_FACE('',(#5897),#5376,.F.);
#5897 = FACE_BOUND('',#5898,.T.);
#5898 = EDGE_LOOP('',(#5899,#5900,#5901,#5925));
#5899 = ORIENTED_EDGE('',*,*,#5874,.F.);
#5900 = ORIENTED_EDGE('',*,*,#5359,.T.);
#5901 = ORIENTED_EDGE('',*,*,#5902,.T.);
#5902 = EDGE_CURVE('',#5360,#5903,#5905,.T.);
#5903 = VERTEX_POINT('',#5904);
#5904 = CARTESIAN_POINT('',(69.356418351584,15.5,-2.2));
#5905 = SURFACE_CURVE('',#5906,(#5911,#5918),.PCURVE_S1.);
#5906 = CIRCLE('',#5907,2.76);
#5907 = AXIS2_PLACEMENT_3D('',#5908,#5909,#5910);
#5908 = CARTESIAN_POINT('',(69.356418351584,15.5,-4.96));
#5909 = DIRECTION('',(6.123233995737E-17,-1.,0.));
#5910 = DIRECTION('',(1.,6.123233995737E-17,-0.));
#5911 = PCURVE('',#5376,#5912);
#5912 = DEFINITIONAL_REPRESENTATION('',(#5913),#5917);
#5913 = LINE('',#5914,#5915);
#5914 = CARTESIAN_POINT('',(-1.570796326795,0.));
#5915 = VECTOR('',#5916,1.);
#5916 = DIRECTION('',(-0.,1.));
#5917 = ( GEOMETRIC_REPRESENTATION_CONTEXT(2) 
PARAMETRIC_REPRESENTATION_CONTEXT() REPRESENTATION_CONTEXT('2D SPACE',''
  ) );
#5918 = PCURVE('',#5427,#5919);
#5919 = DEFINITIONAL_REPRESENTATION('',(#5920),#5924);
#5920 = LINE('',#5921,#5922);
#5921 = CARTESIAN_POINT('',(-2.617993877992E-02,0.));
#5922 = VECTOR('',#5923,1.);
#5923 = DIRECTION('',(1.,0.));
#5924 = ( GEOMETRIC_REPRESENTATION_CONTEXT(2) 
PARAMETRIC_REPRESENTATION_CONTEXT() REPRESENTATION_CONTEXT('2D SPACE',''
  ) );
#5925 = ORIENTED_EDGE('',*,*,#5926,.F.);
#5926 = EDGE_CURVE('',#5852,#5903,#5927,.T.);
#5927 = SURFACE_CURVE('',#5928,(#5933,#5940),.PCURVE_S1.);
#5928 = CIRCLE('',#5929,9.856418351584);
#5929 = AXIS2_PLACEMENT_3D('',#5930,#5931,#5932);
#5930 = CARTESIAN_POINT('',(59.5,15.5,-2.2));
#5931 = DIRECTION('',(-0.,-0.,-1.));
#5932 = DIRECTION('',(-0.,1.,-0.));
#5933 = PCURVE('',#5376,#5934);
#5934 = DEFINITIONAL_REPRESENTATION('',(#5935),#5939);
#5935 = LINE('',#5936,#5937);
#5936 = CARTESIAN_POINT('',(-0.,1.570796326795));
#5937 = VECTOR('',#5938,1.);
#5938 = DIRECTION('',(-1.,0.));
#5939 = ( GEOMETRIC_REPRESENTATION_CONTEXT(2) 
PARAMETRIC_REPRESENTATION_CONTEXT() REPRESENTATION_CONTEXT('2D SPACE',''
  ) );
#5940 = PCURVE('',#5757,#5941);
#5941 = DEFINITIONAL_REPRESENTATION('',(#5942),#5950);
#5942 = ( BOUNDED_CURVE() B_SPLINE_CURVE(2,(#5943,#5944,#5945,#5946,
#5947,#5948,#5949),.UNSPECIFIED.,.T.,.F.) B_SPLINE_CURVE_WITH_KNOTS((1,2
    ,2,2,2,1),(-2.094395102393,0.,2.094395102393,4.188790204786,
6.28318530718,8.377580409573),.UNSPECIFIED.) CURVE() 
GEOMETRIC_REPRESENTATION_ITEM() RATIONAL_B_SPLINE_CURVE((1.,0.5,1.,0.5,
1.,0.5,1.)) REPRESENTATION_ITEM('') );
#5943 = CARTESIAN_POINT('',(119.,40.856418351584));
#5944 = CARTESIAN_POINT('',(136.07181736559,40.856418351584));
#5945 = CARTESIAN_POINT('',(127.53590868279,26.071790824208));
#5946 = CARTESIAN_POINT('',(119.,11.287163296833));
#5947 = CARTESIAN_POINT('',(110.4640913172,26.071790824208));
#5948 = CARTESIAN_POINT('',(101.9281826344,40.856418351584));
#5949 = CARTESIAN_POINT('',(119.,40.856418351584));
#5950 = ( GEOMETRIC_REPRESENTATION_CONTEXT(2) 
PARAMETRIC_REPRESENTATION_CONTEXT() REPRESENTATION_CONTEXT('2D SPACE',''
  ) );
#5951 = ADVANCED_FACE('',(#5952),#5427,.F.);
#5952 = FACE_BOUND('',#5953,.F.);
#5953 = EDGE_LOOP('',(#5954,#5955,#5978,#6000));
#5954 = ORIENTED_EDGE('',*,*,#5902,.T.);
#5955 = ORIENTED_EDGE('',*,*,#5956,.T.);
#5956 = EDGE_CURVE('',#5903,#5957,#5959,.T.);
#5957 = VERTEX_POINT('',#5958);
#5958 = CARTESIAN_POINT('',(69.356418351584,-15.5,-2.2));
#5959 = SURFACE_CURVE('',#5960,(#5964,#5971),.PCURVE_S1.);
#5960 = LINE('',#5961,#5962);
#5961 = CARTESIAN_POINT('',(69.356418351584,15.5,-2.2));
#5962 = VECTOR('',#5963,1.);
#5963 = DIRECTION('',(-0.,-1.,0.));
#5964 = PCURVE('',#5427,#5965);
#5965 = DEFINITIONAL_REPRESENTATION('',(#5966),#5970);
#5966 = LINE('',#5967,#5968);
#5967 = CARTESIAN_POINT('',(1.544616388015,0.));
#5968 = VECTOR('',#5969,1.);
#5969 = DIRECTION('',(0.,1.));
#5970 = ( GEOMETRIC_REPRESENTATION_CONTEXT(2) 
PARAMETRIC_REPRESENTATION_CONTEXT() REPRESENTATION_CONTEXT('2D SPACE',''
  ) );
#5971 = PCURVE('',#5757,#5972);
#5972 = DEFINITIONAL_REPRESENTATION('',(#5973),#5977);
#5973 = LINE('',#5974,#5975);
#5974 = CARTESIAN_POINT('',(128.85641835158,31.));
#5975 = VECTOR('',#5976,1.);
#5976 = DIRECTION('',(-0.,-1.));
#5977 = ( GEOMETRIC_REPRESENTATION_CONTEXT(2) 
PARAMETRIC_REPRESENTATION_CONTEXT() REPRESENTATION_CONTEXT('2D SPACE',''
  ) );
#5978 = ORIENTED_EDGE('',*,*,#5979,.F.);
#5979 = EDGE_CURVE('',#5412,#5957,#5980,.T.);
#5980 = SURFACE_CURVE('',#5981,(#5986,#5993),.PCURVE_S1.);
#5981 = CIRCLE('',#5982,2.76);
#5982 = AXIS2_PLACEMENT_3D('',#5983,#5984,#5985);
#5983 = CARTESIAN_POINT('',(69.356418351584,-15.5,-4.96));
#5984 = DIRECTION('',(-0.,-1.,0.));
#5985 = DIRECTION('',(0.999657324976,-0.,2.617694830787E-02));
#5986 = PCURVE('',#5427,#5987);
#5987 = DEFINITIONAL_REPRESENTATION('',(#5988),#5992);
#5988 = LINE('',#5989,#5990);
#5989 = CARTESIAN_POINT('',(0.,31.));
#5990 = VECTOR('',#5991,1.);
#5991 = DIRECTION('',(1.,0.));
#5992 = ( GEOMETRIC_REPRESENTATION_CONTEXT(2) 
PARAMETRIC_REPRESENTATION_CONTEXT() REPRESENTATION_CONTEXT('2D SPACE',''
  ) );
#5993 = PCURVE('',#5479,#5994);
#5994 = DEFINITIONAL_REPRESENTATION('',(#5995),#5999);
#5995 = LINE('',#5996,#5997);
#5996 = CARTESIAN_POINT('',(-0.,2.617993877992E-02));
#5997 = VECTOR('',#5998,1.);
#5998 = DIRECTION('',(-0.,1.));
#5999 = ( GEOMETRIC_REPRESENTATION_CONTEXT(2) 
PARAMETRIC_REPRESENTATION_CONTEXT() REPRESENTATION_CONTEXT('2D SPACE',''
  ) );
#6000 = ORIENTED_EDGE('',*,*,#5411,.F.);
#6001 = ADVANCED_FACE('',(#6002),#5479,.F.);
#6002 = FACE_BOUND('',#6003,.T.);
#6003 = EDGE_LOOP('',(#6004,#6005,#6006,#6030));
#6004 = ORIENTED_EDGE('',*,*,#5979,.F.);
#6005 = ORIENTED_EDGE('',*,*,#5462,.T.);
#6006 = ORIENTED_EDGE('',*,*,#6007,.T.);
#6007 = EDGE_CURVE('',#5463,#6008,#6010,.T.);
#6008 = VERTEX_POINT('',#6009);
#6009 = CARTESIAN_POINT('',(59.5,-25.35641835158,-2.2));
#6010 = SURFACE_CURVE('',#6011,(#6016,#6023),.PCURVE_S1.);
#6011 = CIRCLE('',#6012,2.76);
#6012 = AXIS2_PLACEMENT_3D('',#6013,#6014,#6015);
#6013 = CARTESIAN_POINT('',(59.5,-25.35641835158,-4.96));
#6014 = DIRECTION('',(-1.,-6.123233995737E-17,-0.));
#6015 = DIRECTION('',(6.123233995737E-17,-1.,-0.));
#6016 = PCURVE('',#5479,#6017);
#6017 = DEFINITIONAL_REPRESENTATION('',(#6018),#6022);
#6018 = LINE('',#6019,#6020);
#6019 = CARTESIAN_POINT('',(-1.570796326795,0.));
#6020 = VECTOR('',#6021,1.);
#6021 = DIRECTION('',(-0.,1.));
#6022 = ( GEOMETRIC_REPRESENTATION_CONTEXT(2) 
PARAMETRIC_REPRESENTATION_CONTEXT() REPRESENTATION_CONTEXT('2D SPACE',''
  ) );
#6023 = PCURVE('',#5530,#6024);
#6024 = DEFINITIONAL_REPRESENTATION('',(#6025),#6029);
#6025 = LINE('',#6026,#6027);
#6026 = CARTESIAN_POINT('',(-2.617993877992E-02,-7.105427357601E-15));
#6027 = VECTOR('',#6028,1.);
#6028 = DIRECTION('',(1.,0.));
#6029 = ( GEOMETRIC_REPRESENTATION_CONTEXT(2) 
PARAMETRIC_REPRESENTATION_CONTEXT() REPRESENTATION_CONTEXT('2D SPACE',''
  ) );
#6030 = ORIENTED_EDGE('',*,*,#6031,.F.);
#6031 = EDGE_CURVE('',#5957,#6008,#6032,.T.);
#6032 = SURFACE_CURVE('',#6033,(#6038,#6045),.PCURVE_S1.);
#6033 = CIRCLE('',#6034,9.856418351584);
#6034 = AXIS2_PLACEMENT_3D('',#6035,#6036,#6037);
#6035 = CARTESIAN_POINT('',(59.5,-15.5,-2.2));
#6036 = DIRECTION('',(0.,0.,-1.));
#6037 = DIRECTION('',(1.,-0.,-0.));
#6038 = PCURVE('',#5479,#6039);
#6039 = DEFINITIONAL_REPRESENTATION('',(#6040),#6044);
#6040 = LINE('',#6041,#6042);
#6041 = CARTESIAN_POINT('',(-0.,1.570796326795));
#6042 = VECTOR('',#6043,1.);
#6043 = DIRECTION('',(-1.,0.));
#6044 = ( GEOMETRIC_REPRESENTATION_CONTEXT(2) 
PARAMETRIC_REPRESENTATION_CONTEXT() REPRESENTATION_CONTEXT('2D SPACE',''
  ) );
#6045 = PCURVE('',#5757,#6046);
#6046 = DEFINITIONAL_REPRESENTATION('',(#6047),#6055);
#6047 = ( BOUNDED_CURVE() B_SPLINE_CURVE(2,(#6048,#6049,#6050,#6051,
#6052,#6053,#6054),.UNSPECIFIED.,.T.,.F.) B_SPLINE_CURVE_WITH_KNOTS((1,2
    ,2,2,2,1),(-2.094395102393,0.,2.094395102393,4.188790204786,
6.28318530718,8.377580409573),.UNSPECIFIED.) CURVE() 
GEOMETRIC_REPRESENTATION_ITEM() RATIONAL_B_SPLINE_CURVE((1.,0.5,1.,0.5,
1.,0.5,1.)) REPRESENTATION_ITEM('') );
#6048 = CARTESIAN_POINT('',(128.85641835158,0.));
#6049 = CARTESIAN_POINT('',(128.85641835158,-17.07181736559));
#6050 = CARTESIAN_POINT('',(114.0717908242,-8.535908682799));
#6051 = CARTESIAN_POINT('',(99.287163296833,-2.414126237065E-15));
#6052 = CARTESIAN_POINT('',(114.0717908242,8.535908682799));
#6053 = CARTESIAN_POINT('',(128.85641835158,17.071817365597));
#6054 = CARTESIAN_POINT('',(128.85641835158,0.));
#6055 = ( GEOMETRIC_REPRESENTATION_CONTEXT(2) 
PARAMETRIC_REPRESENTATION_CONTEXT() REPRESENTATION_CONTEXT('2D SPACE',''
  ) );
#6056 = ADVANCED_FACE('',(#6057),#5530,.F.);
#6057 = FACE_BOUND('',#6058,.F.);
#6058 = EDGE_LOOP('',(#6059,#6060,#6083,#6105));
#6059 = ORIENTED_EDGE('',*,*,#6007,.T.);
#6060 = ORIENTED_EDGE('',*,*,#6061,.T.);
#6061 = EDGE_CURVE('',#6008,#6062,#6064,.T.);
#6062 = VERTEX_POINT('',#6063);
#6063 = CARTESIAN_POINT('',(-59.5,-25.35641835158,-2.2));
#6064 = SURFACE_CURVE('',#6065,(#6069,#6076),.PCURVE_S1.);
#6065 = LINE('',#6066,#6067);
#6066 = CARTESIAN_POINT('',(59.5,-25.35641835158,-2.2));
#6067 = VECTOR('',#6068,1.);
#6068 = DIRECTION('',(-1.,-0.,0.));
#6069 = PCURVE('',#5530,#6070);
#6070 = DEFINITIONAL_REPRESENTATION('',(#6071),#6075);
#6071 = LINE('',#6072,#6073);
#6072 = CARTESIAN_POINT('',(1.544616388015,0.));
#6073 = VECTOR('',#6074,1.);
#6074 = DIRECTION('',(0.,1.));
#6075 = ( GEOMETRIC_REPRESENTATION_CONTEXT(2) 
PARAMETRIC_REPRESENTATION_CONTEXT() REPRESENTATION_CONTEXT('2D SPACE',''
  ) );
#6076 = PCURVE('',#5757,#6077);
#6077 = DEFINITIONAL_REPRESENTATION('',(#6078),#6082);
#6078 = LINE('',#6079,#6080);
#6079 = CARTESIAN_POINT('',(119.,-9.856418351584));
#6080 = VECTOR('',#6081,1.);
#6081 = DIRECTION('',(-1.,0.));
#6082 = ( GEOMETRIC_REPRESENTATION_CONTEXT(2) 
PARAMETRIC_REPRESENTATION_CONTEXT() REPRESENTATION_CONTEXT('2D SPACE',''
  ) );
#6083 = ORIENTED_EDGE('',*,*,#6084,.F.);
#6084 = EDGE_CURVE('',#5515,#6062,#6085,.T.);
#6085 = SURFACE_CURVE('',#6086,(#6091,#6098),.PCURVE_S1.);
#6086 = CIRCLE('',#6087,2.76);
#6087 = AXIS2_PLACEMENT_3D('',#6088,#6089,#6090);
#6088 = CARTESIAN_POINT('',(-59.5,-25.35641835158,-4.96));
#6089 = DIRECTION('',(-1.,-0.,0.));
#6090 = DIRECTION('',(0.,-0.999657324976,2.617694830787E-02));
#6091 = PCURVE('',#5530,#6092);
#6092 = DEFINITIONAL_REPRESENTATION('',(#6093),#6097);
#6093 = LINE('',#6094,#6095);
#6094 = CARTESIAN_POINT('',(0.,119.));
#6095 = VECTOR('',#6096,1.);
#6096 = DIRECTION('',(1.,0.));
#6097 = ( GEOMETRIC_REPRESENTATION_CONTEXT(2) 
PARAMETRIC_REPRESENTATION_CONTEXT() REPRESENTATION_CONTEXT('2D SPACE',''
  ) );
#6098 = PCURVE('',#5580,#6099);
#6099 = DEFINITIONAL_REPRESENTATION('',(#6100),#6104);
#6100 = LINE('',#6101,#6102);
#6101 = CARTESIAN_POINT('',(-0.,2.617993877992E-02));
#6102 = VECTOR('',#6103,1.);
#6103 = DIRECTION('',(-0.,1.));
#6104 = ( GEOMETRIC_REPRESENTATION_CONTEXT(2) 
PARAMETRIC_REPRESENTATION_CONTEXT() REPRESENTATION_CONTEXT('2D SPACE',''
  ) );
#6105 = ORIENTED_EDGE('',*,*,#5514,.F.);
#6106 = ADVANCED_FACE('',(#6107),#5580,.F.);
#6107 = FACE_BOUND('',#6108,.T.);
#6108 = EDGE_LOOP('',(#6109,#6110,#6111,#6112));
#6109 = ORIENTED_EDGE('',*,*,#6084,.F.);
#6110 = ORIENTED_EDGE('',*,*,#5565,.T.);
#6111 = ORIENTED_EDGE('',*,*,#5717,.T.);
#6112 = ORIENTED_EDGE('',*,*,#6113,.F.);
#6113 = EDGE_CURVE('',#6062,#5718,#6114,.T.);
#6114 = SURFACE_CURVE('',#6115,(#6120,#6127),.PCURVE_S1.);
#6115 = CIRCLE('',#6116,9.856418351584);
#6116 = AXIS2_PLACEMENT_3D('',#6117,#6118,#6119);
#6117 = CARTESIAN_POINT('',(-59.5,-15.5,-2.2));
#6118 = DIRECTION('',(-0.,0.,-1.));
#6119 = DIRECTION('',(-0.,-1.,-0.));
#6120 = PCURVE('',#5580,#6121);
#6121 = DEFINITIONAL_REPRESENTATION('',(#6122),#6126);
#6122 = LINE('',#6123,#6124);
#6123 = CARTESIAN_POINT('',(-0.,1.570796326795));
#6124 = VECTOR('',#6125,1.);
#6125 = DIRECTION('',(-1.,0.));
#6126 = ( GEOMETRIC_REPRESENTATION_CONTEXT(2) 
PARAMETRIC_REPRESENTATION_CONTEXT() REPRESENTATION_CONTEXT('2D SPACE',''
  ) );
#6127 = PCURVE('',#5757,#6128);
#6128 = DEFINITIONAL_REPRESENTATION('',(#6129),#6137);
#6129 = ( BOUNDED_CURVE() B_SPLINE_CURVE(2,(#6130,#6131,#6132,#6133,
#6134,#6135,#6136),.UNSPECIFIED.,.T.,.F.) B_SPLINE_CURVE_WITH_KNOTS((1,2
    ,2,2,2,1),(-2.094395102393,0.,2.094395102393,4.188790204786,
6.28318530718,8.377580409573),.UNSPECIFIED.) CURVE() 
GEOMETRIC_REPRESENTATION_ITEM() RATIONAL_B_SPLINE_CURVE((1.,0.5,1.,0.5,
1.,0.5,1.)) REPRESENTATION_ITEM('') );
#6130 = CARTESIAN_POINT('',(0.,-9.856418351584));
#6131 = CARTESIAN_POINT('',(-17.07181736559,-9.856418351584));
#6132 = CARTESIAN_POINT('',(-8.535908682799,4.928209175792));
#6133 = CARTESIAN_POINT('',(-2.414126237065E-15,19.712836703167));
#6134 = CARTESIAN_POINT('',(8.535908682799,4.928209175792));
#6135 = CARTESIAN_POINT('',(17.071817365597,-9.856418351584));
#6136 = CARTESIAN_POINT('',(0.,-9.856418351584));
#6137 = ( GEOMETRIC_REPRESENTATION_CONTEXT(2) 
PARAMETRIC_REPRESENTATION_CONTEXT() REPRESENTATION_CONTEXT('2D SPACE',''
  ) );
#6138 = ADVANCED_FACE('',(#6139),#5757,.F.);
#6139 = FACE_BOUND('',#6140,.T.);
#6140 = EDGE_LOOP('',(#6141,#6142,#6143,#6144,#6145,#6146,#6147,#6148));
#6141 = ORIENTED_EDGE('',*,*,#5741,.T.);
#6142 = ORIENTED_EDGE('',*,*,#5821,.T.);
#6143 = ORIENTED_EDGE('',*,*,#5851,.T.);
#6144 = ORIENTED_EDGE('',*,*,#5926,.T.);
#6145 = ORIENTED_EDGE('',*,*,#5956,.T.);
#6146 = ORIENTED_EDGE('',*,*,#6031,.T.);
#6147 = ORIENTED_EDGE('',*,*,#6061,.T.);
#6148 = ORIENTED_EDGE('',*,*,#6113,.T.);
#6149 = ( GEOMETRIC_REPRESENTATION_CONTEXT(3) 
GLOBAL_UNCERTAINTY_ASSIGNED_CONTEXT((#6153)) 
GLOBAL_UNIT_ASSIGNED_CONTEXT((#6150,#6151,#6152)) REPRESENTATION_CONTEXT
('Context #1','3D Context with UNIT and UNCERTAINTY') );
#6150 = ( LENGTH_UNIT() NAMED_UNIT(*) SI_UNIT(.MILLI.,.METRE.) );
#6151 = ( NAMED_UNIT(*) PLANE_ANGLE_UNIT() SI_UNIT($,.RADIAN.) );
#6152 = ( NAMED_UNIT(*) SI_UNIT($,.STERADIAN.) SOLID_ANGLE_UNIT() );
#6153 = UNCERTAINTY_MEASURE_WITH_UNIT(LENGTH_MEASURE(1.E-07),#6150,
  'distance_accuracy_value','confusion accuracy');
#6154 = CONTEXT_DEPENDENT_SHAPE_REPRESENTATION(#6155,#6157);
#6155 = ( REPRESENTATION_RELATIONSHIP('','',#3968,#10) 
REPRESENTATION_RELATIONSHIP_WITH_TRANSFORMATION(#6156) 
SHAPE_REPRESENTATION_RELATIONSHIP() );
#6156 = ITEM_DEFINED_TRANSFORMATION('','',#11,#19);
#6157 = PRODUCT_DEFINITION_SHAPE('Placement','Placement of an item',
  #6158);
#6158 = NEXT_ASSEMBLY_USAGE_OCCURRENCE('789','top_shell','',#5,#3963,$);
#6159 = PRODUCT_RELATED_PRODUCT_CATEGORY('part',$,(#3965));
ENDSEC;
END-ISO-10303-21;
