ISO-10303-21;
HEADER;
FILE_DESCRIPTION(('Open CASCADE Model'),'2;1');
FILE_NAME('product','2026-09-27T02:22:10',('Author'),('Open CASCADE'),
  'Open CASCADE STEP processor 8.0','build123d','Unknown');
FILE_SCHEMA(('AUTOMOTIVE_DESIGN { 1 0 10303 214 1 1 1 1 }'));
ENDSEC;
DATA;
#1 = APPLICATION_PROTOCOL_DEFINITION('international standard',
  'automotive_design',2000,#2);
#2 = APPLICATION_CONTEXT(
  'core data for automotive mechanical design processes');
#3 = SHAPE_DEFINITION_REPRESENTATION(#4,#10);
#4 = PRODUCT_DEFINITION_SHAPE('','',#5);
#5 = PRODUCT_DEFINITION('design','',#6,#9);
#6 = PRODUCT_DEFINITION_FORMATION('','',#7);
#7 = PRODUCT('product','product','',(#8));
#8 = PRODUCT_CONTEXT('',#2,'mechanical');
#9 = PRODUCT_DEFINITION_CONTEXT('part definition',#2,'design');
#10 = SHAPE_REPRESENTATION('',(#11,#15,#19,#23,#27,#31,#35,#39,#43,#47,
    #51,#55,#59,#63,#67,#71,#75,#79,#83,#87,#91,#95,#99,#103,#107,#111,
    #115,#119,#123,#127,#131,#135,#139),#143);
#11 = AXIS2_PLACEMENT_3D('',#12,#13,#14);
#12 = CARTESIAN_POINT('',(0.,0.,0.));
#13 = DIRECTION('',(0.,0.,1.));
#14 = DIRECTION('',(1.,0.,-0.));
#15 = AXIS2_PLACEMENT_3D('',#16,#17,#18);
#16 = CARTESIAN_POINT('',(0.,-3.091364281349E+03,3.1972E+03));
#17 = DIRECTION('',(0.,-0.5,0.866025403784));
#18 = DIRECTION('',(1.,0.,0.));
#19 = AXIS2_PLACEMENT_3D('',#20,#21,#22);
#20 = CARTESIAN_POINT('',(0.,-2.196586834159E+03,3.7138E+03));
#21 = DIRECTION('',(0.,-0.5,0.866025403784));
#22 = DIRECTION('',(1.,0.,0.));
#23 = AXIS2_PLACEMENT_3D('',#24,#25,#26);
#24 = CARTESIAN_POINT('',(-3.462E+03,-2.698975557754E+03,
    3.550762794416E+03));
#25 = DIRECTION('',(0.,-0.5,0.866025403784));
#26 = DIRECTION('',(1.,0.,0.));
#27 = AXIS2_PLACEMENT_3D('',#28,#29,#30);
#28 = CARTESIAN_POINT('',(-3.462E+03,-2.711475557754E+03,
    3.572413429511E+03));
#29 = DIRECTION('',(0.,-0.5,0.866025403784));
#30 = DIRECTION('',(1.,0.,0.));
#31 = AXIS2_PLACEMENT_3D('',#32,#33,#34);
#32 = CARTESIAN_POINT('',(-2.308E+03,-2.698975557754E+03,
    3.550762794416E+03));
#33 = DIRECTION('',(0.,-0.5,0.866025403784));
#34 = DIRECTION('',(1.,0.,0.));
#35 = AXIS2_PLACEMENT_3D('',#36,#37,#38);
#36 = CARTESIAN_POINT('',(-2.308E+03,-2.711475557754E+03,
    3.572413429511E+03));
#37 = DIRECTION('',(0.,-0.5,0.866025403784));
#38 = DIRECTION('',(1.,0.,0.));
#39 = AXIS2_PLACEMENT_3D('',#40,#41,#42);
#40 = CARTESIAN_POINT('',(-1.154E+03,-2.698975557754E+03,
    3.550762794416E+03));
#41 = DIRECTION('',(0.,-0.5,0.866025403784));
#42 = DIRECTION('',(1.,0.,0.));
#43 = AXIS2_PLACEMENT_3D('',#44,#45,#46);
#44 = CARTESIAN_POINT('',(-1.154E+03,-2.711475557754E+03,
    3.572413429511E+03));
#45 = DIRECTION('',(0.,-0.5,0.866025403784));
#46 = DIRECTION('',(1.,0.,0.));
#47 = AXIS2_PLACEMENT_3D('',#48,#49,#50);
#48 = CARTESIAN_POINT('',(0.,-2.698975557754E+03,3.550762794416E+03));
#49 = DIRECTION('',(0.,-0.5,0.866025403784));
#50 = DIRECTION('',(1.,0.,0.));
#51 = AXIS2_PLACEMENT_3D('',#52,#53,#54);
#52 = CARTESIAN_POINT('',(0.,-2.711475557754E+03,3.572413429511E+03));
#53 = DIRECTION('',(0.,-0.5,0.866025403784));
#54 = DIRECTION('',(1.,0.,0.));
#55 = AXIS2_PLACEMENT_3D('',#56,#57,#58);
#56 = CARTESIAN_POINT('',(1.154E+03,-2.698975557754E+03,
    3.550762794416E+03));
#57 = DIRECTION('',(0.,-0.5,0.866025403784));
#58 = DIRECTION('',(1.,0.,0.));
#59 = AXIS2_PLACEMENT_3D('',#60,#61,#62);
#60 = CARTESIAN_POINT('',(1.154E+03,-2.711475557754E+03,
    3.572413429511E+03));
#61 = DIRECTION('',(0.,-0.5,0.866025403784));
#62 = DIRECTION('',(1.,0.,0.));
#63 = AXIS2_PLACEMENT_3D('',#64,#65,#66);
#64 = CARTESIAN_POINT('',(2.308E+03,-2.698975557754E+03,
    3.550762794416E+03));
#65 = DIRECTION('',(0.,-0.5,0.866025403784));
#66 = DIRECTION('',(1.,0.,0.));
#67 = AXIS2_PLACEMENT_3D('',#68,#69,#70);
#68 = CARTESIAN_POINT('',(2.308E+03,-2.711475557754E+03,
    3.572413429511E+03));
#69 = DIRECTION('',(0.,-0.5,0.866025403784));
#70 = DIRECTION('',(1.,0.,0.));
#71 = AXIS2_PLACEMENT_3D('',#72,#73,#74);
#72 = CARTESIAN_POINT('',(3.462E+03,-2.698975557754E+03,
    3.550762794416E+03));
#73 = DIRECTION('',(0.,-0.5,0.866025403784));
#74 = DIRECTION('',(1.,0.,0.));
#75 = AXIS2_PLACEMENT_3D('',#76,#77,#78);
#76 = CARTESIAN_POINT('',(3.462E+03,-2.711475557754E+03,
    3.572413429511E+03));
#77 = DIRECTION('',(0.,-0.5,0.866025403784));
#78 = DIRECTION('',(1.,0.,0.));
#79 = AXIS2_PLACEMENT_3D('',#80,#81,#82);
#80 = CARTESIAN_POINT('',(0.,-1.582748027956E+03,4.0682E+03));
#81 = DIRECTION('',(0.,-0.5,0.866025403784));
#82 = DIRECTION('',(1.,0.,0.));
#83 = AXIS2_PLACEMENT_3D('',#84,#85,#86);
#84 = CARTESIAN_POINT('',(0.,-687.9705807663,4.5848E+03));
#85 = DIRECTION('',(0.,-0.5,0.866025403784));
#86 = DIRECTION('',(1.,0.,0.));
#87 = AXIS2_PLACEMENT_3D('',#88,#89,#90);
#88 = CARTESIAN_POINT('',(-3.462E+03,-1.190359304361E+03,
    4.421762794416E+03));
#89 = DIRECTION('',(0.,-0.5,0.866025403784));
#90 = DIRECTION('',(1.,0.,0.));
#91 = AXIS2_PLACEMENT_3D('',#92,#93,#94);
#92 = CARTESIAN_POINT('',(-3.462E+03,-1.202859304361E+03,
    4.443413429511E+03));
#93 = DIRECTION('',(0.,-0.5,0.866025403784));
#94 = DIRECTION('',(1.,0.,0.));
#95 = AXIS2_PLACEMENT_3D('',#96,#97,#98);
#96 = CARTESIAN_POINT('',(-2.308E+03,-1.190359304361E+03,
    4.421762794416E+03));
#97 = DIRECTION('',(0.,-0.5,0.866025403784));
#98 = DIRECTION('',(1.,0.,0.));
#99 = AXIS2_PLACEMENT_3D('',#100,#101,#102);
#100 = CARTESIAN_POINT('',(-2.308E+03,-1.202859304361E+03,
    4.443413429511E+03));
#101 = DIRECTION('',(0.,-0.5,0.866025403784));
#102 = DIRECTION('',(1.,0.,0.));
#103 = AXIS2_PLACEMENT_3D('',#104,#105,#106);
#104 = CARTESIAN_POINT('',(-1.154E+03,-1.190359304361E+03,
    4.421762794416E+03));
#105 = DIRECTION('',(0.,-0.5,0.866025403784));
#106 = DIRECTION('',(1.,0.,0.));
#107 = AXIS2_PLACEMENT_3D('',#108,#109,#110);
#108 = CARTESIAN_POINT('',(-1.154E+03,-1.202859304361E+03,
    4.443413429511E+03));
#109 = DIRECTION('',(0.,-0.5,0.866025403784));
#110 = DIRECTION('',(1.,0.,0.));
#111 = AXIS2_PLACEMENT_3D('',#112,#113,#114);
#112 = CARTESIAN_POINT('',(0.,-1.190359304361E+03,4.421762794416E+03));
#113 = DIRECTION('',(0.,-0.5,0.866025403784));
#114 = DIRECTION('',(1.,0.,0.));
#115 = AXIS2_PLACEMENT_3D('',#116,#117,#118);
#116 = CARTESIAN_POINT('',(0.,-1.202859304361E+03,4.443413429511E+03));
#117 = DIRECTION('',(0.,-0.5,0.866025403784));
#118 = DIRECTION('',(1.,0.,0.));
#119 = AXIS2_PLACEMENT_3D('',#120,#121,#122);
#120 = CARTESIAN_POINT('',(1.154E+03,-1.190359304361E+03,
    4.421762794416E+03));
#121 = DIRECTION('',(0.,-0.5,0.866025403784));
#122 = DIRECTION('',(1.,0.,0.));
#123 = AXIS2_PLACEMENT_3D('',#124,#125,#126);
#124 = CARTESIAN_POINT('',(1.154E+03,-1.202859304361E+03,
    4.443413429511E+03));
#125 = DIRECTION('',(0.,-0.5,0.866025403784));
#126 = DIRECTION('',(1.,0.,0.));
#127 = AXIS2_PLACEMENT_3D('',#128,#129,#130);
#128 = CARTESIAN_POINT('',(2.308E+03,-1.190359304361E+03,
    4.421762794416E+03));
#129 = DIRECTION('',(0.,-0.5,0.866025403784));
#130 = DIRECTION('',(1.,0.,0.));
#131 = AXIS2_PLACEMENT_3D('',#132,#133,#134);
#132 = CARTESIAN_POINT('',(2.308E+03,-1.202859304361E+03,
    4.443413429511E+03));
#133 = DIRECTION('',(0.,-0.5,0.866025403784));
#134 = DIRECTION('',(1.,0.,0.));
#135 = AXIS2_PLACEMENT_3D('',#136,#137,#138);
#136 = CARTESIAN_POINT('',(3.462E+03,-1.190359304361E+03,
    4.421762794416E+03));
#137 = DIRECTION('',(0.,-0.5,0.866025403784));
#138 = DIRECTION('',(1.,0.,0.));
#139 = AXIS2_PLACEMENT_3D('',#140,#141,#142);
#140 = CARTESIAN_POINT('',(3.462E+03,-1.202859304361E+03,
    4.443413429511E+03));
#141 = DIRECTION('',(0.,-0.5,0.866025403784));
#142 = DIRECTION('',(1.,0.,0.));
#143 = ( GEOMETRIC_REPRESENTATION_CONTEXT(3) 
GLOBAL_UNCERTAINTY_ASSIGNED_CONTEXT((#147)) GLOBAL_UNIT_ASSIGNED_CONTEXT
((#144,#145,#146)) REPRESENTATION_CONTEXT('Context #1',
  '3D Context with UNIT and UNCERTAINTY') );
#144 = ( LENGTH_UNIT() NAMED_UNIT(*) SI_UNIT(.MILLI.,.METRE.) );
#145 = ( NAMED_UNIT(*) PLANE_ANGLE_UNIT() SI_UNIT($,.RADIAN.) );
#146 = ( NAMED_UNIT(*) SI_UNIT($,.STERADIAN.) SOLID_ANGLE_UNIT() );
#147 = UNCERTAINTY_MEASURE_WITH_UNIT(LENGTH_MEASURE(1.E-07),#144,
  'distance_accuracy_value','confusion accuracy');
#148 = PRODUCT_RELATED_PRODUCT_CATEGORY('part',$,(#7));
#149 = SHAPE_DEFINITION_REPRESENTATION(#150,#156);
#150 = PRODUCT_DEFINITION_SHAPE('','',#151);
#151 = PRODUCT_DEFINITION('design','',#152,#155);
#152 = PRODUCT_DEFINITION_FORMATION('','',#153);
#153 = PRODUCT('metal.1','metal.1','',(#154));
#154 = PRODUCT_CONTEXT('',#2,'mechanical');
#155 = PRODUCT_DEFINITION_CONTEXT('part definition',#2,'design');
#156 = ADVANCED_BREP_SHAPE_REPRESENTATION('',(#11,#157),#487);
#157 = MANIFOLD_SOLID_BREP('',#158);
#158 = CLOSED_SHELL('',(#159,#279,#379,#426,#473,#480));
#159 = ADVANCED_FACE('',(#160),#174,.F.);
#160 = FACE_BOUND('',#161,.F.);
#161 = EDGE_LOOP('',(#162,#197,#225,#253));
#162 = ORIENTED_EDGE('',*,*,#163,.F.);
#163 = EDGE_CURVE('',#164,#166,#168,.T.);
#164 = VERTEX_POINT('',#165);
#165 = CARTESIAN_POINT('',(-4.129E+03,-20.,0.));
#166 = VERTEX_POINT('',#167);
#167 = CARTESIAN_POINT('',(-4.129E+03,-20.,110.));
#168 = SURFACE_CURVE('',#169,(#173,#185),.PCURVE_S1.);
#169 = LINE('',#170,#171);
#170 = CARTESIAN_POINT('',(-4.129E+03,-20.,0.));
#171 = VECTOR('',#172,1.);
#172 = DIRECTION('',(0.,0.,1.));
#173 = PCURVE('',#174,#179);
#174 = PLANE('',#175);
#175 = AXIS2_PLACEMENT_3D('',#176,#177,#178);
#176 = CARTESIAN_POINT('',(-4.129E+03,-20.,0.));
#177 = DIRECTION('',(1.,0.,-0.));
#178 = DIRECTION('',(0.,0.,1.));
#179 = DEFINITIONAL_REPRESENTATION('',(#180),#184);
#180 = LINE('',#181,#182);
#181 = CARTESIAN_POINT('',(0.,0.));
#182 = VECTOR('',#183,1.);
#183 = DIRECTION('',(1.,0.));
#184 = ( GEOMETRIC_REPRESENTATION_CONTEXT(2) 
PARAMETRIC_REPRESENTATION_CONTEXT() REPRESENTATION_CONTEXT('2D SPACE',''
  ) );
#185 = PCURVE('',#186,#191);
#186 = PLANE('',#187);
#187 = AXIS2_PLACEMENT_3D('',#188,#189,#190);
#188 = CARTESIAN_POINT('',(-4.129E+03,-20.,0.));
#189 = DIRECTION('',(-0.,1.,0.));
#190 = DIRECTION('',(0.,0.,1.));
#191 = DEFINITIONAL_REPRESENTATION('',(#192),#196);
#192 = LINE('',#193,#194);
#193 = CARTESIAN_POINT('',(0.,0.));
#194 = VECTOR('',#195,1.);
#195 = DIRECTION('',(1.,0.));
#196 = ( GEOMETRIC_REPRESENTATION_CONTEXT(2) 
PARAMETRIC_REPRESENTATION_CONTEXT() REPRESENTATION_CONTEXT('2D SPACE',''
  ) );
#197 = ORIENTED_EDGE('',*,*,#198,.T.);
#198 = EDGE_CURVE('',#164,#199,#201,.T.);
#199 = VERTEX_POINT('',#200);
#200 = CARTESIAN_POINT('',(-4.129E+03,20.,0.));
#201 = SURFACE_CURVE('',#202,(#206,#213),.PCURVE_S1.);
#202 = LINE('',#203,#204);
#203 = CARTESIAN_POINT('',(-4.129E+03,-20.,0.));
#204 = VECTOR('',#205,1.);
#205 = DIRECTION('',(-0.,1.,0.));
#206 = PCURVE('',#174,#207);
#207 = DEFINITIONAL_REPRESENTATION('',(#208),#212);
#208 = LINE('',#209,#210);
#209 = CARTESIAN_POINT('',(0.,0.));
#210 = VECTOR('',#211,1.);
#211 = DIRECTION('',(0.,-1.));
#212 = ( GEOMETRIC_REPRESENTATION_CONTEXT(2) 
PARAMETRIC_REPRESENTATION_CONTEXT() REPRESENTATION_CONTEXT('2D SPACE',''
  ) );
#213 = PCURVE('',#214,#219);
#214 = PLANE('',#215);
#215 = AXIS2_PLACEMENT_3D('',#216,#217,#218);
#216 = CARTESIAN_POINT('',(-4.129E+03,-20.,0.));
#217 = DIRECTION('',(0.,0.,1.));
#218 = DIRECTION('',(1.,0.,-0.));
#219 = DEFINITIONAL_REPRESENTATION('',(#220),#224);
#220 = LINE('',#221,#222);
#221 = CARTESIAN_POINT('',(0.,0.));
#222 = VECTOR('',#223,1.);
#223 = DIRECTION('',(0.,1.));
#224 = ( GEOMETRIC_REPRESENTATION_CONTEXT(2) 
PARAMETRIC_REPRESENTATION_CONTEXT() REPRESENTATION_CONTEXT('2D SPACE',''
  ) );
#225 = ORIENTED_EDGE('',*,*,#226,.T.);
#226 = EDGE_CURVE('',#199,#227,#229,.T.);
#227 = VERTEX_POINT('',#228);
#228 = CARTESIAN_POINT('',(-4.129E+03,20.,110.));
#229 = SURFACE_CURVE('',#230,(#234,#241),.PCURVE_S1.);
#230 = LINE('',#231,#232);
#231 = CARTESIAN_POINT('',(-4.129E+03,20.,0.));
#232 = VECTOR('',#233,1.);
#233 = DIRECTION('',(0.,0.,1.));
#234 = PCURVE('',#174,#235);
#235 = DEFINITIONAL_REPRESENTATION('',(#236),#240);
#236 = LINE('',#237,#238);
#237 = CARTESIAN_POINT('',(0.,-40.));
#238 = VECTOR('',#239,1.);
#239 = DIRECTION('',(1.,0.));
#240 = ( GEOMETRIC_REPRESENTATION_CONTEXT(2) 
PARAMETRIC_REPRESENTATION_CONTEXT() REPRESENTATION_CONTEXT('2D SPACE',''
  ) );
#241 = PCURVE('',#242,#247);
#242 = PLANE('',#243);
#243 = AXIS2_PLACEMENT_3D('',#244,#245,#246);
#244 = CARTESIAN_POINT('',(-4.129E+03,20.,0.));
#245 = DIRECTION('',(-0.,1.,0.));
#246 = DIRECTION('',(0.,0.,1.));
#247 = DEFINITIONAL_REPRESENTATION('',(#248),#252);
#248 = LINE('',#249,#250);
#249 = CARTESIAN_POINT('',(0.,0.));
#250 = VECTOR('',#251,1.);
#251 = DIRECTION('',(1.,0.));
#252 = ( GEOMETRIC_REPRESENTATION_CONTEXT(2) 
PARAMETRIC_REPRESENTATION_CONTEXT() REPRESENTATION_CONTEXT('2D SPACE',''
  ) );
#253 = ORIENTED_EDGE('',*,*,#254,.F.);
#254 = EDGE_CURVE('',#166,#227,#255,.T.);
#255 = SURFACE_CURVE('',#256,(#260,#267),.PCURVE_S1.);
#256 = LINE('',#257,#258);
#257 = CARTESIAN_POINT('',(-4.129E+03,-20.,110.));
#258 = VECTOR('',#259,1.);
#259 = DIRECTION('',(-0.,1.,0.));
#260 = PCURVE('',#174,#261);
#261 = DEFINITIONAL_REPRESENTATION('',(#262),#266);
#262 = LINE('',#263,#264);
#263 = CARTESIAN_POINT('',(110.,0.));
#264 = VECTOR('',#265,1.);
#265 = DIRECTION('',(0.,-1.));
#266 = ( GEOMETRIC_REPRESENTATION_CONTEXT(2) 
PARAMETRIC_REPRESENTATION_CONTEXT() REPRESENTATION_CONTEXT('2D SPACE',''
  ) );
#267 = PCURVE('',#268,#273);
#268 = PLANE('',#269);
#269 = AXIS2_PLACEMENT_3D('',#270,#271,#272);
#270 = CARTESIAN_POINT('',(-4.129E+03,-20.,110.));
#271 = DIRECTION('',(0.,0.,1.));
#272 = DIRECTION('',(1.,0.,-0.));
#273 = DEFINITIONAL_REPRESENTATION('',(#274),#278);
#274 = LINE('',#275,#276);
#275 = CARTESIAN_POINT('',(0.,0.));
#276 = VECTOR('',#277,1.);
#277 = DIRECTION('',(0.,1.));
#278 = ( GEOMETRIC_REPRESENTATION_CONTEXT(2) 
PARAMETRIC_REPRESENTATION_CONTEXT() REPRESENTATION_CONTEXT('2D SPACE',''
  ) );
#279 = ADVANCED_FACE('',(#280),#294,.T.);
#280 = FACE_BOUND('',#281,.T.);
#281 = EDGE_LOOP('',(#282,#312,#335,#358));
#282 = ORIENTED_EDGE('',*,*,#283,.F.);
#283 = EDGE_CURVE('',#284,#286,#288,.T.);
#284 = VERTEX_POINT('',#285);
#285 = CARTESIAN_POINT('',(4.129E+03,-20.,0.));
#286 = VERTEX_POINT('',#287);
#287 = CARTESIAN_POINT('',(4.129E+03,-20.,110.));
#288 = SURFACE_CURVE('',#289,(#293,#305),.PCURVE_S1.);
#289 = LINE('',#290,#291);
#290 = CARTESIAN_POINT('',(4.129E+03,-20.,0.));
#291 = VECTOR('',#292,1.);
#292 = DIRECTION('',(0.,0.,1.));
#293 = PCURVE('',#294,#299);
#294 = PLANE('',#295);
#295 = AXIS2_PLACEMENT_3D('',#296,#297,#298);
#296 = CARTESIAN_POINT('',(4.129E+03,-20.,0.));
#297 = DIRECTION('',(1.,0.,-0.));
#298 = DIRECTION('',(0.,0.,1.));
#299 = DEFINITIONAL_REPRESENTATION('',(#300),#304);
#300 = LINE('',#301,#302);
#301 = CARTESIAN_POINT('',(0.,0.));
#302 = VECTOR('',#303,1.);
#303 = DIRECTION('',(1.,0.));
#304 = ( GEOMETRIC_REPRESENTATION_CONTEXT(2) 
PARAMETRIC_REPRESENTATION_CONTEXT() REPRESENTATION_CONTEXT('2D SPACE',''
  ) );
#305 = PCURVE('',#186,#306);
#306 = DEFINITIONAL_REPRESENTATION('',(#307),#311);
#307 = LINE('',#308,#309);
#308 = CARTESIAN_POINT('',(0.,8.258E+03));
#309 = VECTOR('',#310,1.);
#310 = DIRECTION('',(1.,0.));
#311 = ( GEOMETRIC_REPRESENTATION_CONTEXT(2) 
PARAMETRIC_REPRESENTATION_CONTEXT() REPRESENTATION_CONTEXT('2D SPACE',''
  ) );
#312 = ORIENTED_EDGE('',*,*,#313,.T.);
#313 = EDGE_CURVE('',#284,#314,#316,.T.);
#314 = VERTEX_POINT('',#315);
#315 = CARTESIAN_POINT('',(4.129E+03,20.,0.));
#316 = SURFACE_CURVE('',#317,(#321,#328),.PCURVE_S1.);
#317 = LINE('',#318,#319);
#318 = CARTESIAN_POINT('',(4.129E+03,-20.,0.));
#319 = VECTOR('',#320,1.);
#320 = DIRECTION('',(-0.,1.,0.));
#321 = PCURVE('',#294,#322);
#322 = DEFINITIONAL_REPRESENTATION('',(#323),#327);
#323 = LINE('',#324,#325);
#324 = CARTESIAN_POINT('',(0.,0.));
#325 = VECTOR('',#326,1.);
#326 = DIRECTION('',(0.,-1.));
#327 = ( GEOMETRIC_REPRESENTATION_CONTEXT(2) 
PARAMETRIC_REPRESENTATION_CONTEXT() REPRESENTATION_CONTEXT('2D SPACE',''
  ) );
#328 = PCURVE('',#214,#329);
#329 = DEFINITIONAL_REPRESENTATION('',(#330),#334);
#330 = LINE('',#331,#332);
#331 = CARTESIAN_POINT('',(8.258E+03,0.));
#332 = VECTOR('',#333,1.);
#333 = DIRECTION('',(0.,1.));
#334 = ( GEOMETRIC_REPRESENTATION_CONTEXT(2) 
PARAMETRIC_REPRESENTATION_CONTEXT() REPRESENTATION_CONTEXT('2D SPACE',''
  ) );
#335 = ORIENTED_EDGE('',*,*,#336,.T.);
#336 = EDGE_CURVE('',#314,#337,#339,.T.);
#337 = VERTEX_POINT('',#338);
#338 = CARTESIAN_POINT('',(4.129E+03,20.,110.));
#339 = SURFACE_CURVE('',#340,(#344,#351),.PCURVE_S1.);
#340 = LINE('',#341,#342);
#341 = CARTESIAN_POINT('',(4.129E+03,20.,0.));
#342 = VECTOR('',#343,1.);
#343 = DIRECTION('',(0.,0.,1.));
#344 = PCURVE('',#294,#345);
#345 = DEFINITIONAL_REPRESENTATION('',(#346),#350);
#346 = LINE('',#347,#348);
#347 = CARTESIAN_POINT('',(0.,-40.));
#348 = VECTOR('',#349,1.);
#349 = DIRECTION('',(1.,0.));
#350 = ( GEOMETRIC_REPRESENTATION_CONTEXT(2) 
PARAMETRIC_REPRESENTATION_CONTEXT() REPRESENTATION_CONTEXT('2D SPACE',''
  ) );
#351 = PCURVE('',#242,#352);
#352 = DEFINITIONAL_REPRESENTATION('',(#353),#357);
#353 = LINE('',#354,#355);
#354 = CARTESIAN_POINT('',(0.,8.258E+03));
#355 = VECTOR('',#356,1.);
#356 = DIRECTION('',(1.,0.));
#357 = ( GEOMETRIC_REPRESENTATION_CONTEXT(2) 
PARAMETRIC_REPRESENTATION_CONTEXT() REPRESENTATION_CONTEXT('2D SPACE',''
  ) );
#358 = ORIENTED_EDGE('',*,*,#359,.F.);
#359 = EDGE_CURVE('',#286,#337,#360,.T.);
#360 = SURFACE_CURVE('',#361,(#365,#372),.PCURVE_S1.);
#361 = LINE('',#362,#363);
#362 = CARTESIAN_POINT('',(4.129E+03,-20.,110.));
#363 = VECTOR('',#364,1.);
#364 = DIRECTION('',(-0.,1.,0.));
#365 = PCURVE('',#294,#366);
#366 = DEFINITIONAL_REPRESENTATION('',(#367),#371);
#367 = LINE('',#368,#369);
#368 = CARTESIAN_POINT('',(110.,0.));
#369 = VECTOR('',#370,1.);
#370 = DIRECTION('',(0.,-1.));
#371 = ( GEOMETRIC_REPRESENTATION_CONTEXT(2) 
PARAMETRIC_REPRESENTATION_CONTEXT() REPRESENTATION_CONTEXT('2D SPACE',''
  ) );
#372 = PCURVE('',#268,#373);
#373 = DEFINITIONAL_REPRESENTATION('',(#374),#378);
#374 = LINE('',#375,#376);
#375 = CARTESIAN_POINT('',(8.258E+03,0.));
#376 = VECTOR('',#377,1.);
#377 = DIRECTION('',(0.,1.));
#378 = ( GEOMETRIC_REPRESENTATION_CONTEXT(2) 
PARAMETRIC_REPRESENTATION_CONTEXT() REPRESENTATION_CONTEXT('2D SPACE',''
  ) );
#379 = ADVANCED_FACE('',(#380),#186,.F.);
#380 = FACE_BOUND('',#381,.F.);
#381 = EDGE_LOOP('',(#382,#403,#404,#425));
#382 = ORIENTED_EDGE('',*,*,#383,.F.);
#383 = EDGE_CURVE('',#164,#284,#384,.T.);
#384 = SURFACE_CURVE('',#385,(#389,#396),.PCURVE_S1.);
#385 = LINE('',#386,#387);
#386 = CARTESIAN_POINT('',(-4.129E+03,-20.,0.));
#387 = VECTOR('',#388,1.);
#388 = DIRECTION('',(1.,0.,-0.));
#389 = PCURVE('',#186,#390);
#390 = DEFINITIONAL_REPRESENTATION('',(#391),#395);
#391 = LINE('',#392,#393);
#392 = CARTESIAN_POINT('',(0.,0.));
#393 = VECTOR('',#394,1.);
#394 = DIRECTION('',(0.,1.));
#395 = ( GEOMETRIC_REPRESENTATION_CONTEXT(2) 
PARAMETRIC_REPRESENTATION_CONTEXT() REPRESENTATION_CONTEXT('2D SPACE',''
  ) );
#396 = PCURVE('',#214,#397);
#397 = DEFINITIONAL_REPRESENTATION('',(#398),#402);
#398 = LINE('',#399,#400);
#399 = CARTESIAN_POINT('',(0.,0.));
#400 = VECTOR('',#401,1.);
#401 = DIRECTION('',(1.,0.));
#402 = ( GEOMETRIC_REPRESENTATION_CONTEXT(2) 
PARAMETRIC_REPRESENTATION_CONTEXT() REPRESENTATION_CONTEXT('2D SPACE',''
  ) );
#403 = ORIENTED_EDGE('',*,*,#163,.T.);
#404 = ORIENTED_EDGE('',*,*,#405,.T.);
#405 = EDGE_CURVE('',#166,#286,#406,.T.);
#406 = SURFACE_CURVE('',#407,(#411,#418),.PCURVE_S1.);
#407 = LINE('',#408,#409);
#408 = CARTESIAN_POINT('',(-4.129E+03,-20.,110.));
#409 = VECTOR('',#410,1.);
#410 = DIRECTION('',(1.,0.,-0.));
#411 = PCURVE('',#186,#412);
#412 = DEFINITIONAL_REPRESENTATION('',(#413),#417);
#413 = LINE('',#414,#415);
#414 = CARTESIAN_POINT('',(110.,0.));
#415 = VECTOR('',#416,1.);
#416 = DIRECTION('',(0.,1.));
#417 = ( GEOMETRIC_REPRESENTATION_CONTEXT(2) 
PARAMETRIC_REPRESENTATION_CONTEXT() REPRESENTATION_CONTEXT('2D SPACE',''
  ) );
#418 = PCURVE('',#268,#419);
#419 = DEFINITIONAL_REPRESENTATION('',(#420),#424);
#420 = LINE('',#421,#422);
#421 = CARTESIAN_POINT('',(0.,0.));
#422 = VECTOR('',#423,1.);
#423 = DIRECTION('',(1.,0.));
#424 = ( GEOMETRIC_REPRESENTATION_CONTEXT(2) 
PARAMETRIC_REPRESENTATION_CONTEXT() REPRESENTATION_CONTEXT('2D SPACE',''
  ) );
#425 = ORIENTED_EDGE('',*,*,#283,.F.);
#426 = ADVANCED_FACE('',(#427),#242,.T.);
#427 = FACE_BOUND('',#428,.T.);
#428 = EDGE_LOOP('',(#429,#450,#451,#472));
#429 = ORIENTED_EDGE('',*,*,#430,.F.);
#430 = EDGE_CURVE('',#199,#314,#431,.T.);
#431 = SURFACE_CURVE('',#432,(#436,#443),.PCURVE_S1.);
#432 = LINE('',#433,#434);
#433 = CARTESIAN_POINT('',(-4.129E+03,20.,0.));
#434 = VECTOR('',#435,1.);
#435 = DIRECTION('',(1.,0.,-0.));
#436 = PCURVE('',#242,#437);
#437 = DEFINITIONAL_REPRESENTATION('',(#438),#442);
#438 = LINE('',#439,#440);
#439 = CARTESIAN_POINT('',(0.,0.));
#440 = VECTOR('',#441,1.);
#441 = DIRECTION('',(0.,1.));
#442 = ( GEOMETRIC_REPRESENTATION_CONTEXT(2) 
PARAMETRIC_REPRESENTATION_CONTEXT() REPRESENTATION_CONTEXT('2D SPACE',''
  ) );
#443 = PCURVE('',#214,#444);
#444 = DEFINITIONAL_REPRESENTATION('',(#445),#449);
#445 = LINE('',#446,#447);
#446 = CARTESIAN_POINT('',(0.,40.));
#447 = VECTOR('',#448,1.);
#448 = DIRECTION('',(1.,0.));
#449 = ( GEOMETRIC_REPRESENTATION_CONTEXT(2) 
PARAMETRIC_REPRESENTATION_CONTEXT() REPRESENTATION_CONTEXT('2D SPACE',''
  ) );
#450 = ORIENTED_EDGE('',*,*,#226,.T.);
#451 = ORIENTED_EDGE('',*,*,#452,.T.);
#452 = EDGE_CURVE('',#227,#337,#453,.T.);
#453 = SURFACE_CURVE('',#454,(#458,#465),.PCURVE_S1.);
#454 = LINE('',#455,#456);
#455 = CARTESIAN_POINT('',(-4.129E+03,20.,110.));
#456 = VECTOR('',#457,1.);
#457 = DIRECTION('',(1.,0.,-0.));
#458 = PCURVE('',#242,#459);
#459 = DEFINITIONAL_REPRESENTATION('',(#460),#464);
#460 = LINE('',#461,#462);
#461 = CARTESIAN_POINT('',(110.,0.));
#462 = VECTOR('',#463,1.);
#463 = DIRECTION('',(0.,1.));
#464 = ( GEOMETRIC_REPRESENTATION_CONTEXT(2) 
PARAMETRIC_REPRESENTATION_CONTEXT() REPRESENTATION_CONTEXT('2D SPACE',''
  ) );
#465 = PCURVE('',#268,#466);
#466 = DEFINITIONAL_REPRESENTATION('',(#467),#471);
#467 = LINE('',#468,#469);
#468 = CARTESIAN_POINT('',(0.,40.));
#469 = VECTOR('',#470,1.);
#470 = DIRECTION('',(1.,0.));
#471 = ( GEOMETRIC_REPRESENTATION_CONTEXT(2) 
PARAMETRIC_REPRESENTATION_CONTEXT() REPRESENTATION_CONTEXT('2D SPACE',''
  ) );
#472 = ORIENTED_EDGE('',*,*,#336,.F.);
#473 = ADVANCED_FACE('',(#474),#214,.F.);
#474 = FACE_BOUND('',#475,.F.);
#475 = EDGE_LOOP('',(#476,#477,#478,#479));
#476 = ORIENTED_EDGE('',*,*,#198,.F.);
#477 = ORIENTED_EDGE('',*,*,#383,.T.);
#478 = ORIENTED_EDGE('',*,*,#313,.T.);
#479 = ORIENTED_EDGE('',*,*,#430,.F.);
#480 = ADVANCED_FACE('',(#481),#268,.T.);
#481 = FACE_BOUND('',#482,.T.);
#482 = EDGE_LOOP('',(#483,#484,#485,#486));
#483 = ORIENTED_EDGE('',*,*,#254,.F.);
#484 = ORIENTED_EDGE('',*,*,#405,.T.);
#485 = ORIENTED_EDGE('',*,*,#359,.T.);
#486 = ORIENTED_EDGE('',*,*,#452,.F.);
#487 = ( GEOMETRIC_REPRESENTATION_CONTEXT(3) 
GLOBAL_UNCERTAINTY_ASSIGNED_CONTEXT((#491)) GLOBAL_UNIT_ASSIGNED_CONTEXT
((#488,#489,#490)) REPRESENTATION_CONTEXT('Context #1',
  '3D Context with UNIT and UNCERTAINTY') );
#488 = ( LENGTH_UNIT() NAMED_UNIT(*) SI_UNIT(.MILLI.,.METRE.) );
#489 = ( NAMED_UNIT(*) PLANE_ANGLE_UNIT() SI_UNIT($,.RADIAN.) );
#490 = ( NAMED_UNIT(*) SI_UNIT($,.STERADIAN.) SOLID_ANGLE_UNIT() );
#491 = UNCERTAINTY_MEASURE_WITH_UNIT(LENGTH_MEASURE(1.E-07),#488,
  'distance_accuracy_value','confusion accuracy');
#492 = CONTEXT_DEPENDENT_SHAPE_REPRESENTATION(#493,#495);
#493 = ( REPRESENTATION_RELATIONSHIP('','',#156,#10) 
REPRESENTATION_RELATIONSHIP_WITH_TRANSFORMATION(#494) 
SHAPE_REPRESENTATION_RELATIONSHIP() );
#494 = ITEM_DEFINED_TRANSFORMATION('','',#11,#15);
#495 = PRODUCT_DEFINITION_SHAPE('Placement','Placement of an item',#496
  );
#496 = NEXT_ASSEMBLY_USAGE_OCCURRENCE('35','metal.1','',#5,#151,$);
#497 = PRODUCT_RELATED_PRODUCT_CATEGORY('part',$,(#153));
#498 = SHAPE_DEFINITION_REPRESENTATION(#499,#505);
#499 = PRODUCT_DEFINITION_SHAPE('','',#500);
#500 = PRODUCT_DEFINITION('design','',#501,#504);
#501 = PRODUCT_DEFINITION_FORMATION('','',#502);
#502 = PRODUCT('metal.2','metal.2','',(#503));
#503 = PRODUCT_CONTEXT('',#2,'mechanical');
#504 = PRODUCT_DEFINITION_CONTEXT('part definition',#2,'design');
#505 = ADVANCED_BREP_SHAPE_REPRESENTATION('',(#11,#506),#836);
#506 = MANIFOLD_SOLID_BREP('',#507);
#507 = CLOSED_SHELL('',(#508,#628,#728,#775,#822,#829));
#508 = ADVANCED_FACE('',(#509),#523,.F.);
#509 = FACE_BOUND('',#510,.F.);
#510 = EDGE_LOOP('',(#511,#546,#574,#602));
#511 = ORIENTED_EDGE('',*,*,#512,.F.);
#512 = EDGE_CURVE('',#513,#515,#517,.T.);
#513 = VERTEX_POINT('',#514);
#514 = CARTESIAN_POINT('',(-4.129E+03,-20.,0.));
#515 = VERTEX_POINT('',#516);
#516 = CARTESIAN_POINT('',(-4.129E+03,-20.,110.));
#517 = SURFACE_CURVE('',#518,(#522,#534),.PCURVE_S1.);
#518 = LINE('',#519,#520);
#519 = CARTESIAN_POINT('',(-4.129E+03,-20.,0.));
#520 = VECTOR('',#521,1.);
#521 = DIRECTION('',(0.,0.,1.));
#522 = PCURVE('',#523,#528);
#523 = PLANE('',#524);
#524 = AXIS2_PLACEMENT_3D('',#525,#526,#527);
#525 = CARTESIAN_POINT('',(-4.129E+03,-20.,0.));
#526 = DIRECTION('',(1.,0.,-0.));
#527 = DIRECTION('',(0.,0.,1.));
#528 = DEFINITIONAL_REPRESENTATION('',(#529),#533);
#529 = LINE('',#530,#531);
#530 = CARTESIAN_POINT('',(0.,0.));
#531 = VECTOR('',#532,1.);
#532 = DIRECTION('',(1.,0.));
#533 = ( GEOMETRIC_REPRESENTATION_CONTEXT(2) 
PARAMETRIC_REPRESENTATION_CONTEXT() REPRESENTATION_CONTEXT('2D SPACE',''
  ) );
#534 = PCURVE('',#535,#540);
#535 = PLANE('',#536);
#536 = AXIS2_PLACEMENT_3D('',#537,#538,#539);
#537 = CARTESIAN_POINT('',(-4.129E+03,-20.,0.));
#538 = DIRECTION('',(-0.,1.,0.));
#539 = DIRECTION('',(0.,0.,1.));
#540 = DEFINITIONAL_REPRESENTATION('',(#541),#545);
#541 = LINE('',#542,#543);
#542 = CARTESIAN_POINT('',(0.,0.));
#543 = VECTOR('',#544,1.);
#544 = DIRECTION('',(1.,0.));
#545 = ( GEOMETRIC_REPRESENTATION_CONTEXT(2) 
PARAMETRIC_REPRESENTATION_CONTEXT() REPRESENTATION_CONTEXT('2D SPACE',''
  ) );
#546 = ORIENTED_EDGE('',*,*,#547,.T.);
#547 = EDGE_CURVE('',#513,#548,#550,.T.);
#548 = VERTEX_POINT('',#549);
#549 = CARTESIAN_POINT('',(-4.129E+03,20.,0.));
#550 = SURFACE_CURVE('',#551,(#555,#562),.PCURVE_S1.);
#551 = LINE('',#552,#553);
#552 = CARTESIAN_POINT('',(-4.129E+03,-20.,0.));
#553 = VECTOR('',#554,1.);
#554 = DIRECTION('',(-0.,1.,0.));
#555 = PCURVE('',#523,#556);
#556 = DEFINITIONAL_REPRESENTATION('',(#557),#561);
#557 = LINE('',#558,#559);
#558 = CARTESIAN_POINT('',(0.,0.));
#559 = VECTOR('',#560,1.);
#560 = DIRECTION('',(0.,-1.));
#561 = ( GEOMETRIC_REPRESENTATION_CONTEXT(2) 
PARAMETRIC_REPRESENTATION_CONTEXT() REPRESENTATION_CONTEXT('2D SPACE',''
  ) );
#562 = PCURVE('',#563,#568);
#563 = PLANE('',#564);
#564 = AXIS2_PLACEMENT_3D('',#565,#566,#567);
#565 = CARTESIAN_POINT('',(-4.129E+03,-20.,0.));
#566 = DIRECTION('',(0.,0.,1.));
#567 = DIRECTION('',(1.,0.,-0.));
#568 = DEFINITIONAL_REPRESENTATION('',(#569),#573);
#569 = LINE('',#570,#571);
#570 = CARTESIAN_POINT('',(0.,0.));
#571 = VECTOR('',#572,1.);
#572 = DIRECTION('',(0.,1.));
#573 = ( GEOMETRIC_REPRESENTATION_CONTEXT(2) 
PARAMETRIC_REPRESENTATION_CONTEXT() REPRESENTATION_CONTEXT('2D SPACE',''
  ) );
#574 = ORIENTED_EDGE('',*,*,#575,.T.);
#575 = EDGE_CURVE('',#548,#576,#578,.T.);
#576 = VERTEX_POINT('',#577);
#577 = CARTESIAN_POINT('',(-4.129E+03,20.,110.));
#578 = SURFACE_CURVE('',#579,(#583,#590),.PCURVE_S1.);
#579 = LINE('',#580,#581);
#580 = CARTESIAN_POINT('',(-4.129E+03,20.,0.));
#581 = VECTOR('',#582,1.);
#582 = DIRECTION('',(0.,0.,1.));
#583 = PCURVE('',#523,#584);
#584 = DEFINITIONAL_REPRESENTATION('',(#585),#589);
#585 = LINE('',#586,#587);
#586 = CARTESIAN_POINT('',(0.,-40.));
#587 = VECTOR('',#588,1.);
#588 = DIRECTION('',(1.,0.));
#589 = ( GEOMETRIC_REPRESENTATION_CONTEXT(2) 
PARAMETRIC_REPRESENTATION_CONTEXT() REPRESENTATION_CONTEXT('2D SPACE',''
  ) );
#590 = PCURVE('',#591,#596);
#591 = PLANE('',#592);
#592 = AXIS2_PLACEMENT_3D('',#593,#594,#595);
#593 = CARTESIAN_POINT('',(-4.129E+03,20.,0.));
#594 = DIRECTION('',(-0.,1.,0.));
#595 = DIRECTION('',(0.,0.,1.));
#596 = DEFINITIONAL_REPRESENTATION('',(#597),#601);
#597 = LINE('',#598,#599);
#598 = CARTESIAN_POINT('',(0.,0.));
#599 = VECTOR('',#600,1.);
#600 = DIRECTION('',(1.,0.));
#601 = ( GEOMETRIC_REPRESENTATION_CONTEXT(2) 
PARAMETRIC_REPRESENTATION_CONTEXT() REPRESENTATION_CONTEXT('2D SPACE',''
  ) );
#602 = ORIENTED_EDGE('',*,*,#603,.F.);
#603 = EDGE_CURVE('',#515,#576,#604,.T.);
#604 = SURFACE_CURVE('',#605,(#609,#616),.PCURVE_S1.);
#605 = LINE('',#606,#607);
#606 = CARTESIAN_POINT('',(-4.129E+03,-20.,110.));
#607 = VECTOR('',#608,1.);
#608 = DIRECTION('',(-0.,1.,0.));
#609 = PCURVE('',#523,#610);
#610 = DEFINITIONAL_REPRESENTATION('',(#611),#615);
#611 = LINE('',#612,#613);
#612 = CARTESIAN_POINT('',(110.,0.));
#613 = VECTOR('',#614,1.);
#614 = DIRECTION('',(0.,-1.));
#615 = ( GEOMETRIC_REPRESENTATION_CONTEXT(2) 
PARAMETRIC_REPRESENTATION_CONTEXT() REPRESENTATION_CONTEXT('2D SPACE',''
  ) );
#616 = PCURVE('',#617,#622);
#617 = PLANE('',#618);
#618 = AXIS2_PLACEMENT_3D('',#619,#620,#621);
#619 = CARTESIAN_POINT('',(-4.129E+03,-20.,110.));
#620 = DIRECTION('',(0.,0.,1.));
#621 = DIRECTION('',(1.,0.,-0.));
#622 = DEFINITIONAL_REPRESENTATION('',(#623),#627);
#623 = LINE('',#624,#625);
#624 = CARTESIAN_POINT('',(0.,0.));
#625 = VECTOR('',#626,1.);
#626 = DIRECTION('',(0.,1.));
#627 = ( GEOMETRIC_REPRESENTATION_CONTEXT(2) 
PARAMETRIC_REPRESENTATION_CONTEXT() REPRESENTATION_CONTEXT('2D SPACE',''
  ) );
#628 = ADVANCED_FACE('',(#629),#643,.T.);
#629 = FACE_BOUND('',#630,.T.);
#630 = EDGE_LOOP('',(#631,#661,#684,#707));
#631 = ORIENTED_EDGE('',*,*,#632,.F.);
#632 = EDGE_CURVE('',#633,#635,#637,.T.);
#633 = VERTEX_POINT('',#634);
#634 = CARTESIAN_POINT('',(4.129E+03,-20.,0.));
#635 = VERTEX_POINT('',#636);
#636 = CARTESIAN_POINT('',(4.129E+03,-20.,110.));
#637 = SURFACE_CURVE('',#638,(#642,#654),.PCURVE_S1.);
#638 = LINE('',#639,#640);
#639 = CARTESIAN_POINT('',(4.129E+03,-20.,0.));
#640 = VECTOR('',#641,1.);
#641 = DIRECTION('',(0.,0.,1.));
#642 = PCURVE('',#643,#648);
#643 = PLANE('',#644);
#644 = AXIS2_PLACEMENT_3D('',#645,#646,#647);
#645 = CARTESIAN_POINT('',(4.129E+03,-20.,0.));
#646 = DIRECTION('',(1.,0.,-0.));
#647 = DIRECTION('',(0.,0.,1.));
#648 = DEFINITIONAL_REPRESENTATION('',(#649),#653);
#649 = LINE('',#650,#651);
#650 = CARTESIAN_POINT('',(0.,0.));
#651 = VECTOR('',#652,1.);
#652 = DIRECTION('',(1.,0.));
#653 = ( GEOMETRIC_REPRESENTATION_CONTEXT(2) 
PARAMETRIC_REPRESENTATION_CONTEXT() REPRESENTATION_CONTEXT('2D SPACE',''
  ) );
#654 = PCURVE('',#535,#655);
#655 = DEFINITIONAL_REPRESENTATION('',(#656),#660);
#656 = LINE('',#657,#658);
#657 = CARTESIAN_POINT('',(0.,8.258E+03));
#658 = VECTOR('',#659,1.);
#659 = DIRECTION('',(1.,0.));
#660 = ( GEOMETRIC_REPRESENTATION_CONTEXT(2) 
PARAMETRIC_REPRESENTATION_CONTEXT() REPRESENTATION_CONTEXT('2D SPACE',''
  ) );
#661 = ORIENTED_EDGE('',*,*,#662,.T.);
#662 = EDGE_CURVE('',#633,#663,#665,.T.);
#663 = VERTEX_POINT('',#664);
#664 = CARTESIAN_POINT('',(4.129E+03,20.,0.));
#665 = SURFACE_CURVE('',#666,(#670,#677),.PCURVE_S1.);
#666 = LINE('',#667,#668);
#667 = CARTESIAN_POINT('',(4.129E+03,-20.,0.));
#668 = VECTOR('',#669,1.);
#669 = DIRECTION('',(-0.,1.,0.));
#670 = PCURVE('',#643,#671);
#671 = DEFINITIONAL_REPRESENTATION('',(#672),#676);
#672 = LINE('',#673,#674);
#673 = CARTESIAN_POINT('',(0.,0.));
#674 = VECTOR('',#675,1.);
#675 = DIRECTION('',(0.,-1.));
#676 = ( GEOMETRIC_REPRESENTATION_CONTEXT(2) 
PARAMETRIC_REPRESENTATION_CONTEXT() REPRESENTATION_CONTEXT('2D SPACE',''
  ) );
#677 = PCURVE('',#563,#678);
#678 = DEFINITIONAL_REPRESENTATION('',(#679),#683);
#679 = LINE('',#680,#681);
#680 = CARTESIAN_POINT('',(8.258E+03,0.));
#681 = VECTOR('',#682,1.);
#682 = DIRECTION('',(0.,1.));
#683 = ( GEOMETRIC_REPRESENTATION_CONTEXT(2) 
PARAMETRIC_REPRESENTATION_CONTEXT() REPRESENTATION_CONTEXT('2D SPACE',''
  ) );
#684 = ORIENTED_EDGE('',*,*,#685,.T.);
#685 = EDGE_CURVE('',#663,#686,#688,.T.);
#686 = VERTEX_POINT('',#687);
#687 = CARTESIAN_POINT('',(4.129E+03,20.,110.));
#688 = SURFACE_CURVE('',#689,(#693,#700),.PCURVE_S1.);
#689 = LINE('',#690,#691);
#690 = CARTESIAN_POINT('',(4.129E+03,20.,0.));
#691 = VECTOR('',#692,1.);
#692 = DIRECTION('',(0.,0.,1.));
#693 = PCURVE('',#643,#694);
#694 = DEFINITIONAL_REPRESENTATION('',(#695),#699);
#695 = LINE('',#696,#697);
#696 = CARTESIAN_POINT('',(0.,-40.));
#697 = VECTOR('',#698,1.);
#698 = DIRECTION('',(1.,0.));
#699 = ( GEOMETRIC_REPRESENTATION_CONTEXT(2) 
PARAMETRIC_REPRESENTATION_CONTEXT() REPRESENTATION_CONTEXT('2D SPACE',''
  ) );
#700 = PCURVE('',#591,#701);
#701 = DEFINITIONAL_REPRESENTATION('',(#702),#706);
#702 = LINE('',#703,#704);
#703 = CARTESIAN_POINT('',(0.,8.258E+03));
#704 = VECTOR('',#705,1.);
#705 = DIRECTION('',(1.,0.));
#706 = ( GEOMETRIC_REPRESENTATION_CONTEXT(2) 
PARAMETRIC_REPRESENTATION_CONTEXT() REPRESENTATION_CONTEXT('2D SPACE',''
  ) );
#707 = ORIENTED_EDGE('',*,*,#708,.F.);
#708 = EDGE_CURVE('',#635,#686,#709,.T.);
#709 = SURFACE_CURVE('',#710,(#714,#721),.PCURVE_S1.);
#710 = LINE('',#711,#712);
#711 = CARTESIAN_POINT('',(4.129E+03,-20.,110.));
#712 = VECTOR('',#713,1.);
#713 = DIRECTION('',(-0.,1.,0.));
#714 = PCURVE('',#643,#715);
#715 = DEFINITIONAL_REPRESENTATION('',(#716),#720);
#716 = LINE('',#717,#718);
#717 = CARTESIAN_POINT('',(110.,0.));
#718 = VECTOR('',#719,1.);
#719 = DIRECTION('',(0.,-1.));
#720 = ( GEOMETRIC_REPRESENTATION_CONTEXT(2) 
PARAMETRIC_REPRESENTATION_CONTEXT() REPRESENTATION_CONTEXT('2D SPACE',''
  ) );
#721 = PCURVE('',#617,#722);
#722 = DEFINITIONAL_REPRESENTATION('',(#723),#727);
#723 = LINE('',#724,#725);
#724 = CARTESIAN_POINT('',(8.258E+03,0.));
#725 = VECTOR('',#726,1.);
#726 = DIRECTION('',(0.,1.));
#727 = ( GEOMETRIC_REPRESENTATION_CONTEXT(2) 
PARAMETRIC_REPRESENTATION_CONTEXT() REPRESENTATION_CONTEXT('2D SPACE',''
  ) );
#728 = ADVANCED_FACE('',(#729),#535,.F.);
#729 = FACE_BOUND('',#730,.F.);
#730 = EDGE_LOOP('',(#731,#752,#753,#774));
#731 = ORIENTED_EDGE('',*,*,#732,.F.);
#732 = EDGE_CURVE('',#513,#633,#733,.T.);
#733 = SURFACE_CURVE('',#734,(#738,#745),.PCURVE_S1.);
#734 = LINE('',#735,#736);
#735 = CARTESIAN_POINT('',(-4.129E+03,-20.,0.));
#736 = VECTOR('',#737,1.);
#737 = DIRECTION('',(1.,0.,-0.));
#738 = PCURVE('',#535,#739);
#739 = DEFINITIONAL_REPRESENTATION('',(#740),#744);
#740 = LINE('',#741,#742);
#741 = CARTESIAN_POINT('',(0.,0.));
#742 = VECTOR('',#743,1.);
#743 = DIRECTION('',(0.,1.));
#744 = ( GEOMETRIC_REPRESENTATION_CONTEXT(2) 
PARAMETRIC_REPRESENTATION_CONTEXT() REPRESENTATION_CONTEXT('2D SPACE',''
  ) );
#745 = PCURVE('',#563,#746);
#746 = DEFINITIONAL_REPRESENTATION('',(#747),#751);
#747 = LINE('',#748,#749);
#748 = CARTESIAN_POINT('',(0.,0.));
#749 = VECTOR('',#750,1.);
#750 = DIRECTION('',(1.,0.));
#751 = ( GEOMETRIC_REPRESENTATION_CONTEXT(2) 
PARAMETRIC_REPRESENTATION_CONTEXT() REPRESENTATION_CONTEXT('2D SPACE',''
  ) );
#752 = ORIENTED_EDGE('',*,*,#512,.T.);
#753 = ORIENTED_EDGE('',*,*,#754,.T.);
#754 = EDGE_CURVE('',#515,#635,#755,.T.);
#755 = SURFACE_CURVE('',#756,(#760,#767),.PCURVE_S1.);
#756 = LINE('',#757,#758);
#757 = CARTESIAN_POINT('',(-4.129E+03,-20.,110.));
#758 = VECTOR('',#759,1.);
#759 = DIRECTION('',(1.,0.,-0.));
#760 = PCURVE('',#535,#761);
#761 = DEFINITIONAL_REPRESENTATION('',(#762),#766);
#762 = LINE('',#763,#764);
#763 = CARTESIAN_POINT('',(110.,0.));
#764 = VECTOR('',#765,1.);
#765 = DIRECTION('',(0.,1.));
#766 = ( GEOMETRIC_REPRESENTATION_CONTEXT(2) 
PARAMETRIC_REPRESENTATION_CONTEXT() REPRESENTATION_CONTEXT('2D SPACE',''
  ) );
#767 = PCURVE('',#617,#768);
#768 = DEFINITIONAL_REPRESENTATION('',(#769),#773);
#769 = LINE('',#770,#771);
#770 = CARTESIAN_POINT('',(0.,0.));
#771 = VECTOR('',#772,1.);
#772 = DIRECTION('',(1.,0.));
#773 = ( GEOMETRIC_REPRESENTATION_CONTEXT(2) 
PARAMETRIC_REPRESENTATION_CONTEXT() REPRESENTATION_CONTEXT('2D SPACE',''
  ) );
#774 = ORIENTED_EDGE('',*,*,#632,.F.);
#775 = ADVANCED_FACE('',(#776),#591,.T.);
#776 = FACE_BOUND('',#777,.T.);
#777 = EDGE_LOOP('',(#778,#799,#800,#821));
#778 = ORIENTED_EDGE('',*,*,#779,.F.);
#779 = EDGE_CURVE('',#548,#663,#780,.T.);
#780 = SURFACE_CURVE('',#781,(#785,#792),.PCURVE_S1.);
#781 = LINE('',#782,#783);
#782 = CARTESIAN_POINT('',(-4.129E+03,20.,0.));
#783 = VECTOR('',#784,1.);
#784 = DIRECTION('',(1.,0.,-0.));
#785 = PCURVE('',#591,#786);
#786 = DEFINITIONAL_REPRESENTATION('',(#787),#791);
#787 = LINE('',#788,#789);
#788 = CARTESIAN_POINT('',(0.,0.));
#789 = VECTOR('',#790,1.);
#790 = DIRECTION('',(0.,1.));
#791 = ( GEOMETRIC_REPRESENTATION_CONTEXT(2) 
PARAMETRIC_REPRESENTATION_CONTEXT() REPRESENTATION_CONTEXT('2D SPACE',''
  ) );
#792 = PCURVE('',#563,#793);
#793 = DEFINITIONAL_REPRESENTATION('',(#794),#798);
#794 = LINE('',#795,#796);
#795 = CARTESIAN_POINT('',(0.,40.));
#796 = VECTOR('',#797,1.);
#797 = DIRECTION('',(1.,0.));
#798 = ( GEOMETRIC_REPRESENTATION_CONTEXT(2) 
PARAMETRIC_REPRESENTATION_CONTEXT() REPRESENTATION_CONTEXT('2D SPACE',''
  ) );
#799 = ORIENTED_EDGE('',*,*,#575,.T.);
#800 = ORIENTED_EDGE('',*,*,#801,.T.);
#801 = EDGE_CURVE('',#576,#686,#802,.T.);
#802 = SURFACE_CURVE('',#803,(#807,#814),.PCURVE_S1.);
#803 = LINE('',#804,#805);
#804 = CARTESIAN_POINT('',(-4.129E+03,20.,110.));
#805 = VECTOR('',#806,1.);
#806 = DIRECTION('',(1.,0.,-0.));
#807 = PCURVE('',#591,#808);
#808 = DEFINITIONAL_REPRESENTATION('',(#809),#813);
#809 = LINE('',#810,#811);
#810 = CARTESIAN_POINT('',(110.,0.));
#811 = VECTOR('',#812,1.);
#812 = DIRECTION('',(0.,1.));
#813 = ( GEOMETRIC_REPRESENTATION_CONTEXT(2) 
PARAMETRIC_REPRESENTATION_CONTEXT() REPRESENTATION_CONTEXT('2D SPACE',''
  ) );
#814 = PCURVE('',#617,#815);
#815 = DEFINITIONAL_REPRESENTATION('',(#816),#820);
#816 = LINE('',#817,#818);
#817 = CARTESIAN_POINT('',(0.,40.));
#818 = VECTOR('',#819,1.);
#819 = DIRECTION('',(1.,0.));
#820 = ( GEOMETRIC_REPRESENTATION_CONTEXT(2) 
PARAMETRIC_REPRESENTATION_CONTEXT() REPRESENTATION_CONTEXT('2D SPACE',''
  ) );
#821 = ORIENTED_EDGE('',*,*,#685,.F.);
#822 = ADVANCED_FACE('',(#823),#563,.F.);
#823 = FACE_BOUND('',#824,.F.);
#824 = EDGE_LOOP('',(#825,#826,#827,#828));
#825 = ORIENTED_EDGE('',*,*,#547,.F.);
#826 = ORIENTED_EDGE('',*,*,#732,.T.);
#827 = ORIENTED_EDGE('',*,*,#662,.T.);
#828 = ORIENTED_EDGE('',*,*,#779,.F.);
#829 = ADVANCED_FACE('',(#830),#617,.T.);
#830 = FACE_BOUND('',#831,.T.);
#831 = EDGE_LOOP('',(#832,#833,#834,#835));
#832 = ORIENTED_EDGE('',*,*,#603,.F.);
#833 = ORIENTED_EDGE('',*,*,#754,.T.);
#834 = ORIENTED_EDGE('',*,*,#708,.T.);
#835 = ORIENTED_EDGE('',*,*,#801,.F.);
#836 = ( GEOMETRIC_REPRESENTATION_CONTEXT(3) 
GLOBAL_UNCERTAINTY_ASSIGNED_CONTEXT((#840)) GLOBAL_UNIT_ASSIGNED_CONTEXT
((#837,#838,#839)) REPRESENTATION_CONTEXT('Context #1',
  '3D Context with UNIT and UNCERTAINTY') );
#837 = ( LENGTH_UNIT() NAMED_UNIT(*) SI_UNIT(.MILLI.,.METRE.) );
#838 = ( NAMED_UNIT(*) PLANE_ANGLE_UNIT() SI_UNIT($,.RADIAN.) );
#839 = ( NAMED_UNIT(*) SI_UNIT($,.STERADIAN.) SOLID_ANGLE_UNIT() );
#840 = UNCERTAINTY_MEASURE_WITH_UNIT(LENGTH_MEASURE(1.E-07),#837,
  'distance_accuracy_value','confusion accuracy');
#841 = CONTEXT_DEPENDENT_SHAPE_REPRESENTATION(#842,#844);
#842 = ( REPRESENTATION_RELATIONSHIP('','',#505,#10) 
REPRESENTATION_RELATIONSHIP_WITH_TRANSFORMATION(#843) 
SHAPE_REPRESENTATION_RELATIONSHIP() );
#843 = ITEM_DEFINED_TRANSFORMATION('','',#11,#19);
#844 = PRODUCT_DEFINITION_SHAPE('Placement','Placement of an item',#845
  );
#845 = NEXT_ASSEMBLY_USAGE_OCCURRENCE('36','metal.2','',#5,#500,$);
#846 = PRODUCT_RELATED_PRODUCT_CATEGORY('part',$,(#502));
#847 = SHAPE_DEFINITION_REPRESENTATION(#848,#854);
#848 = PRODUCT_DEFINITION_SHAPE('','',#849);
#849 = PRODUCT_DEFINITION('design','',#850,#853);
#850 = PRODUCT_DEFINITION_FORMATION('','',#851);
#851 = PRODUCT('metal.101','metal.101','',(#852));
#852 = PRODUCT_CONTEXT('',#2,'mechanical');
#853 = PRODUCT_DEFINITION_CONTEXT('part definition',#2,'design');
#854 = ADVANCED_BREP_SHAPE_REPRESENTATION('',(#11,#855),#1499);
#855 = MANIFOLD_SOLID_BREP('',#856);
#856 = CLOSED_SHELL('',(#857,#977,#1053,#1208,#1257,#1284,#1291,#1367,
    #1416,#1465,#1492));
#857 = ADVANCED_FACE('',(#858),#872,.F.);
#858 = FACE_BOUND('',#859,.F.);
#859 = EDGE_LOOP('',(#860,#895,#923,#951));
#860 = ORIENTED_EDGE('',*,*,#861,.F.);
#861 = EDGE_CURVE('',#862,#864,#866,.T.);
#862 = VERTEX_POINT('',#863);
#863 = CARTESIAN_POINT('',(-567.,-861.,0.));
#864 = VERTEX_POINT('',#865);
#865 = CARTESIAN_POINT('',(-567.,-861.,30.));
#866 = SURFACE_CURVE('',#867,(#871,#883),.PCURVE_S1.);
#867 = LINE('',#868,#869);
#868 = CARTESIAN_POINT('',(-567.,-861.,0.));
#869 = VECTOR('',#870,1.);
#870 = DIRECTION('',(0.,0.,1.));
#871 = PCURVE('',#872,#877);
#872 = PLANE('',#873);
#873 = AXIS2_PLACEMENT_3D('',#874,#875,#876);
#874 = CARTESIAN_POINT('',(-567.,-861.,0.));
#875 = DIRECTION('',(1.,0.,-0.));
#876 = DIRECTION('',(0.,0.,1.));
#877 = DEFINITIONAL_REPRESENTATION('',(#878),#882);
#878 = LINE('',#879,#880);
#879 = CARTESIAN_POINT('',(0.,0.));
#880 = VECTOR('',#881,1.);
#881 = DIRECTION('',(1.,0.));
#882 = ( GEOMETRIC_REPRESENTATION_CONTEXT(2) 
PARAMETRIC_REPRESENTATION_CONTEXT() REPRESENTATION_CONTEXT('2D SPACE',''
  ) );
#883 = PCURVE('',#884,#889);
#884 = PLANE('',#885);
#885 = AXIS2_PLACEMENT_3D('',#886,#887,#888);
#886 = CARTESIAN_POINT('',(-567.,-861.,0.));
#887 = DIRECTION('',(-0.,1.,0.));
#888 = DIRECTION('',(0.,0.,1.));
#889 = DEFINITIONAL_REPRESENTATION('',(#890),#894);
#890 = LINE('',#891,#892);
#891 = CARTESIAN_POINT('',(0.,0.));
#892 = VECTOR('',#893,1.);
#893 = DIRECTION('',(1.,0.));
#894 = ( GEOMETRIC_REPRESENTATION_CONTEXT(2) 
PARAMETRIC_REPRESENTATION_CONTEXT() REPRESENTATION_CONTEXT('2D SPACE',''
  ) );
#895 = ORIENTED_EDGE('',*,*,#896,.T.);
#896 = EDGE_CURVE('',#862,#897,#899,.T.);
#897 = VERTEX_POINT('',#898);
#898 = CARTESIAN_POINT('',(-567.,861.,0.));
#899 = SURFACE_CURVE('',#900,(#904,#911),.PCURVE_S1.);
#900 = LINE('',#901,#902);
#901 = CARTESIAN_POINT('',(-567.,-861.,0.));
#902 = VECTOR('',#903,1.);
#903 = DIRECTION('',(-0.,1.,0.));
#904 = PCURVE('',#872,#905);
#905 = DEFINITIONAL_REPRESENTATION('',(#906),#910);
#906 = LINE('',#907,#908);
#907 = CARTESIAN_POINT('',(0.,0.));
#908 = VECTOR('',#909,1.);
#909 = DIRECTION('',(0.,-1.));
#910 = ( GEOMETRIC_REPRESENTATION_CONTEXT(2) 
PARAMETRIC_REPRESENTATION_CONTEXT() REPRESENTATION_CONTEXT('2D SPACE',''
  ) );
#911 = PCURVE('',#912,#917);
#912 = PLANE('',#913);
#913 = AXIS2_PLACEMENT_3D('',#914,#915,#916);
#914 = CARTESIAN_POINT('',(-567.,-861.,0.));
#915 = DIRECTION('',(0.,0.,1.));
#916 = DIRECTION('',(1.,0.,-0.));
#917 = DEFINITIONAL_REPRESENTATION('',(#918),#922);
#918 = LINE('',#919,#920);
#919 = CARTESIAN_POINT('',(0.,0.));
#920 = VECTOR('',#921,1.);
#921 = DIRECTION('',(0.,1.));
#922 = ( GEOMETRIC_REPRESENTATION_CONTEXT(2) 
PARAMETRIC_REPRESENTATION_CONTEXT() REPRESENTATION_CONTEXT('2D SPACE',''
  ) );
#923 = ORIENTED_EDGE('',*,*,#924,.T.);
#924 = EDGE_CURVE('',#897,#925,#927,.T.);
#925 = VERTEX_POINT('',#926);
#926 = CARTESIAN_POINT('',(-567.,861.,30.));
#927 = SURFACE_CURVE('',#928,(#932,#939),.PCURVE_S1.);
#928 = LINE('',#929,#930);
#929 = CARTESIAN_POINT('',(-567.,861.,0.));
#930 = VECTOR('',#931,1.);
#931 = DIRECTION('',(0.,0.,1.));
#932 = PCURVE('',#872,#933);
#933 = DEFINITIONAL_REPRESENTATION('',(#934),#938);
#934 = LINE('',#935,#936);
#935 = CARTESIAN_POINT('',(0.,-1.722E+03));
#936 = VECTOR('',#937,1.);
#937 = DIRECTION('',(1.,0.));
#938 = ( GEOMETRIC_REPRESENTATION_CONTEXT(2) 
PARAMETRIC_REPRESENTATION_CONTEXT() REPRESENTATION_CONTEXT('2D SPACE',''
  ) );
#939 = PCURVE('',#940,#945);
#940 = PLANE('',#941);
#941 = AXIS2_PLACEMENT_3D('',#942,#943,#944);
#942 = CARTESIAN_POINT('',(-567.,861.,0.));
#943 = DIRECTION('',(-0.,1.,0.));
#944 = DIRECTION('',(0.,0.,1.));
#945 = DEFINITIONAL_REPRESENTATION('',(#946),#950);
#946 = LINE('',#947,#948);
#947 = CARTESIAN_POINT('',(0.,0.));
#948 = VECTOR('',#949,1.);
#949 = DIRECTION('',(1.,0.));
#950 = ( GEOMETRIC_REPRESENTATION_CONTEXT(2) 
PARAMETRIC_REPRESENTATION_CONTEXT() REPRESENTATION_CONTEXT('2D SPACE',''
  ) );
#951 = ORIENTED_EDGE('',*,*,#952,.F.);
#952 = EDGE_CURVE('',#864,#925,#953,.T.);
#953 = SURFACE_CURVE('',#954,(#958,#965),.PCURVE_S1.);
#954 = LINE('',#955,#956);
#955 = CARTESIAN_POINT('',(-567.,-861.,30.));
#956 = VECTOR('',#957,1.);
#957 = DIRECTION('',(-0.,1.,0.));
#958 = PCURVE('',#872,#959);
#959 = DEFINITIONAL_REPRESENTATION('',(#960),#964);
#960 = LINE('',#961,#962);
#961 = CARTESIAN_POINT('',(30.,0.));
#962 = VECTOR('',#963,1.);
#963 = DIRECTION('',(0.,-1.));
#964 = ( GEOMETRIC_REPRESENTATION_CONTEXT(2) 
PARAMETRIC_REPRESENTATION_CONTEXT() REPRESENTATION_CONTEXT('2D SPACE',''
  ) );
#965 = PCURVE('',#966,#971);
#966 = PLANE('',#967);
#967 = AXIS2_PLACEMENT_3D('',#968,#969,#970);
#968 = CARTESIAN_POINT('',(-567.,-861.,30.));
#969 = DIRECTION('',(0.,0.,1.));
#970 = DIRECTION('',(1.,0.,-0.));
#971 = DEFINITIONAL_REPRESENTATION('',(#972),#976);
#972 = LINE('',#973,#974);
#973 = CARTESIAN_POINT('',(0.,0.));
#974 = VECTOR('',#975,1.);
#975 = DIRECTION('',(0.,1.));
#976 = ( GEOMETRIC_REPRESENTATION_CONTEXT(2) 
PARAMETRIC_REPRESENTATION_CONTEXT() REPRESENTATION_CONTEXT('2D SPACE',''
  ) );
#977 = ADVANCED_FACE('',(#978),#884,.F.);
#978 = FACE_BOUND('',#979,.F.);
#979 = EDGE_LOOP('',(#980,#1003,#1004,#1027));
#980 = ORIENTED_EDGE('',*,*,#981,.F.);
#981 = EDGE_CURVE('',#862,#982,#984,.T.);
#982 = VERTEX_POINT('',#983);
#983 = CARTESIAN_POINT('',(567.,-861.,0.));
#984 = SURFACE_CURVE('',#985,(#989,#996),.PCURVE_S1.);
#985 = LINE('',#986,#987);
#986 = CARTESIAN_POINT('',(-567.,-861.,0.));
#987 = VECTOR('',#988,1.);
#988 = DIRECTION('',(1.,0.,-0.));
#989 = PCURVE('',#884,#990);
#990 = DEFINITIONAL_REPRESENTATION('',(#991),#995);
#991 = LINE('',#992,#993);
#992 = CARTESIAN_POINT('',(0.,0.));
#993 = VECTOR('',#994,1.);
#994 = DIRECTION('',(0.,1.));
#995 = ( GEOMETRIC_REPRESENTATION_CONTEXT(2) 
PARAMETRIC_REPRESENTATION_CONTEXT() REPRESENTATION_CONTEXT('2D SPACE',''
  ) );
#996 = PCURVE('',#912,#997);
#997 = DEFINITIONAL_REPRESENTATION('',(#998),#1002);
#998 = LINE('',#999,#1000);
#999 = CARTESIAN_POINT('',(0.,0.));
#1000 = VECTOR('',#1001,1.);
#1001 = DIRECTION('',(1.,0.));
#1002 = ( GEOMETRIC_REPRESENTATION_CONTEXT(2) 
PARAMETRIC_REPRESENTATION_CONTEXT() REPRESENTATION_CONTEXT('2D SPACE',''
  ) );
#1003 = ORIENTED_EDGE('',*,*,#861,.T.);
#1004 = ORIENTED_EDGE('',*,*,#1005,.T.);
#1005 = EDGE_CURVE('',#864,#1006,#1008,.T.);
#1006 = VERTEX_POINT('',#1007);
#1007 = CARTESIAN_POINT('',(567.,-861.,30.));
#1008 = SURFACE_CURVE('',#1009,(#1013,#1020),.PCURVE_S1.);
#1009 = LINE('',#1010,#1011);
#1010 = CARTESIAN_POINT('',(-567.,-861.,30.));
#1011 = VECTOR('',#1012,1.);
#1012 = DIRECTION('',(1.,0.,-0.));
#1013 = PCURVE('',#884,#1014);
#1014 = DEFINITIONAL_REPRESENTATION('',(#1015),#1019);
#1015 = LINE('',#1016,#1017);
#1016 = CARTESIAN_POINT('',(30.,0.));
#1017 = VECTOR('',#1018,1.);
#1018 = DIRECTION('',(0.,1.));
#1019 = ( GEOMETRIC_REPRESENTATION_CONTEXT(2) 
PARAMETRIC_REPRESENTATION_CONTEXT() REPRESENTATION_CONTEXT('2D SPACE',''
  ) );
#1020 = PCURVE('',#966,#1021);
#1021 = DEFINITIONAL_REPRESENTATION('',(#1022),#1026);
#1022 = LINE('',#1023,#1024);
#1023 = CARTESIAN_POINT('',(0.,0.));
#1024 = VECTOR('',#1025,1.);
#1025 = DIRECTION('',(1.,0.));
#1026 = ( GEOMETRIC_REPRESENTATION_CONTEXT(2) 
PARAMETRIC_REPRESENTATION_CONTEXT() REPRESENTATION_CONTEXT('2D SPACE',''
  ) );
#1027 = ORIENTED_EDGE('',*,*,#1028,.F.);
#1028 = EDGE_CURVE('',#982,#1006,#1029,.T.);
#1029 = SURFACE_CURVE('',#1030,(#1034,#1041),.PCURVE_S1.);
#1030 = LINE('',#1031,#1032);
#1031 = CARTESIAN_POINT('',(567.,-861.,0.));
#1032 = VECTOR('',#1033,1.);
#1033 = DIRECTION('',(0.,0.,1.));
#1034 = PCURVE('',#884,#1035);
#1035 = DEFINITIONAL_REPRESENTATION('',(#1036),#1040);
#1036 = LINE('',#1037,#1038);
#1037 = CARTESIAN_POINT('',(0.,1.134E+03));
#1038 = VECTOR('',#1039,1.);
#1039 = DIRECTION('',(1.,0.));
#1040 = ( GEOMETRIC_REPRESENTATION_CONTEXT(2) 
PARAMETRIC_REPRESENTATION_CONTEXT() REPRESENTATION_CONTEXT('2D SPACE',''
  ) );
#1041 = PCURVE('',#1042,#1047);
#1042 = PLANE('',#1043);
#1043 = AXIS2_PLACEMENT_3D('',#1044,#1045,#1046);
#1044 = CARTESIAN_POINT('',(567.,-861.,0.));
#1045 = DIRECTION('',(1.,0.,-0.));
#1046 = DIRECTION('',(0.,0.,1.));
#1047 = DEFINITIONAL_REPRESENTATION('',(#1048),#1052);
#1048 = LINE('',#1049,#1050);
#1049 = CARTESIAN_POINT('',(0.,0.));
#1050 = VECTOR('',#1051,1.);
#1051 = DIRECTION('',(1.,0.));
#1052 = ( GEOMETRIC_REPRESENTATION_CONTEXT(2) 
PARAMETRIC_REPRESENTATION_CONTEXT() REPRESENTATION_CONTEXT('2D SPACE',''
  ) );
#1053 = ADVANCED_FACE('',(#1054,#1102),#966,.T.);
#1054 = FACE_BOUND('',#1055,.T.);
#1055 = EDGE_LOOP('',(#1056,#1057,#1058,#1081));
#1056 = ORIENTED_EDGE('',*,*,#952,.F.);
#1057 = ORIENTED_EDGE('',*,*,#1005,.T.);
#1058 = ORIENTED_EDGE('',*,*,#1059,.T.);
#1059 = EDGE_CURVE('',#1006,#1060,#1062,.T.);
#1060 = VERTEX_POINT('',#1061);
#1061 = CARTESIAN_POINT('',(567.,861.,30.));
#1062 = SURFACE_CURVE('',#1063,(#1067,#1074),.PCURVE_S1.);
#1063 = LINE('',#1064,#1065);
#1064 = CARTESIAN_POINT('',(567.,-861.,30.));
#1065 = VECTOR('',#1066,1.);
#1066 = DIRECTION('',(-0.,1.,0.));
#1067 = PCURVE('',#966,#1068);
#1068 = DEFINITIONAL_REPRESENTATION('',(#1069),#1073);
#1069 = LINE('',#1070,#1071);
#1070 = CARTESIAN_POINT('',(1.134E+03,0.));
#1071 = VECTOR('',#1072,1.);
#1072 = DIRECTION('',(0.,1.));
#1073 = ( GEOMETRIC_REPRESENTATION_CONTEXT(2) 
PARAMETRIC_REPRESENTATION_CONTEXT() REPRESENTATION_CONTEXT('2D SPACE',''
  ) );
#1074 = PCURVE('',#1042,#1075);
#1075 = DEFINITIONAL_REPRESENTATION('',(#1076),#1080);
#1076 = LINE('',#1077,#1078);
#1077 = CARTESIAN_POINT('',(30.,0.));
#1078 = VECTOR('',#1079,1.);
#1079 = DIRECTION('',(0.,-1.));
#1080 = ( GEOMETRIC_REPRESENTATION_CONTEXT(2) 
PARAMETRIC_REPRESENTATION_CONTEXT() REPRESENTATION_CONTEXT('2D SPACE',''
  ) );
#1081 = ORIENTED_EDGE('',*,*,#1082,.F.);
#1082 = EDGE_CURVE('',#925,#1060,#1083,.T.);
#1083 = SURFACE_CURVE('',#1084,(#1088,#1095),.PCURVE_S1.);
#1084 = LINE('',#1085,#1086);
#1085 = CARTESIAN_POINT('',(-567.,861.,30.));
#1086 = VECTOR('',#1087,1.);
#1087 = DIRECTION('',(1.,0.,-0.));
#1088 = PCURVE('',#966,#1089);
#1089 = DEFINITIONAL_REPRESENTATION('',(#1090),#1094);
#1090 = LINE('',#1091,#1092);
#1091 = CARTESIAN_POINT('',(0.,1.722E+03));
#1092 = VECTOR('',#1093,1.);
#1093 = DIRECTION('',(1.,0.));
#1094 = ( GEOMETRIC_REPRESENTATION_CONTEXT(2) 
PARAMETRIC_REPRESENTATION_CONTEXT() REPRESENTATION_CONTEXT('2D SPACE',''
  ) );
#1095 = PCURVE('',#940,#1096);
#1096 = DEFINITIONAL_REPRESENTATION('',(#1097),#1101);
#1097 = LINE('',#1098,#1099);
#1098 = CARTESIAN_POINT('',(30.,0.));
#1099 = VECTOR('',#1100,1.);
#1100 = DIRECTION('',(0.,1.));
#1101 = ( GEOMETRIC_REPRESENTATION_CONTEXT(2) 
PARAMETRIC_REPRESENTATION_CONTEXT() REPRESENTATION_CONTEXT('2D SPACE',''
  ) );
#1102 = FACE_BOUND('',#1103,.T.);
#1103 = EDGE_LOOP('',(#1104,#1132,#1158,#1184));
#1104 = ORIENTED_EDGE('',*,*,#1105,.T.);
#1105 = EDGE_CURVE('',#1106,#1108,#1110,.T.);
#1106 = VERTEX_POINT('',#1107);
#1107 = CARTESIAN_POINT('',(532.,-826.,30.));
#1108 = VERTEX_POINT('',#1109);
#1109 = CARTESIAN_POINT('',(-532.,-826.,30.));
#1110 = SURFACE_CURVE('',#1111,(#1115,#1121),.PCURVE_S1.);
#1111 = LINE('',#1112,#1113);
#1112 = CARTESIAN_POINT('',(-549.5,-826.,30.));
#1113 = VECTOR('',#1114,1.);
#1114 = DIRECTION('',(-1.,-0.,0.));
#1115 = PCURVE('',#966,#1116);
#1116 = DEFINITIONAL_REPRESENTATION('',(#1117),#1120);
#1117 = B_SPLINE_CURVE_WITH_KNOTS('',1,(#1118,#1119),.UNSPECIFIED.,.F.,
  .F.,(2,2),(-1.0815E+03,-17.5),.PIECEWISE_BEZIER_KNOTS.);
#1118 = CARTESIAN_POINT('',(1.099E+03,35.));
#1119 = CARTESIAN_POINT('',(35.,35.));
#1120 = ( GEOMETRIC_REPRESENTATION_CONTEXT(2) 
PARAMETRIC_REPRESENTATION_CONTEXT() REPRESENTATION_CONTEXT('2D SPACE',''
  ) );
#1121 = PCURVE('',#1122,#1127);
#1122 = PLANE('',#1123);
#1123 = AXIS2_PLACEMENT_3D('',#1124,#1125,#1126);
#1124 = CARTESIAN_POINT('',(-532.,-826.,4.));
#1125 = DIRECTION('',(-0.,1.,0.));
#1126 = DIRECTION('',(0.,0.,1.));
#1127 = DEFINITIONAL_REPRESENTATION('',(#1128),#1131);
#1128 = B_SPLINE_CURVE_WITH_KNOTS('',1,(#1129,#1130),.UNSPECIFIED.,.F.,
  .F.,(2,2),(-1.0815E+03,-17.5),.PIECEWISE_BEZIER_KNOTS.);
#1129 = CARTESIAN_POINT('',(26.,1.064E+03));
#1130 = CARTESIAN_POINT('',(26.,0.));
#1131 = ( GEOMETRIC_REPRESENTATION_CONTEXT(2) 
PARAMETRIC_REPRESENTATION_CONTEXT() REPRESENTATION_CONTEXT('2D SPACE',''
  ) );
#1132 = ORIENTED_EDGE('',*,*,#1133,.T.);
#1133 = EDGE_CURVE('',#1108,#1134,#1136,.T.);
#1134 = VERTEX_POINT('',#1135);
#1135 = CARTESIAN_POINT('',(-532.,826.,30.));
#1136 = SURFACE_CURVE('',#1137,(#1141,#1147),.PCURVE_S1.);
#1137 = LINE('',#1138,#1139);
#1138 = CARTESIAN_POINT('',(-532.,-843.5,30.));
#1139 = VECTOR('',#1140,1.);
#1140 = DIRECTION('',(-0.,1.,0.));
#1141 = PCURVE('',#966,#1142);
#1142 = DEFINITIONAL_REPRESENTATION('',(#1143),#1146);
#1143 = B_SPLINE_CURVE_WITH_KNOTS('',1,(#1144,#1145),.UNSPECIFIED.,.F.,
  .F.,(2,2),(17.5,1.6695E+03),.PIECEWISE_BEZIER_KNOTS.);
#1144 = CARTESIAN_POINT('',(35.,35.));
#1145 = CARTESIAN_POINT('',(35.,1.687E+03));
#1146 = ( GEOMETRIC_REPRESENTATION_CONTEXT(2) 
PARAMETRIC_REPRESENTATION_CONTEXT() REPRESENTATION_CONTEXT('2D SPACE',''
  ) );
#1147 = PCURVE('',#1148,#1153);
#1148 = PLANE('',#1149);
#1149 = AXIS2_PLACEMENT_3D('',#1150,#1151,#1152);
#1150 = CARTESIAN_POINT('',(-532.,-826.,4.));
#1151 = DIRECTION('',(1.,0.,-0.));
#1152 = DIRECTION('',(0.,0.,1.));
#1153 = DEFINITIONAL_REPRESENTATION('',(#1154),#1157);
#1154 = B_SPLINE_CURVE_WITH_KNOTS('',1,(#1155,#1156),.UNSPECIFIED.,.F.,
  .F.,(2,2),(17.5,1.6695E+03),.PIECEWISE_BEZIER_KNOTS.);
#1155 = CARTESIAN_POINT('',(26.,0.));
#1156 = CARTESIAN_POINT('',(26.,-1.652E+03));
#1157 = ( GEOMETRIC_REPRESENTATION_CONTEXT(2) 
PARAMETRIC_REPRESENTATION_CONTEXT() REPRESENTATION_CONTEXT('2D SPACE',''
  ) );
#1158 = ORIENTED_EDGE('',*,*,#1159,.F.);
#1159 = EDGE_CURVE('',#1160,#1134,#1162,.T.);
#1160 = VERTEX_POINT('',#1161);
#1161 = CARTESIAN_POINT('',(532.,826.,30.));
#1162 = SURFACE_CURVE('',#1163,(#1167,#1173),.PCURVE_S1.);
#1163 = LINE('',#1164,#1165);
#1164 = CARTESIAN_POINT('',(-549.5,826.,30.));
#1165 = VECTOR('',#1166,1.);
#1166 = DIRECTION('',(-1.,-0.,0.));
#1167 = PCURVE('',#966,#1168);
#1168 = DEFINITIONAL_REPRESENTATION('',(#1169),#1172);
#1169 = B_SPLINE_CURVE_WITH_KNOTS('',1,(#1170,#1171),.UNSPECIFIED.,.F.,
  .F.,(2,2),(-1.0815E+03,-17.5),.PIECEWISE_BEZIER_KNOTS.);
#1170 = CARTESIAN_POINT('',(1.099E+03,1.687E+03));
#1171 = CARTESIAN_POINT('',(35.,1.687E+03));
#1172 = ( GEOMETRIC_REPRESENTATION_CONTEXT(2) 
PARAMETRIC_REPRESENTATION_CONTEXT() REPRESENTATION_CONTEXT('2D SPACE',''
  ) );
#1173 = PCURVE('',#1174,#1179);
#1174 = PLANE('',#1175);
#1175 = AXIS2_PLACEMENT_3D('',#1176,#1177,#1178);
#1176 = CARTESIAN_POINT('',(-532.,826.,4.));
#1177 = DIRECTION('',(-0.,1.,0.));
#1178 = DIRECTION('',(0.,0.,1.));
#1179 = DEFINITIONAL_REPRESENTATION('',(#1180),#1183);
#1180 = B_SPLINE_CURVE_WITH_KNOTS('',1,(#1181,#1182),.UNSPECIFIED.,.F.,
  .F.,(2,2),(-1.0815E+03,-17.5),.PIECEWISE_BEZIER_KNOTS.);
#1181 = CARTESIAN_POINT('',(26.,1.064E+03));
#1182 = CARTESIAN_POINT('',(26.,0.));
#1183 = ( GEOMETRIC_REPRESENTATION_CONTEXT(2) 
PARAMETRIC_REPRESENTATION_CONTEXT() REPRESENTATION_CONTEXT('2D SPACE',''
  ) );
#1184 = ORIENTED_EDGE('',*,*,#1185,.F.);
#1185 = EDGE_CURVE('',#1106,#1160,#1186,.T.);
#1186 = SURFACE_CURVE('',#1187,(#1191,#1197),.PCURVE_S1.);
#1187 = LINE('',#1188,#1189);
#1188 = CARTESIAN_POINT('',(532.,-843.5,30.));
#1189 = VECTOR('',#1190,1.);
#1190 = DIRECTION('',(-0.,1.,0.));
#1191 = PCURVE('',#966,#1192);
#1192 = DEFINITIONAL_REPRESENTATION('',(#1193),#1196);
#1193 = B_SPLINE_CURVE_WITH_KNOTS('',1,(#1194,#1195),.UNSPECIFIED.,.F.,
  .F.,(2,2),(17.5,1.6695E+03),.PIECEWISE_BEZIER_KNOTS.);
#1194 = CARTESIAN_POINT('',(1.099E+03,35.));
#1195 = CARTESIAN_POINT('',(1.099E+03,1.687E+03));
#1196 = ( GEOMETRIC_REPRESENTATION_CONTEXT(2) 
PARAMETRIC_REPRESENTATION_CONTEXT() REPRESENTATION_CONTEXT('2D SPACE',''
  ) );
#1197 = PCURVE('',#1198,#1203);
#1198 = PLANE('',#1199);
#1199 = AXIS2_PLACEMENT_3D('',#1200,#1201,#1202);
#1200 = CARTESIAN_POINT('',(532.,-826.,4.));
#1201 = DIRECTION('',(1.,0.,-0.));
#1202 = DIRECTION('',(0.,0.,1.));
#1203 = DEFINITIONAL_REPRESENTATION('',(#1204),#1207);
#1204 = B_SPLINE_CURVE_WITH_KNOTS('',1,(#1205,#1206),.UNSPECIFIED.,.F.,
  .F.,(2,2),(17.5,1.6695E+03),.PIECEWISE_BEZIER_KNOTS.);
#1205 = CARTESIAN_POINT('',(26.,0.));
#1206 = CARTESIAN_POINT('',(26.,-1.652E+03));
#1207 = ( GEOMETRIC_REPRESENTATION_CONTEXT(2) 
PARAMETRIC_REPRESENTATION_CONTEXT() REPRESENTATION_CONTEXT('2D SPACE',''
  ) );
#1208 = ADVANCED_FACE('',(#1209),#940,.T.);
#1209 = FACE_BOUND('',#1210,.T.);
#1210 = EDGE_LOOP('',(#1211,#1234,#1235,#1236));
#1211 = ORIENTED_EDGE('',*,*,#1212,.F.);
#1212 = EDGE_CURVE('',#897,#1213,#1215,.T.);
#1213 = VERTEX_POINT('',#1214);
#1214 = CARTESIAN_POINT('',(567.,861.,0.));
#1215 = SURFACE_CURVE('',#1216,(#1220,#1227),.PCURVE_S1.);
#1216 = LINE('',#1217,#1218);
#1217 = CARTESIAN_POINT('',(-567.,861.,0.));
#1218 = VECTOR('',#1219,1.);
#1219 = DIRECTION('',(1.,0.,-0.));
#1220 = PCURVE('',#940,#1221);
#1221 = DEFINITIONAL_REPRESENTATION('',(#1222),#1226);
#1222 = LINE('',#1223,#1224);
#1223 = CARTESIAN_POINT('',(0.,0.));
#1224 = VECTOR('',#1225,1.);
#1225 = DIRECTION('',(0.,1.));
#1226 = ( GEOMETRIC_REPRESENTATION_CONTEXT(2) 
PARAMETRIC_REPRESENTATION_CONTEXT() REPRESENTATION_CONTEXT('2D SPACE',''
  ) );
#1227 = PCURVE('',#912,#1228);
#1228 = DEFINITIONAL_REPRESENTATION('',(#1229),#1233);
#1229 = LINE('',#1230,#1231);
#1230 = CARTESIAN_POINT('',(0.,1.722E+03));
#1231 = VECTOR('',#1232,1.);
#1232 = DIRECTION('',(1.,0.));
#1233 = ( GEOMETRIC_REPRESENTATION_CONTEXT(2) 
PARAMETRIC_REPRESENTATION_CONTEXT() REPRESENTATION_CONTEXT('2D SPACE',''
  ) );
#1234 = ORIENTED_EDGE('',*,*,#924,.T.);
#1235 = ORIENTED_EDGE('',*,*,#1082,.T.);
#1236 = ORIENTED_EDGE('',*,*,#1237,.F.);
#1237 = EDGE_CURVE('',#1213,#1060,#1238,.T.);
#1238 = SURFACE_CURVE('',#1239,(#1243,#1250),.PCURVE_S1.);
#1239 = LINE('',#1240,#1241);
#1240 = CARTESIAN_POINT('',(567.,861.,0.));
#1241 = VECTOR('',#1242,1.);
#1242 = DIRECTION('',(0.,0.,1.));
#1243 = PCURVE('',#940,#1244);
#1244 = DEFINITIONAL_REPRESENTATION('',(#1245),#1249);
#1245 = LINE('',#1246,#1247);
#1246 = CARTESIAN_POINT('',(0.,1.134E+03));
#1247 = VECTOR('',#1248,1.);
#1248 = DIRECTION('',(1.,0.));
#1249 = ( GEOMETRIC_REPRESENTATION_CONTEXT(2) 
PARAMETRIC_REPRESENTATION_CONTEXT() REPRESENTATION_CONTEXT('2D SPACE',''
  ) );
#1250 = PCURVE('',#1042,#1251);
#1251 = DEFINITIONAL_REPRESENTATION('',(#1252),#1256);
#1252 = LINE('',#1253,#1254);
#1253 = CARTESIAN_POINT('',(0.,-1.722E+03));
#1254 = VECTOR('',#1255,1.);
#1255 = DIRECTION('',(1.,0.));
#1256 = ( GEOMETRIC_REPRESENTATION_CONTEXT(2) 
PARAMETRIC_REPRESENTATION_CONTEXT() REPRESENTATION_CONTEXT('2D SPACE',''
  ) );
#1257 = ADVANCED_FACE('',(#1258),#912,.F.);
#1258 = FACE_BOUND('',#1259,.F.);
#1259 = EDGE_LOOP('',(#1260,#1261,#1262,#1283));
#1260 = ORIENTED_EDGE('',*,*,#896,.F.);
#1261 = ORIENTED_EDGE('',*,*,#981,.T.);
#1262 = ORIENTED_EDGE('',*,*,#1263,.T.);
#1263 = EDGE_CURVE('',#982,#1213,#1264,.T.);
#1264 = SURFACE_CURVE('',#1265,(#1269,#1276),.PCURVE_S1.);
#1265 = LINE('',#1266,#1267);
#1266 = CARTESIAN_POINT('',(567.,-861.,0.));
#1267 = VECTOR('',#1268,1.);
#1268 = DIRECTION('',(-0.,1.,0.));
#1269 = PCURVE('',#912,#1270);
#1270 = DEFINITIONAL_REPRESENTATION('',(#1271),#1275);
#1271 = LINE('',#1272,#1273);
#1272 = CARTESIAN_POINT('',(1.134E+03,0.));
#1273 = VECTOR('',#1274,1.);
#1274 = DIRECTION('',(0.,1.));
#1275 = ( GEOMETRIC_REPRESENTATION_CONTEXT(2) 
PARAMETRIC_REPRESENTATION_CONTEXT() REPRESENTATION_CONTEXT('2D SPACE',''
  ) );
#1276 = PCURVE('',#1042,#1277);
#1277 = DEFINITIONAL_REPRESENTATION('',(#1278),#1282);
#1278 = LINE('',#1279,#1280);
#1279 = CARTESIAN_POINT('',(0.,0.));
#1280 = VECTOR('',#1281,1.);
#1281 = DIRECTION('',(0.,-1.));
#1282 = ( GEOMETRIC_REPRESENTATION_CONTEXT(2) 
PARAMETRIC_REPRESENTATION_CONTEXT() REPRESENTATION_CONTEXT('2D SPACE',''
  ) );
#1283 = ORIENTED_EDGE('',*,*,#1212,.F.);
#1284 = ADVANCED_FACE('',(#1285),#1042,.T.);
#1285 = FACE_BOUND('',#1286,.T.);
#1286 = EDGE_LOOP('',(#1287,#1288,#1289,#1290));
#1287 = ORIENTED_EDGE('',*,*,#1028,.F.);
#1288 = ORIENTED_EDGE('',*,*,#1263,.T.);
#1289 = ORIENTED_EDGE('',*,*,#1237,.T.);
#1290 = ORIENTED_EDGE('',*,*,#1059,.F.);
#1291 = ADVANCED_FACE('',(#1292),#1122,.T.);
#1292 = FACE_BOUND('',#1293,.T.);
#1293 = EDGE_LOOP('',(#1294,#1317,#1345,#1366));
#1294 = ORIENTED_EDGE('',*,*,#1295,.F.);
#1295 = EDGE_CURVE('',#1296,#1106,#1298,.T.);
#1296 = VERTEX_POINT('',#1297);
#1297 = CARTESIAN_POINT('',(532.,-826.,4.));
#1298 = SURFACE_CURVE('',#1299,(#1303,#1310),.PCURVE_S1.);
#1299 = LINE('',#1300,#1301);
#1300 = CARTESIAN_POINT('',(532.,-826.,4.));
#1301 = VECTOR('',#1302,1.);
#1302 = DIRECTION('',(0.,0.,1.));
#1303 = PCURVE('',#1122,#1304);
#1304 = DEFINITIONAL_REPRESENTATION('',(#1305),#1309);
#1305 = LINE('',#1306,#1307);
#1306 = CARTESIAN_POINT('',(0.,1.064E+03));
#1307 = VECTOR('',#1308,1.);
#1308 = DIRECTION('',(1.,0.));
#1309 = ( GEOMETRIC_REPRESENTATION_CONTEXT(2) 
PARAMETRIC_REPRESENTATION_CONTEXT() REPRESENTATION_CONTEXT('2D SPACE',''
  ) );
#1310 = PCURVE('',#1198,#1311);
#1311 = DEFINITIONAL_REPRESENTATION('',(#1312),#1316);
#1312 = LINE('',#1313,#1314);
#1313 = CARTESIAN_POINT('',(0.,0.));
#1314 = VECTOR('',#1315,1.);
#1315 = DIRECTION('',(1.,0.));
#1316 = ( GEOMETRIC_REPRESENTATION_CONTEXT(2) 
PARAMETRIC_REPRESENTATION_CONTEXT() REPRESENTATION_CONTEXT('2D SPACE',''
  ) );
#1317 = ORIENTED_EDGE('',*,*,#1318,.F.);
#1318 = EDGE_CURVE('',#1319,#1296,#1321,.T.);
#1319 = VERTEX_POINT('',#1320);
#1320 = CARTESIAN_POINT('',(-532.,-826.,4.));
#1321 = SURFACE_CURVE('',#1322,(#1326,#1333),.PCURVE_S1.);
#1322 = LINE('',#1323,#1324);
#1323 = CARTESIAN_POINT('',(-532.,-826.,4.));
#1324 = VECTOR('',#1325,1.);
#1325 = DIRECTION('',(1.,0.,-0.));
#1326 = PCURVE('',#1122,#1327);
#1327 = DEFINITIONAL_REPRESENTATION('',(#1328),#1332);
#1328 = LINE('',#1329,#1330);
#1329 = CARTESIAN_POINT('',(0.,0.));
#1330 = VECTOR('',#1331,1.);
#1331 = DIRECTION('',(0.,1.));
#1332 = ( GEOMETRIC_REPRESENTATION_CONTEXT(2) 
PARAMETRIC_REPRESENTATION_CONTEXT() REPRESENTATION_CONTEXT('2D SPACE',''
  ) );
#1333 = PCURVE('',#1334,#1339);
#1334 = PLANE('',#1335);
#1335 = AXIS2_PLACEMENT_3D('',#1336,#1337,#1338);
#1336 = CARTESIAN_POINT('',(-532.,-826.,4.));
#1337 = DIRECTION('',(0.,0.,1.));
#1338 = DIRECTION('',(1.,0.,-0.));
#1339 = DEFINITIONAL_REPRESENTATION('',(#1340),#1344);
#1340 = LINE('',#1341,#1342);
#1341 = CARTESIAN_POINT('',(0.,0.));
#1342 = VECTOR('',#1343,1.);
#1343 = DIRECTION('',(1.,0.));
#1344 = ( GEOMETRIC_REPRESENTATION_CONTEXT(2) 
PARAMETRIC_REPRESENTATION_CONTEXT() REPRESENTATION_CONTEXT('2D SPACE',''
  ) );
#1345 = ORIENTED_EDGE('',*,*,#1346,.T.);
#1346 = EDGE_CURVE('',#1319,#1108,#1347,.T.);
#1347 = SURFACE_CURVE('',#1348,(#1352,#1359),.PCURVE_S1.);
#1348 = LINE('',#1349,#1350);
#1349 = CARTESIAN_POINT('',(-532.,-826.,4.));
#1350 = VECTOR('',#1351,1.);
#1351 = DIRECTION('',(0.,0.,1.));
#1352 = PCURVE('',#1122,#1353);
#1353 = DEFINITIONAL_REPRESENTATION('',(#1354),#1358);
#1354 = LINE('',#1355,#1356);
#1355 = CARTESIAN_POINT('',(0.,0.));
#1356 = VECTOR('',#1357,1.);
#1357 = DIRECTION('',(1.,0.));
#1358 = ( GEOMETRIC_REPRESENTATION_CONTEXT(2) 
PARAMETRIC_REPRESENTATION_CONTEXT() REPRESENTATION_CONTEXT('2D SPACE',''
  ) );
#1359 = PCURVE('',#1148,#1360);
#1360 = DEFINITIONAL_REPRESENTATION('',(#1361),#1365);
#1361 = LINE('',#1362,#1363);
#1362 = CARTESIAN_POINT('',(0.,0.));
#1363 = VECTOR('',#1364,1.);
#1364 = DIRECTION('',(1.,0.));
#1365 = ( GEOMETRIC_REPRESENTATION_CONTEXT(2) 
PARAMETRIC_REPRESENTATION_CONTEXT() REPRESENTATION_CONTEXT('2D SPACE',''
  ) );
#1366 = ORIENTED_EDGE('',*,*,#1105,.F.);
#1367 = ADVANCED_FACE('',(#1368),#1198,.F.);
#1368 = FACE_BOUND('',#1369,.F.);
#1369 = EDGE_LOOP('',(#1370,#1371,#1394,#1415));
#1370 = ORIENTED_EDGE('',*,*,#1295,.F.);
#1371 = ORIENTED_EDGE('',*,*,#1372,.T.);
#1372 = EDGE_CURVE('',#1296,#1373,#1375,.T.);
#1373 = VERTEX_POINT('',#1374);
#1374 = CARTESIAN_POINT('',(532.,826.,4.));
#1375 = SURFACE_CURVE('',#1376,(#1380,#1387),.PCURVE_S1.);
#1376 = LINE('',#1377,#1378);
#1377 = CARTESIAN_POINT('',(532.,-826.,4.));
#1378 = VECTOR('',#1379,1.);
#1379 = DIRECTION('',(-0.,1.,0.));
#1380 = PCURVE('',#1198,#1381);
#1381 = DEFINITIONAL_REPRESENTATION('',(#1382),#1386);
#1382 = LINE('',#1383,#1384);
#1383 = CARTESIAN_POINT('',(0.,0.));
#1384 = VECTOR('',#1385,1.);
#1385 = DIRECTION('',(0.,-1.));
#1386 = ( GEOMETRIC_REPRESENTATION_CONTEXT(2) 
PARAMETRIC_REPRESENTATION_CONTEXT() REPRESENTATION_CONTEXT('2D SPACE',''
  ) );
#1387 = PCURVE('',#1334,#1388);
#1388 = DEFINITIONAL_REPRESENTATION('',(#1389),#1393);
#1389 = LINE('',#1390,#1391);
#1390 = CARTESIAN_POINT('',(1.064E+03,0.));
#1391 = VECTOR('',#1392,1.);
#1392 = DIRECTION('',(0.,1.));
#1393 = ( GEOMETRIC_REPRESENTATION_CONTEXT(2) 
PARAMETRIC_REPRESENTATION_CONTEXT() REPRESENTATION_CONTEXT('2D SPACE',''
  ) );
#1394 = ORIENTED_EDGE('',*,*,#1395,.T.);
#1395 = EDGE_CURVE('',#1373,#1160,#1396,.T.);
#1396 = SURFACE_CURVE('',#1397,(#1401,#1408),.PCURVE_S1.);
#1397 = LINE('',#1398,#1399);
#1398 = CARTESIAN_POINT('',(532.,826.,4.));
#1399 = VECTOR('',#1400,1.);
#1400 = DIRECTION('',(0.,0.,1.));
#1401 = PCURVE('',#1198,#1402);
#1402 = DEFINITIONAL_REPRESENTATION('',(#1403),#1407);
#1403 = LINE('',#1404,#1405);
#1404 = CARTESIAN_POINT('',(0.,-1.652E+03));
#1405 = VECTOR('',#1406,1.);
#1406 = DIRECTION('',(1.,0.));
#1407 = ( GEOMETRIC_REPRESENTATION_CONTEXT(2) 
PARAMETRIC_REPRESENTATION_CONTEXT() REPRESENTATION_CONTEXT('2D SPACE',''
  ) );
#1408 = PCURVE('',#1174,#1409);
#1409 = DEFINITIONAL_REPRESENTATION('',(#1410),#1414);
#1410 = LINE('',#1411,#1412);
#1411 = CARTESIAN_POINT('',(0.,1.064E+03));
#1412 = VECTOR('',#1413,1.);
#1413 = DIRECTION('',(1.,0.));
#1414 = ( GEOMETRIC_REPRESENTATION_CONTEXT(2) 
PARAMETRIC_REPRESENTATION_CONTEXT() REPRESENTATION_CONTEXT('2D SPACE',''
  ) );
#1415 = ORIENTED_EDGE('',*,*,#1185,.F.);
#1416 = ADVANCED_FACE('',(#1417),#1174,.F.);
#1417 = FACE_BOUND('',#1418,.F.);
#1418 = EDGE_LOOP('',(#1419,#1420,#1443,#1464));
#1419 = ORIENTED_EDGE('',*,*,#1395,.F.);
#1420 = ORIENTED_EDGE('',*,*,#1421,.F.);
#1421 = EDGE_CURVE('',#1422,#1373,#1424,.T.);
#1422 = VERTEX_POINT('',#1423);
#1423 = CARTESIAN_POINT('',(-532.,826.,4.));
#1424 = SURFACE_CURVE('',#1425,(#1429,#1436),.PCURVE_S1.);
#1425 = LINE('',#1426,#1427);
#1426 = CARTESIAN_POINT('',(-532.,826.,4.));
#1427 = VECTOR('',#1428,1.);
#1428 = DIRECTION('',(1.,0.,-0.));
#1429 = PCURVE('',#1174,#1430);
#1430 = DEFINITIONAL_REPRESENTATION('',(#1431),#1435);
#1431 = LINE('',#1432,#1433);
#1432 = CARTESIAN_POINT('',(0.,0.));
#1433 = VECTOR('',#1434,1.);
#1434 = DIRECTION('',(0.,1.));
#1435 = ( GEOMETRIC_REPRESENTATION_CONTEXT(2) 
PARAMETRIC_REPRESENTATION_CONTEXT() REPRESENTATION_CONTEXT('2D SPACE',''
  ) );
#1436 = PCURVE('',#1334,#1437);
#1437 = DEFINITIONAL_REPRESENTATION('',(#1438),#1442);
#1438 = LINE('',#1439,#1440);
#1439 = CARTESIAN_POINT('',(0.,1.652E+03));
#1440 = VECTOR('',#1441,1.);
#1441 = DIRECTION('',(1.,0.));
#1442 = ( GEOMETRIC_REPRESENTATION_CONTEXT(2) 
PARAMETRIC_REPRESENTATION_CONTEXT() REPRESENTATION_CONTEXT('2D SPACE',''
  ) );
#1443 = ORIENTED_EDGE('',*,*,#1444,.T.);
#1444 = EDGE_CURVE('',#1422,#1134,#1445,.T.);
#1445 = SURFACE_CURVE('',#1446,(#1450,#1457),.PCURVE_S1.);
#1446 = LINE('',#1447,#1448);
#1447 = CARTESIAN_POINT('',(-532.,826.,4.));
#1448 = VECTOR('',#1449,1.);
#1449 = DIRECTION('',(0.,0.,1.));
#1450 = PCURVE('',#1174,#1451);
#1451 = DEFINITIONAL_REPRESENTATION('',(#1452),#1456);
#1452 = LINE('',#1453,#1454);
#1453 = CARTESIAN_POINT('',(0.,0.));
#1454 = VECTOR('',#1455,1.);
#1455 = DIRECTION('',(1.,0.));
#1456 = ( GEOMETRIC_REPRESENTATION_CONTEXT(2) 
PARAMETRIC_REPRESENTATION_CONTEXT() REPRESENTATION_CONTEXT('2D SPACE',''
  ) );
#1457 = PCURVE('',#1148,#1458);
#1458 = DEFINITIONAL_REPRESENTATION('',(#1459),#1463);
#1459 = LINE('',#1460,#1461);
#1460 = CARTESIAN_POINT('',(0.,-1.652E+03));
#1461 = VECTOR('',#1462,1.);
#1462 = DIRECTION('',(1.,0.));
#1463 = ( GEOMETRIC_REPRESENTATION_CONTEXT(2) 
PARAMETRIC_REPRESENTATION_CONTEXT() REPRESENTATION_CONTEXT('2D SPACE',''
  ) );
#1464 = ORIENTED_EDGE('',*,*,#1159,.F.);
#1465 = ADVANCED_FACE('',(#1466),#1148,.T.);
#1466 = FACE_BOUND('',#1467,.T.);
#1467 = EDGE_LOOP('',(#1468,#1469,#1490,#1491));
#1468 = ORIENTED_EDGE('',*,*,#1346,.F.);
#1469 = ORIENTED_EDGE('',*,*,#1470,.T.);
#1470 = EDGE_CURVE('',#1319,#1422,#1471,.T.);
#1471 = SURFACE_CURVE('',#1472,(#1476,#1483),.PCURVE_S1.);
#1472 = LINE('',#1473,#1474);
#1473 = CARTESIAN_POINT('',(-532.,-826.,4.));
#1474 = VECTOR('',#1475,1.);
#1475 = DIRECTION('',(-0.,1.,0.));
#1476 = PCURVE('',#1148,#1477);
#1477 = DEFINITIONAL_REPRESENTATION('',(#1478),#1482);
#1478 = LINE('',#1479,#1480);
#1479 = CARTESIAN_POINT('',(0.,0.));
#1480 = VECTOR('',#1481,1.);
#1481 = DIRECTION('',(0.,-1.));
#1482 = ( GEOMETRIC_REPRESENTATION_CONTEXT(2) 
PARAMETRIC_REPRESENTATION_CONTEXT() REPRESENTATION_CONTEXT('2D SPACE',''
  ) );
#1483 = PCURVE('',#1334,#1484);
#1484 = DEFINITIONAL_REPRESENTATION('',(#1485),#1489);
#1485 = LINE('',#1486,#1487);
#1486 = CARTESIAN_POINT('',(0.,0.));
#1487 = VECTOR('',#1488,1.);
#1488 = DIRECTION('',(0.,1.));
#1489 = ( GEOMETRIC_REPRESENTATION_CONTEXT(2) 
PARAMETRIC_REPRESENTATION_CONTEXT() REPRESENTATION_CONTEXT('2D SPACE',''
  ) );
#1490 = ORIENTED_EDGE('',*,*,#1444,.T.);
#1491 = ORIENTED_EDGE('',*,*,#1133,.F.);
#1492 = ADVANCED_FACE('',(#1493),#1334,.T.);
#1493 = FACE_BOUND('',#1494,.T.);
#1494 = EDGE_LOOP('',(#1495,#1496,#1497,#1498));
#1495 = ORIENTED_EDGE('',*,*,#1470,.F.);
#1496 = ORIENTED_EDGE('',*,*,#1318,.T.);
#1497 = ORIENTED_EDGE('',*,*,#1372,.T.);
#1498 = ORIENTED_EDGE('',*,*,#1421,.F.);
#1499 = ( GEOMETRIC_REPRESENTATION_CONTEXT(3) 
GLOBAL_UNCERTAINTY_ASSIGNED_CONTEXT((#1503)) 
GLOBAL_UNIT_ASSIGNED_CONTEXT((#1500,#1501,#1502)) REPRESENTATION_CONTEXT
('Context #1','3D Context with UNIT and UNCERTAINTY') );
#1500 = ( LENGTH_UNIT() NAMED_UNIT(*) SI_UNIT(.MILLI.,.METRE.) );
#1501 = ( NAMED_UNIT(*) PLANE_ANGLE_UNIT() SI_UNIT($,.RADIAN.) );
#1502 = ( NAMED_UNIT(*) SI_UNIT($,.STERADIAN.) SOLID_ANGLE_UNIT() );
#1503 = UNCERTAINTY_MEASURE_WITH_UNIT(LENGTH_MEASURE(1.E-07),#1500,
  'distance_accuracy_value','confusion accuracy');
#1504 = CONTEXT_DEPENDENT_SHAPE_REPRESENTATION(#1505,#1507);
#1505 = ( REPRESENTATION_RELATIONSHIP('','',#854,#10) 
REPRESENTATION_RELATIONSHIP_WITH_TRANSFORMATION(#1506) 
SHAPE_REPRESENTATION_RELATIONSHIP() );
#1506 = ITEM_DEFINED_TRANSFORMATION('','',#11,#23);
#1507 = PRODUCT_DEFINITION_SHAPE('Placement','Placement of an item',
  #1508);
#1508 = NEXT_ASSEMBLY_USAGE_OCCURRENCE('37','metal.101','',#5,#849,$);
#1509 = PRODUCT_RELATED_PRODUCT_CATEGORY('part',$,(#851));
#1510 = SHAPE_DEFINITION_REPRESENTATION(#1511,#1517);
#1511 = PRODUCT_DEFINITION_SHAPE('','',#1512);
#1512 = PRODUCT_DEFINITION('design','',#1513,#1516);
#1513 = PRODUCT_DEFINITION_FORMATION('','',#1514);
#1514 = PRODUCT('cell.1','cell.1','',(#1515));
#1515 = PRODUCT_CONTEXT('',#2,'mechanical');
#1516 = PRODUCT_DEFINITION_CONTEXT('part definition',#2,'design');
#1517 = ADVANCED_BREP_SHAPE_REPRESENTATION('',(#11,#1518),#1848);
#1518 = MANIFOLD_SOLID_BREP('',#1519);
#1519 = CLOSED_SHELL('',(#1520,#1640,#1740,#1787,#1834,#1841));
#1520 = ADVANCED_FACE('',(#1521),#1535,.F.);
#1521 = FACE_BOUND('',#1522,.F.);
#1522 = EDGE_LOOP('',(#1523,#1558,#1586,#1614));
#1523 = ORIENTED_EDGE('',*,*,#1524,.F.);
#1524 = EDGE_CURVE('',#1525,#1527,#1529,.T.);
#1525 = VERTEX_POINT('',#1526);
#1526 = CARTESIAN_POINT('',(-532.5,-826.5,0.));
#1527 = VERTEX_POINT('',#1528);
#1528 = CARTESIAN_POINT('',(-532.5,-826.5,4.));
#1529 = SURFACE_CURVE('',#1530,(#1534,#1546),.PCURVE_S1.);
#1530 = LINE('',#1531,#1532);
#1531 = CARTESIAN_POINT('',(-532.5,-826.5,0.));
#1532 = VECTOR('',#1533,1.);
#1533 = DIRECTION('',(0.,0.,1.));
#1534 = PCURVE('',#1535,#1540);
#1535 = PLANE('',#1536);
#1536 = AXIS2_PLACEMENT_3D('',#1537,#1538,#1539);
#1537 = CARTESIAN_POINT('',(-532.5,-826.5,0.));
#1538 = DIRECTION('',(1.,0.,-0.));
#1539 = DIRECTION('',(0.,0.,1.));
#1540 = DEFINITIONAL_REPRESENTATION('',(#1541),#1545);
#1541 = LINE('',#1542,#1543);
#1542 = CARTESIAN_POINT('',(0.,0.));
#1543 = VECTOR('',#1544,1.);
#1544 = DIRECTION('',(1.,0.));
#1545 = ( GEOMETRIC_REPRESENTATION_CONTEXT(2) 
PARAMETRIC_REPRESENTATION_CONTEXT() REPRESENTATION_CONTEXT('2D SPACE',''
  ) );
#1546 = PCURVE('',#1547,#1552);
#1547 = PLANE('',#1548);
#1548 = AXIS2_PLACEMENT_3D('',#1549,#1550,#1551);
#1549 = CARTESIAN_POINT('',(-532.5,-826.5,0.));
#1550 = DIRECTION('',(-0.,1.,0.));
#1551 = DIRECTION('',(0.,0.,1.));
#1552 = DEFINITIONAL_REPRESENTATION('',(#1553),#1557);
#1553 = LINE('',#1554,#1555);
#1554 = CARTESIAN_POINT('',(0.,0.));
#1555 = VECTOR('',#1556,1.);
#1556 = DIRECTION('',(1.,0.));
#1557 = ( GEOMETRIC_REPRESENTATION_CONTEXT(2) 
PARAMETRIC_REPRESENTATION_CONTEXT() REPRESENTATION_CONTEXT('2D SPACE',''
  ) );
#1558 = ORIENTED_EDGE('',*,*,#1559,.T.);
#1559 = EDGE_CURVE('',#1525,#1560,#1562,.T.);
#1560 = VERTEX_POINT('',#1561);
#1561 = CARTESIAN_POINT('',(-532.5,826.5,0.));
#1562 = SURFACE_CURVE('',#1563,(#1567,#1574),.PCURVE_S1.);
#1563 = LINE('',#1564,#1565);
#1564 = CARTESIAN_POINT('',(-532.5,-826.5,0.));
#1565 = VECTOR('',#1566,1.);
#1566 = DIRECTION('',(-0.,1.,0.));
#1567 = PCURVE('',#1535,#1568);
#1568 = DEFINITIONAL_REPRESENTATION('',(#1569),#1573);
#1569 = LINE('',#1570,#1571);
#1570 = CARTESIAN_POINT('',(0.,0.));
#1571 = VECTOR('',#1572,1.);
#1572 = DIRECTION('',(0.,-1.));
#1573 = ( GEOMETRIC_REPRESENTATION_CONTEXT(2) 
PARAMETRIC_REPRESENTATION_CONTEXT() REPRESENTATION_CONTEXT('2D SPACE',''
  ) );
#1574 = PCURVE('',#1575,#1580);
#1575 = PLANE('',#1576);
#1576 = AXIS2_PLACEMENT_3D('',#1577,#1578,#1579);
#1577 = CARTESIAN_POINT('',(-532.5,-826.5,0.));
#1578 = DIRECTION('',(0.,0.,1.));
#1579 = DIRECTION('',(1.,0.,-0.));
#1580 = DEFINITIONAL_REPRESENTATION('',(#1581),#1585);
#1581 = LINE('',#1582,#1583);
#1582 = CARTESIAN_POINT('',(0.,0.));
#1583 = VECTOR('',#1584,1.);
#1584 = DIRECTION('',(0.,1.));
#1585 = ( GEOMETRIC_REPRESENTATION_CONTEXT(2) 
PARAMETRIC_REPRESENTATION_CONTEXT() REPRESENTATION_CONTEXT('2D SPACE',''
  ) );
#1586 = ORIENTED_EDGE('',*,*,#1587,.T.);
#1587 = EDGE_CURVE('',#1560,#1588,#1590,.T.);
#1588 = VERTEX_POINT('',#1589);
#1589 = CARTESIAN_POINT('',(-532.5,826.5,4.));
#1590 = SURFACE_CURVE('',#1591,(#1595,#1602),.PCURVE_S1.);
#1591 = LINE('',#1592,#1593);
#1592 = CARTESIAN_POINT('',(-532.5,826.5,0.));
#1593 = VECTOR('',#1594,1.);
#1594 = DIRECTION('',(0.,0.,1.));
#1595 = PCURVE('',#1535,#1596);
#1596 = DEFINITIONAL_REPRESENTATION('',(#1597),#1601);
#1597 = LINE('',#1598,#1599);
#1598 = CARTESIAN_POINT('',(0.,-1.653E+03));
#1599 = VECTOR('',#1600,1.);
#1600 = DIRECTION('',(1.,0.));
#1601 = ( GEOMETRIC_REPRESENTATION_CONTEXT(2) 
PARAMETRIC_REPRESENTATION_CONTEXT() REPRESENTATION_CONTEXT('2D SPACE',''
  ) );
#1602 = PCURVE('',#1603,#1608);
#1603 = PLANE('',#1604);
#1604 = AXIS2_PLACEMENT_3D('',#1605,#1606,#1607);
#1605 = CARTESIAN_POINT('',(-532.5,826.5,0.));
#1606 = DIRECTION('',(-0.,1.,0.));
#1607 = DIRECTION('',(0.,0.,1.));
#1608 = DEFINITIONAL_REPRESENTATION('',(#1609),#1613);
#1609 = LINE('',#1610,#1611);
#1610 = CARTESIAN_POINT('',(0.,0.));
#1611 = VECTOR('',#1612,1.);
#1612 = DIRECTION('',(1.,0.));
#1613 = ( GEOMETRIC_REPRESENTATION_CONTEXT(2) 
PARAMETRIC_REPRESENTATION_CONTEXT() REPRESENTATION_CONTEXT('2D SPACE',''
  ) );
#1614 = ORIENTED_EDGE('',*,*,#1615,.F.);
#1615 = EDGE_CURVE('',#1527,#1588,#1616,.T.);
#1616 = SURFACE_CURVE('',#1617,(#1621,#1628),.PCURVE_S1.);
#1617 = LINE('',#1618,#1619);
#1618 = CARTESIAN_POINT('',(-532.5,-826.5,4.));
#1619 = VECTOR('',#1620,1.);
#1620 = DIRECTION('',(-0.,1.,0.));
#1621 = PCURVE('',#1535,#1622);
#1622 = DEFINITIONAL_REPRESENTATION('',(#1623),#1627);
#1623 = LINE('',#1624,#1625);
#1624 = CARTESIAN_POINT('',(4.,0.));
#1625 = VECTOR('',#1626,1.);
#1626 = DIRECTION('',(0.,-1.));
#1627 = ( GEOMETRIC_REPRESENTATION_CONTEXT(2) 
PARAMETRIC_REPRESENTATION_CONTEXT() REPRESENTATION_CONTEXT('2D SPACE',''
  ) );
#1628 = PCURVE('',#1629,#1634);
#1629 = PLANE('',#1630);
#1630 = AXIS2_PLACEMENT_3D('',#1631,#1632,#1633);
#1631 = CARTESIAN_POINT('',(-532.5,-826.5,4.));
#1632 = DIRECTION('',(0.,0.,1.));
#1633 = DIRECTION('',(1.,0.,-0.));
#1634 = DEFINITIONAL_REPRESENTATION('',(#1635),#1639);
#1635 = LINE('',#1636,#1637);
#1636 = CARTESIAN_POINT('',(0.,0.));
#1637 = VECTOR('',#1638,1.);
#1638 = DIRECTION('',(0.,1.));
#1639 = ( GEOMETRIC_REPRESENTATION_CONTEXT(2) 
PARAMETRIC_REPRESENTATION_CONTEXT() REPRESENTATION_CONTEXT('2D SPACE',''
  ) );
#1640 = ADVANCED_FACE('',(#1641),#1655,.T.);
#1641 = FACE_BOUND('',#1642,.T.);
#1642 = EDGE_LOOP('',(#1643,#1673,#1696,#1719));
#1643 = ORIENTED_EDGE('',*,*,#1644,.F.);
#1644 = EDGE_CURVE('',#1645,#1647,#1649,.T.);
#1645 = VERTEX_POINT('',#1646);
#1646 = CARTESIAN_POINT('',(532.5,-826.5,0.));
#1647 = VERTEX_POINT('',#1648);
#1648 = CARTESIAN_POINT('',(532.5,-826.5,4.));
#1649 = SURFACE_CURVE('',#1650,(#1654,#1666),.PCURVE_S1.);
#1650 = LINE('',#1651,#1652);
#1651 = CARTESIAN_POINT('',(532.5,-826.5,0.));
#1652 = VECTOR('',#1653,1.);
#1653 = DIRECTION('',(0.,0.,1.));
#1654 = PCURVE('',#1655,#1660);
#1655 = PLANE('',#1656);
#1656 = AXIS2_PLACEMENT_3D('',#1657,#1658,#1659);
#1657 = CARTESIAN_POINT('',(532.5,-826.5,0.));
#1658 = DIRECTION('',(1.,0.,-0.));
#1659 = DIRECTION('',(0.,0.,1.));
#1660 = DEFINITIONAL_REPRESENTATION('',(#1661),#1665);
#1661 = LINE('',#1662,#1663);
#1662 = CARTESIAN_POINT('',(0.,0.));
#1663 = VECTOR('',#1664,1.);
#1664 = DIRECTION('',(1.,0.));
#1665 = ( GEOMETRIC_REPRESENTATION_CONTEXT(2) 
PARAMETRIC_REPRESENTATION_CONTEXT() REPRESENTATION_CONTEXT('2D SPACE',''
  ) );
#1666 = PCURVE('',#1547,#1667);
#1667 = DEFINITIONAL_REPRESENTATION('',(#1668),#1672);
#1668 = LINE('',#1669,#1670);
#1669 = CARTESIAN_POINT('',(0.,1.065E+03));
#1670 = VECTOR('',#1671,1.);
#1671 = DIRECTION('',(1.,0.));
#1672 = ( GEOMETRIC_REPRESENTATION_CONTEXT(2) 
PARAMETRIC_REPRESENTATION_CONTEXT() REPRESENTATION_CONTEXT('2D SPACE',''
  ) );
#1673 = ORIENTED_EDGE('',*,*,#1674,.T.);
#1674 = EDGE_CURVE('',#1645,#1675,#1677,.T.);
#1675 = VERTEX_POINT('',#1676);
#1676 = CARTESIAN_POINT('',(532.5,826.5,0.));
#1677 = SURFACE_CURVE('',#1678,(#1682,#1689),.PCURVE_S1.);
#1678 = LINE('',#1679,#1680);
#1679 = CARTESIAN_POINT('',(532.5,-826.5,0.));
#1680 = VECTOR('',#1681,1.);
#1681 = DIRECTION('',(-0.,1.,0.));
#1682 = PCURVE('',#1655,#1683);
#1683 = DEFINITIONAL_REPRESENTATION('',(#1684),#1688);
#1684 = LINE('',#1685,#1686);
#1685 = CARTESIAN_POINT('',(0.,0.));
#1686 = VECTOR('',#1687,1.);
#1687 = DIRECTION('',(0.,-1.));
#1688 = ( GEOMETRIC_REPRESENTATION_CONTEXT(2) 
PARAMETRIC_REPRESENTATION_CONTEXT() REPRESENTATION_CONTEXT('2D SPACE',''
  ) );
#1689 = PCURVE('',#1575,#1690);
#1690 = DEFINITIONAL_REPRESENTATION('',(#1691),#1695);
#1691 = LINE('',#1692,#1693);
#1692 = CARTESIAN_POINT('',(1.065E+03,0.));
#1693 = VECTOR('',#1694,1.);
#1694 = DIRECTION('',(0.,1.));
#1695 = ( GEOMETRIC_REPRESENTATION_CONTEXT(2) 
PARAMETRIC_REPRESENTATION_CONTEXT() REPRESENTATION_CONTEXT('2D SPACE',''
  ) );
#1696 = ORIENTED_EDGE('',*,*,#1697,.T.);
#1697 = EDGE_CURVE('',#1675,#1698,#1700,.T.);
#1698 = VERTEX_POINT('',#1699);
#1699 = CARTESIAN_POINT('',(532.5,826.5,4.));
#1700 = SURFACE_CURVE('',#1701,(#1705,#1712),.PCURVE_S1.);
#1701 = LINE('',#1702,#1703);
#1702 = CARTESIAN_POINT('',(532.5,826.5,0.));
#1703 = VECTOR('',#1704,1.);
#1704 = DIRECTION('',(0.,0.,1.));
#1705 = PCURVE('',#1655,#1706);
#1706 = DEFINITIONAL_REPRESENTATION('',(#1707),#1711);
#1707 = LINE('',#1708,#1709);
#1708 = CARTESIAN_POINT('',(0.,-1.653E+03));
#1709 = VECTOR('',#1710,1.);
#1710 = DIRECTION('',(1.,0.));
#1711 = ( GEOMETRIC_REPRESENTATION_CONTEXT(2) 
PARAMETRIC_REPRESENTATION_CONTEXT() REPRESENTATION_CONTEXT('2D SPACE',''
  ) );
#1712 = PCURVE('',#1603,#1713);
#1713 = DEFINITIONAL_REPRESENTATION('',(#1714),#1718);
#1714 = LINE('',#1715,#1716);
#1715 = CARTESIAN_POINT('',(0.,1.065E+03));
#1716 = VECTOR('',#1717,1.);
#1717 = DIRECTION('',(1.,0.));
#1718 = ( GEOMETRIC_REPRESENTATION_CONTEXT(2) 
PARAMETRIC_REPRESENTATION_CONTEXT() REPRESENTATION_CONTEXT('2D SPACE',''
  ) );
#1719 = ORIENTED_EDGE('',*,*,#1720,.F.);
#1720 = EDGE_CURVE('',#1647,#1698,#1721,.T.);
#1721 = SURFACE_CURVE('',#1722,(#1726,#1733),.PCURVE_S1.);
#1722 = LINE('',#1723,#1724);
#1723 = CARTESIAN_POINT('',(532.5,-826.5,4.));
#1724 = VECTOR('',#1725,1.);
#1725 = DIRECTION('',(-0.,1.,0.));
#1726 = PCURVE('',#1655,#1727);
#1727 = DEFINITIONAL_REPRESENTATION('',(#1728),#1732);
#1728 = LINE('',#1729,#1730);
#1729 = CARTESIAN_POINT('',(4.,0.));
#1730 = VECTOR('',#1731,1.);
#1731 = DIRECTION('',(0.,-1.));
#1732 = ( GEOMETRIC_REPRESENTATION_CONTEXT(2) 
PARAMETRIC_REPRESENTATION_CONTEXT() REPRESENTATION_CONTEXT('2D SPACE',''
  ) );
#1733 = PCURVE('',#1629,#1734);
#1734 = DEFINITIONAL_REPRESENTATION('',(#1735),#1739);
#1735 = LINE('',#1736,#1737);
#1736 = CARTESIAN_POINT('',(1.065E+03,0.));
#1737 = VECTOR('',#1738,1.);
#1738 = DIRECTION('',(0.,1.));
#1739 = ( GEOMETRIC_REPRESENTATION_CONTEXT(2) 
PARAMETRIC_REPRESENTATION_CONTEXT() REPRESENTATION_CONTEXT('2D SPACE',''
  ) );
#1740 = ADVANCED_FACE('',(#1741),#1547,.F.);
#1741 = FACE_BOUND('',#1742,.F.);
#1742 = EDGE_LOOP('',(#1743,#1764,#1765,#1786));
#1743 = ORIENTED_EDGE('',*,*,#1744,.F.);
#1744 = EDGE_CURVE('',#1525,#1645,#1745,.T.);
#1745 = SURFACE_CURVE('',#1746,(#1750,#1757),.PCURVE_S1.);
#1746 = LINE('',#1747,#1748);
#1747 = CARTESIAN_POINT('',(-532.5,-826.5,0.));
#1748 = VECTOR('',#1749,1.);
#1749 = DIRECTION('',(1.,0.,-0.));
#1750 = PCURVE('',#1547,#1751);
#1751 = DEFINITIONAL_REPRESENTATION('',(#1752),#1756);
#1752 = LINE('',#1753,#1754);
#1753 = CARTESIAN_POINT('',(0.,0.));
#1754 = VECTOR('',#1755,1.);
#1755 = DIRECTION('',(0.,1.));
#1756 = ( GEOMETRIC_REPRESENTATION_CONTEXT(2) 
PARAMETRIC_REPRESENTATION_CONTEXT() REPRESENTATION_CONTEXT('2D SPACE',''
  ) );
#1757 = PCURVE('',#1575,#1758);
#1758 = DEFINITIONAL_REPRESENTATION('',(#1759),#1763);
#1759 = LINE('',#1760,#1761);
#1760 = CARTESIAN_POINT('',(0.,0.));
#1761 = VECTOR('',#1762,1.);
#1762 = DIRECTION('',(1.,0.));
#1763 = ( GEOMETRIC_REPRESENTATION_CONTEXT(2) 
PARAMETRIC_REPRESENTATION_CONTEXT() REPRESENTATION_CONTEXT('2D SPACE',''
  ) );
#1764 = ORIENTED_EDGE('',*,*,#1524,.T.);
#1765 = ORIENTED_EDGE('',*,*,#1766,.T.);
#1766 = EDGE_CURVE('',#1527,#1647,#1767,.T.);
#1767 = SURFACE_CURVE('',#1768,(#1772,#1779),.PCURVE_S1.);
#1768 = LINE('',#1769,#1770);
#1769 = CARTESIAN_POINT('',(-532.5,-826.5,4.));
#1770 = VECTOR('',#1771,1.);
#1771 = DIRECTION('',(1.,0.,-0.));
#1772 = PCURVE('',#1547,#1773);
#1773 = DEFINITIONAL_REPRESENTATION('',(#1774),#1778);
#1774 = LINE('',#1775,#1776);
#1775 = CARTESIAN_POINT('',(4.,0.));
#1776 = VECTOR('',#1777,1.);
#1777 = DIRECTION('',(0.,1.));
#1778 = ( GEOMETRIC_REPRESENTATION_CONTEXT(2) 
PARAMETRIC_REPRESENTATION_CONTEXT() REPRESENTATION_CONTEXT('2D SPACE',''
  ) );
#1779 = PCURVE('',#1629,#1780);
#1780 = DEFINITIONAL_REPRESENTATION('',(#1781),#1785);
#1781 = LINE('',#1782,#1783);
#1782 = CARTESIAN_POINT('',(0.,0.));
#1783 = VECTOR('',#1784,1.);
#1784 = DIRECTION('',(1.,0.));
#1785 = ( GEOMETRIC_REPRESENTATION_CONTEXT(2) 
PARAMETRIC_REPRESENTATION_CONTEXT() REPRESENTATION_CONTEXT('2D SPACE',''
  ) );
#1786 = ORIENTED_EDGE('',*,*,#1644,.F.);
#1787 = ADVANCED_FACE('',(#1788),#1603,.T.);
#1788 = FACE_BOUND('',#1789,.T.);
#1789 = EDGE_LOOP('',(#1790,#1811,#1812,#1833));
#1790 = ORIENTED_EDGE('',*,*,#1791,.F.);
#1791 = EDGE_CURVE('',#1560,#1675,#1792,.T.);
#1792 = SURFACE_CURVE('',#1793,(#1797,#1804),.PCURVE_S1.);
#1793 = LINE('',#1794,#1795);
#1794 = CARTESIAN_POINT('',(-532.5,826.5,0.));
#1795 = VECTOR('',#1796,1.);
#1796 = DIRECTION('',(1.,0.,-0.));
#1797 = PCURVE('',#1603,#1798);
#1798 = DEFINITIONAL_REPRESENTATION('',(#1799),#1803);
#1799 = LINE('',#1800,#1801);
#1800 = CARTESIAN_POINT('',(0.,0.));
#1801 = VECTOR('',#1802,1.);
#1802 = DIRECTION('',(0.,1.));
#1803 = ( GEOMETRIC_REPRESENTATION_CONTEXT(2) 
PARAMETRIC_REPRESENTATION_CONTEXT() REPRESENTATION_CONTEXT('2D SPACE',''
  ) );
#1804 = PCURVE('',#1575,#1805);
#1805 = DEFINITIONAL_REPRESENTATION('',(#1806),#1810);
#1806 = LINE('',#1807,#1808);
#1807 = CARTESIAN_POINT('',(0.,1.653E+03));
#1808 = VECTOR('',#1809,1.);
#1809 = DIRECTION('',(1.,0.));
#1810 = ( GEOMETRIC_REPRESENTATION_CONTEXT(2) 
PARAMETRIC_REPRESENTATION_CONTEXT() REPRESENTATION_CONTEXT('2D SPACE',''
  ) );
#1811 = ORIENTED_EDGE('',*,*,#1587,.T.);
#1812 = ORIENTED_EDGE('',*,*,#1813,.T.);
#1813 = EDGE_CURVE('',#1588,#1698,#1814,.T.);
#1814 = SURFACE_CURVE('',#1815,(#1819,#1826),.PCURVE_S1.);
#1815 = LINE('',#1816,#1817);
#1816 = CARTESIAN_POINT('',(-532.5,826.5,4.));
#1817 = VECTOR('',#1818,1.);
#1818 = DIRECTION('',(1.,0.,-0.));
#1819 = PCURVE('',#1603,#1820);
#1820 = DEFINITIONAL_REPRESENTATION('',(#1821),#1825);
#1821 = LINE('',#1822,#1823);
#1822 = CARTESIAN_POINT('',(4.,0.));
#1823 = VECTOR('',#1824,1.);
#1824 = DIRECTION('',(0.,1.));
#1825 = ( GEOMETRIC_REPRESENTATION_CONTEXT(2) 
PARAMETRIC_REPRESENTATION_CONTEXT() REPRESENTATION_CONTEXT('2D SPACE',''
  ) );
#1826 = PCURVE('',#1629,#1827);
#1827 = DEFINITIONAL_REPRESENTATION('',(#1828),#1832);
#1828 = LINE('',#1829,#1830);
#1829 = CARTESIAN_POINT('',(0.,1.653E+03));
#1830 = VECTOR('',#1831,1.);
#1831 = DIRECTION('',(1.,0.));
#1832 = ( GEOMETRIC_REPRESENTATION_CONTEXT(2) 
PARAMETRIC_REPRESENTATION_CONTEXT() REPRESENTATION_CONTEXT('2D SPACE',''
  ) );
#1833 = ORIENTED_EDGE('',*,*,#1697,.F.);
#1834 = ADVANCED_FACE('',(#1835),#1575,.F.);
#1835 = FACE_BOUND('',#1836,.F.);
#1836 = EDGE_LOOP('',(#1837,#1838,#1839,#1840));
#1837 = ORIENTED_EDGE('',*,*,#1559,.F.);
#1838 = ORIENTED_EDGE('',*,*,#1744,.T.);
#1839 = ORIENTED_EDGE('',*,*,#1674,.T.);
#1840 = ORIENTED_EDGE('',*,*,#1791,.F.);
#1841 = ADVANCED_FACE('',(#1842),#1629,.T.);
#1842 = FACE_BOUND('',#1843,.T.);
#1843 = EDGE_LOOP('',(#1844,#1845,#1846,#1847));
#1844 = ORIENTED_EDGE('',*,*,#1615,.F.);
#1845 = ORIENTED_EDGE('',*,*,#1766,.T.);
#1846 = ORIENTED_EDGE('',*,*,#1720,.T.);
#1847 = ORIENTED_EDGE('',*,*,#1813,.F.);
#1848 = ( GEOMETRIC_REPRESENTATION_CONTEXT(3) 
GLOBAL_UNCERTAINTY_ASSIGNED_CONTEXT((#1852)) 
GLOBAL_UNIT_ASSIGNED_CONTEXT((#1849,#1850,#1851)) REPRESENTATION_CONTEXT
('Context #1','3D Context with UNIT and UNCERTAINTY') );
#1849 = ( LENGTH_UNIT() NAMED_UNIT(*) SI_UNIT(.MILLI.,.METRE.) );
#1850 = ( NAMED_UNIT(*) PLANE_ANGLE_UNIT() SI_UNIT($,.RADIAN.) );
#1851 = ( NAMED_UNIT(*) SI_UNIT($,.STERADIAN.) SOLID_ANGLE_UNIT() );
#1852 = UNCERTAINTY_MEASURE_WITH_UNIT(LENGTH_MEASURE(1.E-07),#1849,
  'distance_accuracy_value','confusion accuracy');
#1853 = CONTEXT_DEPENDENT_SHAPE_REPRESENTATION(#1854,#1856);
#1854 = ( REPRESENTATION_RELATIONSHIP('','',#1517,#10) 
REPRESENTATION_RELATIONSHIP_WITH_TRANSFORMATION(#1855) 
SHAPE_REPRESENTATION_RELATIONSHIP() );
#1855 = ITEM_DEFINED_TRANSFORMATION('','',#11,#27);
#1856 = PRODUCT_DEFINITION_SHAPE('Placement','Placement of an item',
  #1857);
#1857 = NEXT_ASSEMBLY_USAGE_OCCURRENCE('38','cell.1','',#5,#1512,$);
#1858 = PRODUCT_RELATED_PRODUCT_CATEGORY('part',$,(#1514));
#1859 = SHAPE_DEFINITION_REPRESENTATION(#1860,#1866);
#1860 = PRODUCT_DEFINITION_SHAPE('','',#1861);
#1861 = PRODUCT_DEFINITION('design','',#1862,#1865);
#1862 = PRODUCT_DEFINITION_FORMATION('','',#1863);
#1863 = PRODUCT('metal.102','metal.102','',(#1864));
#1864 = PRODUCT_CONTEXT('',#2,'mechanical');
#1865 = PRODUCT_DEFINITION_CONTEXT('part definition',#2,'design');
#1866 = ADVANCED_BREP_SHAPE_REPRESENTATION('',(#11,#1867),#2511);
#1867 = MANIFOLD_SOLID_BREP('',#1868);
#1868 = CLOSED_SHELL('',(#1869,#1989,#2065,#2220,#2269,#2296,#2303,#2379
    ,#2428,#2477,#2504));
#1869 = ADVANCED_FACE('',(#1870),#1884,.F.);
#1870 = FACE_BOUND('',#1871,.F.);
#1871 = EDGE_LOOP('',(#1872,#1907,#1935,#1963));
#1872 = ORIENTED_EDGE('',*,*,#1873,.F.);
#1873 = EDGE_CURVE('',#1874,#1876,#1878,.T.);
#1874 = VERTEX_POINT('',#1875);
#1875 = CARTESIAN_POINT('',(-567.,-861.,0.));
#1876 = VERTEX_POINT('',#1877);
#1877 = CARTESIAN_POINT('',(-567.,-861.,30.));
#1878 = SURFACE_CURVE('',#1879,(#1883,#1895),.PCURVE_S1.);
#1879 = LINE('',#1880,#1881);
#1880 = CARTESIAN_POINT('',(-567.,-861.,0.));
#1881 = VECTOR('',#1882,1.);
#1882 = DIRECTION('',(0.,0.,1.));
#1883 = PCURVE('',#1884,#1889);
#1884 = PLANE('',#1885);
#1885 = AXIS2_PLACEMENT_3D('',#1886,#1887,#1888);
#1886 = CARTESIAN_POINT('',(-567.,-861.,0.));
#1887 = DIRECTION('',(1.,0.,-0.));
#1888 = DIRECTION('',(0.,0.,1.));
#1889 = DEFINITIONAL_REPRESENTATION('',(#1890),#1894);
#1890 = LINE('',#1891,#1892);
#1891 = CARTESIAN_POINT('',(0.,0.));
#1892 = VECTOR('',#1893,1.);
#1893 = DIRECTION('',(1.,0.));
#1894 = ( GEOMETRIC_REPRESENTATION_CONTEXT(2) 
PARAMETRIC_REPRESENTATION_CONTEXT() REPRESENTATION_CONTEXT('2D SPACE',''
  ) );
#1895 = PCURVE('',#1896,#1901);
#1896 = PLANE('',#1897);
#1897 = AXIS2_PLACEMENT_3D('',#1898,#1899,#1900);
#1898 = CARTESIAN_POINT('',(-567.,-861.,0.));
#1899 = DIRECTION('',(-0.,1.,0.));
#1900 = DIRECTION('',(0.,0.,1.));
#1901 = DEFINITIONAL_REPRESENTATION('',(#1902),#1906);
#1902 = LINE('',#1903,#1904);
#1903 = CARTESIAN_POINT('',(0.,0.));
#1904 = VECTOR('',#1905,1.);
#1905 = DIRECTION('',(1.,0.));
#1906 = ( GEOMETRIC_REPRESENTATION_CONTEXT(2) 
PARAMETRIC_REPRESENTATION_CONTEXT() REPRESENTATION_CONTEXT('2D SPACE',''
  ) );
#1907 = ORIENTED_EDGE('',*,*,#1908,.T.);
#1908 = EDGE_CURVE('',#1874,#1909,#1911,.T.);
#1909 = VERTEX_POINT('',#1910);
#1910 = CARTESIAN_POINT('',(-567.,861.,0.));
#1911 = SURFACE_CURVE('',#1912,(#1916,#1923),.PCURVE_S1.);
#1912 = LINE('',#1913,#1914);
#1913 = CARTESIAN_POINT('',(-567.,-861.,0.));
#1914 = VECTOR('',#1915,1.);
#1915 = DIRECTION('',(-0.,1.,0.));
#1916 = PCURVE('',#1884,#1917);
#1917 = DEFINITIONAL_REPRESENTATION('',(#1918),#1922);
#1918 = LINE('',#1919,#1920);
#1919 = CARTESIAN_POINT('',(0.,0.));
#1920 = VECTOR('',#1921,1.);
#1921 = DIRECTION('',(0.,-1.));
#1922 = ( GEOMETRIC_REPRESENTATION_CONTEXT(2) 
PARAMETRIC_REPRESENTATION_CONTEXT() REPRESENTATION_CONTEXT('2D SPACE',''
  ) );
#1923 = PCURVE('',#1924,#1929);
#1924 = PLANE('',#1925);
#1925 = AXIS2_PLACEMENT_3D('',#1926,#1927,#1928);
#1926 = CARTESIAN_POINT('',(-567.,-861.,0.));
#1927 = DIRECTION('',(0.,0.,1.));
#1928 = DIRECTION('',(1.,0.,-0.));
#1929 = DEFINITIONAL_REPRESENTATION('',(#1930),#1934);
#1930 = LINE('',#1931,#1932);
#1931 = CARTESIAN_POINT('',(0.,0.));
#1932 = VECTOR('',#1933,1.);
#1933 = DIRECTION('',(0.,1.));
#1934 = ( GEOMETRIC_REPRESENTATION_CONTEXT(2) 
PARAMETRIC_REPRESENTATION_CONTEXT() REPRESENTATION_CONTEXT('2D SPACE',''
  ) );
#1935 = ORIENTED_EDGE('',*,*,#1936,.T.);
#1936 = EDGE_CURVE('',#1909,#1937,#1939,.T.);
#1937 = VERTEX_POINT('',#1938);
#1938 = CARTESIAN_POINT('',(-567.,861.,30.));
#1939 = SURFACE_CURVE('',#1940,(#1944,#1951),.PCURVE_S1.);
#1940 = LINE('',#1941,#1942);
#1941 = CARTESIAN_POINT('',(-567.,861.,0.));
#1942 = VECTOR('',#1943,1.);
#1943 = DIRECTION('',(0.,0.,1.));
#1944 = PCURVE('',#1884,#1945);
#1945 = DEFINITIONAL_REPRESENTATION('',(#1946),#1950);
#1946 = LINE('',#1947,#1948);
#1947 = CARTESIAN_POINT('',(0.,-1.722E+03));
#1948 = VECTOR('',#1949,1.);
#1949 = DIRECTION('',(1.,0.));
#1950 = ( GEOMETRIC_REPRESENTATION_CONTEXT(2) 
PARAMETRIC_REPRESENTATION_CONTEXT() REPRESENTATION_CONTEXT('2D SPACE',''
  ) );
#1951 = PCURVE('',#1952,#1957);
#1952 = PLANE('',#1953);
#1953 = AXIS2_PLACEMENT_3D('',#1954,#1955,#1956);
#1954 = CARTESIAN_POINT('',(-567.,861.,0.));
#1955 = DIRECTION('',(-0.,1.,0.));
#1956 = DIRECTION('',(0.,0.,1.));
#1957 = DEFINITIONAL_REPRESENTATION('',(#1958),#1962);
#1958 = LINE('',#1959,#1960);
#1959 = CARTESIAN_POINT('',(0.,0.));
#1960 = VECTOR('',#1961,1.);
#1961 = DIRECTION('',(1.,0.));
#1962 = ( GEOMETRIC_REPRESENTATION_CONTEXT(2) 
PARAMETRIC_REPRESENTATION_CONTEXT() REPRESENTATION_CONTEXT('2D SPACE',''
  ) );
#1963 = ORIENTED_EDGE('',*,*,#1964,.F.);
#1964 = EDGE_CURVE('',#1876,#1937,#1965,.T.);
#1965 = SURFACE_CURVE('',#1966,(#1970,#1977),.PCURVE_S1.);
#1966 = LINE('',#1967,#1968);
#1967 = CARTESIAN_POINT('',(-567.,-861.,30.));
#1968 = VECTOR('',#1969,1.);
#1969 = DIRECTION('',(-0.,1.,0.));
#1970 = PCURVE('',#1884,#1971);
#1971 = DEFINITIONAL_REPRESENTATION('',(#1972),#1976);
#1972 = LINE('',#1973,#1974);
#1973 = CARTESIAN_POINT('',(30.,0.));
#1974 = VECTOR('',#1975,1.);
#1975 = DIRECTION('',(0.,-1.));
#1976 = ( GEOMETRIC_REPRESENTATION_CONTEXT(2) 
PARAMETRIC_REPRESENTATION_CONTEXT() REPRESENTATION_CONTEXT('2D SPACE',''
  ) );
#1977 = PCURVE('',#1978,#1983);
#1978 = PLANE('',#1979);
#1979 = AXIS2_PLACEMENT_3D('',#1980,#1981,#1982);
#1980 = CARTESIAN_POINT('',(-567.,-861.,30.));
#1981 = DIRECTION('',(0.,0.,1.));
#1982 = DIRECTION('',(1.,0.,-0.));
#1983 = DEFINITIONAL_REPRESENTATION('',(#1984),#1988);
#1984 = LINE('',#1985,#1986);
#1985 = CARTESIAN_POINT('',(0.,0.));
#1986 = VECTOR('',#1987,1.);
#1987 = DIRECTION('',(0.,1.));
#1988 = ( GEOMETRIC_REPRESENTATION_CONTEXT(2) 
PARAMETRIC_REPRESENTATION_CONTEXT() REPRESENTATION_CONTEXT('2D SPACE',''
  ) );
#1989 = ADVANCED_FACE('',(#1990),#1896,.F.);
#1990 = FACE_BOUND('',#1991,.F.);
#1991 = EDGE_LOOP('',(#1992,#2015,#2016,#2039));
#1992 = ORIENTED_EDGE('',*,*,#1993,.F.);
#1993 = EDGE_CURVE('',#1874,#1994,#1996,.T.);
#1994 = VERTEX_POINT('',#1995);
#1995 = CARTESIAN_POINT('',(567.,-861.,0.));
#1996 = SURFACE_CURVE('',#1997,(#2001,#2008),.PCURVE_S1.);
#1997 = LINE('',#1998,#1999);
#1998 = CARTESIAN_POINT('',(-567.,-861.,0.));
#1999 = VECTOR('',#2000,1.);
#2000 = DIRECTION('',(1.,0.,-0.));
#2001 = PCURVE('',#1896,#2002);
#2002 = DEFINITIONAL_REPRESENTATION('',(#2003),#2007);
#2003 = LINE('',#2004,#2005);
#2004 = CARTESIAN_POINT('',(0.,0.));
#2005 = VECTOR('',#2006,1.);
#2006 = DIRECTION('',(0.,1.));
#2007 = ( GEOMETRIC_REPRESENTATION_CONTEXT(2) 
PARAMETRIC_REPRESENTATION_CONTEXT() REPRESENTATION_CONTEXT('2D SPACE',''
  ) );
#2008 = PCURVE('',#1924,#2009);
#2009 = DEFINITIONAL_REPRESENTATION('',(#2010),#2014);
#2010 = LINE('',#2011,#2012);
#2011 = CARTESIAN_POINT('',(0.,0.));
#2012 = VECTOR('',#2013,1.);
#2013 = DIRECTION('',(1.,0.));
#2014 = ( GEOMETRIC_REPRESENTATION_CONTEXT(2) 
PARAMETRIC_REPRESENTATION_CONTEXT() REPRESENTATION_CONTEXT('2D SPACE',''
  ) );
#2015 = ORIENTED_EDGE('',*,*,#1873,.T.);
#2016 = ORIENTED_EDGE('',*,*,#2017,.T.);
#2017 = EDGE_CURVE('',#1876,#2018,#2020,.T.);
#2018 = VERTEX_POINT('',#2019);
#2019 = CARTESIAN_POINT('',(567.,-861.,30.));
#2020 = SURFACE_CURVE('',#2021,(#2025,#2032),.PCURVE_S1.);
#2021 = LINE('',#2022,#2023);
#2022 = CARTESIAN_POINT('',(-567.,-861.,30.));
#2023 = VECTOR('',#2024,1.);
#2024 = DIRECTION('',(1.,0.,-0.));
#2025 = PCURVE('',#1896,#2026);
#2026 = DEFINITIONAL_REPRESENTATION('',(#2027),#2031);
#2027 = LINE('',#2028,#2029);
#2028 = CARTESIAN_POINT('',(30.,0.));
#2029 = VECTOR('',#2030,1.);
#2030 = DIRECTION('',(0.,1.));
#2031 = ( GEOMETRIC_REPRESENTATION_CONTEXT(2) 
PARAMETRIC_REPRESENTATION_CONTEXT() REPRESENTATION_CONTEXT('2D SPACE',''
  ) );
#2032 = PCURVE('',#1978,#2033);
#2033 = DEFINITIONAL_REPRESENTATION('',(#2034),#2038);
#2034 = LINE('',#2035,#2036);
#2035 = CARTESIAN_POINT('',(0.,0.));
#2036 = VECTOR('',#2037,1.);
#2037 = DIRECTION('',(1.,0.));
#2038 = ( GEOMETRIC_REPRESENTATION_CONTEXT(2) 
PARAMETRIC_REPRESENTATION_CONTEXT() REPRESENTATION_CONTEXT('2D SPACE',''
  ) );
#2039 = ORIENTED_EDGE('',*,*,#2040,.F.);
#2040 = EDGE_CURVE('',#1994,#2018,#2041,.T.);
#2041 = SURFACE_CURVE('',#2042,(#2046,#2053),.PCURVE_S1.);
#2042 = LINE('',#2043,#2044);
#2043 = CARTESIAN_POINT('',(567.,-861.,0.));
#2044 = VECTOR('',#2045,1.);
#2045 = DIRECTION('',(0.,0.,1.));
#2046 = PCURVE('',#1896,#2047);
#2047 = DEFINITIONAL_REPRESENTATION('',(#2048),#2052);
#2048 = LINE('',#2049,#2050);
#2049 = CARTESIAN_POINT('',(0.,1.134E+03));
#2050 = VECTOR('',#2051,1.);
#2051 = DIRECTION('',(1.,0.));
#2052 = ( GEOMETRIC_REPRESENTATION_CONTEXT(2) 
PARAMETRIC_REPRESENTATION_CONTEXT() REPRESENTATION_CONTEXT('2D SPACE',''
  ) );
#2053 = PCURVE('',#2054,#2059);
#2054 = PLANE('',#2055);
#2055 = AXIS2_PLACEMENT_3D('',#2056,#2057,#2058);
#2056 = CARTESIAN_POINT('',(567.,-861.,0.));
#2057 = DIRECTION('',(1.,0.,-0.));
#2058 = DIRECTION('',(0.,0.,1.));
#2059 = DEFINITIONAL_REPRESENTATION('',(#2060),#2064);
#2060 = LINE('',#2061,#2062);
#2061 = CARTESIAN_POINT('',(0.,0.));
#2062 = VECTOR('',#2063,1.);
#2063 = DIRECTION('',(1.,0.));
#2064 = ( GEOMETRIC_REPRESENTATION_CONTEXT(2) 
PARAMETRIC_REPRESENTATION_CONTEXT() REPRESENTATION_CONTEXT('2D SPACE',''
  ) );
#2065 = ADVANCED_FACE('',(#2066,#2114),#1978,.T.);
#2066 = FACE_BOUND('',#2067,.T.);
#2067 = EDGE_LOOP('',(#2068,#2069,#2070,#2093));
#2068 = ORIENTED_EDGE('',*,*,#1964,.F.);
#2069 = ORIENTED_EDGE('',*,*,#2017,.T.);
#2070 = ORIENTED_EDGE('',*,*,#2071,.T.);
#2071 = EDGE_CURVE('',#2018,#2072,#2074,.T.);
#2072 = VERTEX_POINT('',#2073);
#2073 = CARTESIAN_POINT('',(567.,861.,30.));
#2074 = SURFACE_CURVE('',#2075,(#2079,#2086),.PCURVE_S1.);
#2075 = LINE('',#2076,#2077);
#2076 = CARTESIAN_POINT('',(567.,-861.,30.));
#2077 = VECTOR('',#2078,1.);
#2078 = DIRECTION('',(-0.,1.,0.));
#2079 = PCURVE('',#1978,#2080);
#2080 = DEFINITIONAL_REPRESENTATION('',(#2081),#2085);
#2081 = LINE('',#2082,#2083);
#2082 = CARTESIAN_POINT('',(1.134E+03,0.));
#2083 = VECTOR('',#2084,1.);
#2084 = DIRECTION('',(0.,1.));
#2085 = ( GEOMETRIC_REPRESENTATION_CONTEXT(2) 
PARAMETRIC_REPRESENTATION_CONTEXT() REPRESENTATION_CONTEXT('2D SPACE',''
  ) );
#2086 = PCURVE('',#2054,#2087);
#2087 = DEFINITIONAL_REPRESENTATION('',(#2088),#2092);
#2088 = LINE('',#2089,#2090);
#2089 = CARTESIAN_POINT('',(30.,0.));
#2090 = VECTOR('',#2091,1.);
#2091 = DIRECTION('',(0.,-1.));
#2092 = ( GEOMETRIC_REPRESENTATION_CONTEXT(2) 
PARAMETRIC_REPRESENTATION_CONTEXT() REPRESENTATION_CONTEXT('2D SPACE',''
  ) );
#2093 = ORIENTED_EDGE('',*,*,#2094,.F.);
#2094 = EDGE_CURVE('',#1937,#2072,#2095,.T.);
#2095 = SURFACE_CURVE('',#2096,(#2100,#2107),.PCURVE_S1.);
#2096 = LINE('',#2097,#2098);
#2097 = CARTESIAN_POINT('',(-567.,861.,30.));
#2098 = VECTOR('',#2099,1.);
#2099 = DIRECTION('',(1.,0.,-0.));
#2100 = PCURVE('',#1978,#2101);
#2101 = DEFINITIONAL_REPRESENTATION('',(#2102),#2106);
#2102 = LINE('',#2103,#2104);
#2103 = CARTESIAN_POINT('',(0.,1.722E+03));
#2104 = VECTOR('',#2105,1.);
#2105 = DIRECTION('',(1.,0.));
#2106 = ( GEOMETRIC_REPRESENTATION_CONTEXT(2) 
PARAMETRIC_REPRESENTATION_CONTEXT() REPRESENTATION_CONTEXT('2D SPACE',''
  ) );
#2107 = PCURVE('',#1952,#2108);
#2108 = DEFINITIONAL_REPRESENTATION('',(#2109),#2113);
#2109 = LINE('',#2110,#2111);
#2110 = CARTESIAN_POINT('',(30.,0.));
#2111 = VECTOR('',#2112,1.);
#2112 = DIRECTION('',(0.,1.));
#2113 = ( GEOMETRIC_REPRESENTATION_CONTEXT(2) 
PARAMETRIC_REPRESENTATION_CONTEXT() REPRESENTATION_CONTEXT('2D SPACE',''
  ) );
#2114 = FACE_BOUND('',#2115,.T.);
#2115 = EDGE_LOOP('',(#2116,#2144,#2170,#2196));
#2116 = ORIENTED_EDGE('',*,*,#2117,.T.);
#2117 = EDGE_CURVE('',#2118,#2120,#2122,.T.);
#2118 = VERTEX_POINT('',#2119);
#2119 = CARTESIAN_POINT('',(532.,-826.,30.));
#2120 = VERTEX_POINT('',#2121);
#2121 = CARTESIAN_POINT('',(-532.,-826.,30.));
#2122 = SURFACE_CURVE('',#2123,(#2127,#2133),.PCURVE_S1.);
#2123 = LINE('',#2124,#2125);
#2124 = CARTESIAN_POINT('',(-549.5,-826.,30.));
#2125 = VECTOR('',#2126,1.);
#2126 = DIRECTION('',(-1.,-0.,0.));
#2127 = PCURVE('',#1978,#2128);
#2128 = DEFINITIONAL_REPRESENTATION('',(#2129),#2132);
#2129 = B_SPLINE_CURVE_WITH_KNOTS('',1,(#2130,#2131),.UNSPECIFIED.,.F.,
  .F.,(2,2),(-1.0815E+03,-17.5),.PIECEWISE_BEZIER_KNOTS.);
#2130 = CARTESIAN_POINT('',(1.099E+03,35.));
#2131 = CARTESIAN_POINT('',(35.,35.));
#2132 = ( GEOMETRIC_REPRESENTATION_CONTEXT(2) 
PARAMETRIC_REPRESENTATION_CONTEXT() REPRESENTATION_CONTEXT('2D SPACE',''
  ) );
#2133 = PCURVE('',#2134,#2139);
#2134 = PLANE('',#2135);
#2135 = AXIS2_PLACEMENT_3D('',#2136,#2137,#2138);
#2136 = CARTESIAN_POINT('',(-532.,-826.,4.));
#2137 = DIRECTION('',(-0.,1.,0.));
#2138 = DIRECTION('',(0.,0.,1.));
#2139 = DEFINITIONAL_REPRESENTATION('',(#2140),#2143);
#2140 = B_SPLINE_CURVE_WITH_KNOTS('',1,(#2141,#2142),.UNSPECIFIED.,.F.,
  .F.,(2,2),(-1.0815E+03,-17.5),.PIECEWISE_BEZIER_KNOTS.);
#2141 = CARTESIAN_POINT('',(26.,1.064E+03));
#2142 = CARTESIAN_POINT('',(26.,0.));
#2143 = ( GEOMETRIC_REPRESENTATION_CONTEXT(2) 
PARAMETRIC_REPRESENTATION_CONTEXT() REPRESENTATION_CONTEXT('2D SPACE',''
  ) );
#2144 = ORIENTED_EDGE('',*,*,#2145,.T.);
#2145 = EDGE_CURVE('',#2120,#2146,#2148,.T.);
#2146 = VERTEX_POINT('',#2147);
#2147 = CARTESIAN_POINT('',(-532.,826.,30.));
#2148 = SURFACE_CURVE('',#2149,(#2153,#2159),.PCURVE_S1.);
#2149 = LINE('',#2150,#2151);
#2150 = CARTESIAN_POINT('',(-532.,-843.5,30.));
#2151 = VECTOR('',#2152,1.);
#2152 = DIRECTION('',(-0.,1.,0.));
#2153 = PCURVE('',#1978,#2154);
#2154 = DEFINITIONAL_REPRESENTATION('',(#2155),#2158);
#2155 = B_SPLINE_CURVE_WITH_KNOTS('',1,(#2156,#2157),.UNSPECIFIED.,.F.,
  .F.,(2,2),(17.5,1.6695E+03),.PIECEWISE_BEZIER_KNOTS.);
#2156 = CARTESIAN_POINT('',(35.,35.));
#2157 = CARTESIAN_POINT('',(35.,1.687E+03));
#2158 = ( GEOMETRIC_REPRESENTATION_CONTEXT(2) 
PARAMETRIC_REPRESENTATION_CONTEXT() REPRESENTATION_CONTEXT('2D SPACE',''
  ) );
#2159 = PCURVE('',#2160,#2165);
#2160 = PLANE('',#2161);
#2161 = AXIS2_PLACEMENT_3D('',#2162,#2163,#2164);
#2162 = CARTESIAN_POINT('',(-532.,-826.,4.));
#2163 = DIRECTION('',(1.,0.,-0.));
#2164 = DIRECTION('',(0.,0.,1.));
#2165 = DEFINITIONAL_REPRESENTATION('',(#2166),#2169);
#2166 = B_SPLINE_CURVE_WITH_KNOTS('',1,(#2167,#2168),.UNSPECIFIED.,.F.,
  .F.,(2,2),(17.5,1.6695E+03),.PIECEWISE_BEZIER_KNOTS.);
#2167 = CARTESIAN_POINT('',(26.,0.));
#2168 = CARTESIAN_POINT('',(26.,-1.652E+03));
#2169 = ( GEOMETRIC_REPRESENTATION_CONTEXT(2) 
PARAMETRIC_REPRESENTATION_CONTEXT() REPRESENTATION_CONTEXT('2D SPACE',''
  ) );
#2170 = ORIENTED_EDGE('',*,*,#2171,.F.);
#2171 = EDGE_CURVE('',#2172,#2146,#2174,.T.);
#2172 = VERTEX_POINT('',#2173);
#2173 = CARTESIAN_POINT('',(532.,826.,30.));
#2174 = SURFACE_CURVE('',#2175,(#2179,#2185),.PCURVE_S1.);
#2175 = LINE('',#2176,#2177);
#2176 = CARTESIAN_POINT('',(-549.5,826.,30.));
#2177 = VECTOR('',#2178,1.);
#2178 = DIRECTION('',(-1.,-0.,0.));
#2179 = PCURVE('',#1978,#2180);
#2180 = DEFINITIONAL_REPRESENTATION('',(#2181),#2184);
#2181 = B_SPLINE_CURVE_WITH_KNOTS('',1,(#2182,#2183),.UNSPECIFIED.,.F.,
  .F.,(2,2),(-1.0815E+03,-17.5),.PIECEWISE_BEZIER_KNOTS.);
#2182 = CARTESIAN_POINT('',(1.099E+03,1.687E+03));
#2183 = CARTESIAN_POINT('',(35.,1.687E+03));
#2184 = ( GEOMETRIC_REPRESENTATION_CONTEXT(2) 
PARAMETRIC_REPRESENTATION_CONTEXT() REPRESENTATION_CONTEXT('2D SPACE',''
  ) );
#2185 = PCURVE('',#2186,#2191);
#2186 = PLANE('',#2187);
#2187 = AXIS2_PLACEMENT_3D('',#2188,#2189,#2190);
#2188 = CARTESIAN_POINT('',(-532.,826.,4.));
#2189 = DIRECTION('',(-0.,1.,0.));
#2190 = DIRECTION('',(0.,0.,1.));
#2191 = DEFINITIONAL_REPRESENTATION('',(#2192),#2195);
#2192 = B_SPLINE_CURVE_WITH_KNOTS('',1,(#2193,#2194),.UNSPECIFIED.,.F.,
  .F.,(2,2),(-1.0815E+03,-17.5),.PIECEWISE_BEZIER_KNOTS.);
#2193 = CARTESIAN_POINT('',(26.,1.064E+03));
#2194 = CARTESIAN_POINT('',(26.,0.));
#2195 = ( GEOMETRIC_REPRESENTATION_CONTEXT(2) 
PARAMETRIC_REPRESENTATION_CONTEXT() REPRESENTATION_CONTEXT('2D SPACE',''
  ) );
#2196 = ORIENTED_EDGE('',*,*,#2197,.F.);
#2197 = EDGE_CURVE('',#2118,#2172,#2198,.T.);
#2198 = SURFACE_CURVE('',#2199,(#2203,#2209),.PCURVE_S1.);
#2199 = LINE('',#2200,#2201);
#2200 = CARTESIAN_POINT('',(532.,-843.5,30.));
#2201 = VECTOR('',#2202,1.);
#2202 = DIRECTION('',(-0.,1.,0.));
#2203 = PCURVE('',#1978,#2204);
#2204 = DEFINITIONAL_REPRESENTATION('',(#2205),#2208);
#2205 = B_SPLINE_CURVE_WITH_KNOTS('',1,(#2206,#2207),.UNSPECIFIED.,.F.,
  .F.,(2,2),(17.5,1.6695E+03),.PIECEWISE_BEZIER_KNOTS.);
#2206 = CARTESIAN_POINT('',(1.099E+03,35.));
#2207 = CARTESIAN_POINT('',(1.099E+03,1.687E+03));
#2208 = ( GEOMETRIC_REPRESENTATION_CONTEXT(2) 
PARAMETRIC_REPRESENTATION_CONTEXT() REPRESENTATION_CONTEXT('2D SPACE',''
  ) );
#2209 = PCURVE('',#2210,#2215);
#2210 = PLANE('',#2211);
#2211 = AXIS2_PLACEMENT_3D('',#2212,#2213,#2214);
#2212 = CARTESIAN_POINT('',(532.,-826.,4.));
#2213 = DIRECTION('',(1.,0.,-0.));
#2214 = DIRECTION('',(0.,0.,1.));
#2215 = DEFINITIONAL_REPRESENTATION('',(#2216),#2219);
#2216 = B_SPLINE_CURVE_WITH_KNOTS('',1,(#2217,#2218),.UNSPECIFIED.,.F.,
  .F.,(2,2),(17.5,1.6695E+03),.PIECEWISE_BEZIER_KNOTS.);
#2217 = CARTESIAN_POINT('',(26.,0.));
#2218 = CARTESIAN_POINT('',(26.,-1.652E+03));
#2219 = ( GEOMETRIC_REPRESENTATION_CONTEXT(2) 
PARAMETRIC_REPRESENTATION_CONTEXT() REPRESENTATION_CONTEXT('2D SPACE',''
  ) );
#2220 = ADVANCED_FACE('',(#2221),#1952,.T.);
#2221 = FACE_BOUND('',#2222,.T.);
#2222 = EDGE_LOOP('',(#2223,#2246,#2247,#2248));
#2223 = ORIENTED_EDGE('',*,*,#2224,.F.);
#2224 = EDGE_CURVE('',#1909,#2225,#2227,.T.);
#2225 = VERTEX_POINT('',#2226);
#2226 = CARTESIAN_POINT('',(567.,861.,0.));
#2227 = SURFACE_CURVE('',#2228,(#2232,#2239),.PCURVE_S1.);
#2228 = LINE('',#2229,#2230);
#2229 = CARTESIAN_POINT('',(-567.,861.,0.));
#2230 = VECTOR('',#2231,1.);
#2231 = DIRECTION('',(1.,0.,-0.));
#2232 = PCURVE('',#1952,#2233);
#2233 = DEFINITIONAL_REPRESENTATION('',(#2234),#2238);
#2234 = LINE('',#2235,#2236);
#2235 = CARTESIAN_POINT('',(0.,0.));
#2236 = VECTOR('',#2237,1.);
#2237 = DIRECTION('',(0.,1.));
#2238 = ( GEOMETRIC_REPRESENTATION_CONTEXT(2) 
PARAMETRIC_REPRESENTATION_CONTEXT() REPRESENTATION_CONTEXT('2D SPACE',''
  ) );
#2239 = PCURVE('',#1924,#2240);
#2240 = DEFINITIONAL_REPRESENTATION('',(#2241),#2245);
#2241 = LINE('',#2242,#2243);
#2242 = CARTESIAN_POINT('',(0.,1.722E+03));
#2243 = VECTOR('',#2244,1.);
#2244 = DIRECTION('',(1.,0.));
#2245 = ( GEOMETRIC_REPRESENTATION_CONTEXT(2) 
PARAMETRIC_REPRESENTATION_CONTEXT() REPRESENTATION_CONTEXT('2D SPACE',''
  ) );
#2246 = ORIENTED_EDGE('',*,*,#1936,.T.);
#2247 = ORIENTED_EDGE('',*,*,#2094,.T.);
#2248 = ORIENTED_EDGE('',*,*,#2249,.F.);
#2249 = EDGE_CURVE('',#2225,#2072,#2250,.T.);
#2250 = SURFACE_CURVE('',#2251,(#2255,#2262),.PCURVE_S1.);
#2251 = LINE('',#2252,#2253);
#2252 = CARTESIAN_POINT('',(567.,861.,0.));
#2253 = VECTOR('',#2254,1.);
#2254 = DIRECTION('',(0.,0.,1.));
#2255 = PCURVE('',#1952,#2256);
#2256 = DEFINITIONAL_REPRESENTATION('',(#2257),#2261);
#2257 = LINE('',#2258,#2259);
#2258 = CARTESIAN_POINT('',(0.,1.134E+03));
#2259 = VECTOR('',#2260,1.);
#2260 = DIRECTION('',(1.,0.));
#2261 = ( GEOMETRIC_REPRESENTATION_CONTEXT(2) 
PARAMETRIC_REPRESENTATION_CONTEXT() REPRESENTATION_CONTEXT('2D SPACE',''
  ) );
#2262 = PCURVE('',#2054,#2263);
#2263 = DEFINITIONAL_REPRESENTATION('',(#2264),#2268);
#2264 = LINE('',#2265,#2266);
#2265 = CARTESIAN_POINT('',(0.,-1.722E+03));
#2266 = VECTOR('',#2267,1.);
#2267 = DIRECTION('',(1.,0.));
#2268 = ( GEOMETRIC_REPRESENTATION_CONTEXT(2) 
PARAMETRIC_REPRESENTATION_CONTEXT() REPRESENTATION_CONTEXT('2D SPACE',''
  ) );
#2269 = ADVANCED_FACE('',(#2270),#1924,.F.);
#2270 = FACE_BOUND('',#2271,.F.);
#2271 = EDGE_LOOP('',(#2272,#2273,#2274,#2295));
#2272 = ORIENTED_EDGE('',*,*,#1908,.F.);
#2273 = ORIENTED_EDGE('',*,*,#1993,.T.);
#2274 = ORIENTED_EDGE('',*,*,#2275,.T.);
#2275 = EDGE_CURVE('',#1994,#2225,#2276,.T.);
#2276 = SURFACE_CURVE('',#2277,(#2281,#2288),.PCURVE_S1.);
#2277 = LINE('',#2278,#2279);
#2278 = CARTESIAN_POINT('',(567.,-861.,0.));
#2279 = VECTOR('',#2280,1.);
#2280 = DIRECTION('',(-0.,1.,0.));
#2281 = PCURVE('',#1924,#2282);
#2282 = DEFINITIONAL_REPRESENTATION('',(#2283),#2287);
#2283 = LINE('',#2284,#2285);
#2284 = CARTESIAN_POINT('',(1.134E+03,0.));
#2285 = VECTOR('',#2286,1.);
#2286 = DIRECTION('',(0.,1.));
#2287 = ( GEOMETRIC_REPRESENTATION_CONTEXT(2) 
PARAMETRIC_REPRESENTATION_CONTEXT() REPRESENTATION_CONTEXT('2D SPACE',''
  ) );
#2288 = PCURVE('',#2054,#2289);
#2289 = DEFINITIONAL_REPRESENTATION('',(#2290),#2294);
#2290 = LINE('',#2291,#2292);
#2291 = CARTESIAN_POINT('',(0.,0.));
#2292 = VECTOR('',#2293,1.);
#2293 = DIRECTION('',(0.,-1.));
#2294 = ( GEOMETRIC_REPRESENTATION_CONTEXT(2) 
PARAMETRIC_REPRESENTATION_CONTEXT() REPRESENTATION_CONTEXT('2D SPACE',''
  ) );
#2295 = ORIENTED_EDGE('',*,*,#2224,.F.);
#2296 = ADVANCED_FACE('',(#2297),#2054,.T.);
#2297 = FACE_BOUND('',#2298,.T.);
#2298 = EDGE_LOOP('',(#2299,#2300,#2301,#2302));
#2299 = ORIENTED_EDGE('',*,*,#2040,.F.);
#2300 = ORIENTED_EDGE('',*,*,#2275,.T.);
#2301 = ORIENTED_EDGE('',*,*,#2249,.T.);
#2302 = ORIENTED_EDGE('',*,*,#2071,.F.);
#2303 = ADVANCED_FACE('',(#2304),#2134,.T.);
#2304 = FACE_BOUND('',#2305,.T.);
#2305 = EDGE_LOOP('',(#2306,#2329,#2357,#2378));
#2306 = ORIENTED_EDGE('',*,*,#2307,.F.);
#2307 = EDGE_CURVE('',#2308,#2118,#2310,.T.);
#2308 = VERTEX_POINT('',#2309);
#2309 = CARTESIAN_POINT('',(532.,-826.,4.));
#2310 = SURFACE_CURVE('',#2311,(#2315,#2322),.PCURVE_S1.);
#2311 = LINE('',#2312,#2313);
#2312 = CARTESIAN_POINT('',(532.,-826.,4.));
#2313 = VECTOR('',#2314,1.);
#2314 = DIRECTION('',(0.,0.,1.));
#2315 = PCURVE('',#2134,#2316);
#2316 = DEFINITIONAL_REPRESENTATION('',(#2317),#2321);
#2317 = LINE('',#2318,#2319);
#2318 = CARTESIAN_POINT('',(0.,1.064E+03));
#2319 = VECTOR('',#2320,1.);
#2320 = DIRECTION('',(1.,0.));
#2321 = ( GEOMETRIC_REPRESENTATION_CONTEXT(2) 
PARAMETRIC_REPRESENTATION_CONTEXT() REPRESENTATION_CONTEXT('2D SPACE',''
  ) );
#2322 = PCURVE('',#2210,#2323);
#2323 = DEFINITIONAL_REPRESENTATION('',(#2324),#2328);
#2324 = LINE('',#2325,#2326);
#2325 = CARTESIAN_POINT('',(0.,0.));
#2326 = VECTOR('',#2327,1.);
#2327 = DIRECTION('',(1.,0.));
#2328 = ( GEOMETRIC_REPRESENTATION_CONTEXT(2) 
PARAMETRIC_REPRESENTATION_CONTEXT() REPRESENTATION_CONTEXT('2D SPACE',''
  ) );
#2329 = ORIENTED_EDGE('',*,*,#2330,.F.);
#2330 = EDGE_CURVE('',#2331,#2308,#2333,.T.);
#2331 = VERTEX_POINT('',#2332);
#2332 = CARTESIAN_POINT('',(-532.,-826.,4.));
#2333 = SURFACE_CURVE('',#2334,(#2338,#2345),.PCURVE_S1.);
#2334 = LINE('',#2335,#2336);
#2335 = CARTESIAN_POINT('',(-532.,-826.,4.));
#2336 = VECTOR('',#2337,1.);
#2337 = DIRECTION('',(1.,0.,-0.));
#2338 = PCURVE('',#2134,#2339);
#2339 = DEFINITIONAL_REPRESENTATION('',(#2340),#2344);
#2340 = LINE('',#2341,#2342);
#2341 = CARTESIAN_POINT('',(0.,0.));
#2342 = VECTOR('',#2343,1.);
#2343 = DIRECTION('',(0.,1.));
#2344 = ( GEOMETRIC_REPRESENTATION_CONTEXT(2) 
PARAMETRIC_REPRESENTATION_CONTEXT() REPRESENTATION_CONTEXT('2D SPACE',''
  ) );
#2345 = PCURVE('',#2346,#2351);
#2346 = PLANE('',#2347);
#2347 = AXIS2_PLACEMENT_3D('',#2348,#2349,#2350);
#2348 = CARTESIAN_POINT('',(-532.,-826.,4.));
#2349 = DIRECTION('',(0.,0.,1.));
#2350 = DIRECTION('',(1.,0.,-0.));
#2351 = DEFINITIONAL_REPRESENTATION('',(#2352),#2356);
#2352 = LINE('',#2353,#2354);
#2353 = CARTESIAN_POINT('',(0.,0.));
#2354 = VECTOR('',#2355,1.);
#2355 = DIRECTION('',(1.,0.));
#2356 = ( GEOMETRIC_REPRESENTATION_CONTEXT(2) 
PARAMETRIC_REPRESENTATION_CONTEXT() REPRESENTATION_CONTEXT('2D SPACE',''
  ) );
#2357 = ORIENTED_EDGE('',*,*,#2358,.T.);
#2358 = EDGE_CURVE('',#2331,#2120,#2359,.T.);
#2359 = SURFACE_CURVE('',#2360,(#2364,#2371),.PCURVE_S1.);
#2360 = LINE('',#2361,#2362);
#2361 = CARTESIAN_POINT('',(-532.,-826.,4.));
#2362 = VECTOR('',#2363,1.);
#2363 = DIRECTION('',(0.,0.,1.));
#2364 = PCURVE('',#2134,#2365);
#2365 = DEFINITIONAL_REPRESENTATION('',(#2366),#2370);
#2366 = LINE('',#2367,#2368);
#2367 = CARTESIAN_POINT('',(0.,0.));
#2368 = VECTOR('',#2369,1.);
#2369 = DIRECTION('',(1.,0.));
#2370 = ( GEOMETRIC_REPRESENTATION_CONTEXT(2) 
PARAMETRIC_REPRESENTATION_CONTEXT() REPRESENTATION_CONTEXT('2D SPACE',''
  ) );
#2371 = PCURVE('',#2160,#2372);
#2372 = DEFINITIONAL_REPRESENTATION('',(#2373),#2377);
#2373 = LINE('',#2374,#2375);
#2374 = CARTESIAN_POINT('',(0.,0.));
#2375 = VECTOR('',#2376,1.);
#2376 = DIRECTION('',(1.,0.));
#2377 = ( GEOMETRIC_REPRESENTATION_CONTEXT(2) 
PARAMETRIC_REPRESENTATION_CONTEXT() REPRESENTATION_CONTEXT('2D SPACE',''
  ) );
#2378 = ORIENTED_EDGE('',*,*,#2117,.F.);
#2379 = ADVANCED_FACE('',(#2380),#2210,.F.);
#2380 = FACE_BOUND('',#2381,.F.);
#2381 = EDGE_LOOP('',(#2382,#2383,#2406,#2427));
#2382 = ORIENTED_EDGE('',*,*,#2307,.F.);
#2383 = ORIENTED_EDGE('',*,*,#2384,.T.);
#2384 = EDGE_CURVE('',#2308,#2385,#2387,.T.);
#2385 = VERTEX_POINT('',#2386);
#2386 = CARTESIAN_POINT('',(532.,826.,4.));
#2387 = SURFACE_CURVE('',#2388,(#2392,#2399),.PCURVE_S1.);
#2388 = LINE('',#2389,#2390);
#2389 = CARTESIAN_POINT('',(532.,-826.,4.));
#2390 = VECTOR('',#2391,1.);
#2391 = DIRECTION('',(-0.,1.,0.));
#2392 = PCURVE('',#2210,#2393);
#2393 = DEFINITIONAL_REPRESENTATION('',(#2394),#2398);
#2394 = LINE('',#2395,#2396);
#2395 = CARTESIAN_POINT('',(0.,0.));
#2396 = VECTOR('',#2397,1.);
#2397 = DIRECTION('',(0.,-1.));
#2398 = ( GEOMETRIC_REPRESENTATION_CONTEXT(2) 
PARAMETRIC_REPRESENTATION_CONTEXT() REPRESENTATION_CONTEXT('2D SPACE',''
  ) );
#2399 = PCURVE('',#2346,#2400);
#2400 = DEFINITIONAL_REPRESENTATION('',(#2401),#2405);
#2401 = LINE('',#2402,#2403);
#2402 = CARTESIAN_POINT('',(1.064E+03,0.));
#2403 = VECTOR('',#2404,1.);
#2404 = DIRECTION('',(0.,1.));
#2405 = ( GEOMETRIC_REPRESENTATION_CONTEXT(2) 
PARAMETRIC_REPRESENTATION_CONTEXT() REPRESENTATION_CONTEXT('2D SPACE',''
  ) );
#2406 = ORIENTED_EDGE('',*,*,#2407,.T.);
#2407 = EDGE_CURVE('',#2385,#2172,#2408,.T.);
#2408 = SURFACE_CURVE('',#2409,(#2413,#2420),.PCURVE_S1.);
#2409 = LINE('',#2410,#2411);
#2410 = CARTESIAN_POINT('',(532.,826.,4.));
#2411 = VECTOR('',#2412,1.);
#2412 = DIRECTION('',(0.,0.,1.));
#2413 = PCURVE('',#2210,#2414);
#2414 = DEFINITIONAL_REPRESENTATION('',(#2415),#2419);
#2415 = LINE('',#2416,#2417);
#2416 = CARTESIAN_POINT('',(0.,-1.652E+03));
#2417 = VECTOR('',#2418,1.);
#2418 = DIRECTION('',(1.,0.));
#2419 = ( GEOMETRIC_REPRESENTATION_CONTEXT(2) 
PARAMETRIC_REPRESENTATION_CONTEXT() REPRESENTATION_CONTEXT('2D SPACE',''
  ) );
#2420 = PCURVE('',#2186,#2421);
#2421 = DEFINITIONAL_REPRESENTATION('',(#2422),#2426);
#2422 = LINE('',#2423,#2424);
#2423 = CARTESIAN_POINT('',(0.,1.064E+03));
#2424 = VECTOR('',#2425,1.);
#2425 = DIRECTION('',(1.,0.));
#2426 = ( GEOMETRIC_REPRESENTATION_CONTEXT(2) 
PARAMETRIC_REPRESENTATION_CONTEXT() REPRESENTATION_CONTEXT('2D SPACE',''
  ) );
#2427 = ORIENTED_EDGE('',*,*,#2197,.F.);
#2428 = ADVANCED_FACE('',(#2429),#2186,.F.);
#2429 = FACE_BOUND('',#2430,.F.);
#2430 = EDGE_LOOP('',(#2431,#2432,#2455,#2476));
#2431 = ORIENTED_EDGE('',*,*,#2407,.F.);
#2432 = ORIENTED_EDGE('',*,*,#2433,.F.);
#2433 = EDGE_CURVE('',#2434,#2385,#2436,.T.);
#2434 = VERTEX_POINT('',#2435);
#2435 = CARTESIAN_POINT('',(-532.,826.,4.));
#2436 = SURFACE_CURVE('',#2437,(#2441,#2448),.PCURVE_S1.);
#2437 = LINE('',#2438,#2439);
#2438 = CARTESIAN_POINT('',(-532.,826.,4.));
#2439 = VECTOR('',#2440,1.);
#2440 = DIRECTION('',(1.,0.,-0.));
#2441 = PCURVE('',#2186,#2442);
#2442 = DEFINITIONAL_REPRESENTATION('',(#2443),#2447);
#2443 = LINE('',#2444,#2445);
#2444 = CARTESIAN_POINT('',(0.,0.));
#2445 = VECTOR('',#2446,1.);
#2446 = DIRECTION('',(0.,1.));
#2447 = ( GEOMETRIC_REPRESENTATION_CONTEXT(2) 
PARAMETRIC_REPRESENTATION_CONTEXT() REPRESENTATION_CONTEXT('2D SPACE',''
  ) );
#2448 = PCURVE('',#2346,#2449);
#2449 = DEFINITIONAL_REPRESENTATION('',(#2450),#2454);
#2450 = LINE('',#2451,#2452);
#2451 = CARTESIAN_POINT('',(0.,1.652E+03));
#2452 = VECTOR('',#2453,1.);
#2453 = DIRECTION('',(1.,0.));
#2454 = ( GEOMETRIC_REPRESENTATION_CONTEXT(2) 
PARAMETRIC_REPRESENTATION_CONTEXT() REPRESENTATION_CONTEXT('2D SPACE',''
  ) );
#2455 = ORIENTED_EDGE('',*,*,#2456,.T.);
#2456 = EDGE_CURVE('',#2434,#2146,#2457,.T.);
#2457 = SURFACE_CURVE('',#2458,(#2462,#2469),.PCURVE_S1.);
#2458 = LINE('',#2459,#2460);
#2459 = CARTESIAN_POINT('',(-532.,826.,4.));
#2460 = VECTOR('',#2461,1.);
#2461 = DIRECTION('',(0.,0.,1.));
#2462 = PCURVE('',#2186,#2463);
#2463 = DEFINITIONAL_REPRESENTATION('',(#2464),#2468);
#2464 = LINE('',#2465,#2466);
#2465 = CARTESIAN_POINT('',(0.,0.));
#2466 = VECTOR('',#2467,1.);
#2467 = DIRECTION('',(1.,0.));
#2468 = ( GEOMETRIC_REPRESENTATION_CONTEXT(2) 
PARAMETRIC_REPRESENTATION_CONTEXT() REPRESENTATION_CONTEXT('2D SPACE',''
  ) );
#2469 = PCURVE('',#2160,#2470);
#2470 = DEFINITIONAL_REPRESENTATION('',(#2471),#2475);
#2471 = LINE('',#2472,#2473);
#2472 = CARTESIAN_POINT('',(0.,-1.652E+03));
#2473 = VECTOR('',#2474,1.);
#2474 = DIRECTION('',(1.,0.));
#2475 = ( GEOMETRIC_REPRESENTATION_CONTEXT(2) 
PARAMETRIC_REPRESENTATION_CONTEXT() REPRESENTATION_CONTEXT('2D SPACE',''
  ) );
#2476 = ORIENTED_EDGE('',*,*,#2171,.F.);
#2477 = ADVANCED_FACE('',(#2478),#2160,.T.);
#2478 = FACE_BOUND('',#2479,.T.);
#2479 = EDGE_LOOP('',(#2480,#2481,#2502,#2503));
#2480 = ORIENTED_EDGE('',*,*,#2358,.F.);
#2481 = ORIENTED_EDGE('',*,*,#2482,.T.);
#2482 = EDGE_CURVE('',#2331,#2434,#2483,.T.);
#2483 = SURFACE_CURVE('',#2484,(#2488,#2495),.PCURVE_S1.);
#2484 = LINE('',#2485,#2486);
#2485 = CARTESIAN_POINT('',(-532.,-826.,4.));
#2486 = VECTOR('',#2487,1.);
#2487 = DIRECTION('',(-0.,1.,0.));
#2488 = PCURVE('',#2160,#2489);
#2489 = DEFINITIONAL_REPRESENTATION('',(#2490),#2494);
#2490 = LINE('',#2491,#2492);
#2491 = CARTESIAN_POINT('',(0.,0.));
#2492 = VECTOR('',#2493,1.);
#2493 = DIRECTION('',(0.,-1.));
#2494 = ( GEOMETRIC_REPRESENTATION_CONTEXT(2) 
PARAMETRIC_REPRESENTATION_CONTEXT() REPRESENTATION_CONTEXT('2D SPACE',''
  ) );
#2495 = PCURVE('',#2346,#2496);
#2496 = DEFINITIONAL_REPRESENTATION('',(#2497),#2501);
#2497 = LINE('',#2498,#2499);
#2498 = CARTESIAN_POINT('',(0.,0.));
#2499 = VECTOR('',#2500,1.);
#2500 = DIRECTION('',(0.,1.));
#2501 = ( GEOMETRIC_REPRESENTATION_CONTEXT(2) 
PARAMETRIC_REPRESENTATION_CONTEXT() REPRESENTATION_CONTEXT('2D SPACE',''
  ) );
#2502 = ORIENTED_EDGE('',*,*,#2456,.T.);
#2503 = ORIENTED_EDGE('',*,*,#2145,.F.);
#2504 = ADVANCED_FACE('',(#2505),#2346,.T.);
#2505 = FACE_BOUND('',#2506,.T.);
#2506 = EDGE_LOOP('',(#2507,#2508,#2509,#2510));
#2507 = ORIENTED_EDGE('',*,*,#2482,.F.);
#2508 = ORIENTED_EDGE('',*,*,#2330,.T.);
#2509 = ORIENTED_EDGE('',*,*,#2384,.T.);
#2510 = ORIENTED_EDGE('',*,*,#2433,.F.);
#2511 = ( GEOMETRIC_REPRESENTATION_CONTEXT(3) 
GLOBAL_UNCERTAINTY_ASSIGNED_CONTEXT((#2515)) 
GLOBAL_UNIT_ASSIGNED_CONTEXT((#2512,#2513,#2514)) REPRESENTATION_CONTEXT
('Context #1','3D Context with UNIT and UNCERTAINTY') );
#2512 = ( LENGTH_UNIT() NAMED_UNIT(*) SI_UNIT(.MILLI.,.METRE.) );
#2513 = ( NAMED_UNIT(*) PLANE_ANGLE_UNIT() SI_UNIT($,.RADIAN.) );
#2514 = ( NAMED_UNIT(*) SI_UNIT($,.STERADIAN.) SOLID_ANGLE_UNIT() );
#2515 = UNCERTAINTY_MEASURE_WITH_UNIT(LENGTH_MEASURE(1.E-07),#2512,
  'distance_accuracy_value','confusion accuracy');
#2516 = CONTEXT_DEPENDENT_SHAPE_REPRESENTATION(#2517,#2519);
#2517 = ( REPRESENTATION_RELATIONSHIP('','',#1866,#10) 
REPRESENTATION_RELATIONSHIP_WITH_TRANSFORMATION(#2518) 
SHAPE_REPRESENTATION_RELATIONSHIP() );
#2518 = ITEM_DEFINED_TRANSFORMATION('','',#11,#31);
#2519 = PRODUCT_DEFINITION_SHAPE('Placement','Placement of an item',
  #2520);
#2520 = NEXT_ASSEMBLY_USAGE_OCCURRENCE('39','metal.102','',#5,#1861,$);
#2521 = PRODUCT_RELATED_PRODUCT_CATEGORY('part',$,(#1863));
#2522 = SHAPE_DEFINITION_REPRESENTATION(#2523,#2529);
#2523 = PRODUCT_DEFINITION_SHAPE('','',#2524);
#2524 = PRODUCT_DEFINITION('design','',#2525,#2528);
#2525 = PRODUCT_DEFINITION_FORMATION('','',#2526);
#2526 = PRODUCT('cell.2','cell.2','',(#2527));
#2527 = PRODUCT_CONTEXT('',#2,'mechanical');
#2528 = PRODUCT_DEFINITION_CONTEXT('part definition',#2,'design');
#2529 = ADVANCED_BREP_SHAPE_REPRESENTATION('',(#11,#2530),#2860);
#2530 = MANIFOLD_SOLID_BREP('',#2531);
#2531 = CLOSED_SHELL('',(#2532,#2652,#2752,#2799,#2846,#2853));
#2532 = ADVANCED_FACE('',(#2533),#2547,.F.);
#2533 = FACE_BOUND('',#2534,.F.);
#2534 = EDGE_LOOP('',(#2535,#2570,#2598,#2626));
#2535 = ORIENTED_EDGE('',*,*,#2536,.F.);
#2536 = EDGE_CURVE('',#2537,#2539,#2541,.T.);
#2537 = VERTEX_POINT('',#2538);
#2538 = CARTESIAN_POINT('',(-532.5,-826.5,0.));
#2539 = VERTEX_POINT('',#2540);
#2540 = CARTESIAN_POINT('',(-532.5,-826.5,4.));
#2541 = SURFACE_CURVE('',#2542,(#2546,#2558),.PCURVE_S1.);
#2542 = LINE('',#2543,#2544);
#2543 = CARTESIAN_POINT('',(-532.5,-826.5,0.));
#2544 = VECTOR('',#2545,1.);
#2545 = DIRECTION('',(0.,0.,1.));
#2546 = PCURVE('',#2547,#2552);
#2547 = PLANE('',#2548);
#2548 = AXIS2_PLACEMENT_3D('',#2549,#2550,#2551);
#2549 = CARTESIAN_POINT('',(-532.5,-826.5,0.));
#2550 = DIRECTION('',(1.,0.,-0.));
#2551 = DIRECTION('',(0.,0.,1.));
#2552 = DEFINITIONAL_REPRESENTATION('',(#2553),#2557);
#2553 = LINE('',#2554,#2555);
#2554 = CARTESIAN_POINT('',(0.,0.));
#2555 = VECTOR('',#2556,1.);
#2556 = DIRECTION('',(1.,0.));
#2557 = ( GEOMETRIC_REPRESENTATION_CONTEXT(2) 
PARAMETRIC_REPRESENTATION_CONTEXT() REPRESENTATION_CONTEXT('2D SPACE',''
  ) );
#2558 = PCURVE('',#2559,#2564);
#2559 = PLANE('',#2560);
#2560 = AXIS2_PLACEMENT_3D('',#2561,#2562,#2563);
#2561 = CARTESIAN_POINT('',(-532.5,-826.5,0.));
#2562 = DIRECTION('',(-0.,1.,0.));
#2563 = DIRECTION('',(0.,0.,1.));
#2564 = DEFINITIONAL_REPRESENTATION('',(#2565),#2569);
#2565 = LINE('',#2566,#2567);
#2566 = CARTESIAN_POINT('',(0.,0.));
#2567 = VECTOR('',#2568,1.);
#2568 = DIRECTION('',(1.,0.));
#2569 = ( GEOMETRIC_REPRESENTATION_CONTEXT(2) 
PARAMETRIC_REPRESENTATION_CONTEXT() REPRESENTATION_CONTEXT('2D SPACE',''
  ) );
#2570 = ORIENTED_EDGE('',*,*,#2571,.T.);
#2571 = EDGE_CURVE('',#2537,#2572,#2574,.T.);
#2572 = VERTEX_POINT('',#2573);
#2573 = CARTESIAN_POINT('',(-532.5,826.5,0.));
#2574 = SURFACE_CURVE('',#2575,(#2579,#2586),.PCURVE_S1.);
#2575 = LINE('',#2576,#2577);
#2576 = CARTESIAN_POINT('',(-532.5,-826.5,0.));
#2577 = VECTOR('',#2578,1.);
#2578 = DIRECTION('',(-0.,1.,0.));
#2579 = PCURVE('',#2547,#2580);
#2580 = DEFINITIONAL_REPRESENTATION('',(#2581),#2585);
#2581 = LINE('',#2582,#2583);
#2582 = CARTESIAN_POINT('',(0.,0.));
#2583 = VECTOR('',#2584,1.);
#2584 = DIRECTION('',(0.,-1.));
#2585 = ( GEOMETRIC_REPRESENTATION_CONTEXT(2) 
PARAMETRIC_REPRESENTATION_CONTEXT() REPRESENTATION_CONTEXT('2D SPACE',''
  ) );
#2586 = PCURVE('',#2587,#2592);
#2587 = PLANE('',#2588);
#2588 = AXIS2_PLACEMENT_3D('',#2589,#2590,#2591);
#2589 = CARTESIAN_POINT('',(-532.5,-826.5,0.));
#2590 = DIRECTION('',(0.,0.,1.));
#2591 = DIRECTION('',(1.,0.,-0.));
#2592 = DEFINITIONAL_REPRESENTATION('',(#2593),#2597);
#2593 = LINE('',#2594,#2595);
#2594 = CARTESIAN_POINT('',(0.,0.));
#2595 = VECTOR('',#2596,1.);
#2596 = DIRECTION('',(0.,1.));
#2597 = ( GEOMETRIC_REPRESENTATION_CONTEXT(2) 
PARAMETRIC_REPRESENTATION_CONTEXT() REPRESENTATION_CONTEXT('2D SPACE',''
  ) );
#2598 = ORIENTED_EDGE('',*,*,#2599,.T.);
#2599 = EDGE_CURVE('',#2572,#2600,#2602,.T.);
#2600 = VERTEX_POINT('',#2601);
#2601 = CARTESIAN_POINT('',(-532.5,826.5,4.));
#2602 = SURFACE_CURVE('',#2603,(#2607,#2614),.PCURVE_S1.);
#2603 = LINE('',#2604,#2605);
#2604 = CARTESIAN_POINT('',(-532.5,826.5,0.));
#2605 = VECTOR('',#2606,1.);
#2606 = DIRECTION('',(0.,0.,1.));
#2607 = PCURVE('',#2547,#2608);
#2608 = DEFINITIONAL_REPRESENTATION('',(#2609),#2613);
#2609 = LINE('',#2610,#2611);
#2610 = CARTESIAN_POINT('',(0.,-1.653E+03));
#2611 = VECTOR('',#2612,1.);
#2612 = DIRECTION('',(1.,0.));
#2613 = ( GEOMETRIC_REPRESENTATION_CONTEXT(2) 
PARAMETRIC_REPRESENTATION_CONTEXT() REPRESENTATION_CONTEXT('2D SPACE',''
  ) );
#2614 = PCURVE('',#2615,#2620);
#2615 = PLANE('',#2616);
#2616 = AXIS2_PLACEMENT_3D('',#2617,#2618,#2619);
#2617 = CARTESIAN_POINT('',(-532.5,826.5,0.));
#2618 = DIRECTION('',(-0.,1.,0.));
#2619 = DIRECTION('',(0.,0.,1.));
#2620 = DEFINITIONAL_REPRESENTATION('',(#2621),#2625);
#2621 = LINE('',#2622,#2623);
#2622 = CARTESIAN_POINT('',(0.,0.));
#2623 = VECTOR('',#2624,1.);
#2624 = DIRECTION('',(1.,0.));
#2625 = ( GEOMETRIC_REPRESENTATION_CONTEXT(2) 
PARAMETRIC_REPRESENTATION_CONTEXT() REPRESENTATION_CONTEXT('2D SPACE',''
  ) );
#2626 = ORIENTED_EDGE('',*,*,#2627,.F.);
#2627 = EDGE_CURVE('',#2539,#2600,#2628,.T.);
#2628 = SURFACE_CURVE('',#2629,(#2633,#2640),.PCURVE_S1.);
#2629 = LINE('',#2630,#2631);
#2630 = CARTESIAN_POINT('',(-532.5,-826.5,4.));
#2631 = VECTOR('',#2632,1.);
#2632 = DIRECTION('',(-0.,1.,0.));
#2633 = PCURVE('',#2547,#2634);
#2634 = DEFINITIONAL_REPRESENTATION('',(#2635),#2639);
#2635 = LINE('',#2636,#2637);
#2636 = CARTESIAN_POINT('',(4.,0.));
#2637 = VECTOR('',#2638,1.);
#2638 = DIRECTION('',(0.,-1.));
#2639 = ( GEOMETRIC_REPRESENTATION_CONTEXT(2) 
PARAMETRIC_REPRESENTATION_CONTEXT() REPRESENTATION_CONTEXT('2D SPACE',''
  ) );
#2640 = PCURVE('',#2641,#2646);
#2641 = PLANE('',#2642);
#2642 = AXIS2_PLACEMENT_3D('',#2643,#2644,#2645);
#2643 = CARTESIAN_POINT('',(-532.5,-826.5,4.));
#2644 = DIRECTION('',(0.,0.,1.));
#2645 = DIRECTION('',(1.,0.,-0.));
#2646 = DEFINITIONAL_REPRESENTATION('',(#2647),#2651);
#2647 = LINE('',#2648,#2649);
#2648 = CARTESIAN_POINT('',(0.,0.));
#2649 = VECTOR('',#2650,1.);
#2650 = DIRECTION('',(0.,1.));
#2651 = ( GEOMETRIC_REPRESENTATION_CONTEXT(2) 
PARAMETRIC_REPRESENTATION_CONTEXT() REPRESENTATION_CONTEXT('2D SPACE',''
  ) );
#2652 = ADVANCED_FACE('',(#2653),#2667,.T.);
#2653 = FACE_BOUND('',#2654,.T.);
#2654 = EDGE_LOOP('',(#2655,#2685,#2708,#2731));
#2655 = ORIENTED_EDGE('',*,*,#2656,.F.);
#2656 = EDGE_CURVE('',#2657,#2659,#2661,.T.);
#2657 = VERTEX_POINT('',#2658);
#2658 = CARTESIAN_POINT('',(532.5,-826.5,0.));
#2659 = VERTEX_POINT('',#2660);
#2660 = CARTESIAN_POINT('',(532.5,-826.5,4.));
#2661 = SURFACE_CURVE('',#2662,(#2666,#2678),.PCURVE_S1.);
#2662 = LINE('',#2663,#2664);
#2663 = CARTESIAN_POINT('',(532.5,-826.5,0.));
#2664 = VECTOR('',#2665,1.);
#2665 = DIRECTION('',(0.,0.,1.));
#2666 = PCURVE('',#2667,#2672);
#2667 = PLANE('',#2668);
#2668 = AXIS2_PLACEMENT_3D('',#2669,#2670,#2671);
#2669 = CARTESIAN_POINT('',(532.5,-826.5,0.));
#2670 = DIRECTION('',(1.,0.,-0.));
#2671 = DIRECTION('',(0.,0.,1.));
#2672 = DEFINITIONAL_REPRESENTATION('',(#2673),#2677);
#2673 = LINE('',#2674,#2675);
#2674 = CARTESIAN_POINT('',(0.,0.));
#2675 = VECTOR('',#2676,1.);
#2676 = DIRECTION('',(1.,0.));
#2677 = ( GEOMETRIC_REPRESENTATION_CONTEXT(2) 
PARAMETRIC_REPRESENTATION_CONTEXT() REPRESENTATION_CONTEXT('2D SPACE',''
  ) );
#2678 = PCURVE('',#2559,#2679);
#2679 = DEFINITIONAL_REPRESENTATION('',(#2680),#2684);
#2680 = LINE('',#2681,#2682);
#2681 = CARTESIAN_POINT('',(0.,1.065E+03));
#2682 = VECTOR('',#2683,1.);
#2683 = DIRECTION('',(1.,0.));
#2684 = ( GEOMETRIC_REPRESENTATION_CONTEXT(2) 
PARAMETRIC_REPRESENTATION_CONTEXT() REPRESENTATION_CONTEXT('2D SPACE',''
  ) );
#2685 = ORIENTED_EDGE('',*,*,#2686,.T.);
#2686 = EDGE_CURVE('',#2657,#2687,#2689,.T.);
#2687 = VERTEX_POINT('',#2688);
#2688 = CARTESIAN_POINT('',(532.5,826.5,0.));
#2689 = SURFACE_CURVE('',#2690,(#2694,#2701),.PCURVE_S1.);
#2690 = LINE('',#2691,#2692);
#2691 = CARTESIAN_POINT('',(532.5,-826.5,0.));
#2692 = VECTOR('',#2693,1.);
#2693 = DIRECTION('',(-0.,1.,0.));
#2694 = PCURVE('',#2667,#2695);
#2695 = DEFINITIONAL_REPRESENTATION('',(#2696),#2700);
#2696 = LINE('',#2697,#2698);
#2697 = CARTESIAN_POINT('',(0.,0.));
#2698 = VECTOR('',#2699,1.);
#2699 = DIRECTION('',(0.,-1.));
#2700 = ( GEOMETRIC_REPRESENTATION_CONTEXT(2) 
PARAMETRIC_REPRESENTATION_CONTEXT() REPRESENTATION_CONTEXT('2D SPACE',''
  ) );
#2701 = PCURVE('',#2587,#2702);
#2702 = DEFINITIONAL_REPRESENTATION('',(#2703),#2707);
#2703 = LINE('',#2704,#2705);
#2704 = CARTESIAN_POINT('',(1.065E+03,0.));
#2705 = VECTOR('',#2706,1.);
#2706 = DIRECTION('',(0.,1.));
#2707 = ( GEOMETRIC_REPRESENTATION_CONTEXT(2) 
PARAMETRIC_REPRESENTATION_CONTEXT() REPRESENTATION_CONTEXT('2D SPACE',''
  ) );
#2708 = ORIENTED_EDGE('',*,*,#2709,.T.);
#2709 = EDGE_CURVE('',#2687,#2710,#2712,.T.);
#2710 = VERTEX_POINT('',#2711);
#2711 = CARTESIAN_POINT('',(532.5,826.5,4.));
#2712 = SURFACE_CURVE('',#2713,(#2717,#2724),.PCURVE_S1.);
#2713 = LINE('',#2714,#2715);
#2714 = CARTESIAN_POINT('',(532.5,826.5,0.));
#2715 = VECTOR('',#2716,1.);
#2716 = DIRECTION('',(0.,0.,1.));
#2717 = PCURVE('',#2667,#2718);
#2718 = DEFINITIONAL_REPRESENTATION('',(#2719),#2723);
#2719 = LINE('',#2720,#2721);
#2720 = CARTESIAN_POINT('',(0.,-1.653E+03));
#2721 = VECTOR('',#2722,1.);
#2722 = DIRECTION('',(1.,0.));
#2723 = ( GEOMETRIC_REPRESENTATION_CONTEXT(2) 
PARAMETRIC_REPRESENTATION_CONTEXT() REPRESENTATION_CONTEXT('2D SPACE',''
  ) );
#2724 = PCURVE('',#2615,#2725);
#2725 = DEFINITIONAL_REPRESENTATION('',(#2726),#2730);
#2726 = LINE('',#2727,#2728);
#2727 = CARTESIAN_POINT('',(0.,1.065E+03));
#2728 = VECTOR('',#2729,1.);
#2729 = DIRECTION('',(1.,0.));
#2730 = ( GEOMETRIC_REPRESENTATION_CONTEXT(2) 
PARAMETRIC_REPRESENTATION_CONTEXT() REPRESENTATION_CONTEXT('2D SPACE',''
  ) );
#2731 = ORIENTED_EDGE('',*,*,#2732,.F.);
#2732 = EDGE_CURVE('',#2659,#2710,#2733,.T.);
#2733 = SURFACE_CURVE('',#2734,(#2738,#2745),.PCURVE_S1.);
#2734 = LINE('',#2735,#2736);
#2735 = CARTESIAN_POINT('',(532.5,-826.5,4.));
#2736 = VECTOR('',#2737,1.);
#2737 = DIRECTION('',(-0.,1.,0.));
#2738 = PCURVE('',#2667,#2739);
#2739 = DEFINITIONAL_REPRESENTATION('',(#2740),#2744);
#2740 = LINE('',#2741,#2742);
#2741 = CARTESIAN_POINT('',(4.,0.));
#2742 = VECTOR('',#2743,1.);
#2743 = DIRECTION('',(0.,-1.));
#2744 = ( GEOMETRIC_REPRESENTATION_CONTEXT(2) 
PARAMETRIC_REPRESENTATION_CONTEXT() REPRESENTATION_CONTEXT('2D SPACE',''
  ) );
#2745 = PCURVE('',#2641,#2746);
#2746 = DEFINITIONAL_REPRESENTATION('',(#2747),#2751);
#2747 = LINE('',#2748,#2749);
#2748 = CARTESIAN_POINT('',(1.065E+03,0.));
#2749 = VECTOR('',#2750,1.);
#2750 = DIRECTION('',(0.,1.));
#2751 = ( GEOMETRIC_REPRESENTATION_CONTEXT(2) 
PARAMETRIC_REPRESENTATION_CONTEXT() REPRESENTATION_CONTEXT('2D SPACE',''
  ) );
#2752 = ADVANCED_FACE('',(#2753),#2559,.F.);
#2753 = FACE_BOUND('',#2754,.F.);
#2754 = EDGE_LOOP('',(#2755,#2776,#2777,#2798));
#2755 = ORIENTED_EDGE('',*,*,#2756,.F.);
#2756 = EDGE_CURVE('',#2537,#2657,#2757,.T.);
#2757 = SURFACE_CURVE('',#2758,(#2762,#2769),.PCURVE_S1.);
#2758 = LINE('',#2759,#2760);
#2759 = CARTESIAN_POINT('',(-532.5,-826.5,0.));
#2760 = VECTOR('',#2761,1.);
#2761 = DIRECTION('',(1.,0.,-0.));
#2762 = PCURVE('',#2559,#2763);
#2763 = DEFINITIONAL_REPRESENTATION('',(#2764),#2768);
#2764 = LINE('',#2765,#2766);
#2765 = CARTESIAN_POINT('',(0.,0.));
#2766 = VECTOR('',#2767,1.);
#2767 = DIRECTION('',(0.,1.));
#2768 = ( GEOMETRIC_REPRESENTATION_CONTEXT(2) 
PARAMETRIC_REPRESENTATION_CONTEXT() REPRESENTATION_CONTEXT('2D SPACE',''
  ) );
#2769 = PCURVE('',#2587,#2770);
#2770 = DEFINITIONAL_REPRESENTATION('',(#2771),#2775);
#2771 = LINE('',#2772,#2773);
#2772 = CARTESIAN_POINT('',(0.,0.));
#2773 = VECTOR('',#2774,1.);
#2774 = DIRECTION('',(1.,0.));
#2775 = ( GEOMETRIC_REPRESENTATION_CONTEXT(2) 
PARAMETRIC_REPRESENTATION_CONTEXT() REPRESENTATION_CONTEXT('2D SPACE',''
  ) );
#2776 = ORIENTED_EDGE('',*,*,#2536,.T.);
#2777 = ORIENTED_EDGE('',*,*,#2778,.T.);
#2778 = EDGE_CURVE('',#2539,#2659,#2779,.T.);
#2779 = SURFACE_CURVE('',#2780,(#2784,#2791),.PCURVE_S1.);
#2780 = LINE('',#2781,#2782);
#2781 = CARTESIAN_POINT('',(-532.5,-826.5,4.));
#2782 = VECTOR('',#2783,1.);
#2783 = DIRECTION('',(1.,0.,-0.));
#2784 = PCURVE('',#2559,#2785);
#2785 = DEFINITIONAL_REPRESENTATION('',(#2786),#2790);
#2786 = LINE('',#2787,#2788);
#2787 = CARTESIAN_POINT('',(4.,0.));
#2788 = VECTOR('',#2789,1.);
#2789 = DIRECTION('',(0.,1.));
#2790 = ( GEOMETRIC_REPRESENTATION_CONTEXT(2) 
PARAMETRIC_REPRESENTATION_CONTEXT() REPRESENTATION_CONTEXT('2D SPACE',''
  ) );
#2791 = PCURVE('',#2641,#2792);
#2792 = DEFINITIONAL_REPRESENTATION('',(#2793),#2797);
#2793 = LINE('',#2794,#2795);
#2794 = CARTESIAN_POINT('',(0.,0.));
#2795 = VECTOR('',#2796,1.);
#2796 = DIRECTION('',(1.,0.));
#2797 = ( GEOMETRIC_REPRESENTATION_CONTEXT(2) 
PARAMETRIC_REPRESENTATION_CONTEXT() REPRESENTATION_CONTEXT('2D SPACE',''
  ) );
#2798 = ORIENTED_EDGE('',*,*,#2656,.F.);
#2799 = ADVANCED_FACE('',(#2800),#2615,.T.);
#2800 = FACE_BOUND('',#2801,.T.);
#2801 = EDGE_LOOP('',(#2802,#2823,#2824,#2845));
#2802 = ORIENTED_EDGE('',*,*,#2803,.F.);
#2803 = EDGE_CURVE('',#2572,#2687,#2804,.T.);
#2804 = SURFACE_CURVE('',#2805,(#2809,#2816),.PCURVE_S1.);
#2805 = LINE('',#2806,#2807);
#2806 = CARTESIAN_POINT('',(-532.5,826.5,0.));
#2807 = VECTOR('',#2808,1.);
#2808 = DIRECTION('',(1.,0.,-0.));
#2809 = PCURVE('',#2615,#2810);
#2810 = DEFINITIONAL_REPRESENTATION('',(#2811),#2815);
#2811 = LINE('',#2812,#2813);
#2812 = CARTESIAN_POINT('',(0.,0.));
#2813 = VECTOR('',#2814,1.);
#2814 = DIRECTION('',(0.,1.));
#2815 = ( GEOMETRIC_REPRESENTATION_CONTEXT(2) 
PARAMETRIC_REPRESENTATION_CONTEXT() REPRESENTATION_CONTEXT('2D SPACE',''
  ) );
#2816 = PCURVE('',#2587,#2817);
#2817 = DEFINITIONAL_REPRESENTATION('',(#2818),#2822);
#2818 = LINE('',#2819,#2820);
#2819 = CARTESIAN_POINT('',(0.,1.653E+03));
#2820 = VECTOR('',#2821,1.);
#2821 = DIRECTION('',(1.,0.));
#2822 = ( GEOMETRIC_REPRESENTATION_CONTEXT(2) 
PARAMETRIC_REPRESENTATION_CONTEXT() REPRESENTATION_CONTEXT('2D SPACE',''
  ) );
#2823 = ORIENTED_EDGE('',*,*,#2599,.T.);
#2824 = ORIENTED_EDGE('',*,*,#2825,.T.);
#2825 = EDGE_CURVE('',#2600,#2710,#2826,.T.);
#2826 = SURFACE_CURVE('',#2827,(#2831,#2838),.PCURVE_S1.);
#2827 = LINE('',#2828,#2829);
#2828 = CARTESIAN_POINT('',(-532.5,826.5,4.));
#2829 = VECTOR('',#2830,1.);
#2830 = DIRECTION('',(1.,0.,-0.));
#2831 = PCURVE('',#2615,#2832);
#2832 = DEFINITIONAL_REPRESENTATION('',(#2833),#2837);
#2833 = LINE('',#2834,#2835);
#2834 = CARTESIAN_POINT('',(4.,0.));
#2835 = VECTOR('',#2836,1.);
#2836 = DIRECTION('',(0.,1.));
#2837 = ( GEOMETRIC_REPRESENTATION_CONTEXT(2) 
PARAMETRIC_REPRESENTATION_CONTEXT() REPRESENTATION_CONTEXT('2D SPACE',''
  ) );
#2838 = PCURVE('',#2641,#2839);
#2839 = DEFINITIONAL_REPRESENTATION('',(#2840),#2844);
#2840 = LINE('',#2841,#2842);
#2841 = CARTESIAN_POINT('',(0.,1.653E+03));
#2842 = VECTOR('',#2843,1.);
#2843 = DIRECTION('',(1.,0.));
#2844 = ( GEOMETRIC_REPRESENTATION_CONTEXT(2) 
PARAMETRIC_REPRESENTATION_CONTEXT() REPRESENTATION_CONTEXT('2D SPACE',''
  ) );
#2845 = ORIENTED_EDGE('',*,*,#2709,.F.);
#2846 = ADVANCED_FACE('',(#2847),#2587,.F.);
#2847 = FACE_BOUND('',#2848,.F.);
#2848 = EDGE_LOOP('',(#2849,#2850,#2851,#2852));
#2849 = ORIENTED_EDGE('',*,*,#2571,.F.);
#2850 = ORIENTED_EDGE('',*,*,#2756,.T.);
#2851 = ORIENTED_EDGE('',*,*,#2686,.T.);
#2852 = ORIENTED_EDGE('',*,*,#2803,.F.);
#2853 = ADVANCED_FACE('',(#2854),#2641,.T.);
#2854 = FACE_BOUND('',#2855,.T.);
#2855 = EDGE_LOOP('',(#2856,#2857,#2858,#2859));
#2856 = ORIENTED_EDGE('',*,*,#2627,.F.);
#2857 = ORIENTED_EDGE('',*,*,#2778,.T.);
#2858 = ORIENTED_EDGE('',*,*,#2732,.T.);
#2859 = ORIENTED_EDGE('',*,*,#2825,.F.);
#2860 = ( GEOMETRIC_REPRESENTATION_CONTEXT(3) 
GLOBAL_UNCERTAINTY_ASSIGNED_CONTEXT((#2864)) 
GLOBAL_UNIT_ASSIGNED_CONTEXT((#2861,#2862,#2863)) REPRESENTATION_CONTEXT
('Context #1','3D Context with UNIT and UNCERTAINTY') );
#2861 = ( LENGTH_UNIT() NAMED_UNIT(*) SI_UNIT(.MILLI.,.METRE.) );
#2862 = ( NAMED_UNIT(*) PLANE_ANGLE_UNIT() SI_UNIT($,.RADIAN.) );
#2863 = ( NAMED_UNIT(*) SI_UNIT($,.STERADIAN.) SOLID_ANGLE_UNIT() );
#2864 = UNCERTAINTY_MEASURE_WITH_UNIT(LENGTH_MEASURE(1.E-07),#2861,
  'distance_accuracy_value','confusion accuracy');
#2865 = CONTEXT_DEPENDENT_SHAPE_REPRESENTATION(#2866,#2868);
#2866 = ( REPRESENTATION_RELATIONSHIP('','',#2529,#10) 
REPRESENTATION_RELATIONSHIP_WITH_TRANSFORMATION(#2867) 
SHAPE_REPRESENTATION_RELATIONSHIP() );
#2867 = ITEM_DEFINED_TRANSFORMATION('','',#11,#35);
#2868 = PRODUCT_DEFINITION_SHAPE('Placement','Placement of an item',
  #2869);
#2869 = NEXT_ASSEMBLY_USAGE_OCCURRENCE('40','cell.2','',#5,#2524,$);
#2870 = PRODUCT_RELATED_PRODUCT_CATEGORY('part',$,(#2526));
#2871 = SHAPE_DEFINITION_REPRESENTATION(#2872,#2878);
#2872 = PRODUCT_DEFINITION_SHAPE('','',#2873);
#2873 = PRODUCT_DEFINITION('design','',#2874,#2877);
#2874 = PRODUCT_DEFINITION_FORMATION('','',#2875);
#2875 = PRODUCT('metal.103','metal.103','',(#2876));
#2876 = PRODUCT_CONTEXT('',#2,'mechanical');
#2877 = PRODUCT_DEFINITION_CONTEXT('part definition',#2,'design');
#2878 = ADVANCED_BREP_SHAPE_REPRESENTATION('',(#11,#2879),#3523);
#2879 = MANIFOLD_SOLID_BREP('',#2880);
#2880 = CLOSED_SHELL('',(#2881,#3001,#3077,#3232,#3281,#3308,#3315,#3391
    ,#3440,#3489,#3516));
#2881 = ADVANCED_FACE('',(#2882),#2896,.F.);
#2882 = FACE_BOUND('',#2883,.F.);
#2883 = EDGE_LOOP('',(#2884,#2919,#2947,#2975));
#2884 = ORIENTED_EDGE('',*,*,#2885,.F.);
#2885 = EDGE_CURVE('',#2886,#2888,#2890,.T.);
#2886 = VERTEX_POINT('',#2887);
#2887 = CARTESIAN_POINT('',(-567.,-861.,0.));
#2888 = VERTEX_POINT('',#2889);
#2889 = CARTESIAN_POINT('',(-567.,-861.,30.));
#2890 = SURFACE_CURVE('',#2891,(#2895,#2907),.PCURVE_S1.);
#2891 = LINE('',#2892,#2893);
#2892 = CARTESIAN_POINT('',(-567.,-861.,0.));
#2893 = VECTOR('',#2894,1.);
#2894 = DIRECTION('',(0.,0.,1.));
#2895 = PCURVE('',#2896,#2901);
#2896 = PLANE('',#2897);
#2897 = AXIS2_PLACEMENT_3D('',#2898,#2899,#2900);
#2898 = CARTESIAN_POINT('',(-567.,-861.,0.));
#2899 = DIRECTION('',(1.,0.,-0.));
#2900 = DIRECTION('',(0.,0.,1.));
#2901 = DEFINITIONAL_REPRESENTATION('',(#2902),#2906);
#2902 = LINE('',#2903,#2904);
#2903 = CARTESIAN_POINT('',(0.,0.));
#2904 = VECTOR('',#2905,1.);
#2905 = DIRECTION('',(1.,0.));
#2906 = ( GEOMETRIC_REPRESENTATION_CONTEXT(2) 
PARAMETRIC_REPRESENTATION_CONTEXT() REPRESENTATION_CONTEXT('2D SPACE',''
  ) );
#2907 = PCURVE('',#2908,#2913);
#2908 = PLANE('',#2909);
#2909 = AXIS2_PLACEMENT_3D('',#2910,#2911,#2912);
#2910 = CARTESIAN_POINT('',(-567.,-861.,0.));
#2911 = DIRECTION('',(-0.,1.,0.));
#2912 = DIRECTION('',(0.,0.,1.));
#2913 = DEFINITIONAL_REPRESENTATION('',(#2914),#2918);
#2914 = LINE('',#2915,#2916);
#2915 = CARTESIAN_POINT('',(0.,0.));
#2916 = VECTOR('',#2917,1.);
#2917 = DIRECTION('',(1.,0.));
#2918 = ( GEOMETRIC_REPRESENTATION_CONTEXT(2) 
PARAMETRIC_REPRESENTATION_CONTEXT() REPRESENTATION_CONTEXT('2D SPACE',''
  ) );
#2919 = ORIENTED_EDGE('',*,*,#2920,.T.);
#2920 = EDGE_CURVE('',#2886,#2921,#2923,.T.);
#2921 = VERTEX_POINT('',#2922);
#2922 = CARTESIAN_POINT('',(-567.,861.,0.));
#2923 = SURFACE_CURVE('',#2924,(#2928,#2935),.PCURVE_S1.);
#2924 = LINE('',#2925,#2926);
#2925 = CARTESIAN_POINT('',(-567.,-861.,0.));
#2926 = VECTOR('',#2927,1.);
#2927 = DIRECTION('',(-0.,1.,0.));
#2928 = PCURVE('',#2896,#2929);
#2929 = DEFINITIONAL_REPRESENTATION('',(#2930),#2934);
#2930 = LINE('',#2931,#2932);
#2931 = CARTESIAN_POINT('',(0.,0.));
#2932 = VECTOR('',#2933,1.);
#2933 = DIRECTION('',(0.,-1.));
#2934 = ( GEOMETRIC_REPRESENTATION_CONTEXT(2) 
PARAMETRIC_REPRESENTATION_CONTEXT() REPRESENTATION_CONTEXT('2D SPACE',''
  ) );
#2935 = PCURVE('',#2936,#2941);
#2936 = PLANE('',#2937);
#2937 = AXIS2_PLACEMENT_3D('',#2938,#2939,#2940);
#2938 = CARTESIAN_POINT('',(-567.,-861.,0.));
#2939 = DIRECTION('',(0.,0.,1.));
#2940 = DIRECTION('',(1.,0.,-0.));
#2941 = DEFINITIONAL_REPRESENTATION('',(#2942),#2946);
#2942 = LINE('',#2943,#2944);
#2943 = CARTESIAN_POINT('',(0.,0.));
#2944 = VECTOR('',#2945,1.);
#2945 = DIRECTION('',(0.,1.));
#2946 = ( GEOMETRIC_REPRESENTATION_CONTEXT(2) 
PARAMETRIC_REPRESENTATION_CONTEXT() REPRESENTATION_CONTEXT('2D SPACE',''
  ) );
#2947 = ORIENTED_EDGE('',*,*,#2948,.T.);
#2948 = EDGE_CURVE('',#2921,#2949,#2951,.T.);
#2949 = VERTEX_POINT('',#2950);
#2950 = CARTESIAN_POINT('',(-567.,861.,30.));
#2951 = SURFACE_CURVE('',#2952,(#2956,#2963),.PCURVE_S1.);
#2952 = LINE('',#2953,#2954);
#2953 = CARTESIAN_POINT('',(-567.,861.,0.));
#2954 = VECTOR('',#2955,1.);
#2955 = DIRECTION('',(0.,0.,1.));
#2956 = PCURVE('',#2896,#2957);
#2957 = DEFINITIONAL_REPRESENTATION('',(#2958),#2962);
#2958 = LINE('',#2959,#2960);
#2959 = CARTESIAN_POINT('',(0.,-1.722E+03));
#2960 = VECTOR('',#2961,1.);
#2961 = DIRECTION('',(1.,0.));
#2962 = ( GEOMETRIC_REPRESENTATION_CONTEXT(2) 
PARAMETRIC_REPRESENTATION_CONTEXT() REPRESENTATION_CONTEXT('2D SPACE',''
  ) );
#2963 = PCURVE('',#2964,#2969);
#2964 = PLANE('',#2965);
#2965 = AXIS2_PLACEMENT_3D('',#2966,#2967,#2968);
#2966 = CARTESIAN_POINT('',(-567.,861.,0.));
#2967 = DIRECTION('',(-0.,1.,0.));
#2968 = DIRECTION('',(0.,0.,1.));
#2969 = DEFINITIONAL_REPRESENTATION('',(#2970),#2974);
#2970 = LINE('',#2971,#2972);
#2971 = CARTESIAN_POINT('',(0.,0.));
#2972 = VECTOR('',#2973,1.);
#2973 = DIRECTION('',(1.,0.));
#2974 = ( GEOMETRIC_REPRESENTATION_CONTEXT(2) 
PARAMETRIC_REPRESENTATION_CONTEXT() REPRESENTATION_CONTEXT('2D SPACE',''
  ) );
#2975 = ORIENTED_EDGE('',*,*,#2976,.F.);
#2976 = EDGE_CURVE('',#2888,#2949,#2977,.T.);
#2977 = SURFACE_CURVE('',#2978,(#2982,#2989),.PCURVE_S1.);
#2978 = LINE('',#2979,#2980);
#2979 = CARTESIAN_POINT('',(-567.,-861.,30.));
#2980 = VECTOR('',#2981,1.);
#2981 = DIRECTION('',(-0.,1.,0.));
#2982 = PCURVE('',#2896,#2983);
#2983 = DEFINITIONAL_REPRESENTATION('',(#2984),#2988);
#2984 = LINE('',#2985,#2986);
#2985 = CARTESIAN_POINT('',(30.,0.));
#2986 = VECTOR('',#2987,1.);
#2987 = DIRECTION('',(0.,-1.));
#2988 = ( GEOMETRIC_REPRESENTATION_CONTEXT(2) 
PARAMETRIC_REPRESENTATION_CONTEXT() REPRESENTATION_CONTEXT('2D SPACE',''
  ) );
#2989 = PCURVE('',#2990,#2995);
#2990 = PLANE('',#2991);
#2991 = AXIS2_PLACEMENT_3D('',#2992,#2993,#2994);
#2992 = CARTESIAN_POINT('',(-567.,-861.,30.));
#2993 = DIRECTION('',(0.,0.,1.));
#2994 = DIRECTION('',(1.,0.,-0.));
#2995 = DEFINITIONAL_REPRESENTATION('',(#2996),#3000);
#2996 = LINE('',#2997,#2998);
#2997 = CARTESIAN_POINT('',(0.,0.));
#2998 = VECTOR('',#2999,1.);
#2999 = DIRECTION('',(0.,1.));
#3000 = ( GEOMETRIC_REPRESENTATION_CONTEXT(2) 
PARAMETRIC_REPRESENTATION_CONTEXT() REPRESENTATION_CONTEXT('2D SPACE',''
  ) );
#3001 = ADVANCED_FACE('',(#3002),#2908,.F.);
#3002 = FACE_BOUND('',#3003,.F.);
#3003 = EDGE_LOOP('',(#3004,#3027,#3028,#3051));
#3004 = ORIENTED_EDGE('',*,*,#3005,.F.);
#3005 = EDGE_CURVE('',#2886,#3006,#3008,.T.);
#3006 = VERTEX_POINT('',#3007);
#3007 = CARTESIAN_POINT('',(567.,-861.,0.));
#3008 = SURFACE_CURVE('',#3009,(#3013,#3020),.PCURVE_S1.);
#3009 = LINE('',#3010,#3011);
#3010 = CARTESIAN_POINT('',(-567.,-861.,0.));
#3011 = VECTOR('',#3012,1.);
#3012 = DIRECTION('',(1.,0.,-0.));
#3013 = PCURVE('',#2908,#3014);
#3014 = DEFINITIONAL_REPRESENTATION('',(#3015),#3019);
#3015 = LINE('',#3016,#3017);
#3016 = CARTESIAN_POINT('',(0.,0.));
#3017 = VECTOR('',#3018,1.);
#3018 = DIRECTION('',(0.,1.));
#3019 = ( GEOMETRIC_REPRESENTATION_CONTEXT(2) 
PARAMETRIC_REPRESENTATION_CONTEXT() REPRESENTATION_CONTEXT('2D SPACE',''
  ) );
#3020 = PCURVE('',#2936,#3021);
#3021 = DEFINITIONAL_REPRESENTATION('',(#3022),#3026);
#3022 = LINE('',#3023,#3024);
#3023 = CARTESIAN_POINT('',(0.,0.));
#3024 = VECTOR('',#3025,1.);
#3025 = DIRECTION('',(1.,0.));
#3026 = ( GEOMETRIC_REPRESENTATION_CONTEXT(2) 
PARAMETRIC_REPRESENTATION_CONTEXT() REPRESENTATION_CONTEXT('2D SPACE',''
  ) );
#3027 = ORIENTED_EDGE('',*,*,#2885,.T.);
#3028 = ORIENTED_EDGE('',*,*,#3029,.T.);
#3029 = EDGE_CURVE('',#2888,#3030,#3032,.T.);
#3030 = VERTEX_POINT('',#3031);
#3031 = CARTESIAN_POINT('',(567.,-861.,30.));
#3032 = SURFACE_CURVE('',#3033,(#3037,#3044),.PCURVE_S1.);
#3033 = LINE('',#3034,#3035);
#3034 = CARTESIAN_POINT('',(-567.,-861.,30.));
#3035 = VECTOR('',#3036,1.);
#3036 = DIRECTION('',(1.,0.,-0.));
#3037 = PCURVE('',#2908,#3038);
#3038 = DEFINITIONAL_REPRESENTATION('',(#3039),#3043);
#3039 = LINE('',#3040,#3041);
#3040 = CARTESIAN_POINT('',(30.,0.));
#3041 = VECTOR('',#3042,1.);
#3042 = DIRECTION('',(0.,1.));
#3043 = ( GEOMETRIC_REPRESENTATION_CONTEXT(2) 
PARAMETRIC_REPRESENTATION_CONTEXT() REPRESENTATION_CONTEXT('2D SPACE',''
  ) );
#3044 = PCURVE('',#2990,#3045);
#3045 = DEFINITIONAL_REPRESENTATION('',(#3046),#3050);
#3046 = LINE('',#3047,#3048);
#3047 = CARTESIAN_POINT('',(0.,0.));
#3048 = VECTOR('',#3049,1.);
#3049 = DIRECTION('',(1.,0.));
#3050 = ( GEOMETRIC_REPRESENTATION_CONTEXT(2) 
PARAMETRIC_REPRESENTATION_CONTEXT() REPRESENTATION_CONTEXT('2D SPACE',''
  ) );
#3051 = ORIENTED_EDGE('',*,*,#3052,.F.);
#3052 = EDGE_CURVE('',#3006,#3030,#3053,.T.);
#3053 = SURFACE_CURVE('',#3054,(#3058,#3065),.PCURVE_S1.);
#3054 = LINE('',#3055,#3056);
#3055 = CARTESIAN_POINT('',(567.,-861.,0.));
#3056 = VECTOR('',#3057,1.);
#3057 = DIRECTION('',(0.,0.,1.));
#3058 = PCURVE('',#2908,#3059);
#3059 = DEFINITIONAL_REPRESENTATION('',(#3060),#3064);
#3060 = LINE('',#3061,#3062);
#3061 = CARTESIAN_POINT('',(0.,1.134E+03));
#3062 = VECTOR('',#3063,1.);
#3063 = DIRECTION('',(1.,0.));
#3064 = ( GEOMETRIC_REPRESENTATION_CONTEXT(2) 
PARAMETRIC_REPRESENTATION_CONTEXT() REPRESENTATION_CONTEXT('2D SPACE',''
  ) );
#3065 = PCURVE('',#3066,#3071);
#3066 = PLANE('',#3067);
#3067 = AXIS2_PLACEMENT_3D('',#3068,#3069,#3070);
#3068 = CARTESIAN_POINT('',(567.,-861.,0.));
#3069 = DIRECTION('',(1.,0.,-0.));
#3070 = DIRECTION('',(0.,0.,1.));
#3071 = DEFINITIONAL_REPRESENTATION('',(#3072),#3076);
#3072 = LINE('',#3073,#3074);
#3073 = CARTESIAN_POINT('',(0.,0.));
#3074 = VECTOR('',#3075,1.);
#3075 = DIRECTION('',(1.,0.));
#3076 = ( GEOMETRIC_REPRESENTATION_CONTEXT(2) 
PARAMETRIC_REPRESENTATION_CONTEXT() REPRESENTATION_CONTEXT('2D SPACE',''
  ) );
#3077 = ADVANCED_FACE('',(#3078,#3126),#2990,.T.);
#3078 = FACE_BOUND('',#3079,.T.);
#3079 = EDGE_LOOP('',(#3080,#3081,#3082,#3105));
#3080 = ORIENTED_EDGE('',*,*,#2976,.F.);
#3081 = ORIENTED_EDGE('',*,*,#3029,.T.);
#3082 = ORIENTED_EDGE('',*,*,#3083,.T.);
#3083 = EDGE_CURVE('',#3030,#3084,#3086,.T.);
#3084 = VERTEX_POINT('',#3085);
#3085 = CARTESIAN_POINT('',(567.,861.,30.));
#3086 = SURFACE_CURVE('',#3087,(#3091,#3098),.PCURVE_S1.);
#3087 = LINE('',#3088,#3089);
#3088 = CARTESIAN_POINT('',(567.,-861.,30.));
#3089 = VECTOR('',#3090,1.);
#3090 = DIRECTION('',(-0.,1.,0.));
#3091 = PCURVE('',#2990,#3092);
#3092 = DEFINITIONAL_REPRESENTATION('',(#3093),#3097);
#3093 = LINE('',#3094,#3095);
#3094 = CARTESIAN_POINT('',(1.134E+03,0.));
#3095 = VECTOR('',#3096,1.);
#3096 = DIRECTION('',(0.,1.));
#3097 = ( GEOMETRIC_REPRESENTATION_CONTEXT(2) 
PARAMETRIC_REPRESENTATION_CONTEXT() REPRESENTATION_CONTEXT('2D SPACE',''
  ) );
#3098 = PCURVE('',#3066,#3099);
#3099 = DEFINITIONAL_REPRESENTATION('',(#3100),#3104);
#3100 = LINE('',#3101,#3102);
#3101 = CARTESIAN_POINT('',(30.,0.));
#3102 = VECTOR('',#3103,1.);
#3103 = DIRECTION('',(0.,-1.));
#3104 = ( GEOMETRIC_REPRESENTATION_CONTEXT(2) 
PARAMETRIC_REPRESENTATION_CONTEXT() REPRESENTATION_CONTEXT('2D SPACE',''
  ) );
#3105 = ORIENTED_EDGE('',*,*,#3106,.F.);
#3106 = EDGE_CURVE('',#2949,#3084,#3107,.T.);
#3107 = SURFACE_CURVE('',#3108,(#3112,#3119),.PCURVE_S1.);
#3108 = LINE('',#3109,#3110);
#3109 = CARTESIAN_POINT('',(-567.,861.,30.));
#3110 = VECTOR('',#3111,1.);
#3111 = DIRECTION('',(1.,0.,-0.));
#3112 = PCURVE('',#2990,#3113);
#3113 = DEFINITIONAL_REPRESENTATION('',(#3114),#3118);
#3114 = LINE('',#3115,#3116);
#3115 = CARTESIAN_POINT('',(0.,1.722E+03));
#3116 = VECTOR('',#3117,1.);
#3117 = DIRECTION('',(1.,0.));
#3118 = ( GEOMETRIC_REPRESENTATION_CONTEXT(2) 
PARAMETRIC_REPRESENTATION_CONTEXT() REPRESENTATION_CONTEXT('2D SPACE',''
  ) );
#3119 = PCURVE('',#2964,#3120);
#3120 = DEFINITIONAL_REPRESENTATION('',(#3121),#3125);
#3121 = LINE('',#3122,#3123);
#3122 = CARTESIAN_POINT('',(30.,0.));
#3123 = VECTOR('',#3124,1.);
#3124 = DIRECTION('',(0.,1.));
#3125 = ( GEOMETRIC_REPRESENTATION_CONTEXT(2) 
PARAMETRIC_REPRESENTATION_CONTEXT() REPRESENTATION_CONTEXT('2D SPACE',''
  ) );
#3126 = FACE_BOUND('',#3127,.T.);
#3127 = EDGE_LOOP('',(#3128,#3156,#3182,#3208));
#3128 = ORIENTED_EDGE('',*,*,#3129,.T.);
#3129 = EDGE_CURVE('',#3130,#3132,#3134,.T.);
#3130 = VERTEX_POINT('',#3131);
#3131 = CARTESIAN_POINT('',(532.,-826.,30.));
#3132 = VERTEX_POINT('',#3133);
#3133 = CARTESIAN_POINT('',(-532.,-826.,30.));
#3134 = SURFACE_CURVE('',#3135,(#3139,#3145),.PCURVE_S1.);
#3135 = LINE('',#3136,#3137);
#3136 = CARTESIAN_POINT('',(-549.5,-826.,30.));
#3137 = VECTOR('',#3138,1.);
#3138 = DIRECTION('',(-1.,-0.,0.));
#3139 = PCURVE('',#2990,#3140);
#3140 = DEFINITIONAL_REPRESENTATION('',(#3141),#3144);
#3141 = B_SPLINE_CURVE_WITH_KNOTS('',1,(#3142,#3143),.UNSPECIFIED.,.F.,
  .F.,(2,2),(-1.0815E+03,-17.5),.PIECEWISE_BEZIER_KNOTS.);
#3142 = CARTESIAN_POINT('',(1.099E+03,35.));
#3143 = CARTESIAN_POINT('',(35.,35.));
#3144 = ( GEOMETRIC_REPRESENTATION_CONTEXT(2) 
PARAMETRIC_REPRESENTATION_CONTEXT() REPRESENTATION_CONTEXT('2D SPACE',''
  ) );
#3145 = PCURVE('',#3146,#3151);
#3146 = PLANE('',#3147);
#3147 = AXIS2_PLACEMENT_3D('',#3148,#3149,#3150);
#3148 = CARTESIAN_POINT('',(-532.,-826.,4.));
#3149 = DIRECTION('',(-0.,1.,0.));
#3150 = DIRECTION('',(0.,0.,1.));
#3151 = DEFINITIONAL_REPRESENTATION('',(#3152),#3155);
#3152 = B_SPLINE_CURVE_WITH_KNOTS('',1,(#3153,#3154),.UNSPECIFIED.,.F.,
  .F.,(2,2),(-1.0815E+03,-17.5),.PIECEWISE_BEZIER_KNOTS.);
#3153 = CARTESIAN_POINT('',(26.,1.064E+03));
#3154 = CARTESIAN_POINT('',(26.,0.));
#3155 = ( GEOMETRIC_REPRESENTATION_CONTEXT(2) 
PARAMETRIC_REPRESENTATION_CONTEXT() REPRESENTATION_CONTEXT('2D SPACE',''
  ) );
#3156 = ORIENTED_EDGE('',*,*,#3157,.T.);
#3157 = EDGE_CURVE('',#3132,#3158,#3160,.T.);
#3158 = VERTEX_POINT('',#3159);
#3159 = CARTESIAN_POINT('',(-532.,826.,30.));
#3160 = SURFACE_CURVE('',#3161,(#3165,#3171),.PCURVE_S1.);
#3161 = LINE('',#3162,#3163);
#3162 = CARTESIAN_POINT('',(-532.,-843.5,30.));
#3163 = VECTOR('',#3164,1.);
#3164 = DIRECTION('',(-0.,1.,0.));
#3165 = PCURVE('',#2990,#3166);
#3166 = DEFINITIONAL_REPRESENTATION('',(#3167),#3170);
#3167 = B_SPLINE_CURVE_WITH_KNOTS('',1,(#3168,#3169),.UNSPECIFIED.,.F.,
  .F.,(2,2),(17.5,1.6695E+03),.PIECEWISE_BEZIER_KNOTS.);
#3168 = CARTESIAN_POINT('',(35.,35.));
#3169 = CARTESIAN_POINT('',(35.,1.687E+03));
#3170 = ( GEOMETRIC_REPRESENTATION_CONTEXT(2) 
PARAMETRIC_REPRESENTATION_CONTEXT() REPRESENTATION_CONTEXT('2D SPACE',''
  ) );
#3171 = PCURVE('',#3172,#3177);
#3172 = PLANE('',#3173);
#3173 = AXIS2_PLACEMENT_3D('',#3174,#3175,#3176);
#3174 = CARTESIAN_POINT('',(-532.,-826.,4.));
#3175 = DIRECTION('',(1.,0.,-0.));
#3176 = DIRECTION('',(0.,0.,1.));
#3177 = DEFINITIONAL_REPRESENTATION('',(#3178),#3181);
#3178 = B_SPLINE_CURVE_WITH_KNOTS('',1,(#3179,#3180),.UNSPECIFIED.,.F.,
  .F.,(2,2),(17.5,1.6695E+03),.PIECEWISE_BEZIER_KNOTS.);
#3179 = CARTESIAN_POINT('',(26.,0.));
#3180 = CARTESIAN_POINT('',(26.,-1.652E+03));
#3181 = ( GEOMETRIC_REPRESENTATION_CONTEXT(2) 
PARAMETRIC_REPRESENTATION_CONTEXT() REPRESENTATION_CONTEXT('2D SPACE',''
  ) );
#3182 = ORIENTED_EDGE('',*,*,#3183,.F.);
#3183 = EDGE_CURVE('',#3184,#3158,#3186,.T.);
#3184 = VERTEX_POINT('',#3185);
#3185 = CARTESIAN_POINT('',(532.,826.,30.));
#3186 = SURFACE_CURVE('',#3187,(#3191,#3197),.PCURVE_S1.);
#3187 = LINE('',#3188,#3189);
#3188 = CARTESIAN_POINT('',(-549.5,826.,30.));
#3189 = VECTOR('',#3190,1.);
#3190 = DIRECTION('',(-1.,-0.,0.));
#3191 = PCURVE('',#2990,#3192);
#3192 = DEFINITIONAL_REPRESENTATION('',(#3193),#3196);
#3193 = B_SPLINE_CURVE_WITH_KNOTS('',1,(#3194,#3195),.UNSPECIFIED.,.F.,
  .F.,(2,2),(-1.0815E+03,-17.5),.PIECEWISE_BEZIER_KNOTS.);
#3194 = CARTESIAN_POINT('',(1.099E+03,1.687E+03));
#3195 = CARTESIAN_POINT('',(35.,1.687E+03));
#3196 = ( GEOMETRIC_REPRESENTATION_CONTEXT(2) 
PARAMETRIC_REPRESENTATION_CONTEXT() REPRESENTATION_CONTEXT('2D SPACE',''
  ) );
#3197 = PCURVE('',#3198,#3203);
#3198 = PLANE('',#3199);
#3199 = AXIS2_PLACEMENT_3D('',#3200,#3201,#3202);
#3200 = CARTESIAN_POINT('',(-532.,826.,4.));
#3201 = DIRECTION('',(-0.,1.,0.));
#3202 = DIRECTION('',(0.,0.,1.));
#3203 = DEFINITIONAL_REPRESENTATION('',(#3204),#3207);
#3204 = B_SPLINE_CURVE_WITH_KNOTS('',1,(#3205,#3206),.UNSPECIFIED.,.F.,
  .F.,(2,2),(-1.0815E+03,-17.5),.PIECEWISE_BEZIER_KNOTS.);
#3205 = CARTESIAN_POINT('',(26.,1.064E+03));
#3206 = CARTESIAN_POINT('',(26.,0.));
#3207 = ( GEOMETRIC_REPRESENTATION_CONTEXT(2) 
PARAMETRIC_REPRESENTATION_CONTEXT() REPRESENTATION_CONTEXT('2D SPACE',''
  ) );
#3208 = ORIENTED_EDGE('',*,*,#3209,.F.);
#3209 = EDGE_CURVE('',#3130,#3184,#3210,.T.);
#3210 = SURFACE_CURVE('',#3211,(#3215,#3221),.PCURVE_S1.);
#3211 = LINE('',#3212,#3213);
#3212 = CARTESIAN_POINT('',(532.,-843.5,30.));
#3213 = VECTOR('',#3214,1.);
#3214 = DIRECTION('',(-0.,1.,0.));
#3215 = PCURVE('',#2990,#3216);
#3216 = DEFINITIONAL_REPRESENTATION('',(#3217),#3220);
#3217 = B_SPLINE_CURVE_WITH_KNOTS('',1,(#3218,#3219),.UNSPECIFIED.,.F.,
  .F.,(2,2),(17.5,1.6695E+03),.PIECEWISE_BEZIER_KNOTS.);
#3218 = CARTESIAN_POINT('',(1.099E+03,35.));
#3219 = CARTESIAN_POINT('',(1.099E+03,1.687E+03));
#3220 = ( GEOMETRIC_REPRESENTATION_CONTEXT(2) 
PARAMETRIC_REPRESENTATION_CONTEXT() REPRESENTATION_CONTEXT('2D SPACE',''
  ) );
#3221 = PCURVE('',#3222,#3227);
#3222 = PLANE('',#3223);
#3223 = AXIS2_PLACEMENT_3D('',#3224,#3225,#3226);
#3224 = CARTESIAN_POINT('',(532.,-826.,4.));
#3225 = DIRECTION('',(1.,0.,-0.));
#3226 = DIRECTION('',(0.,0.,1.));
#3227 = DEFINITIONAL_REPRESENTATION('',(#3228),#3231);
#3228 = B_SPLINE_CURVE_WITH_KNOTS('',1,(#3229,#3230),.UNSPECIFIED.,.F.,
  .F.,(2,2),(17.5,1.6695E+03),.PIECEWISE_BEZIER_KNOTS.);
#3229 = CARTESIAN_POINT('',(26.,0.));
#3230 = CARTESIAN_POINT('',(26.,-1.652E+03));
#3231 = ( GEOMETRIC_REPRESENTATION_CONTEXT(2) 
PARAMETRIC_REPRESENTATION_CONTEXT() REPRESENTATION_CONTEXT('2D SPACE',''
  ) );
#3232 = ADVANCED_FACE('',(#3233),#2964,.T.);
#3233 = FACE_BOUND('',#3234,.T.);
#3234 = EDGE_LOOP('',(#3235,#3258,#3259,#3260));
#3235 = ORIENTED_EDGE('',*,*,#3236,.F.);
#3236 = EDGE_CURVE('',#2921,#3237,#3239,.T.);
#3237 = VERTEX_POINT('',#3238);
#3238 = CARTESIAN_POINT('',(567.,861.,0.));
#3239 = SURFACE_CURVE('',#3240,(#3244,#3251),.PCURVE_S1.);
#3240 = LINE('',#3241,#3242);
#3241 = CARTESIAN_POINT('',(-567.,861.,0.));
#3242 = VECTOR('',#3243,1.);
#3243 = DIRECTION('',(1.,0.,-0.));
#3244 = PCURVE('',#2964,#3245);
#3245 = DEFINITIONAL_REPRESENTATION('',(#3246),#3250);
#3246 = LINE('',#3247,#3248);
#3247 = CARTESIAN_POINT('',(0.,0.));
#3248 = VECTOR('',#3249,1.);
#3249 = DIRECTION('',(0.,1.));
#3250 = ( GEOMETRIC_REPRESENTATION_CONTEXT(2) 
PARAMETRIC_REPRESENTATION_CONTEXT() REPRESENTATION_CONTEXT('2D SPACE',''
  ) );
#3251 = PCURVE('',#2936,#3252);
#3252 = DEFINITIONAL_REPRESENTATION('',(#3253),#3257);
#3253 = LINE('',#3254,#3255);
#3254 = CARTESIAN_POINT('',(0.,1.722E+03));
#3255 = VECTOR('',#3256,1.);
#3256 = DIRECTION('',(1.,0.));
#3257 = ( GEOMETRIC_REPRESENTATION_CONTEXT(2) 
PARAMETRIC_REPRESENTATION_CONTEXT() REPRESENTATION_CONTEXT('2D SPACE',''
  ) );
#3258 = ORIENTED_EDGE('',*,*,#2948,.T.);
#3259 = ORIENTED_EDGE('',*,*,#3106,.T.);
#3260 = ORIENTED_EDGE('',*,*,#3261,.F.);
#3261 = EDGE_CURVE('',#3237,#3084,#3262,.T.);
#3262 = SURFACE_CURVE('',#3263,(#3267,#3274),.PCURVE_S1.);
#3263 = LINE('',#3264,#3265);
#3264 = CARTESIAN_POINT('',(567.,861.,0.));
#3265 = VECTOR('',#3266,1.);
#3266 = DIRECTION('',(0.,0.,1.));
#3267 = PCURVE('',#2964,#3268);
#3268 = DEFINITIONAL_REPRESENTATION('',(#3269),#3273);
#3269 = LINE('',#3270,#3271);
#3270 = CARTESIAN_POINT('',(0.,1.134E+03));
#3271 = VECTOR('',#3272,1.);
#3272 = DIRECTION('',(1.,0.));
#3273 = ( GEOMETRIC_REPRESENTATION_CONTEXT(2) 
PARAMETRIC_REPRESENTATION_CONTEXT() REPRESENTATION_CONTEXT('2D SPACE',''
  ) );
#3274 = PCURVE('',#3066,#3275);
#3275 = DEFINITIONAL_REPRESENTATION('',(#3276),#3280);
#3276 = LINE('',#3277,#3278);
#3277 = CARTESIAN_POINT('',(0.,-1.722E+03));
#3278 = VECTOR('',#3279,1.);
#3279 = DIRECTION('',(1.,0.));
#3280 = ( GEOMETRIC_REPRESENTATION_CONTEXT(2) 
PARAMETRIC_REPRESENTATION_CONTEXT() REPRESENTATION_CONTEXT('2D SPACE',''
  ) );
#3281 = ADVANCED_FACE('',(#3282),#2936,.F.);
#3282 = FACE_BOUND('',#3283,.F.);
#3283 = EDGE_LOOP('',(#3284,#3285,#3286,#3307));
#3284 = ORIENTED_EDGE('',*,*,#2920,.F.);
#3285 = ORIENTED_EDGE('',*,*,#3005,.T.);
#3286 = ORIENTED_EDGE('',*,*,#3287,.T.);
#3287 = EDGE_CURVE('',#3006,#3237,#3288,.T.);
#3288 = SURFACE_CURVE('',#3289,(#3293,#3300),.PCURVE_S1.);
#3289 = LINE('',#3290,#3291);
#3290 = CARTESIAN_POINT('',(567.,-861.,0.));
#3291 = VECTOR('',#3292,1.);
#3292 = DIRECTION('',(-0.,1.,0.));
#3293 = PCURVE('',#2936,#3294);
#3294 = DEFINITIONAL_REPRESENTATION('',(#3295),#3299);
#3295 = LINE('',#3296,#3297);
#3296 = CARTESIAN_POINT('',(1.134E+03,0.));
#3297 = VECTOR('',#3298,1.);
#3298 = DIRECTION('',(0.,1.));
#3299 = ( GEOMETRIC_REPRESENTATION_CONTEXT(2) 
PARAMETRIC_REPRESENTATION_CONTEXT() REPRESENTATION_CONTEXT('2D SPACE',''
  ) );
#3300 = PCURVE('',#3066,#3301);
#3301 = DEFINITIONAL_REPRESENTATION('',(#3302),#3306);
#3302 = LINE('',#3303,#3304);
#3303 = CARTESIAN_POINT('',(0.,0.));
#3304 = VECTOR('',#3305,1.);
#3305 = DIRECTION('',(0.,-1.));
#3306 = ( GEOMETRIC_REPRESENTATION_CONTEXT(2) 
PARAMETRIC_REPRESENTATION_CONTEXT() REPRESENTATION_CONTEXT('2D SPACE',''
  ) );
#3307 = ORIENTED_EDGE('',*,*,#3236,.F.);
#3308 = ADVANCED_FACE('',(#3309),#3066,.T.);
#3309 = FACE_BOUND('',#3310,.T.);
#3310 = EDGE_LOOP('',(#3311,#3312,#3313,#3314));
#3311 = ORIENTED_EDGE('',*,*,#3052,.F.);
#3312 = ORIENTED_EDGE('',*,*,#3287,.T.);
#3313 = ORIENTED_EDGE('',*,*,#3261,.T.);
#3314 = ORIENTED_EDGE('',*,*,#3083,.F.);
#3315 = ADVANCED_FACE('',(#3316),#3146,.T.);
#3316 = FACE_BOUND('',#3317,.T.);
#3317 = EDGE_LOOP('',(#3318,#3341,#3369,#3390));
#3318 = ORIENTED_EDGE('',*,*,#3319,.F.);
#3319 = EDGE_CURVE('',#3320,#3130,#3322,.T.);
#3320 = VERTEX_POINT('',#3321);
#3321 = CARTESIAN_POINT('',(532.,-826.,4.));
#3322 = SURFACE_CURVE('',#3323,(#3327,#3334),.PCURVE_S1.);
#3323 = LINE('',#3324,#3325);
#3324 = CARTESIAN_POINT('',(532.,-826.,4.));
#3325 = VECTOR('',#3326,1.);
#3326 = DIRECTION('',(0.,0.,1.));
#3327 = PCURVE('',#3146,#3328);
#3328 = DEFINITIONAL_REPRESENTATION('',(#3329),#3333);
#3329 = LINE('',#3330,#3331);
#3330 = CARTESIAN_POINT('',(0.,1.064E+03));
#3331 = VECTOR('',#3332,1.);
#3332 = DIRECTION('',(1.,0.));
#3333 = ( GEOMETRIC_REPRESENTATION_CONTEXT(2) 
PARAMETRIC_REPRESENTATION_CONTEXT() REPRESENTATION_CONTEXT('2D SPACE',''
  ) );
#3334 = PCURVE('',#3222,#3335);
#3335 = DEFINITIONAL_REPRESENTATION('',(#3336),#3340);
#3336 = LINE('',#3337,#3338);
#3337 = CARTESIAN_POINT('',(0.,0.));
#3338 = VECTOR('',#3339,1.);
#3339 = DIRECTION('',(1.,0.));
#3340 = ( GEOMETRIC_REPRESENTATION_CONTEXT(2) 
PARAMETRIC_REPRESENTATION_CONTEXT() REPRESENTATION_CONTEXT('2D SPACE',''
  ) );
#3341 = ORIENTED_EDGE('',*,*,#3342,.F.);
#3342 = EDGE_CURVE('',#3343,#3320,#3345,.T.);
#3343 = VERTEX_POINT('',#3344);
#3344 = CARTESIAN_POINT('',(-532.,-826.,4.));
#3345 = SURFACE_CURVE('',#3346,(#3350,#3357),.PCURVE_S1.);
#3346 = LINE('',#3347,#3348);
#3347 = CARTESIAN_POINT('',(-532.,-826.,4.));
#3348 = VECTOR('',#3349,1.);
#3349 = DIRECTION('',(1.,0.,-0.));
#3350 = PCURVE('',#3146,#3351);
#3351 = DEFINITIONAL_REPRESENTATION('',(#3352),#3356);
#3352 = LINE('',#3353,#3354);
#3353 = CARTESIAN_POINT('',(0.,0.));
#3354 = VECTOR('',#3355,1.);
#3355 = DIRECTION('',(0.,1.));
#3356 = ( GEOMETRIC_REPRESENTATION_CONTEXT(2) 
PARAMETRIC_REPRESENTATION_CONTEXT() REPRESENTATION_CONTEXT('2D SPACE',''
  ) );
#3357 = PCURVE('',#3358,#3363);
#3358 = PLANE('',#3359);
#3359 = AXIS2_PLACEMENT_3D('',#3360,#3361,#3362);
#3360 = CARTESIAN_POINT('',(-532.,-826.,4.));
#3361 = DIRECTION('',(0.,0.,1.));
#3362 = DIRECTION('',(1.,0.,-0.));
#3363 = DEFINITIONAL_REPRESENTATION('',(#3364),#3368);
#3364 = LINE('',#3365,#3366);
#3365 = CARTESIAN_POINT('',(0.,0.));
#3366 = VECTOR('',#3367,1.);
#3367 = DIRECTION('',(1.,0.));
#3368 = ( GEOMETRIC_REPRESENTATION_CONTEXT(2) 
PARAMETRIC_REPRESENTATION_CONTEXT() REPRESENTATION_CONTEXT('2D SPACE',''
  ) );
#3369 = ORIENTED_EDGE('',*,*,#3370,.T.);
#3370 = EDGE_CURVE('',#3343,#3132,#3371,.T.);
#3371 = SURFACE_CURVE('',#3372,(#3376,#3383),.PCURVE_S1.);
#3372 = LINE('',#3373,#3374);
#3373 = CARTESIAN_POINT('',(-532.,-826.,4.));
#3374 = VECTOR('',#3375,1.);
#3375 = DIRECTION('',(0.,0.,1.));
#3376 = PCURVE('',#3146,#3377);
#3377 = DEFINITIONAL_REPRESENTATION('',(#3378),#3382);
#3378 = LINE('',#3379,#3380);
#3379 = CARTESIAN_POINT('',(0.,0.));
#3380 = VECTOR('',#3381,1.);
#3381 = DIRECTION('',(1.,0.));
#3382 = ( GEOMETRIC_REPRESENTATION_CONTEXT(2) 
PARAMETRIC_REPRESENTATION_CONTEXT() REPRESENTATION_CONTEXT('2D SPACE',''
  ) );
#3383 = PCURVE('',#3172,#3384);
#3384 = DEFINITIONAL_REPRESENTATION('',(#3385),#3389);
#3385 = LINE('',#3386,#3387);
#3386 = CARTESIAN_POINT('',(0.,0.));
#3387 = VECTOR('',#3388,1.);
#3388 = DIRECTION('',(1.,0.));
#3389 = ( GEOMETRIC_REPRESENTATION_CONTEXT(2) 
PARAMETRIC_REPRESENTATION_CONTEXT() REPRESENTATION_CONTEXT('2D SPACE',''
  ) );
#3390 = ORIENTED_EDGE('',*,*,#3129,.F.);
#3391 = ADVANCED_FACE('',(#3392),#3222,.F.);
#3392 = FACE_BOUND('',#3393,.F.);
#3393 = EDGE_LOOP('',(#3394,#3395,#3418,#3439));
#3394 = ORIENTED_EDGE('',*,*,#3319,.F.);
#3395 = ORIENTED_EDGE('',*,*,#3396,.T.);
#3396 = EDGE_CURVE('',#3320,#3397,#3399,.T.);
#3397 = VERTEX_POINT('',#3398);
#3398 = CARTESIAN_POINT('',(532.,826.,4.));
#3399 = SURFACE_CURVE('',#3400,(#3404,#3411),.PCURVE_S1.);
#3400 = LINE('',#3401,#3402);
#3401 = CARTESIAN_POINT('',(532.,-826.,4.));
#3402 = VECTOR('',#3403,1.);
#3403 = DIRECTION('',(-0.,1.,0.));
#3404 = PCURVE('',#3222,#3405);
#3405 = DEFINITIONAL_REPRESENTATION('',(#3406),#3410);
#3406 = LINE('',#3407,#3408);
#3407 = CARTESIAN_POINT('',(0.,0.));
#3408 = VECTOR('',#3409,1.);
#3409 = DIRECTION('',(0.,-1.));
#3410 = ( GEOMETRIC_REPRESENTATION_CONTEXT(2) 
PARAMETRIC_REPRESENTATION_CONTEXT() REPRESENTATION_CONTEXT('2D SPACE',''
  ) );
#3411 = PCURVE('',#3358,#3412);
#3412 = DEFINITIONAL_REPRESENTATION('',(#3413),#3417);
#3413 = LINE('',#3414,#3415);
#3414 = CARTESIAN_POINT('',(1.064E+03,0.));
#3415 = VECTOR('',#3416,1.);
#3416 = DIRECTION('',(0.,1.));
#3417 = ( GEOMETRIC_REPRESENTATION_CONTEXT(2) 
PARAMETRIC_REPRESENTATION_CONTEXT() REPRESENTATION_CONTEXT('2D SPACE',''
  ) );
#3418 = ORIENTED_EDGE('',*,*,#3419,.T.);
#3419 = EDGE_CURVE('',#3397,#3184,#3420,.T.);
#3420 = SURFACE_CURVE('',#3421,(#3425,#3432),.PCURVE_S1.);
#3421 = LINE('',#3422,#3423);
#3422 = CARTESIAN_POINT('',(532.,826.,4.));
#3423 = VECTOR('',#3424,1.);
#3424 = DIRECTION('',(0.,0.,1.));
#3425 = PCURVE('',#3222,#3426);
#3426 = DEFINITIONAL_REPRESENTATION('',(#3427),#3431);
#3427 = LINE('',#3428,#3429);
#3428 = CARTESIAN_POINT('',(0.,-1.652E+03));
#3429 = VECTOR('',#3430,1.);
#3430 = DIRECTION('',(1.,0.));
#3431 = ( GEOMETRIC_REPRESENTATION_CONTEXT(2) 
PARAMETRIC_REPRESENTATION_CONTEXT() REPRESENTATION_CONTEXT('2D SPACE',''
  ) );
#3432 = PCURVE('',#3198,#3433);
#3433 = DEFINITIONAL_REPRESENTATION('',(#3434),#3438);
#3434 = LINE('',#3435,#3436);
#3435 = CARTESIAN_POINT('',(0.,1.064E+03));
#3436 = VECTOR('',#3437,1.);
#3437 = DIRECTION('',(1.,0.));
#3438 = ( GEOMETRIC_REPRESENTATION_CONTEXT(2) 
PARAMETRIC_REPRESENTATION_CONTEXT() REPRESENTATION_CONTEXT('2D SPACE',''
  ) );
#3439 = ORIENTED_EDGE('',*,*,#3209,.F.);
#3440 = ADVANCED_FACE('',(#3441),#3198,.F.);
#3441 = FACE_BOUND('',#3442,.F.);
#3442 = EDGE_LOOP('',(#3443,#3444,#3467,#3488));
#3443 = ORIENTED_EDGE('',*,*,#3419,.F.);
#3444 = ORIENTED_EDGE('',*,*,#3445,.F.);
#3445 = EDGE_CURVE('',#3446,#3397,#3448,.T.);
#3446 = VERTEX_POINT('',#3447);
#3447 = CARTESIAN_POINT('',(-532.,826.,4.));
#3448 = SURFACE_CURVE('',#3449,(#3453,#3460),.PCURVE_S1.);
#3449 = LINE('',#3450,#3451);
#3450 = CARTESIAN_POINT('',(-532.,826.,4.));
#3451 = VECTOR('',#3452,1.);
#3452 = DIRECTION('',(1.,0.,-0.));
#3453 = PCURVE('',#3198,#3454);
#3454 = DEFINITIONAL_REPRESENTATION('',(#3455),#3459);
#3455 = LINE('',#3456,#3457);
#3456 = CARTESIAN_POINT('',(0.,0.));
#3457 = VECTOR('',#3458,1.);
#3458 = DIRECTION('',(0.,1.));
#3459 = ( GEOMETRIC_REPRESENTATION_CONTEXT(2) 
PARAMETRIC_REPRESENTATION_CONTEXT() REPRESENTATION_CONTEXT('2D SPACE',''
  ) );
#3460 = PCURVE('',#3358,#3461);
#3461 = DEFINITIONAL_REPRESENTATION('',(#3462),#3466);
#3462 = LINE('',#3463,#3464);
#3463 = CARTESIAN_POINT('',(0.,1.652E+03));
#3464 = VECTOR('',#3465,1.);
#3465 = DIRECTION('',(1.,0.));
#3466 = ( GEOMETRIC_REPRESENTATION_CONTEXT(2) 
PARAMETRIC_REPRESENTATION_CONTEXT() REPRESENTATION_CONTEXT('2D SPACE',''
  ) );
#3467 = ORIENTED_EDGE('',*,*,#3468,.T.);
#3468 = EDGE_CURVE('',#3446,#3158,#3469,.T.);
#3469 = SURFACE_CURVE('',#3470,(#3474,#3481),.PCURVE_S1.);
#3470 = LINE('',#3471,#3472);
#3471 = CARTESIAN_POINT('',(-532.,826.,4.));
#3472 = VECTOR('',#3473,1.);
#3473 = DIRECTION('',(0.,0.,1.));
#3474 = PCURVE('',#3198,#3475);
#3475 = DEFINITIONAL_REPRESENTATION('',(#3476),#3480);
#3476 = LINE('',#3477,#3478);
#3477 = CARTESIAN_POINT('',(0.,0.));
#3478 = VECTOR('',#3479,1.);
#3479 = DIRECTION('',(1.,0.));
#3480 = ( GEOMETRIC_REPRESENTATION_CONTEXT(2) 
PARAMETRIC_REPRESENTATION_CONTEXT() REPRESENTATION_CONTEXT('2D SPACE',''
  ) );
#3481 = PCURVE('',#3172,#3482);
#3482 = DEFINITIONAL_REPRESENTATION('',(#3483),#3487);
#3483 = LINE('',#3484,#3485);
#3484 = CARTESIAN_POINT('',(0.,-1.652E+03));
#3485 = VECTOR('',#3486,1.);
#3486 = DIRECTION('',(1.,0.));
#3487 = ( GEOMETRIC_REPRESENTATION_CONTEXT(2) 
PARAMETRIC_REPRESENTATION_CONTEXT() REPRESENTATION_CONTEXT('2D SPACE',''
  ) );
#3488 = ORIENTED_EDGE('',*,*,#3183,.F.);
#3489 = ADVANCED_FACE('',(#3490),#3172,.T.);
#3490 = FACE_BOUND('',#3491,.T.);
#3491 = EDGE_LOOP('',(#3492,#3493,#3514,#3515));
#3492 = ORIENTED_EDGE('',*,*,#3370,.F.);
#3493 = ORIENTED_EDGE('',*,*,#3494,.T.);
#3494 = EDGE_CURVE('',#3343,#3446,#3495,.T.);
#3495 = SURFACE_CURVE('',#3496,(#3500,#3507),.PCURVE_S1.);
#3496 = LINE('',#3497,#3498);
#3497 = CARTESIAN_POINT('',(-532.,-826.,4.));
#3498 = VECTOR('',#3499,1.);
#3499 = DIRECTION('',(-0.,1.,0.));
#3500 = PCURVE('',#3172,#3501);
#3501 = DEFINITIONAL_REPRESENTATION('',(#3502),#3506);
#3502 = LINE('',#3503,#3504);
#3503 = CARTESIAN_POINT('',(0.,0.));
#3504 = VECTOR('',#3505,1.);
#3505 = DIRECTION('',(0.,-1.));
#3506 = ( GEOMETRIC_REPRESENTATION_CONTEXT(2) 
PARAMETRIC_REPRESENTATION_CONTEXT() REPRESENTATION_CONTEXT('2D SPACE',''
  ) );
#3507 = PCURVE('',#3358,#3508);
#3508 = DEFINITIONAL_REPRESENTATION('',(#3509),#3513);
#3509 = LINE('',#3510,#3511);
#3510 = CARTESIAN_POINT('',(0.,0.));
#3511 = VECTOR('',#3512,1.);
#3512 = DIRECTION('',(0.,1.));
#3513 = ( GEOMETRIC_REPRESENTATION_CONTEXT(2) 
PARAMETRIC_REPRESENTATION_CONTEXT() REPRESENTATION_CONTEXT('2D SPACE',''
  ) );
#3514 = ORIENTED_EDGE('',*,*,#3468,.T.);
#3515 = ORIENTED_EDGE('',*,*,#3157,.F.);
#3516 = ADVANCED_FACE('',(#3517),#3358,.T.);
#3517 = FACE_BOUND('',#3518,.T.);
#3518 = EDGE_LOOP('',(#3519,#3520,#3521,#3522));
#3519 = ORIENTED_EDGE('',*,*,#3494,.F.);
#3520 = ORIENTED_EDGE('',*,*,#3342,.T.);
#3521 = ORIENTED_EDGE('',*,*,#3396,.T.);
#3522 = ORIENTED_EDGE('',*,*,#3445,.F.);
#3523 = ( GEOMETRIC_REPRESENTATION_CONTEXT(3) 
GLOBAL_UNCERTAINTY_ASSIGNED_CONTEXT((#3527)) 
GLOBAL_UNIT_ASSIGNED_CONTEXT((#3524,#3525,#3526)) REPRESENTATION_CONTEXT
('Context #1','3D Context with UNIT and UNCERTAINTY') );
#3524 = ( LENGTH_UNIT() NAMED_UNIT(*) SI_UNIT(.MILLI.,.METRE.) );
#3525 = ( NAMED_UNIT(*) PLANE_ANGLE_UNIT() SI_UNIT($,.RADIAN.) );
#3526 = ( NAMED_UNIT(*) SI_UNIT($,.STERADIAN.) SOLID_ANGLE_UNIT() );
#3527 = UNCERTAINTY_MEASURE_WITH_UNIT(LENGTH_MEASURE(1.E-07),#3524,
  'distance_accuracy_value','confusion accuracy');
#3528 = CONTEXT_DEPENDENT_SHAPE_REPRESENTATION(#3529,#3531);
#3529 = ( REPRESENTATION_RELATIONSHIP('','',#2878,#10) 
REPRESENTATION_RELATIONSHIP_WITH_TRANSFORMATION(#3530) 
SHAPE_REPRESENTATION_RELATIONSHIP() );
#3530 = ITEM_DEFINED_TRANSFORMATION('','',#11,#39);
#3531 = PRODUCT_DEFINITION_SHAPE('Placement','Placement of an item',
  #3532);
#3532 = NEXT_ASSEMBLY_USAGE_OCCURRENCE('41','metal.103','',#5,#2873,$);
#3533 = PRODUCT_RELATED_PRODUCT_CATEGORY('part',$,(#2875));
#3534 = SHAPE_DEFINITION_REPRESENTATION(#3535,#3541);
#3535 = PRODUCT_DEFINITION_SHAPE('','',#3536);
#3536 = PRODUCT_DEFINITION('design','',#3537,#3540);
#3537 = PRODUCT_DEFINITION_FORMATION('','',#3538);
#3538 = PRODUCT('cell.3','cell.3','',(#3539));
#3539 = PRODUCT_CONTEXT('',#2,'mechanical');
#3540 = PRODUCT_DEFINITION_CONTEXT('part definition',#2,'design');
#3541 = ADVANCED_BREP_SHAPE_REPRESENTATION('',(#11,#3542),#3872);
#3542 = MANIFOLD_SOLID_BREP('',#3543);
#3543 = CLOSED_SHELL('',(#3544,#3664,#3764,#3811,#3858,#3865));
#3544 = ADVANCED_FACE('',(#3545),#3559,.F.);
#3545 = FACE_BOUND('',#3546,.F.);
#3546 = EDGE_LOOP('',(#3547,#3582,#3610,#3638));
#3547 = ORIENTED_EDGE('',*,*,#3548,.F.);
#3548 = EDGE_CURVE('',#3549,#3551,#3553,.T.);
#3549 = VERTEX_POINT('',#3550);
#3550 = CARTESIAN_POINT('',(-532.5,-826.5,0.));
#3551 = VERTEX_POINT('',#3552);
#3552 = CARTESIAN_POINT('',(-532.5,-826.5,4.));
#3553 = SURFACE_CURVE('',#3554,(#3558,#3570),.PCURVE_S1.);
#3554 = LINE('',#3555,#3556);
#3555 = CARTESIAN_POINT('',(-532.5,-826.5,0.));
#3556 = VECTOR('',#3557,1.);
#3557 = DIRECTION('',(0.,0.,1.));
#3558 = PCURVE('',#3559,#3564);
#3559 = PLANE('',#3560);
#3560 = AXIS2_PLACEMENT_3D('',#3561,#3562,#3563);
#3561 = CARTESIAN_POINT('',(-532.5,-826.5,0.));
#3562 = DIRECTION('',(1.,0.,-0.));
#3563 = DIRECTION('',(0.,0.,1.));
#3564 = DEFINITIONAL_REPRESENTATION('',(#3565),#3569);
#3565 = LINE('',#3566,#3567);
#3566 = CARTESIAN_POINT('',(0.,0.));
#3567 = VECTOR('',#3568,1.);
#3568 = DIRECTION('',(1.,0.));
#3569 = ( GEOMETRIC_REPRESENTATION_CONTEXT(2) 
PARAMETRIC_REPRESENTATION_CONTEXT() REPRESENTATION_CONTEXT('2D SPACE',''
  ) );
#3570 = PCURVE('',#3571,#3576);
#3571 = PLANE('',#3572);
#3572 = AXIS2_PLACEMENT_3D('',#3573,#3574,#3575);
#3573 = CARTESIAN_POINT('',(-532.5,-826.5,0.));
#3574 = DIRECTION('',(-0.,1.,0.));
#3575 = DIRECTION('',(0.,0.,1.));
#3576 = DEFINITIONAL_REPRESENTATION('',(#3577),#3581);
#3577 = LINE('',#3578,#3579);
#3578 = CARTESIAN_POINT('',(0.,0.));
#3579 = VECTOR('',#3580,1.);
#3580 = DIRECTION('',(1.,0.));
#3581 = ( GEOMETRIC_REPRESENTATION_CONTEXT(2) 
PARAMETRIC_REPRESENTATION_CONTEXT() REPRESENTATION_CONTEXT('2D SPACE',''
  ) );
#3582 = ORIENTED_EDGE('',*,*,#3583,.T.);
#3583 = EDGE_CURVE('',#3549,#3584,#3586,.T.);
#3584 = VERTEX_POINT('',#3585);
#3585 = CARTESIAN_POINT('',(-532.5,826.5,0.));
#3586 = SURFACE_CURVE('',#3587,(#3591,#3598),.PCURVE_S1.);
#3587 = LINE('',#3588,#3589);
#3588 = CARTESIAN_POINT('',(-532.5,-826.5,0.));
#3589 = VECTOR('',#3590,1.);
#3590 = DIRECTION('',(-0.,1.,0.));
#3591 = PCURVE('',#3559,#3592);
#3592 = DEFINITIONAL_REPRESENTATION('',(#3593),#3597);
#3593 = LINE('',#3594,#3595);
#3594 = CARTESIAN_POINT('',(0.,0.));
#3595 = VECTOR('',#3596,1.);
#3596 = DIRECTION('',(0.,-1.));
#3597 = ( GEOMETRIC_REPRESENTATION_CONTEXT(2) 
PARAMETRIC_REPRESENTATION_CONTEXT() REPRESENTATION_CONTEXT('2D SPACE',''
  ) );
#3598 = PCURVE('',#3599,#3604);
#3599 = PLANE('',#3600);
#3600 = AXIS2_PLACEMENT_3D('',#3601,#3602,#3603);
#3601 = CARTESIAN_POINT('',(-532.5,-826.5,0.));
#3602 = DIRECTION('',(0.,0.,1.));
#3603 = DIRECTION('',(1.,0.,-0.));
#3604 = DEFINITIONAL_REPRESENTATION('',(#3605),#3609);
#3605 = LINE('',#3606,#3607);
#3606 = CARTESIAN_POINT('',(0.,0.));
#3607 = VECTOR('',#3608,1.);
#3608 = DIRECTION('',(0.,1.));
#3609 = ( GEOMETRIC_REPRESENTATION_CONTEXT(2) 
PARAMETRIC_REPRESENTATION_CONTEXT() REPRESENTATION_CONTEXT('2D SPACE',''
  ) );
#3610 = ORIENTED_EDGE('',*,*,#3611,.T.);
#3611 = EDGE_CURVE('',#3584,#3612,#3614,.T.);
#3612 = VERTEX_POINT('',#3613);
#3613 = CARTESIAN_POINT('',(-532.5,826.5,4.));
#3614 = SURFACE_CURVE('',#3615,(#3619,#3626),.PCURVE_S1.);
#3615 = LINE('',#3616,#3617);
#3616 = CARTESIAN_POINT('',(-532.5,826.5,0.));
#3617 = VECTOR('',#3618,1.);
#3618 = DIRECTION('',(0.,0.,1.));
#3619 = PCURVE('',#3559,#3620);
#3620 = DEFINITIONAL_REPRESENTATION('',(#3621),#3625);
#3621 = LINE('',#3622,#3623);
#3622 = CARTESIAN_POINT('',(0.,-1.653E+03));
#3623 = VECTOR('',#3624,1.);
#3624 = DIRECTION('',(1.,0.));
#3625 = ( GEOMETRIC_REPRESENTATION_CONTEXT(2) 
PARAMETRIC_REPRESENTATION_CONTEXT() REPRESENTATION_CONTEXT('2D SPACE',''
  ) );
#3626 = PCURVE('',#3627,#3632);
#3627 = PLANE('',#3628);
#3628 = AXIS2_PLACEMENT_3D('',#3629,#3630,#3631);
#3629 = CARTESIAN_POINT('',(-532.5,826.5,0.));
#3630 = DIRECTION('',(-0.,1.,0.));
#3631 = DIRECTION('',(0.,0.,1.));
#3632 = DEFINITIONAL_REPRESENTATION('',(#3633),#3637);
#3633 = LINE('',#3634,#3635);
#3634 = CARTESIAN_POINT('',(0.,0.));
#3635 = VECTOR('',#3636,1.);
#3636 = DIRECTION('',(1.,0.));
#3637 = ( GEOMETRIC_REPRESENTATION_CONTEXT(2) 
PARAMETRIC_REPRESENTATION_CONTEXT() REPRESENTATION_CONTEXT('2D SPACE',''
  ) );
#3638 = ORIENTED_EDGE('',*,*,#3639,.F.);
#3639 = EDGE_CURVE('',#3551,#3612,#3640,.T.);
#3640 = SURFACE_CURVE('',#3641,(#3645,#3652),.PCURVE_S1.);
#3641 = LINE('',#3642,#3643);
#3642 = CARTESIAN_POINT('',(-532.5,-826.5,4.));
#3643 = VECTOR('',#3644,1.);
#3644 = DIRECTION('',(-0.,1.,0.));
#3645 = PCURVE('',#3559,#3646);
#3646 = DEFINITIONAL_REPRESENTATION('',(#3647),#3651);
#3647 = LINE('',#3648,#3649);
#3648 = CARTESIAN_POINT('',(4.,0.));
#3649 = VECTOR('',#3650,1.);
#3650 = DIRECTION('',(0.,-1.));
#3651 = ( GEOMETRIC_REPRESENTATION_CONTEXT(2) 
PARAMETRIC_REPRESENTATION_CONTEXT() REPRESENTATION_CONTEXT('2D SPACE',''
  ) );
#3652 = PCURVE('',#3653,#3658);
#3653 = PLANE('',#3654);
#3654 = AXIS2_PLACEMENT_3D('',#3655,#3656,#3657);
#3655 = CARTESIAN_POINT('',(-532.5,-826.5,4.));
#3656 = DIRECTION('',(0.,0.,1.));
#3657 = DIRECTION('',(1.,0.,-0.));
#3658 = DEFINITIONAL_REPRESENTATION('',(#3659),#3663);
#3659 = LINE('',#3660,#3661);
#3660 = CARTESIAN_POINT('',(0.,0.));
#3661 = VECTOR('',#3662,1.);
#3662 = DIRECTION('',(0.,1.));
#3663 = ( GEOMETRIC_REPRESENTATION_CONTEXT(2) 
PARAMETRIC_REPRESENTATION_CONTEXT() REPRESENTATION_CONTEXT('2D SPACE',''
  ) );
#3664 = ADVANCED_FACE('',(#3665),#3679,.T.);
#3665 = FACE_BOUND('',#3666,.T.);
#3666 = EDGE_LOOP('',(#3667,#3697,#3720,#3743));
#3667 = ORIENTED_EDGE('',*,*,#3668,.F.);
#3668 = EDGE_CURVE('',#3669,#3671,#3673,.T.);
#3669 = VERTEX_POINT('',#3670);
#3670 = CARTESIAN_POINT('',(532.5,-826.5,0.));
#3671 = VERTEX_POINT('',#3672);
#3672 = CARTESIAN_POINT('',(532.5,-826.5,4.));
#3673 = SURFACE_CURVE('',#3674,(#3678,#3690),.PCURVE_S1.);
#3674 = LINE('',#3675,#3676);
#3675 = CARTESIAN_POINT('',(532.5,-826.5,0.));
#3676 = VECTOR('',#3677,1.);
#3677 = DIRECTION('',(0.,0.,1.));
#3678 = PCURVE('',#3679,#3684);
#3679 = PLANE('',#3680);
#3680 = AXIS2_PLACEMENT_3D('',#3681,#3682,#3683);
#3681 = CARTESIAN_POINT('',(532.5,-826.5,0.));
#3682 = DIRECTION('',(1.,0.,-0.));
#3683 = DIRECTION('',(0.,0.,1.));
#3684 = DEFINITIONAL_REPRESENTATION('',(#3685),#3689);
#3685 = LINE('',#3686,#3687);
#3686 = CARTESIAN_POINT('',(0.,0.));
#3687 = VECTOR('',#3688,1.);
#3688 = DIRECTION('',(1.,0.));
#3689 = ( GEOMETRIC_REPRESENTATION_CONTEXT(2) 
PARAMETRIC_REPRESENTATION_CONTEXT() REPRESENTATION_CONTEXT('2D SPACE',''
  ) );
#3690 = PCURVE('',#3571,#3691);
#3691 = DEFINITIONAL_REPRESENTATION('',(#3692),#3696);
#3692 = LINE('',#3693,#3694);
#3693 = CARTESIAN_POINT('',(0.,1.065E+03));
#3694 = VECTOR('',#3695,1.);
#3695 = DIRECTION('',(1.,0.));
#3696 = ( GEOMETRIC_REPRESENTATION_CONTEXT(2) 
PARAMETRIC_REPRESENTATION_CONTEXT() REPRESENTATION_CONTEXT('2D SPACE',''
  ) );
#3697 = ORIENTED_EDGE('',*,*,#3698,.T.);
#3698 = EDGE_CURVE('',#3669,#3699,#3701,.T.);
#3699 = VERTEX_POINT('',#3700);
#3700 = CARTESIAN_POINT('',(532.5,826.5,0.));
#3701 = SURFACE_CURVE('',#3702,(#3706,#3713),.PCURVE_S1.);
#3702 = LINE('',#3703,#3704);
#3703 = CARTESIAN_POINT('',(532.5,-826.5,0.));
#3704 = VECTOR('',#3705,1.);
#3705 = DIRECTION('',(-0.,1.,0.));
#3706 = PCURVE('',#3679,#3707);
#3707 = DEFINITIONAL_REPRESENTATION('',(#3708),#3712);
#3708 = LINE('',#3709,#3710);
#3709 = CARTESIAN_POINT('',(0.,0.));
#3710 = VECTOR('',#3711,1.);
#3711 = DIRECTION('',(0.,-1.));
#3712 = ( GEOMETRIC_REPRESENTATION_CONTEXT(2) 
PARAMETRIC_REPRESENTATION_CONTEXT() REPRESENTATION_CONTEXT('2D SPACE',''
  ) );
#3713 = PCURVE('',#3599,#3714);
#3714 = DEFINITIONAL_REPRESENTATION('',(#3715),#3719);
#3715 = LINE('',#3716,#3717);
#3716 = CARTESIAN_POINT('',(1.065E+03,0.));
#3717 = VECTOR('',#3718,1.);
#3718 = DIRECTION('',(0.,1.));
#3719 = ( GEOMETRIC_REPRESENTATION_CONTEXT(2) 
PARAMETRIC_REPRESENTATION_CONTEXT() REPRESENTATION_CONTEXT('2D SPACE',''
  ) );
#3720 = ORIENTED_EDGE('',*,*,#3721,.T.);
#3721 = EDGE_CURVE('',#3699,#3722,#3724,.T.);
#3722 = VERTEX_POINT('',#3723);
#3723 = CARTESIAN_POINT('',(532.5,826.5,4.));
#3724 = SURFACE_CURVE('',#3725,(#3729,#3736),.PCURVE_S1.);
#3725 = LINE('',#3726,#3727);
#3726 = CARTESIAN_POINT('',(532.5,826.5,0.));
#3727 = VECTOR('',#3728,1.);
#3728 = DIRECTION('',(0.,0.,1.));
#3729 = PCURVE('',#3679,#3730);
#3730 = DEFINITIONAL_REPRESENTATION('',(#3731),#3735);
#3731 = LINE('',#3732,#3733);
#3732 = CARTESIAN_POINT('',(0.,-1.653E+03));
#3733 = VECTOR('',#3734,1.);
#3734 = DIRECTION('',(1.,0.));
#3735 = ( GEOMETRIC_REPRESENTATION_CONTEXT(2) 
PARAMETRIC_REPRESENTATION_CONTEXT() REPRESENTATION_CONTEXT('2D SPACE',''
  ) );
#3736 = PCURVE('',#3627,#3737);
#3737 = DEFINITIONAL_REPRESENTATION('',(#3738),#3742);
#3738 = LINE('',#3739,#3740);
#3739 = CARTESIAN_POINT('',(0.,1.065E+03));
#3740 = VECTOR('',#3741,1.);
#3741 = DIRECTION('',(1.,0.));
#3742 = ( GEOMETRIC_REPRESENTATION_CONTEXT(2) 
PARAMETRIC_REPRESENTATION_CONTEXT() REPRESENTATION_CONTEXT('2D SPACE',''
  ) );
#3743 = ORIENTED_EDGE('',*,*,#3744,.F.);
#3744 = EDGE_CURVE('',#3671,#3722,#3745,.T.);
#3745 = SURFACE_CURVE('',#3746,(#3750,#3757),.PCURVE_S1.);
#3746 = LINE('',#3747,#3748);
#3747 = CARTESIAN_POINT('',(532.5,-826.5,4.));
#3748 = VECTOR('',#3749,1.);
#3749 = DIRECTION('',(-0.,1.,0.));
#3750 = PCURVE('',#3679,#3751);
#3751 = DEFINITIONAL_REPRESENTATION('',(#3752),#3756);
#3752 = LINE('',#3753,#3754);
#3753 = CARTESIAN_POINT('',(4.,0.));
#3754 = VECTOR('',#3755,1.);
#3755 = DIRECTION('',(0.,-1.));
#3756 = ( GEOMETRIC_REPRESENTATION_CONTEXT(2) 
PARAMETRIC_REPRESENTATION_CONTEXT() REPRESENTATION_CONTEXT('2D SPACE',''
  ) );
#3757 = PCURVE('',#3653,#3758);
#3758 = DEFINITIONAL_REPRESENTATION('',(#3759),#3763);
#3759 = LINE('',#3760,#3761);
#3760 = CARTESIAN_POINT('',(1.065E+03,0.));
#3761 = VECTOR('',#3762,1.);
#3762 = DIRECTION('',(0.,1.));
#3763 = ( GEOMETRIC_REPRESENTATION_CONTEXT(2) 
PARAMETRIC_REPRESENTATION_CONTEXT() REPRESENTATION_CONTEXT('2D SPACE',''
  ) );
#3764 = ADVANCED_FACE('',(#3765),#3571,.F.);
#3765 = FACE_BOUND('',#3766,.F.);
#3766 = EDGE_LOOP('',(#3767,#3788,#3789,#3810));
#3767 = ORIENTED_EDGE('',*,*,#3768,.F.);
#3768 = EDGE_CURVE('',#3549,#3669,#3769,.T.);
#3769 = SURFACE_CURVE('',#3770,(#3774,#3781),.PCURVE_S1.);
#3770 = LINE('',#3771,#3772);
#3771 = CARTESIAN_POINT('',(-532.5,-826.5,0.));
#3772 = VECTOR('',#3773,1.);
#3773 = DIRECTION('',(1.,0.,-0.));
#3774 = PCURVE('',#3571,#3775);
#3775 = DEFINITIONAL_REPRESENTATION('',(#3776),#3780);
#3776 = LINE('',#3777,#3778);
#3777 = CARTESIAN_POINT('',(0.,0.));
#3778 = VECTOR('',#3779,1.);
#3779 = DIRECTION('',(0.,1.));
#3780 = ( GEOMETRIC_REPRESENTATION_CONTEXT(2) 
PARAMETRIC_REPRESENTATION_CONTEXT() REPRESENTATION_CONTEXT('2D SPACE',''
  ) );
#3781 = PCURVE('',#3599,#3782);
#3782 = DEFINITIONAL_REPRESENTATION('',(#3783),#3787);
#3783 = LINE('',#3784,#3785);
#3784 = CARTESIAN_POINT('',(0.,0.));
#3785 = VECTOR('',#3786,1.);
#3786 = DIRECTION('',(1.,0.));
#3787 = ( GEOMETRIC_REPRESENTATION_CONTEXT(2) 
PARAMETRIC_REPRESENTATION_CONTEXT() REPRESENTATION_CONTEXT('2D SPACE',''
  ) );
#3788 = ORIENTED_EDGE('',*,*,#3548,.T.);
#3789 = ORIENTED_EDGE('',*,*,#3790,.T.);
#3790 = EDGE_CURVE('',#3551,#3671,#3791,.T.);
#3791 = SURFACE_CURVE('',#3792,(#3796,#3803),.PCURVE_S1.);
#3792 = LINE('',#3793,#3794);
#3793 = CARTESIAN_POINT('',(-532.5,-826.5,4.));
#3794 = VECTOR('',#3795,1.);
#3795 = DIRECTION('',(1.,0.,-0.));
#3796 = PCURVE('',#3571,#3797);
#3797 = DEFINITIONAL_REPRESENTATION('',(#3798),#3802);
#3798 = LINE('',#3799,#3800);
#3799 = CARTESIAN_POINT('',(4.,0.));
#3800 = VECTOR('',#3801,1.);
#3801 = DIRECTION('',(0.,1.));
#3802 = ( GEOMETRIC_REPRESENTATION_CONTEXT(2) 
PARAMETRIC_REPRESENTATION_CONTEXT() REPRESENTATION_CONTEXT('2D SPACE',''
  ) );
#3803 = PCURVE('',#3653,#3804);
#3804 = DEFINITIONAL_REPRESENTATION('',(#3805),#3809);
#3805 = LINE('',#3806,#3807);
#3806 = CARTESIAN_POINT('',(0.,0.));
#3807 = VECTOR('',#3808,1.);
#3808 = DIRECTION('',(1.,0.));
#3809 = ( GEOMETRIC_REPRESENTATION_CONTEXT(2) 
PARAMETRIC_REPRESENTATION_CONTEXT() REPRESENTATION_CONTEXT('2D SPACE',''
  ) );
#3810 = ORIENTED_EDGE('',*,*,#3668,.F.);
#3811 = ADVANCED_FACE('',(#3812),#3627,.T.);
#3812 = FACE_BOUND('',#3813,.T.);
#3813 = EDGE_LOOP('',(#3814,#3835,#3836,#3857));
#3814 = ORIENTED_EDGE('',*,*,#3815,.F.);
#3815 = EDGE_CURVE('',#3584,#3699,#3816,.T.);
#3816 = SURFACE_CURVE('',#3817,(#3821,#3828),.PCURVE_S1.);
#3817 = LINE('',#3818,#3819);
#3818 = CARTESIAN_POINT('',(-532.5,826.5,0.));
#3819 = VECTOR('',#3820,1.);
#3820 = DIRECTION('',(1.,0.,-0.));
#3821 = PCURVE('',#3627,#3822);
#3822 = DEFINITIONAL_REPRESENTATION('',(#3823),#3827);
#3823 = LINE('',#3824,#3825);
#3824 = CARTESIAN_POINT('',(0.,0.));
#3825 = VECTOR('',#3826,1.);
#3826 = DIRECTION('',(0.,1.));
#3827 = ( GEOMETRIC_REPRESENTATION_CONTEXT(2) 
PARAMETRIC_REPRESENTATION_CONTEXT() REPRESENTATION_CONTEXT('2D SPACE',''
  ) );
#3828 = PCURVE('',#3599,#3829);
#3829 = DEFINITIONAL_REPRESENTATION('',(#3830),#3834);
#3830 = LINE('',#3831,#3832);
#3831 = CARTESIAN_POINT('',(0.,1.653E+03));
#3832 = VECTOR('',#3833,1.);
#3833 = DIRECTION('',(1.,0.));
#3834 = ( GEOMETRIC_REPRESENTATION_CONTEXT(2) 
PARAMETRIC_REPRESENTATION_CONTEXT() REPRESENTATION_CONTEXT('2D SPACE',''
  ) );
#3835 = ORIENTED_EDGE('',*,*,#3611,.T.);
#3836 = ORIENTED_EDGE('',*,*,#3837,.T.);
#3837 = EDGE_CURVE('',#3612,#3722,#3838,.T.);
#3838 = SURFACE_CURVE('',#3839,(#3843,#3850),.PCURVE_S1.);
#3839 = LINE('',#3840,#3841);
#3840 = CARTESIAN_POINT('',(-532.5,826.5,4.));
#3841 = VECTOR('',#3842,1.);
#3842 = DIRECTION('',(1.,0.,-0.));
#3843 = PCURVE('',#3627,#3844);
#3844 = DEFINITIONAL_REPRESENTATION('',(#3845),#3849);
#3845 = LINE('',#3846,#3847);
#3846 = CARTESIAN_POINT('',(4.,0.));
#3847 = VECTOR('',#3848,1.);
#3848 = DIRECTION('',(0.,1.));
#3849 = ( GEOMETRIC_REPRESENTATION_CONTEXT(2) 
PARAMETRIC_REPRESENTATION_CONTEXT() REPRESENTATION_CONTEXT('2D SPACE',''
  ) );
#3850 = PCURVE('',#3653,#3851);
#3851 = DEFINITIONAL_REPRESENTATION('',(#3852),#3856);
#3852 = LINE('',#3853,#3854);
#3853 = CARTESIAN_POINT('',(0.,1.653E+03));
#3854 = VECTOR('',#3855,1.);
#3855 = DIRECTION('',(1.,0.));
#3856 = ( GEOMETRIC_REPRESENTATION_CONTEXT(2) 
PARAMETRIC_REPRESENTATION_CONTEXT() REPRESENTATION_CONTEXT('2D SPACE',''
  ) );
#3857 = ORIENTED_EDGE('',*,*,#3721,.F.);
#3858 = ADVANCED_FACE('',(#3859),#3599,.F.);
#3859 = FACE_BOUND('',#3860,.F.);
#3860 = EDGE_LOOP('',(#3861,#3862,#3863,#3864));
#3861 = ORIENTED_EDGE('',*,*,#3583,.F.);
#3862 = ORIENTED_EDGE('',*,*,#3768,.T.);
#3863 = ORIENTED_EDGE('',*,*,#3698,.T.);
#3864 = ORIENTED_EDGE('',*,*,#3815,.F.);
#3865 = ADVANCED_FACE('',(#3866),#3653,.T.);
#3866 = FACE_BOUND('',#3867,.T.);
#3867 = EDGE_LOOP('',(#3868,#3869,#3870,#3871));
#3868 = ORIENTED_EDGE('',*,*,#3639,.F.);
#3869 = ORIENTED_EDGE('',*,*,#3790,.T.);
#3870 = ORIENTED_EDGE('',*,*,#3744,.T.);
#3871 = ORIENTED_EDGE('',*,*,#3837,.F.);
#3872 = ( GEOMETRIC_REPRESENTATION_CONTEXT(3) 
GLOBAL_UNCERTAINTY_ASSIGNED_CONTEXT((#3876)) 
GLOBAL_UNIT_ASSIGNED_CONTEXT((#3873,#3874,#3875)) REPRESENTATION_CONTEXT
('Context #1','3D Context with UNIT and UNCERTAINTY') );
#3873 = ( LENGTH_UNIT() NAMED_UNIT(*) SI_UNIT(.MILLI.,.METRE.) );
#3874 = ( NAMED_UNIT(*) PLANE_ANGLE_UNIT() SI_UNIT($,.RADIAN.) );
#3875 = ( NAMED_UNIT(*) SI_UNIT($,.STERADIAN.) SOLID_ANGLE_UNIT() );
#3876 = UNCERTAINTY_MEASURE_WITH_UNIT(LENGTH_MEASURE(1.E-07),#3873,
  'distance_accuracy_value','confusion accuracy');
#3877 = CONTEXT_DEPENDENT_SHAPE_REPRESENTATION(#3878,#3880);
#3878 = ( REPRESENTATION_RELATIONSHIP('','',#3541,#10) 
REPRESENTATION_RELATIONSHIP_WITH_TRANSFORMATION(#3879) 
SHAPE_REPRESENTATION_RELATIONSHIP() );
#3879 = ITEM_DEFINED_TRANSFORMATION('','',#11,#43);
#3880 = PRODUCT_DEFINITION_SHAPE('Placement','Placement of an item',
  #3881);
#3881 = NEXT_ASSEMBLY_USAGE_OCCURRENCE('42','cell.3','',#5,#3536,$);
#3882 = PRODUCT_RELATED_PRODUCT_CATEGORY('part',$,(#3538));
#3883 = SHAPE_DEFINITION_REPRESENTATION(#3884,#3890);
#3884 = PRODUCT_DEFINITION_SHAPE('','',#3885);
#3885 = PRODUCT_DEFINITION('design','',#3886,#3889);
#3886 = PRODUCT_DEFINITION_FORMATION('','',#3887);
#3887 = PRODUCT('metal.104','metal.104','',(#3888));
#3888 = PRODUCT_CONTEXT('',#2,'mechanical');
#3889 = PRODUCT_DEFINITION_CONTEXT('part definition',#2,'design');
#3890 = ADVANCED_BREP_SHAPE_REPRESENTATION('',(#11,#3891),#4535);
#3891 = MANIFOLD_SOLID_BREP('',#3892);
#3892 = CLOSED_SHELL('',(#3893,#4013,#4089,#4244,#4293,#4320,#4327,#4403
    ,#4452,#4501,#4528));
#3893 = ADVANCED_FACE('',(#3894),#3908,.F.);
#3894 = FACE_BOUND('',#3895,.F.);
#3895 = EDGE_LOOP('',(#3896,#3931,#3959,#3987));
#3896 = ORIENTED_EDGE('',*,*,#3897,.F.);
#3897 = EDGE_CURVE('',#3898,#3900,#3902,.T.);
#3898 = VERTEX_POINT('',#3899);
#3899 = CARTESIAN_POINT('',(-567.,-861.,0.));
#3900 = VERTEX_POINT('',#3901);
#3901 = CARTESIAN_POINT('',(-567.,-861.,30.));
#3902 = SURFACE_CURVE('',#3903,(#3907,#3919),.PCURVE_S1.);
#3903 = LINE('',#3904,#3905);
#3904 = CARTESIAN_POINT('',(-567.,-861.,0.));
#3905 = VECTOR('',#3906,1.);
#3906 = DIRECTION('',(0.,0.,1.));
#3907 = PCURVE('',#3908,#3913);
#3908 = PLANE('',#3909);
#3909 = AXIS2_PLACEMENT_3D('',#3910,#3911,#3912);
#3910 = CARTESIAN_POINT('',(-567.,-861.,0.));
#3911 = DIRECTION('',(1.,0.,-0.));
#3912 = DIRECTION('',(0.,0.,1.));
#3913 = DEFINITIONAL_REPRESENTATION('',(#3914),#3918);
#3914 = LINE('',#3915,#3916);
#3915 = CARTESIAN_POINT('',(0.,0.));
#3916 = VECTOR('',#3917,1.);
#3917 = DIRECTION('',(1.,0.));
#3918 = ( GEOMETRIC_REPRESENTATION_CONTEXT(2) 
PARAMETRIC_REPRESENTATION_CONTEXT() REPRESENTATION_CONTEXT('2D SPACE',''
  ) );
#3919 = PCURVE('',#3920,#3925);
#3920 = PLANE('',#3921);
#3921 = AXIS2_PLACEMENT_3D('',#3922,#3923,#3924);
#3922 = CARTESIAN_POINT('',(-567.,-861.,0.));
#3923 = DIRECTION('',(-0.,1.,0.));
#3924 = DIRECTION('',(0.,0.,1.));
#3925 = DEFINITIONAL_REPRESENTATION('',(#3926),#3930);
#3926 = LINE('',#3927,#3928);
#3927 = CARTESIAN_POINT('',(0.,0.));
#3928 = VECTOR('',#3929,1.);
#3929 = DIRECTION('',(1.,0.));
#3930 = ( GEOMETRIC_REPRESENTATION_CONTEXT(2) 
PARAMETRIC_REPRESENTATION_CONTEXT() REPRESENTATION_CONTEXT('2D SPACE',''
  ) );
#3931 = ORIENTED_EDGE('',*,*,#3932,.T.);
#3932 = EDGE_CURVE('',#3898,#3933,#3935,.T.);
#3933 = VERTEX_POINT('',#3934);
#3934 = CARTESIAN_POINT('',(-567.,861.,0.));
#3935 = SURFACE_CURVE('',#3936,(#3940,#3947),.PCURVE_S1.);
#3936 = LINE('',#3937,#3938);
#3937 = CARTESIAN_POINT('',(-567.,-861.,0.));
#3938 = VECTOR('',#3939,1.);
#3939 = DIRECTION('',(-0.,1.,0.));
#3940 = PCURVE('',#3908,#3941);
#3941 = DEFINITIONAL_REPRESENTATION('',(#3942),#3946);
#3942 = LINE('',#3943,#3944);
#3943 = CARTESIAN_POINT('',(0.,0.));
#3944 = VECTOR('',#3945,1.);
#3945 = DIRECTION('',(0.,-1.));
#3946 = ( GEOMETRIC_REPRESENTATION_CONTEXT(2) 
PARAMETRIC_REPRESENTATION_CONTEXT() REPRESENTATION_CONTEXT('2D SPACE',''
  ) );
#3947 = PCURVE('',#3948,#3953);
#3948 = PLANE('',#3949);
#3949 = AXIS2_PLACEMENT_3D('',#3950,#3951,#3952);
#3950 = CARTESIAN_POINT('',(-567.,-861.,0.));
#3951 = DIRECTION('',(0.,0.,1.));
#3952 = DIRECTION('',(1.,0.,-0.));
#3953 = DEFINITIONAL_REPRESENTATION('',(#3954),#3958);
#3954 = LINE('',#3955,#3956);
#3955 = CARTESIAN_POINT('',(0.,0.));
#3956 = VECTOR('',#3957,1.);
#3957 = DIRECTION('',(0.,1.));
#3958 = ( GEOMETRIC_REPRESENTATION_CONTEXT(2) 
PARAMETRIC_REPRESENTATION_CONTEXT() REPRESENTATION_CONTEXT('2D SPACE',''
  ) );
#3959 = ORIENTED_EDGE('',*,*,#3960,.T.);
#3960 = EDGE_CURVE('',#3933,#3961,#3963,.T.);
#3961 = VERTEX_POINT('',#3962);
#3962 = CARTESIAN_POINT('',(-567.,861.,30.));
#3963 = SURFACE_CURVE('',#3964,(#3968,#3975),.PCURVE_S1.);
#3964 = LINE('',#3965,#3966);
#3965 = CARTESIAN_POINT('',(-567.,861.,0.));
#3966 = VECTOR('',#3967,1.);
#3967 = DIRECTION('',(0.,0.,1.));
#3968 = PCURVE('',#3908,#3969);
#3969 = DEFINITIONAL_REPRESENTATION('',(#3970),#3974);
#3970 = LINE('',#3971,#3972);
#3971 = CARTESIAN_POINT('',(0.,-1.722E+03));
#3972 = VECTOR('',#3973,1.);
#3973 = DIRECTION('',(1.,0.));
#3974 = ( GEOMETRIC_REPRESENTATION_CONTEXT(2) 
PARAMETRIC_REPRESENTATION_CONTEXT() REPRESENTATION_CONTEXT('2D SPACE',''
  ) );
#3975 = PCURVE('',#3976,#3981);
#3976 = PLANE('',#3977);
#3977 = AXIS2_PLACEMENT_3D('',#3978,#3979,#3980);
#3978 = CARTESIAN_POINT('',(-567.,861.,0.));
#3979 = DIRECTION('',(-0.,1.,0.));
#3980 = DIRECTION('',(0.,0.,1.));
#3981 = DEFINITIONAL_REPRESENTATION('',(#3982),#3986);
#3982 = LINE('',#3983,#3984);
#3983 = CARTESIAN_POINT('',(0.,0.));
#3984 = VECTOR('',#3985,1.);
#3985 = DIRECTION('',(1.,0.));
#3986 = ( GEOMETRIC_REPRESENTATION_CONTEXT(2) 
PARAMETRIC_REPRESENTATION_CONTEXT() REPRESENTATION_CONTEXT('2D SPACE',''
  ) );
#3987 = ORIENTED_EDGE('',*,*,#3988,.F.);
#3988 = EDGE_CURVE('',#3900,#3961,#3989,.T.);
#3989 = SURFACE_CURVE('',#3990,(#3994,#4001),.PCURVE_S1.);
#3990 = LINE('',#3991,#3992);
#3991 = CARTESIAN_POINT('',(-567.,-861.,30.));
#3992 = VECTOR('',#3993,1.);
#3993 = DIRECTION('',(-0.,1.,0.));
#3994 = PCURVE('',#3908,#3995);
#3995 = DEFINITIONAL_REPRESENTATION('',(#3996),#4000);
#3996 = LINE('',#3997,#3998);
#3997 = CARTESIAN_POINT('',(30.,0.));
#3998 = VECTOR('',#3999,1.);
#3999 = DIRECTION('',(0.,-1.));
#4000 = ( GEOMETRIC_REPRESENTATION_CONTEXT(2) 
PARAMETRIC_REPRESENTATION_CONTEXT() REPRESENTATION_CONTEXT('2D SPACE',''
  ) );
#4001 = PCURVE('',#4002,#4007);
#4002 = PLANE('',#4003);
#4003 = AXIS2_PLACEMENT_3D('',#4004,#4005,#4006);
#4004 = CARTESIAN_POINT('',(-567.,-861.,30.));
#4005 = DIRECTION('',(0.,0.,1.));
#4006 = DIRECTION('',(1.,0.,-0.));
#4007 = DEFINITIONAL_REPRESENTATION('',(#4008),#4012);
#4008 = LINE('',#4009,#4010);
#4009 = CARTESIAN_POINT('',(0.,0.));
#4010 = VECTOR('',#4011,1.);
#4011 = DIRECTION('',(0.,1.));
#4012 = ( GEOMETRIC_REPRESENTATION_CONTEXT(2) 
PARAMETRIC_REPRESENTATION_CONTEXT() REPRESENTATION_CONTEXT('2D SPACE',''
  ) );
#4013 = ADVANCED_FACE('',(#4014),#3920,.F.);
#4014 = FACE_BOUND('',#4015,.F.);
#4015 = EDGE_LOOP('',(#4016,#4039,#4040,#4063));
#4016 = ORIENTED_EDGE('',*,*,#4017,.F.);
#4017 = EDGE_CURVE('',#3898,#4018,#4020,.T.);
#4018 = VERTEX_POINT('',#4019);
#4019 = CARTESIAN_POINT('',(567.,-861.,0.));
#4020 = SURFACE_CURVE('',#4021,(#4025,#4032),.PCURVE_S1.);
#4021 = LINE('',#4022,#4023);
#4022 = CARTESIAN_POINT('',(-567.,-861.,0.));
#4023 = VECTOR('',#4024,1.);
#4024 = DIRECTION('',(1.,0.,-0.));
#4025 = PCURVE('',#3920,#4026);
#4026 = DEFINITIONAL_REPRESENTATION('',(#4027),#4031);
#4027 = LINE('',#4028,#4029);
#4028 = CARTESIAN_POINT('',(0.,0.));
#4029 = VECTOR('',#4030,1.);
#4030 = DIRECTION('',(0.,1.));
#4031 = ( GEOMETRIC_REPRESENTATION_CONTEXT(2) 
PARAMETRIC_REPRESENTATION_CONTEXT() REPRESENTATION_CONTEXT('2D SPACE',''
  ) );
#4032 = PCURVE('',#3948,#4033);
#4033 = DEFINITIONAL_REPRESENTATION('',(#4034),#4038);
#4034 = LINE('',#4035,#4036);
#4035 = CARTESIAN_POINT('',(0.,0.));
#4036 = VECTOR('',#4037,1.);
#4037 = DIRECTION('',(1.,0.));
#4038 = ( GEOMETRIC_REPRESENTATION_CONTEXT(2) 
PARAMETRIC_REPRESENTATION_CONTEXT() REPRESENTATION_CONTEXT('2D SPACE',''
  ) );
#4039 = ORIENTED_EDGE('',*,*,#3897,.T.);
#4040 = ORIENTED_EDGE('',*,*,#4041,.T.);
#4041 = EDGE_CURVE('',#3900,#4042,#4044,.T.);
#4042 = VERTEX_POINT('',#4043);
#4043 = CARTESIAN_POINT('',(567.,-861.,30.));
#4044 = SURFACE_CURVE('',#4045,(#4049,#4056),.PCURVE_S1.);
#4045 = LINE('',#4046,#4047);
#4046 = CARTESIAN_POINT('',(-567.,-861.,30.));
#4047 = VECTOR('',#4048,1.);
#4048 = DIRECTION('',(1.,0.,-0.));
#4049 = PCURVE('',#3920,#4050);
#4050 = DEFINITIONAL_REPRESENTATION('',(#4051),#4055);
#4051 = LINE('',#4052,#4053);
#4052 = CARTESIAN_POINT('',(30.,0.));
#4053 = VECTOR('',#4054,1.);
#4054 = DIRECTION('',(0.,1.));
#4055 = ( GEOMETRIC_REPRESENTATION_CONTEXT(2) 
PARAMETRIC_REPRESENTATION_CONTEXT() REPRESENTATION_CONTEXT('2D SPACE',''
  ) );
#4056 = PCURVE('',#4002,#4057);
#4057 = DEFINITIONAL_REPRESENTATION('',(#4058),#4062);
#4058 = LINE('',#4059,#4060);
#4059 = CARTESIAN_POINT('',(0.,0.));
#4060 = VECTOR('',#4061,1.);
#4061 = DIRECTION('',(1.,0.));
#4062 = ( GEOMETRIC_REPRESENTATION_CONTEXT(2) 
PARAMETRIC_REPRESENTATION_CONTEXT() REPRESENTATION_CONTEXT('2D SPACE',''
  ) );
#4063 = ORIENTED_EDGE('',*,*,#4064,.F.);
#4064 = EDGE_CURVE('',#4018,#4042,#4065,.T.);
#4065 = SURFACE_CURVE('',#4066,(#4070,#4077),.PCURVE_S1.);
#4066 = LINE('',#4067,#4068);
#4067 = CARTESIAN_POINT('',(567.,-861.,0.));
#4068 = VECTOR('',#4069,1.);
#4069 = DIRECTION('',(0.,0.,1.));
#4070 = PCURVE('',#3920,#4071);
#4071 = DEFINITIONAL_REPRESENTATION('',(#4072),#4076);
#4072 = LINE('',#4073,#4074);
#4073 = CARTESIAN_POINT('',(0.,1.134E+03));
#4074 = VECTOR('',#4075,1.);
#4075 = DIRECTION('',(1.,0.));
#4076 = ( GEOMETRIC_REPRESENTATION_CONTEXT(2) 
PARAMETRIC_REPRESENTATION_CONTEXT() REPRESENTATION_CONTEXT('2D SPACE',''
  ) );
#4077 = PCURVE('',#4078,#4083);
#4078 = PLANE('',#4079);
#4079 = AXIS2_PLACEMENT_3D('',#4080,#4081,#4082);
#4080 = CARTESIAN_POINT('',(567.,-861.,0.));
#4081 = DIRECTION('',(1.,0.,-0.));
#4082 = DIRECTION('',(0.,0.,1.));
#4083 = DEFINITIONAL_REPRESENTATION('',(#4084),#4088);
#4084 = LINE('',#4085,#4086);
#4085 = CARTESIAN_POINT('',(0.,0.));
#4086 = VECTOR('',#4087,1.);
#4087 = DIRECTION('',(1.,0.));
#4088 = ( GEOMETRIC_REPRESENTATION_CONTEXT(2) 
PARAMETRIC_REPRESENTATION_CONTEXT() REPRESENTATION_CONTEXT('2D SPACE',''
  ) );
#4089 = ADVANCED_FACE('',(#4090,#4138),#4002,.T.);
#4090 = FACE_BOUND('',#4091,.T.);
#4091 = EDGE_LOOP('',(#4092,#4093,#4094,#4117));
#4092 = ORIENTED_EDGE('',*,*,#3988,.F.);
#4093 = ORIENTED_EDGE('',*,*,#4041,.T.);
#4094 = ORIENTED_EDGE('',*,*,#4095,.T.);
#4095 = EDGE_CURVE('',#4042,#4096,#4098,.T.);
#4096 = VERTEX_POINT('',#4097);
#4097 = CARTESIAN_POINT('',(567.,861.,30.));
#4098 = SURFACE_CURVE('',#4099,(#4103,#4110),.PCURVE_S1.);
#4099 = LINE('',#4100,#4101);
#4100 = CARTESIAN_POINT('',(567.,-861.,30.));
#4101 = VECTOR('',#4102,1.);
#4102 = DIRECTION('',(-0.,1.,0.));
#4103 = PCURVE('',#4002,#4104);
#4104 = DEFINITIONAL_REPRESENTATION('',(#4105),#4109);
#4105 = LINE('',#4106,#4107);
#4106 = CARTESIAN_POINT('',(1.134E+03,0.));
#4107 = VECTOR('',#4108,1.);
#4108 = DIRECTION('',(0.,1.));
#4109 = ( GEOMETRIC_REPRESENTATION_CONTEXT(2) 
PARAMETRIC_REPRESENTATION_CONTEXT() REPRESENTATION_CONTEXT('2D SPACE',''
  ) );
#4110 = PCURVE('',#4078,#4111);
#4111 = DEFINITIONAL_REPRESENTATION('',(#4112),#4116);
#4112 = LINE('',#4113,#4114);
#4113 = CARTESIAN_POINT('',(30.,0.));
#4114 = VECTOR('',#4115,1.);
#4115 = DIRECTION('',(0.,-1.));
#4116 = ( GEOMETRIC_REPRESENTATION_CONTEXT(2) 
PARAMETRIC_REPRESENTATION_CONTEXT() REPRESENTATION_CONTEXT('2D SPACE',''
  ) );
#4117 = ORIENTED_EDGE('',*,*,#4118,.F.);
#4118 = EDGE_CURVE('',#3961,#4096,#4119,.T.);
#4119 = SURFACE_CURVE('',#4120,(#4124,#4131),.PCURVE_S1.);
#4120 = LINE('',#4121,#4122);
#4121 = CARTESIAN_POINT('',(-567.,861.,30.));
#4122 = VECTOR('',#4123,1.);
#4123 = DIRECTION('',(1.,0.,-0.));
#4124 = PCURVE('',#4002,#4125);
#4125 = DEFINITIONAL_REPRESENTATION('',(#4126),#4130);
#4126 = LINE('',#4127,#4128);
#4127 = CARTESIAN_POINT('',(0.,1.722E+03));
#4128 = VECTOR('',#4129,1.);
#4129 = DIRECTION('',(1.,0.));
#4130 = ( GEOMETRIC_REPRESENTATION_CONTEXT(2) 
PARAMETRIC_REPRESENTATION_CONTEXT() REPRESENTATION_CONTEXT('2D SPACE',''
  ) );
#4131 = PCURVE('',#3976,#4132);
#4132 = DEFINITIONAL_REPRESENTATION('',(#4133),#4137);
#4133 = LINE('',#4134,#4135);
#4134 = CARTESIAN_POINT('',(30.,0.));
#4135 = VECTOR('',#4136,1.);
#4136 = DIRECTION('',(0.,1.));
#4137 = ( GEOMETRIC_REPRESENTATION_CONTEXT(2) 
PARAMETRIC_REPRESENTATION_CONTEXT() REPRESENTATION_CONTEXT('2D SPACE',''
  ) );
#4138 = FACE_BOUND('',#4139,.T.);
#4139 = EDGE_LOOP('',(#4140,#4168,#4194,#4220));
#4140 = ORIENTED_EDGE('',*,*,#4141,.T.);
#4141 = EDGE_CURVE('',#4142,#4144,#4146,.T.);
#4142 = VERTEX_POINT('',#4143);
#4143 = CARTESIAN_POINT('',(532.,-826.,30.));
#4144 = VERTEX_POINT('',#4145);
#4145 = CARTESIAN_POINT('',(-532.,-826.,30.));
#4146 = SURFACE_CURVE('',#4147,(#4151,#4157),.PCURVE_S1.);
#4147 = LINE('',#4148,#4149);
#4148 = CARTESIAN_POINT('',(-549.5,-826.,30.));
#4149 = VECTOR('',#4150,1.);
#4150 = DIRECTION('',(-1.,-0.,0.));
#4151 = PCURVE('',#4002,#4152);
#4152 = DEFINITIONAL_REPRESENTATION('',(#4153),#4156);
#4153 = B_SPLINE_CURVE_WITH_KNOTS('',1,(#4154,#4155),.UNSPECIFIED.,.F.,
  .F.,(2,2),(-1.0815E+03,-17.5),.PIECEWISE_BEZIER_KNOTS.);
#4154 = CARTESIAN_POINT('',(1.099E+03,35.));
#4155 = CARTESIAN_POINT('',(35.,35.));
#4156 = ( GEOMETRIC_REPRESENTATION_CONTEXT(2) 
PARAMETRIC_REPRESENTATION_CONTEXT() REPRESENTATION_CONTEXT('2D SPACE',''
  ) );
#4157 = PCURVE('',#4158,#4163);
#4158 = PLANE('',#4159);
#4159 = AXIS2_PLACEMENT_3D('',#4160,#4161,#4162);
#4160 = CARTESIAN_POINT('',(-532.,-826.,4.));
#4161 = DIRECTION('',(-0.,1.,0.));
#4162 = DIRECTION('',(0.,0.,1.));
#4163 = DEFINITIONAL_REPRESENTATION('',(#4164),#4167);
#4164 = B_SPLINE_CURVE_WITH_KNOTS('',1,(#4165,#4166),.UNSPECIFIED.,.F.,
  .F.,(2,2),(-1.0815E+03,-17.5),.PIECEWISE_BEZIER_KNOTS.);
#4165 = CARTESIAN_POINT('',(26.,1.064E+03));
#4166 = CARTESIAN_POINT('',(26.,0.));
#4167 = ( GEOMETRIC_REPRESENTATION_CONTEXT(2) 
PARAMETRIC_REPRESENTATION_CONTEXT() REPRESENTATION_CONTEXT('2D SPACE',''
  ) );
#4168 = ORIENTED_EDGE('',*,*,#4169,.T.);
#4169 = EDGE_CURVE('',#4144,#4170,#4172,.T.);
#4170 = VERTEX_POINT('',#4171);
#4171 = CARTESIAN_POINT('',(-532.,826.,30.));
#4172 = SURFACE_CURVE('',#4173,(#4177,#4183),.PCURVE_S1.);
#4173 = LINE('',#4174,#4175);
#4174 = CARTESIAN_POINT('',(-532.,-843.5,30.));
#4175 = VECTOR('',#4176,1.);
#4176 = DIRECTION('',(-0.,1.,0.));
#4177 = PCURVE('',#4002,#4178);
#4178 = DEFINITIONAL_REPRESENTATION('',(#4179),#4182);
#4179 = B_SPLINE_CURVE_WITH_KNOTS('',1,(#4180,#4181),.UNSPECIFIED.,.F.,
  .F.,(2,2),(17.5,1.6695E+03),.PIECEWISE_BEZIER_KNOTS.);
#4180 = CARTESIAN_POINT('',(35.,35.));
#4181 = CARTESIAN_POINT('',(35.,1.687E+03));
#4182 = ( GEOMETRIC_REPRESENTATION_CONTEXT(2) 
PARAMETRIC_REPRESENTATION_CONTEXT() REPRESENTATION_CONTEXT('2D SPACE',''
  ) );
#4183 = PCURVE('',#4184,#4189);
#4184 = PLANE('',#4185);
#4185 = AXIS2_PLACEMENT_3D('',#4186,#4187,#4188);
#4186 = CARTESIAN_POINT('',(-532.,-826.,4.));
#4187 = DIRECTION('',(1.,0.,-0.));
#4188 = DIRECTION('',(0.,0.,1.));
#4189 = DEFINITIONAL_REPRESENTATION('',(#4190),#4193);
#4190 = B_SPLINE_CURVE_WITH_KNOTS('',1,(#4191,#4192),.UNSPECIFIED.,.F.,
  .F.,(2,2),(17.5,1.6695E+03),.PIECEWISE_BEZIER_KNOTS.);
#4191 = CARTESIAN_POINT('',(26.,0.));
#4192 = CARTESIAN_POINT('',(26.,-1.652E+03));
#4193 = ( GEOMETRIC_REPRESENTATION_CONTEXT(2) 
PARAMETRIC_REPRESENTATION_CONTEXT() REPRESENTATION_CONTEXT('2D SPACE',''
  ) );
#4194 = ORIENTED_EDGE('',*,*,#4195,.F.);
#4195 = EDGE_CURVE('',#4196,#4170,#4198,.T.);
#4196 = VERTEX_POINT('',#4197);
#4197 = CARTESIAN_POINT('',(532.,826.,30.));
#4198 = SURFACE_CURVE('',#4199,(#4203,#4209),.PCURVE_S1.);
#4199 = LINE('',#4200,#4201);
#4200 = CARTESIAN_POINT('',(-549.5,826.,30.));
#4201 = VECTOR('',#4202,1.);
#4202 = DIRECTION('',(-1.,-0.,0.));
#4203 = PCURVE('',#4002,#4204);
#4204 = DEFINITIONAL_REPRESENTATION('',(#4205),#4208);
#4205 = B_SPLINE_CURVE_WITH_KNOTS('',1,(#4206,#4207),.UNSPECIFIED.,.F.,
  .F.,(2,2),(-1.0815E+03,-17.5),.PIECEWISE_BEZIER_KNOTS.);
#4206 = CARTESIAN_POINT('',(1.099E+03,1.687E+03));
#4207 = CARTESIAN_POINT('',(35.,1.687E+03));
#4208 = ( GEOMETRIC_REPRESENTATION_CONTEXT(2) 
PARAMETRIC_REPRESENTATION_CONTEXT() REPRESENTATION_CONTEXT('2D SPACE',''
  ) );
#4209 = PCURVE('',#4210,#4215);
#4210 = PLANE('',#4211);
#4211 = AXIS2_PLACEMENT_3D('',#4212,#4213,#4214);
#4212 = CARTESIAN_POINT('',(-532.,826.,4.));
#4213 = DIRECTION('',(-0.,1.,0.));
#4214 = DIRECTION('',(0.,0.,1.));
#4215 = DEFINITIONAL_REPRESENTATION('',(#4216),#4219);
#4216 = B_SPLINE_CURVE_WITH_KNOTS('',1,(#4217,#4218),.UNSPECIFIED.,.F.,
  .F.,(2,2),(-1.0815E+03,-17.5),.PIECEWISE_BEZIER_KNOTS.);
#4217 = CARTESIAN_POINT('',(26.,1.064E+03));
#4218 = CARTESIAN_POINT('',(26.,0.));
#4219 = ( GEOMETRIC_REPRESENTATION_CONTEXT(2) 
PARAMETRIC_REPRESENTATION_CONTEXT() REPRESENTATION_CONTEXT('2D SPACE',''
  ) );
#4220 = ORIENTED_EDGE('',*,*,#4221,.F.);
#4221 = EDGE_CURVE('',#4142,#4196,#4222,.T.);
#4222 = SURFACE_CURVE('',#4223,(#4227,#4233),.PCURVE_S1.);
#4223 = LINE('',#4224,#4225);
#4224 = CARTESIAN_POINT('',(532.,-843.5,30.));
#4225 = VECTOR('',#4226,1.);
#4226 = DIRECTION('',(-0.,1.,0.));
#4227 = PCURVE('',#4002,#4228);
#4228 = DEFINITIONAL_REPRESENTATION('',(#4229),#4232);
#4229 = B_SPLINE_CURVE_WITH_KNOTS('',1,(#4230,#4231),.UNSPECIFIED.,.F.,
  .F.,(2,2),(17.5,1.6695E+03),.PIECEWISE_BEZIER_KNOTS.);
#4230 = CARTESIAN_POINT('',(1.099E+03,35.));
#4231 = CARTESIAN_POINT('',(1.099E+03,1.687E+03));
#4232 = ( GEOMETRIC_REPRESENTATION_CONTEXT(2) 
PARAMETRIC_REPRESENTATION_CONTEXT() REPRESENTATION_CONTEXT('2D SPACE',''
  ) );
#4233 = PCURVE('',#4234,#4239);
#4234 = PLANE('',#4235);
#4235 = AXIS2_PLACEMENT_3D('',#4236,#4237,#4238);
#4236 = CARTESIAN_POINT('',(532.,-826.,4.));
#4237 = DIRECTION('',(1.,0.,-0.));
#4238 = DIRECTION('',(0.,0.,1.));
#4239 = DEFINITIONAL_REPRESENTATION('',(#4240),#4243);
#4240 = B_SPLINE_CURVE_WITH_KNOTS('',1,(#4241,#4242),.UNSPECIFIED.,.F.,
  .F.,(2,2),(17.5,1.6695E+03),.PIECEWISE_BEZIER_KNOTS.);
#4241 = CARTESIAN_POINT('',(26.,0.));
#4242 = CARTESIAN_POINT('',(26.,-1.652E+03));
#4243 = ( GEOMETRIC_REPRESENTATION_CONTEXT(2) 
PARAMETRIC_REPRESENTATION_CONTEXT() REPRESENTATION_CONTEXT('2D SPACE',''
  ) );
#4244 = ADVANCED_FACE('',(#4245),#3976,.T.);
#4245 = FACE_BOUND('',#4246,.T.);
#4246 = EDGE_LOOP('',(#4247,#4270,#4271,#4272));
#4247 = ORIENTED_EDGE('',*,*,#4248,.F.);
#4248 = EDGE_CURVE('',#3933,#4249,#4251,.T.);
#4249 = VERTEX_POINT('',#4250);
#4250 = CARTESIAN_POINT('',(567.,861.,0.));
#4251 = SURFACE_CURVE('',#4252,(#4256,#4263),.PCURVE_S1.);
#4252 = LINE('',#4253,#4254);
#4253 = CARTESIAN_POINT('',(-567.,861.,0.));
#4254 = VECTOR('',#4255,1.);
#4255 = DIRECTION('',(1.,0.,-0.));
#4256 = PCURVE('',#3976,#4257);
#4257 = DEFINITIONAL_REPRESENTATION('',(#4258),#4262);
#4258 = LINE('',#4259,#4260);
#4259 = CARTESIAN_POINT('',(0.,0.));
#4260 = VECTOR('',#4261,1.);
#4261 = DIRECTION('',(0.,1.));
#4262 = ( GEOMETRIC_REPRESENTATION_CONTEXT(2) 
PARAMETRIC_REPRESENTATION_CONTEXT() REPRESENTATION_CONTEXT('2D SPACE',''
  ) );
#4263 = PCURVE('',#3948,#4264);
#4264 = DEFINITIONAL_REPRESENTATION('',(#4265),#4269);
#4265 = LINE('',#4266,#4267);
#4266 = CARTESIAN_POINT('',(0.,1.722E+03));
#4267 = VECTOR('',#4268,1.);
#4268 = DIRECTION('',(1.,0.));
#4269 = ( GEOMETRIC_REPRESENTATION_CONTEXT(2) 
PARAMETRIC_REPRESENTATION_CONTEXT() REPRESENTATION_CONTEXT('2D SPACE',''
  ) );
#4270 = ORIENTED_EDGE('',*,*,#3960,.T.);
#4271 = ORIENTED_EDGE('',*,*,#4118,.T.);
#4272 = ORIENTED_EDGE('',*,*,#4273,.F.);
#4273 = EDGE_CURVE('',#4249,#4096,#4274,.T.);
#4274 = SURFACE_CURVE('',#4275,(#4279,#4286),.PCURVE_S1.);
#4275 = LINE('',#4276,#4277);
#4276 = CARTESIAN_POINT('',(567.,861.,0.));
#4277 = VECTOR('',#4278,1.);
#4278 = DIRECTION('',(0.,0.,1.));
#4279 = PCURVE('',#3976,#4280);
#4280 = DEFINITIONAL_REPRESENTATION('',(#4281),#4285);
#4281 = LINE('',#4282,#4283);
#4282 = CARTESIAN_POINT('',(0.,1.134E+03));
#4283 = VECTOR('',#4284,1.);
#4284 = DIRECTION('',(1.,0.));
#4285 = ( GEOMETRIC_REPRESENTATION_CONTEXT(2) 
PARAMETRIC_REPRESENTATION_CONTEXT() REPRESENTATION_CONTEXT('2D SPACE',''
  ) );
#4286 = PCURVE('',#4078,#4287);
#4287 = DEFINITIONAL_REPRESENTATION('',(#4288),#4292);
#4288 = LINE('',#4289,#4290);
#4289 = CARTESIAN_POINT('',(0.,-1.722E+03));
#4290 = VECTOR('',#4291,1.);
#4291 = DIRECTION('',(1.,0.));
#4292 = ( GEOMETRIC_REPRESENTATION_CONTEXT(2) 
PARAMETRIC_REPRESENTATION_CONTEXT() REPRESENTATION_CONTEXT('2D SPACE',''
  ) );
#4293 = ADVANCED_FACE('',(#4294),#3948,.F.);
#4294 = FACE_BOUND('',#4295,.F.);
#4295 = EDGE_LOOP('',(#4296,#4297,#4298,#4319));
#4296 = ORIENTED_EDGE('',*,*,#3932,.F.);
#4297 = ORIENTED_EDGE('',*,*,#4017,.T.);
#4298 = ORIENTED_EDGE('',*,*,#4299,.T.);
#4299 = EDGE_CURVE('',#4018,#4249,#4300,.T.);
#4300 = SURFACE_CURVE('',#4301,(#4305,#4312),.PCURVE_S1.);
#4301 = LINE('',#4302,#4303);
#4302 = CARTESIAN_POINT('',(567.,-861.,0.));
#4303 = VECTOR('',#4304,1.);
#4304 = DIRECTION('',(-0.,1.,0.));
#4305 = PCURVE('',#3948,#4306);
#4306 = DEFINITIONAL_REPRESENTATION('',(#4307),#4311);
#4307 = LINE('',#4308,#4309);
#4308 = CARTESIAN_POINT('',(1.134E+03,0.));
#4309 = VECTOR('',#4310,1.);
#4310 = DIRECTION('',(0.,1.));
#4311 = ( GEOMETRIC_REPRESENTATION_CONTEXT(2) 
PARAMETRIC_REPRESENTATION_CONTEXT() REPRESENTATION_CONTEXT('2D SPACE',''
  ) );
#4312 = PCURVE('',#4078,#4313);
#4313 = DEFINITIONAL_REPRESENTATION('',(#4314),#4318);
#4314 = LINE('',#4315,#4316);
#4315 = CARTESIAN_POINT('',(0.,0.));
#4316 = VECTOR('',#4317,1.);
#4317 = DIRECTION('',(0.,-1.));
#4318 = ( GEOMETRIC_REPRESENTATION_CONTEXT(2) 
PARAMETRIC_REPRESENTATION_CONTEXT() REPRESENTATION_CONTEXT('2D SPACE',''
  ) );
#4319 = ORIENTED_EDGE('',*,*,#4248,.F.);
#4320 = ADVANCED_FACE('',(#4321),#4078,.T.);
#4321 = FACE_BOUND('',#4322,.T.);
#4322 = EDGE_LOOP('',(#4323,#4324,#4325,#4326));
#4323 = ORIENTED_EDGE('',*,*,#4064,.F.);
#4324 = ORIENTED_EDGE('',*,*,#4299,.T.);
#4325 = ORIENTED_EDGE('',*,*,#4273,.T.);
#4326 = ORIENTED_EDGE('',*,*,#4095,.F.);
#4327 = ADVANCED_FACE('',(#4328),#4158,.T.);
#4328 = FACE_BOUND('',#4329,.T.);
#4329 = EDGE_LOOP('',(#4330,#4353,#4381,#4402));
#4330 = ORIENTED_EDGE('',*,*,#4331,.F.);
#4331 = EDGE_CURVE('',#4332,#4142,#4334,.T.);
#4332 = VERTEX_POINT('',#4333);
#4333 = CARTESIAN_POINT('',(532.,-826.,4.));
#4334 = SURFACE_CURVE('',#4335,(#4339,#4346),.PCURVE_S1.);
#4335 = LINE('',#4336,#4337);
#4336 = CARTESIAN_POINT('',(532.,-826.,4.));
#4337 = VECTOR('',#4338,1.);
#4338 = DIRECTION('',(0.,0.,1.));
#4339 = PCURVE('',#4158,#4340);
#4340 = DEFINITIONAL_REPRESENTATION('',(#4341),#4345);
#4341 = LINE('',#4342,#4343);
#4342 = CARTESIAN_POINT('',(0.,1.064E+03));
#4343 = VECTOR('',#4344,1.);
#4344 = DIRECTION('',(1.,0.));
#4345 = ( GEOMETRIC_REPRESENTATION_CONTEXT(2) 
PARAMETRIC_REPRESENTATION_CONTEXT() REPRESENTATION_CONTEXT('2D SPACE',''
  ) );
#4346 = PCURVE('',#4234,#4347);
#4347 = DEFINITIONAL_REPRESENTATION('',(#4348),#4352);
#4348 = LINE('',#4349,#4350);
#4349 = CARTESIAN_POINT('',(0.,0.));
#4350 = VECTOR('',#4351,1.);
#4351 = DIRECTION('',(1.,0.));
#4352 = ( GEOMETRIC_REPRESENTATION_CONTEXT(2) 
PARAMETRIC_REPRESENTATION_CONTEXT() REPRESENTATION_CONTEXT('2D SPACE',''
  ) );
#4353 = ORIENTED_EDGE('',*,*,#4354,.F.);
#4354 = EDGE_CURVE('',#4355,#4332,#4357,.T.);
#4355 = VERTEX_POINT('',#4356);
#4356 = CARTESIAN_POINT('',(-532.,-826.,4.));
#4357 = SURFACE_CURVE('',#4358,(#4362,#4369),.PCURVE_S1.);
#4358 = LINE('',#4359,#4360);
#4359 = CARTESIAN_POINT('',(-532.,-826.,4.));
#4360 = VECTOR('',#4361,1.);
#4361 = DIRECTION('',(1.,0.,-0.));
#4362 = PCURVE('',#4158,#4363);
#4363 = DEFINITIONAL_REPRESENTATION('',(#4364),#4368);
#4364 = LINE('',#4365,#4366);
#4365 = CARTESIAN_POINT('',(0.,0.));
#4366 = VECTOR('',#4367,1.);
#4367 = DIRECTION('',(0.,1.));
#4368 = ( GEOMETRIC_REPRESENTATION_CONTEXT(2) 
PARAMETRIC_REPRESENTATION_CONTEXT() REPRESENTATION_CONTEXT('2D SPACE',''
  ) );
#4369 = PCURVE('',#4370,#4375);
#4370 = PLANE('',#4371);
#4371 = AXIS2_PLACEMENT_3D('',#4372,#4373,#4374);
#4372 = CARTESIAN_POINT('',(-532.,-826.,4.));
#4373 = DIRECTION('',(0.,0.,1.));
#4374 = DIRECTION('',(1.,0.,-0.));
#4375 = DEFINITIONAL_REPRESENTATION('',(#4376),#4380);
#4376 = LINE('',#4377,#4378);
#4377 = CARTESIAN_POINT('',(0.,0.));
#4378 = VECTOR('',#4379,1.);
#4379 = DIRECTION('',(1.,0.));
#4380 = ( GEOMETRIC_REPRESENTATION_CONTEXT(2) 
PARAMETRIC_REPRESENTATION_CONTEXT() REPRESENTATION_CONTEXT('2D SPACE',''
  ) );
#4381 = ORIENTED_EDGE('',*,*,#4382,.T.);
#4382 = EDGE_CURVE('',#4355,#4144,#4383,.T.);
#4383 = SURFACE_CURVE('',#4384,(#4388,#4395),.PCURVE_S1.);
#4384 = LINE('',#4385,#4386);
#4385 = CARTESIAN_POINT('',(-532.,-826.,4.));
#4386 = VECTOR('',#4387,1.);
#4387 = DIRECTION('',(0.,0.,1.));
#4388 = PCURVE('',#4158,#4389);
#4389 = DEFINITIONAL_REPRESENTATION('',(#4390),#4394);
#4390 = LINE('',#4391,#4392);
#4391 = CARTESIAN_POINT('',(0.,0.));
#4392 = VECTOR('',#4393,1.);
#4393 = DIRECTION('',(1.,0.));
#4394 = ( GEOMETRIC_REPRESENTATION_CONTEXT(2) 
PARAMETRIC_REPRESENTATION_CONTEXT() REPRESENTATION_CONTEXT('2D SPACE',''
  ) );
#4395 = PCURVE('',#4184,#4396);
#4396 = DEFINITIONAL_REPRESENTATION('',(#4397),#4401);
#4397 = LINE('',#4398,#4399);
#4398 = CARTESIAN_POINT('',(0.,0.));
#4399 = VECTOR('',#4400,1.);
#4400 = DIRECTION('',(1.,0.));
#4401 = ( GEOMETRIC_REPRESENTATION_CONTEXT(2) 
PARAMETRIC_REPRESENTATION_CONTEXT() REPRESENTATION_CONTEXT('2D SPACE',''
  ) );
#4402 = ORIENTED_EDGE('',*,*,#4141,.F.);
#4403 = ADVANCED_FACE('',(#4404),#4234,.F.);
#4404 = FACE_BOUND('',#4405,.F.);
#4405 = EDGE_LOOP('',(#4406,#4407,#4430,#4451));
#4406 = ORIENTED_EDGE('',*,*,#4331,.F.);
#4407 = ORIENTED_EDGE('',*,*,#4408,.T.);
#4408 = EDGE_CURVE('',#4332,#4409,#4411,.T.);
#4409 = VERTEX_POINT('',#4410);
#4410 = CARTESIAN_POINT('',(532.,826.,4.));
#4411 = SURFACE_CURVE('',#4412,(#4416,#4423),.PCURVE_S1.);
#4412 = LINE('',#4413,#4414);
#4413 = CARTESIAN_POINT('',(532.,-826.,4.));
#4414 = VECTOR('',#4415,1.);
#4415 = DIRECTION('',(-0.,1.,0.));
#4416 = PCURVE('',#4234,#4417);
#4417 = DEFINITIONAL_REPRESENTATION('',(#4418),#4422);
#4418 = LINE('',#4419,#4420);
#4419 = CARTESIAN_POINT('',(0.,0.));
#4420 = VECTOR('',#4421,1.);
#4421 = DIRECTION('',(0.,-1.));
#4422 = ( GEOMETRIC_REPRESENTATION_CONTEXT(2) 
PARAMETRIC_REPRESENTATION_CONTEXT() REPRESENTATION_CONTEXT('2D SPACE',''
  ) );
#4423 = PCURVE('',#4370,#4424);
#4424 = DEFINITIONAL_REPRESENTATION('',(#4425),#4429);
#4425 = LINE('',#4426,#4427);
#4426 = CARTESIAN_POINT('',(1.064E+03,0.));
#4427 = VECTOR('',#4428,1.);
#4428 = DIRECTION('',(0.,1.));
#4429 = ( GEOMETRIC_REPRESENTATION_CONTEXT(2) 
PARAMETRIC_REPRESENTATION_CONTEXT() REPRESENTATION_CONTEXT('2D SPACE',''
  ) );
#4430 = ORIENTED_EDGE('',*,*,#4431,.T.);
#4431 = EDGE_CURVE('',#4409,#4196,#4432,.T.);
#4432 = SURFACE_CURVE('',#4433,(#4437,#4444),.PCURVE_S1.);
#4433 = LINE('',#4434,#4435);
#4434 = CARTESIAN_POINT('',(532.,826.,4.));
#4435 = VECTOR('',#4436,1.);
#4436 = DIRECTION('',(0.,0.,1.));
#4437 = PCURVE('',#4234,#4438);
#4438 = DEFINITIONAL_REPRESENTATION('',(#4439),#4443);
#4439 = LINE('',#4440,#4441);
#4440 = CARTESIAN_POINT('',(0.,-1.652E+03));
#4441 = VECTOR('',#4442,1.);
#4442 = DIRECTION('',(1.,0.));
#4443 = ( GEOMETRIC_REPRESENTATION_CONTEXT(2) 
PARAMETRIC_REPRESENTATION_CONTEXT() REPRESENTATION_CONTEXT('2D SPACE',''
  ) );
#4444 = PCURVE('',#4210,#4445);
#4445 = DEFINITIONAL_REPRESENTATION('',(#4446),#4450);
#4446 = LINE('',#4447,#4448);
#4447 = CARTESIAN_POINT('',(0.,1.064E+03));
#4448 = VECTOR('',#4449,1.);
#4449 = DIRECTION('',(1.,0.));
#4450 = ( GEOMETRIC_REPRESENTATION_CONTEXT(2) 
PARAMETRIC_REPRESENTATION_CONTEXT() REPRESENTATION_CONTEXT('2D SPACE',''
  ) );
#4451 = ORIENTED_EDGE('',*,*,#4221,.F.);
#4452 = ADVANCED_FACE('',(#4453),#4210,.F.);
#4453 = FACE_BOUND('',#4454,.F.);
#4454 = EDGE_LOOP('',(#4455,#4456,#4479,#4500));
#4455 = ORIENTED_EDGE('',*,*,#4431,.F.);
#4456 = ORIENTED_EDGE('',*,*,#4457,.F.);
#4457 = EDGE_CURVE('',#4458,#4409,#4460,.T.);
#4458 = VERTEX_POINT('',#4459);
#4459 = CARTESIAN_POINT('',(-532.,826.,4.));
#4460 = SURFACE_CURVE('',#4461,(#4465,#4472),.PCURVE_S1.);
#4461 = LINE('',#4462,#4463);
#4462 = CARTESIAN_POINT('',(-532.,826.,4.));
#4463 = VECTOR('',#4464,1.);
#4464 = DIRECTION('',(1.,0.,-0.));
#4465 = PCURVE('',#4210,#4466);
#4466 = DEFINITIONAL_REPRESENTATION('',(#4467),#4471);
#4467 = LINE('',#4468,#4469);
#4468 = CARTESIAN_POINT('',(0.,0.));
#4469 = VECTOR('',#4470,1.);
#4470 = DIRECTION('',(0.,1.));
#4471 = ( GEOMETRIC_REPRESENTATION_CONTEXT(2) 
PARAMETRIC_REPRESENTATION_CONTEXT() REPRESENTATION_CONTEXT('2D SPACE',''
  ) );
#4472 = PCURVE('',#4370,#4473);
#4473 = DEFINITIONAL_REPRESENTATION('',(#4474),#4478);
#4474 = LINE('',#4475,#4476);
#4475 = CARTESIAN_POINT('',(0.,1.652E+03));
#4476 = VECTOR('',#4477,1.);
#4477 = DIRECTION('',(1.,0.));
#4478 = ( GEOMETRIC_REPRESENTATION_CONTEXT(2) 
PARAMETRIC_REPRESENTATION_CONTEXT() REPRESENTATION_CONTEXT('2D SPACE',''
  ) );
#4479 = ORIENTED_EDGE('',*,*,#4480,.T.);
#4480 = EDGE_CURVE('',#4458,#4170,#4481,.T.);
#4481 = SURFACE_CURVE('',#4482,(#4486,#4493),.PCURVE_S1.);
#4482 = LINE('',#4483,#4484);
#4483 = CARTESIAN_POINT('',(-532.,826.,4.));
#4484 = VECTOR('',#4485,1.);
#4485 = DIRECTION('',(0.,0.,1.));
#4486 = PCURVE('',#4210,#4487);
#4487 = DEFINITIONAL_REPRESENTATION('',(#4488),#4492);
#4488 = LINE('',#4489,#4490);
#4489 = CARTESIAN_POINT('',(0.,0.));
#4490 = VECTOR('',#4491,1.);
#4491 = DIRECTION('',(1.,0.));
#4492 = ( GEOMETRIC_REPRESENTATION_CONTEXT(2) 
PARAMETRIC_REPRESENTATION_CONTEXT() REPRESENTATION_CONTEXT('2D SPACE',''
  ) );
#4493 = PCURVE('',#4184,#4494);
#4494 = DEFINITIONAL_REPRESENTATION('',(#4495),#4499);
#4495 = LINE('',#4496,#4497);
#4496 = CARTESIAN_POINT('',(0.,-1.652E+03));
#4497 = VECTOR('',#4498,1.);
#4498 = DIRECTION('',(1.,0.));
#4499 = ( GEOMETRIC_REPRESENTATION_CONTEXT(2) 
PARAMETRIC_REPRESENTATION_CONTEXT() REPRESENTATION_CONTEXT('2D SPACE',''
  ) );
#4500 = ORIENTED_EDGE('',*,*,#4195,.F.);
#4501 = ADVANCED_FACE('',(#4502),#4184,.T.);
#4502 = FACE_BOUND('',#4503,.T.);
#4503 = EDGE_LOOP('',(#4504,#4505,#4526,#4527));
#4504 = ORIENTED_EDGE('',*,*,#4382,.F.);
#4505 = ORIENTED_EDGE('',*,*,#4506,.T.);
#4506 = EDGE_CURVE('',#4355,#4458,#4507,.T.);
#4507 = SURFACE_CURVE('',#4508,(#4512,#4519),.PCURVE_S1.);
#4508 = LINE('',#4509,#4510);
#4509 = CARTESIAN_POINT('',(-532.,-826.,4.));
#4510 = VECTOR('',#4511,1.);
#4511 = DIRECTION('',(-0.,1.,0.));
#4512 = PCURVE('',#4184,#4513);
#4513 = DEFINITIONAL_REPRESENTATION('',(#4514),#4518);
#4514 = LINE('',#4515,#4516);
#4515 = CARTESIAN_POINT('',(0.,0.));
#4516 = VECTOR('',#4517,1.);
#4517 = DIRECTION('',(0.,-1.));
#4518 = ( GEOMETRIC_REPRESENTATION_CONTEXT(2) 
PARAMETRIC_REPRESENTATION_CONTEXT() REPRESENTATION_CONTEXT('2D SPACE',''
  ) );
#4519 = PCURVE('',#4370,#4520);
#4520 = DEFINITIONAL_REPRESENTATION('',(#4521),#4525);
#4521 = LINE('',#4522,#4523);
#4522 = CARTESIAN_POINT('',(0.,0.));
#4523 = VECTOR('',#4524,1.);
#4524 = DIRECTION('',(0.,1.));
#4525 = ( GEOMETRIC_REPRESENTATION_CONTEXT(2) 
PARAMETRIC_REPRESENTATION_CONTEXT() REPRESENTATION_CONTEXT('2D SPACE',''
  ) );
#4526 = ORIENTED_EDGE('',*,*,#4480,.T.);
#4527 = ORIENTED_EDGE('',*,*,#4169,.F.);
#4528 = ADVANCED_FACE('',(#4529),#4370,.T.);
#4529 = FACE_BOUND('',#4530,.T.);
#4530 = EDGE_LOOP('',(#4531,#4532,#4533,#4534));
#4531 = ORIENTED_EDGE('',*,*,#4506,.F.);
#4532 = ORIENTED_EDGE('',*,*,#4354,.T.);
#4533 = ORIENTED_EDGE('',*,*,#4408,.T.);
#4534 = ORIENTED_EDGE('',*,*,#4457,.F.);
#4535 = ( GEOMETRIC_REPRESENTATION_CONTEXT(3) 
GLOBAL_UNCERTAINTY_ASSIGNED_CONTEXT((#4539)) 
GLOBAL_UNIT_ASSIGNED_CONTEXT((#4536,#4537,#4538)) REPRESENTATION_CONTEXT
('Context #1','3D Context with UNIT and UNCERTAINTY') );
#4536 = ( LENGTH_UNIT() NAMED_UNIT(*) SI_UNIT(.MILLI.,.METRE.) );
#4537 = ( NAMED_UNIT(*) PLANE_ANGLE_UNIT() SI_UNIT($,.RADIAN.) );
#4538 = ( NAMED_UNIT(*) SI_UNIT($,.STERADIAN.) SOLID_ANGLE_UNIT() );
#4539 = UNCERTAINTY_MEASURE_WITH_UNIT(LENGTH_MEASURE(1.E-07),#4536,
  'distance_accuracy_value','confusion accuracy');
#4540 = CONTEXT_DEPENDENT_SHAPE_REPRESENTATION(#4541,#4543);
#4541 = ( REPRESENTATION_RELATIONSHIP('','',#3890,#10) 
REPRESENTATION_RELATIONSHIP_WITH_TRANSFORMATION(#4542) 
SHAPE_REPRESENTATION_RELATIONSHIP() );
#4542 = ITEM_DEFINED_TRANSFORMATION('','',#11,#47);
#4543 = PRODUCT_DEFINITION_SHAPE('Placement','Placement of an item',
  #4544);
#4544 = NEXT_ASSEMBLY_USAGE_OCCURRENCE('43','metal.104','',#5,#3885,$);
#4545 = PRODUCT_RELATED_PRODUCT_CATEGORY('part',$,(#3887));
#4546 = SHAPE_DEFINITION_REPRESENTATION(#4547,#4553);
#4547 = PRODUCT_DEFINITION_SHAPE('','',#4548);
#4548 = PRODUCT_DEFINITION('design','',#4549,#4552);
#4549 = PRODUCT_DEFINITION_FORMATION('','',#4550);
#4550 = PRODUCT('cell.4','cell.4','',(#4551));
#4551 = PRODUCT_CONTEXT('',#2,'mechanical');
#4552 = PRODUCT_DEFINITION_CONTEXT('part definition',#2,'design');
#4553 = ADVANCED_BREP_SHAPE_REPRESENTATION('',(#11,#4554),#4884);
#4554 = MANIFOLD_SOLID_BREP('',#4555);
#4555 = CLOSED_SHELL('',(#4556,#4676,#4776,#4823,#4870,#4877));
#4556 = ADVANCED_FACE('',(#4557),#4571,.F.);
#4557 = FACE_BOUND('',#4558,.F.);
#4558 = EDGE_LOOP('',(#4559,#4594,#4622,#4650));
#4559 = ORIENTED_EDGE('',*,*,#4560,.F.);
#4560 = EDGE_CURVE('',#4561,#4563,#4565,.T.);
#4561 = VERTEX_POINT('',#4562);
#4562 = CARTESIAN_POINT('',(-532.5,-826.5,0.));
#4563 = VERTEX_POINT('',#4564);
#4564 = CARTESIAN_POINT('',(-532.5,-826.5,4.));
#4565 = SURFACE_CURVE('',#4566,(#4570,#4582),.PCURVE_S1.);
#4566 = LINE('',#4567,#4568);
#4567 = CARTESIAN_POINT('',(-532.5,-826.5,0.));
#4568 = VECTOR('',#4569,1.);
#4569 = DIRECTION('',(0.,0.,1.));
#4570 = PCURVE('',#4571,#4576);
#4571 = PLANE('',#4572);
#4572 = AXIS2_PLACEMENT_3D('',#4573,#4574,#4575);
#4573 = CARTESIAN_POINT('',(-532.5,-826.5,0.));
#4574 = DIRECTION('',(1.,0.,-0.));
#4575 = DIRECTION('',(0.,0.,1.));
#4576 = DEFINITIONAL_REPRESENTATION('',(#4577),#4581);
#4577 = LINE('',#4578,#4579);
#4578 = CARTESIAN_POINT('',(0.,0.));
#4579 = VECTOR('',#4580,1.);
#4580 = DIRECTION('',(1.,0.));
#4581 = ( GEOMETRIC_REPRESENTATION_CONTEXT(2) 
PARAMETRIC_REPRESENTATION_CONTEXT() REPRESENTATION_CONTEXT('2D SPACE',''
  ) );
#4582 = PCURVE('',#4583,#4588);
#4583 = PLANE('',#4584);
#4584 = AXIS2_PLACEMENT_3D('',#4585,#4586,#4587);
#4585 = CARTESIAN_POINT('',(-532.5,-826.5,0.));
#4586 = DIRECTION('',(-0.,1.,0.));
#4587 = DIRECTION('',(0.,0.,1.));
#4588 = DEFINITIONAL_REPRESENTATION('',(#4589),#4593);
#4589 = LINE('',#4590,#4591);
#4590 = CARTESIAN_POINT('',(0.,0.));
#4591 = VECTOR('',#4592,1.);
#4592 = DIRECTION('',(1.,0.));
#4593 = ( GEOMETRIC_REPRESENTATION_CONTEXT(2) 
PARAMETRIC_REPRESENTATION_CONTEXT() REPRESENTATION_CONTEXT('2D SPACE',''
  ) );
#4594 = ORIENTED_EDGE('',*,*,#4595,.T.);
#4595 = EDGE_CURVE('',#4561,#4596,#4598,.T.);
#4596 = VERTEX_POINT('',#4597);
#4597 = CARTESIAN_POINT('',(-532.5,826.5,0.));
#4598 = SURFACE_CURVE('',#4599,(#4603,#4610),.PCURVE_S1.);
#4599 = LINE('',#4600,#4601);
#4600 = CARTESIAN_POINT('',(-532.5,-826.5,0.));
#4601 = VECTOR('',#4602,1.);
#4602 = DIRECTION('',(-0.,1.,0.));
#4603 = PCURVE('',#4571,#4604);
#4604 = DEFINITIONAL_REPRESENTATION('',(#4605),#4609);
#4605 = LINE('',#4606,#4607);
#4606 = CARTESIAN_POINT('',(0.,0.));
#4607 = VECTOR('',#4608,1.);
#4608 = DIRECTION('',(0.,-1.));
#4609 = ( GEOMETRIC_REPRESENTATION_CONTEXT(2) 
PARAMETRIC_REPRESENTATION_CONTEXT() REPRESENTATION_CONTEXT('2D SPACE',''
  ) );
#4610 = PCURVE('',#4611,#4616);
#4611 = PLANE('',#4612);
#4612 = AXIS2_PLACEMENT_3D('',#4613,#4614,#4615);
#4613 = CARTESIAN_POINT('',(-532.5,-826.5,0.));
#4614 = DIRECTION('',(0.,0.,1.));
#4615 = DIRECTION('',(1.,0.,-0.));
#4616 = DEFINITIONAL_REPRESENTATION('',(#4617),#4621);
#4617 = LINE('',#4618,#4619);
#4618 = CARTESIAN_POINT('',(0.,0.));
#4619 = VECTOR('',#4620,1.);
#4620 = DIRECTION('',(0.,1.));
#4621 = ( GEOMETRIC_REPRESENTATION_CONTEXT(2) 
PARAMETRIC_REPRESENTATION_CONTEXT() REPRESENTATION_CONTEXT('2D SPACE',''
  ) );
#4622 = ORIENTED_EDGE('',*,*,#4623,.T.);
#4623 = EDGE_CURVE('',#4596,#4624,#4626,.T.);
#4624 = VERTEX_POINT('',#4625);
#4625 = CARTESIAN_POINT('',(-532.5,826.5,4.));
#4626 = SURFACE_CURVE('',#4627,(#4631,#4638),.PCURVE_S1.);
#4627 = LINE('',#4628,#4629);
#4628 = CARTESIAN_POINT('',(-532.5,826.5,0.));
#4629 = VECTOR('',#4630,1.);
#4630 = DIRECTION('',(0.,0.,1.));
#4631 = PCURVE('',#4571,#4632);
#4632 = DEFINITIONAL_REPRESENTATION('',(#4633),#4637);
#4633 = LINE('',#4634,#4635);
#4634 = CARTESIAN_POINT('',(0.,-1.653E+03));
#4635 = VECTOR('',#4636,1.);
#4636 = DIRECTION('',(1.,0.));
#4637 = ( GEOMETRIC_REPRESENTATION_CONTEXT(2) 
PARAMETRIC_REPRESENTATION_CONTEXT() REPRESENTATION_CONTEXT('2D SPACE',''
  ) );
#4638 = PCURVE('',#4639,#4644);
#4639 = PLANE('',#4640);
#4640 = AXIS2_PLACEMENT_3D('',#4641,#4642,#4643);
#4641 = CARTESIAN_POINT('',(-532.5,826.5,0.));
#4642 = DIRECTION('',(-0.,1.,0.));
#4643 = DIRECTION('',(0.,0.,1.));
#4644 = DEFINITIONAL_REPRESENTATION('',(#4645),#4649);
#4645 = LINE('',#4646,#4647);
#4646 = CARTESIAN_POINT('',(0.,0.));
#4647 = VECTOR('',#4648,1.);
#4648 = DIRECTION('',(1.,0.));
#4649 = ( GEOMETRIC_REPRESENTATION_CONTEXT(2) 
PARAMETRIC_REPRESENTATION_CONTEXT() REPRESENTATION_CONTEXT('2D SPACE',''
  ) );
#4650 = ORIENTED_EDGE('',*,*,#4651,.F.);
#4651 = EDGE_CURVE('',#4563,#4624,#4652,.T.);
#4652 = SURFACE_CURVE('',#4653,(#4657,#4664),.PCURVE_S1.);
#4653 = LINE('',#4654,#4655);
#4654 = CARTESIAN_POINT('',(-532.5,-826.5,4.));
#4655 = VECTOR('',#4656,1.);
#4656 = DIRECTION('',(-0.,1.,0.));
#4657 = PCURVE('',#4571,#4658);
#4658 = DEFINITIONAL_REPRESENTATION('',(#4659),#4663);
#4659 = LINE('',#4660,#4661);
#4660 = CARTESIAN_POINT('',(4.,0.));
#4661 = VECTOR('',#4662,1.);
#4662 = DIRECTION('',(0.,-1.));
#4663 = ( GEOMETRIC_REPRESENTATION_CONTEXT(2) 
PARAMETRIC_REPRESENTATION_CONTEXT() REPRESENTATION_CONTEXT('2D SPACE',''
  ) );
#4664 = PCURVE('',#4665,#4670);
#4665 = PLANE('',#4666);
#4666 = AXIS2_PLACEMENT_3D('',#4667,#4668,#4669);
#4667 = CARTESIAN_POINT('',(-532.5,-826.5,4.));
#4668 = DIRECTION('',(0.,0.,1.));
#4669 = DIRECTION('',(1.,0.,-0.));
#4670 = DEFINITIONAL_REPRESENTATION('',(#4671),#4675);
#4671 = LINE('',#4672,#4673);
#4672 = CARTESIAN_POINT('',(0.,0.));
#4673 = VECTOR('',#4674,1.);
#4674 = DIRECTION('',(0.,1.));
#4675 = ( GEOMETRIC_REPRESENTATION_CONTEXT(2) 
PARAMETRIC_REPRESENTATION_CONTEXT() REPRESENTATION_CONTEXT('2D SPACE',''
  ) );
#4676 = ADVANCED_FACE('',(#4677),#4691,.T.);
#4677 = FACE_BOUND('',#4678,.T.);
#4678 = EDGE_LOOP('',(#4679,#4709,#4732,#4755));
#4679 = ORIENTED_EDGE('',*,*,#4680,.F.);
#4680 = EDGE_CURVE('',#4681,#4683,#4685,.T.);
#4681 = VERTEX_POINT('',#4682);
#4682 = CARTESIAN_POINT('',(532.5,-826.5,0.));
#4683 = VERTEX_POINT('',#4684);
#4684 = CARTESIAN_POINT('',(532.5,-826.5,4.));
#4685 = SURFACE_CURVE('',#4686,(#4690,#4702),.PCURVE_S1.);
#4686 = LINE('',#4687,#4688);
#4687 = CARTESIAN_POINT('',(532.5,-826.5,0.));
#4688 = VECTOR('',#4689,1.);
#4689 = DIRECTION('',(0.,0.,1.));
#4690 = PCURVE('',#4691,#4696);
#4691 = PLANE('',#4692);
#4692 = AXIS2_PLACEMENT_3D('',#4693,#4694,#4695);
#4693 = CARTESIAN_POINT('',(532.5,-826.5,0.));
#4694 = DIRECTION('',(1.,0.,-0.));
#4695 = DIRECTION('',(0.,0.,1.));
#4696 = DEFINITIONAL_REPRESENTATION('',(#4697),#4701);
#4697 = LINE('',#4698,#4699);
#4698 = CARTESIAN_POINT('',(0.,0.));
#4699 = VECTOR('',#4700,1.);
#4700 = DIRECTION('',(1.,0.));
#4701 = ( GEOMETRIC_REPRESENTATION_CONTEXT(2) 
PARAMETRIC_REPRESENTATION_CONTEXT() REPRESENTATION_CONTEXT('2D SPACE',''
  ) );
#4702 = PCURVE('',#4583,#4703);
#4703 = DEFINITIONAL_REPRESENTATION('',(#4704),#4708);
#4704 = LINE('',#4705,#4706);
#4705 = CARTESIAN_POINT('',(0.,1.065E+03));
#4706 = VECTOR('',#4707,1.);
#4707 = DIRECTION('',(1.,0.));
#4708 = ( GEOMETRIC_REPRESENTATION_CONTEXT(2) 
PARAMETRIC_REPRESENTATION_CONTEXT() REPRESENTATION_CONTEXT('2D SPACE',''
  ) );
#4709 = ORIENTED_EDGE('',*,*,#4710,.T.);
#4710 = EDGE_CURVE('',#4681,#4711,#4713,.T.);
#4711 = VERTEX_POINT('',#4712);
#4712 = CARTESIAN_POINT('',(532.5,826.5,0.));
#4713 = SURFACE_CURVE('',#4714,(#4718,#4725),.PCURVE_S1.);
#4714 = LINE('',#4715,#4716);
#4715 = CARTESIAN_POINT('',(532.5,-826.5,0.));
#4716 = VECTOR('',#4717,1.);
#4717 = DIRECTION('',(-0.,1.,0.));
#4718 = PCURVE('',#4691,#4719);
#4719 = DEFINITIONAL_REPRESENTATION('',(#4720),#4724);
#4720 = LINE('',#4721,#4722);
#4721 = CARTESIAN_POINT('',(0.,0.));
#4722 = VECTOR('',#4723,1.);
#4723 = DIRECTION('',(0.,-1.));
#4724 = ( GEOMETRIC_REPRESENTATION_CONTEXT(2) 
PARAMETRIC_REPRESENTATION_CONTEXT() REPRESENTATION_CONTEXT('2D SPACE',''
  ) );
#4725 = PCURVE('',#4611,#4726);
#4726 = DEFINITIONAL_REPRESENTATION('',(#4727),#4731);
#4727 = LINE('',#4728,#4729);
#4728 = CARTESIAN_POINT('',(1.065E+03,0.));
#4729 = VECTOR('',#4730,1.);
#4730 = DIRECTION('',(0.,1.));
#4731 = ( GEOMETRIC_REPRESENTATION_CONTEXT(2) 
PARAMETRIC_REPRESENTATION_CONTEXT() REPRESENTATION_CONTEXT('2D SPACE',''
  ) );
#4732 = ORIENTED_EDGE('',*,*,#4733,.T.);
#4733 = EDGE_CURVE('',#4711,#4734,#4736,.T.);
#4734 = VERTEX_POINT('',#4735);
#4735 = CARTESIAN_POINT('',(532.5,826.5,4.));
#4736 = SURFACE_CURVE('',#4737,(#4741,#4748),.PCURVE_S1.);
#4737 = LINE('',#4738,#4739);
#4738 = CARTESIAN_POINT('',(532.5,826.5,0.));
#4739 = VECTOR('',#4740,1.);
#4740 = DIRECTION('',(0.,0.,1.));
#4741 = PCURVE('',#4691,#4742);
#4742 = DEFINITIONAL_REPRESENTATION('',(#4743),#4747);
#4743 = LINE('',#4744,#4745);
#4744 = CARTESIAN_POINT('',(0.,-1.653E+03));
#4745 = VECTOR('',#4746,1.);
#4746 = DIRECTION('',(1.,0.));
#4747 = ( GEOMETRIC_REPRESENTATION_CONTEXT(2) 
PARAMETRIC_REPRESENTATION_CONTEXT() REPRESENTATION_CONTEXT('2D SPACE',''
  ) );
#4748 = PCURVE('',#4639,#4749);
#4749 = DEFINITIONAL_REPRESENTATION('',(#4750),#4754);
#4750 = LINE('',#4751,#4752);
#4751 = CARTESIAN_POINT('',(0.,1.065E+03));
#4752 = VECTOR('',#4753,1.);
#4753 = DIRECTION('',(1.,0.));
#4754 = ( GEOMETRIC_REPRESENTATION_CONTEXT(2) 
PARAMETRIC_REPRESENTATION_CONTEXT() REPRESENTATION_CONTEXT('2D SPACE',''
  ) );
#4755 = ORIENTED_EDGE('',*,*,#4756,.F.);
#4756 = EDGE_CURVE('',#4683,#4734,#4757,.T.);
#4757 = SURFACE_CURVE('',#4758,(#4762,#4769),.PCURVE_S1.);
#4758 = LINE('',#4759,#4760);
#4759 = CARTESIAN_POINT('',(532.5,-826.5,4.));
#4760 = VECTOR('',#4761,1.);
#4761 = DIRECTION('',(-0.,1.,0.));
#4762 = PCURVE('',#4691,#4763);
#4763 = DEFINITIONAL_REPRESENTATION('',(#4764),#4768);
#4764 = LINE('',#4765,#4766);
#4765 = CARTESIAN_POINT('',(4.,0.));
#4766 = VECTOR('',#4767,1.);
#4767 = DIRECTION('',(0.,-1.));
#4768 = ( GEOMETRIC_REPRESENTATION_CONTEXT(2) 
PARAMETRIC_REPRESENTATION_CONTEXT() REPRESENTATION_CONTEXT('2D SPACE',''
  ) );
#4769 = PCURVE('',#4665,#4770);
#4770 = DEFINITIONAL_REPRESENTATION('',(#4771),#4775);
#4771 = LINE('',#4772,#4773);
#4772 = CARTESIAN_POINT('',(1.065E+03,0.));
#4773 = VECTOR('',#4774,1.);
#4774 = DIRECTION('',(0.,1.));
#4775 = ( GEOMETRIC_REPRESENTATION_CONTEXT(2) 
PARAMETRIC_REPRESENTATION_CONTEXT() REPRESENTATION_CONTEXT('2D SPACE',''
  ) );
#4776 = ADVANCED_FACE('',(#4777),#4583,.F.);
#4777 = FACE_BOUND('',#4778,.F.);
#4778 = EDGE_LOOP('',(#4779,#4800,#4801,#4822));
#4779 = ORIENTED_EDGE('',*,*,#4780,.F.);
#4780 = EDGE_CURVE('',#4561,#4681,#4781,.T.);
#4781 = SURFACE_CURVE('',#4782,(#4786,#4793),.PCURVE_S1.);
#4782 = LINE('',#4783,#4784);
#4783 = CARTESIAN_POINT('',(-532.5,-826.5,0.));
#4784 = VECTOR('',#4785,1.);
#4785 = DIRECTION('',(1.,0.,-0.));
#4786 = PCURVE('',#4583,#4787);
#4787 = DEFINITIONAL_REPRESENTATION('',(#4788),#4792);
#4788 = LINE('',#4789,#4790);
#4789 = CARTESIAN_POINT('',(0.,0.));
#4790 = VECTOR('',#4791,1.);
#4791 = DIRECTION('',(0.,1.));
#4792 = ( GEOMETRIC_REPRESENTATION_CONTEXT(2) 
PARAMETRIC_REPRESENTATION_CONTEXT() REPRESENTATION_CONTEXT('2D SPACE',''
  ) );
#4793 = PCURVE('',#4611,#4794);
#4794 = DEFINITIONAL_REPRESENTATION('',(#4795),#4799);
#4795 = LINE('',#4796,#4797);
#4796 = CARTESIAN_POINT('',(0.,0.));
#4797 = VECTOR('',#4798,1.);
#4798 = DIRECTION('',(1.,0.));
#4799 = ( GEOMETRIC_REPRESENTATION_CONTEXT(2) 
PARAMETRIC_REPRESENTATION_CONTEXT() REPRESENTATION_CONTEXT('2D SPACE',''
  ) );
#4800 = ORIENTED_EDGE('',*,*,#4560,.T.);
#4801 = ORIENTED_EDGE('',*,*,#4802,.T.);
#4802 = EDGE_CURVE('',#4563,#4683,#4803,.T.);
#4803 = SURFACE_CURVE('',#4804,(#4808,#4815),.PCURVE_S1.);
#4804 = LINE('',#4805,#4806);
#4805 = CARTESIAN_POINT('',(-532.5,-826.5,4.));
#4806 = VECTOR('',#4807,1.);
#4807 = DIRECTION('',(1.,0.,-0.));
#4808 = PCURVE('',#4583,#4809);
#4809 = DEFINITIONAL_REPRESENTATION('',(#4810),#4814);
#4810 = LINE('',#4811,#4812);
#4811 = CARTESIAN_POINT('',(4.,0.));
#4812 = VECTOR('',#4813,1.);
#4813 = DIRECTION('',(0.,1.));
#4814 = ( GEOMETRIC_REPRESENTATION_CONTEXT(2) 
PARAMETRIC_REPRESENTATION_CONTEXT() REPRESENTATION_CONTEXT('2D SPACE',''
  ) );
#4815 = PCURVE('',#4665,#4816);
#4816 = DEFINITIONAL_REPRESENTATION('',(#4817),#4821);
#4817 = LINE('',#4818,#4819);
#4818 = CARTESIAN_POINT('',(0.,0.));
#4819 = VECTOR('',#4820,1.);
#4820 = DIRECTION('',(1.,0.));
#4821 = ( GEOMETRIC_REPRESENTATION_CONTEXT(2) 
PARAMETRIC_REPRESENTATION_CONTEXT() REPRESENTATION_CONTEXT('2D SPACE',''
  ) );
#4822 = ORIENTED_EDGE('',*,*,#4680,.F.);
#4823 = ADVANCED_FACE('',(#4824),#4639,.T.);
#4824 = FACE_BOUND('',#4825,.T.);
#4825 = EDGE_LOOP('',(#4826,#4847,#4848,#4869));
#4826 = ORIENTED_EDGE('',*,*,#4827,.F.);
#4827 = EDGE_CURVE('',#4596,#4711,#4828,.T.);
#4828 = SURFACE_CURVE('',#4829,(#4833,#4840),.PCURVE_S1.);
#4829 = LINE('',#4830,#4831);
#4830 = CARTESIAN_POINT('',(-532.5,826.5,0.));
#4831 = VECTOR('',#4832,1.);
#4832 = DIRECTION('',(1.,0.,-0.));
#4833 = PCURVE('',#4639,#4834);
#4834 = DEFINITIONAL_REPRESENTATION('',(#4835),#4839);
#4835 = LINE('',#4836,#4837);
#4836 = CARTESIAN_POINT('',(0.,0.));
#4837 = VECTOR('',#4838,1.);
#4838 = DIRECTION('',(0.,1.));
#4839 = ( GEOMETRIC_REPRESENTATION_CONTEXT(2) 
PARAMETRIC_REPRESENTATION_CONTEXT() REPRESENTATION_CONTEXT('2D SPACE',''
  ) );
#4840 = PCURVE('',#4611,#4841);
#4841 = DEFINITIONAL_REPRESENTATION('',(#4842),#4846);
#4842 = LINE('',#4843,#4844);
#4843 = CARTESIAN_POINT('',(0.,1.653E+03));
#4844 = VECTOR('',#4845,1.);
#4845 = DIRECTION('',(1.,0.));
#4846 = ( GEOMETRIC_REPRESENTATION_CONTEXT(2) 
PARAMETRIC_REPRESENTATION_CONTEXT() REPRESENTATION_CONTEXT('2D SPACE',''
  ) );
#4847 = ORIENTED_EDGE('',*,*,#4623,.T.);
#4848 = ORIENTED_EDGE('',*,*,#4849,.T.);
#4849 = EDGE_CURVE('',#4624,#4734,#4850,.T.);
#4850 = SURFACE_CURVE('',#4851,(#4855,#4862),.PCURVE_S1.);
#4851 = LINE('',#4852,#4853);
#4852 = CARTESIAN_POINT('',(-532.5,826.5,4.));
#4853 = VECTOR('',#4854,1.);
#4854 = DIRECTION('',(1.,0.,-0.));
#4855 = PCURVE('',#4639,#4856);
#4856 = DEFINITIONAL_REPRESENTATION('',(#4857),#4861);
#4857 = LINE('',#4858,#4859);
#4858 = CARTESIAN_POINT('',(4.,0.));
#4859 = VECTOR('',#4860,1.);
#4860 = DIRECTION('',(0.,1.));
#4861 = ( GEOMETRIC_REPRESENTATION_CONTEXT(2) 
PARAMETRIC_REPRESENTATION_CONTEXT() REPRESENTATION_CONTEXT('2D SPACE',''
  ) );
#4862 = PCURVE('',#4665,#4863);
#4863 = DEFINITIONAL_REPRESENTATION('',(#4864),#4868);
#4864 = LINE('',#4865,#4866);
#4865 = CARTESIAN_POINT('',(0.,1.653E+03));
#4866 = VECTOR('',#4867,1.);
#4867 = DIRECTION('',(1.,0.));
#4868 = ( GEOMETRIC_REPRESENTATION_CONTEXT(2) 
PARAMETRIC_REPRESENTATION_CONTEXT() REPRESENTATION_CONTEXT('2D SPACE',''
  ) );
#4869 = ORIENTED_EDGE('',*,*,#4733,.F.);
#4870 = ADVANCED_FACE('',(#4871),#4611,.F.);
#4871 = FACE_BOUND('',#4872,.F.);
#4872 = EDGE_LOOP('',(#4873,#4874,#4875,#4876));
#4873 = ORIENTED_EDGE('',*,*,#4595,.F.);
#4874 = ORIENTED_EDGE('',*,*,#4780,.T.);
#4875 = ORIENTED_EDGE('',*,*,#4710,.T.);
#4876 = ORIENTED_EDGE('',*,*,#4827,.F.);
#4877 = ADVANCED_FACE('',(#4878),#4665,.T.);
#4878 = FACE_BOUND('',#4879,.T.);
#4879 = EDGE_LOOP('',(#4880,#4881,#4882,#4883));
#4880 = ORIENTED_EDGE('',*,*,#4651,.F.);
#4881 = ORIENTED_EDGE('',*,*,#4802,.T.);
#4882 = ORIENTED_EDGE('',*,*,#4756,.T.);
#4883 = ORIENTED_EDGE('',*,*,#4849,.F.);
#4884 = ( GEOMETRIC_REPRESENTATION_CONTEXT(3) 
GLOBAL_UNCERTAINTY_ASSIGNED_CONTEXT((#4888)) 
GLOBAL_UNIT_ASSIGNED_CONTEXT((#4885,#4886,#4887)) REPRESENTATION_CONTEXT
('Context #1','3D Context with UNIT and UNCERTAINTY') );
#4885 = ( LENGTH_UNIT() NAMED_UNIT(*) SI_UNIT(.MILLI.,.METRE.) );
#4886 = ( NAMED_UNIT(*) PLANE_ANGLE_UNIT() SI_UNIT($,.RADIAN.) );
#4887 = ( NAMED_UNIT(*) SI_UNIT($,.STERADIAN.) SOLID_ANGLE_UNIT() );
#4888 = UNCERTAINTY_MEASURE_WITH_UNIT(LENGTH_MEASURE(1.E-07),#4885,
  'distance_accuracy_value','confusion accuracy');
#4889 = CONTEXT_DEPENDENT_SHAPE_REPRESENTATION(#4890,#4892);
#4890 = ( REPRESENTATION_RELATIONSHIP('','',#4553,#10) 
REPRESENTATION_RELATIONSHIP_WITH_TRANSFORMATION(#4891) 
SHAPE_REPRESENTATION_RELATIONSHIP() );
#4891 = ITEM_DEFINED_TRANSFORMATION('','',#11,#51);
#4892 = PRODUCT_DEFINITION_SHAPE('Placement','Placement of an item',
  #4893);
#4893 = NEXT_ASSEMBLY_USAGE_OCCURRENCE('44','cell.4','',#5,#4548,$);
#4894 = PRODUCT_RELATED_PRODUCT_CATEGORY('part',$,(#4550));
#4895 = SHAPE_DEFINITION_REPRESENTATION(#4896,#4902);
#4896 = PRODUCT_DEFINITION_SHAPE('','',#4897);
#4897 = PRODUCT_DEFINITION('design','',#4898,#4901);
#4898 = PRODUCT_DEFINITION_FORMATION('','',#4899);
#4899 = PRODUCT('metal.105','metal.105','',(#4900));
#4900 = PRODUCT_CONTEXT('',#2,'mechanical');
#4901 = PRODUCT_DEFINITION_CONTEXT('part definition',#2,'design');
#4902 = ADVANCED_BREP_SHAPE_REPRESENTATION('',(#11,#4903),#5547);
#4903 = MANIFOLD_SOLID_BREP('',#4904);
#4904 = CLOSED_SHELL('',(#4905,#5025,#5101,#5256,#5305,#5332,#5339,#5415
    ,#5464,#5513,#5540));
#4905 = ADVANCED_FACE('',(#4906),#4920,.F.);
#4906 = FACE_BOUND('',#4907,.F.);
#4907 = EDGE_LOOP('',(#4908,#4943,#4971,#4999));
#4908 = ORIENTED_EDGE('',*,*,#4909,.F.);
#4909 = EDGE_CURVE('',#4910,#4912,#4914,.T.);
#4910 = VERTEX_POINT('',#4911);
#4911 = CARTESIAN_POINT('',(-567.,-861.,0.));
#4912 = VERTEX_POINT('',#4913);
#4913 = CARTESIAN_POINT('',(-567.,-861.,30.));
#4914 = SURFACE_CURVE('',#4915,(#4919,#4931),.PCURVE_S1.);
#4915 = LINE('',#4916,#4917);
#4916 = CARTESIAN_POINT('',(-567.,-861.,0.));
#4917 = VECTOR('',#4918,1.);
#4918 = DIRECTION('',(0.,0.,1.));
#4919 = PCURVE('',#4920,#4925);
#4920 = PLANE('',#4921);
#4921 = AXIS2_PLACEMENT_3D('',#4922,#4923,#4924);
#4922 = CARTESIAN_POINT('',(-567.,-861.,0.));
#4923 = DIRECTION('',(1.,0.,-0.));
#4924 = DIRECTION('',(0.,0.,1.));
#4925 = DEFINITIONAL_REPRESENTATION('',(#4926),#4930);
#4926 = LINE('',#4927,#4928);
#4927 = CARTESIAN_POINT('',(0.,0.));
#4928 = VECTOR('',#4929,1.);
#4929 = DIRECTION('',(1.,0.));
#4930 = ( GEOMETRIC_REPRESENTATION_CONTEXT(2) 
PARAMETRIC_REPRESENTATION_CONTEXT() REPRESENTATION_CONTEXT('2D SPACE',''
  ) );
#4931 = PCURVE('',#4932,#4937);
#4932 = PLANE('',#4933);
#4933 = AXIS2_PLACEMENT_3D('',#4934,#4935,#4936);
#4934 = CARTESIAN_POINT('',(-567.,-861.,0.));
#4935 = DIRECTION('',(-0.,1.,0.));
#4936 = DIRECTION('',(0.,0.,1.));
#4937 = DEFINITIONAL_REPRESENTATION('',(#4938),#4942);
#4938 = LINE('',#4939,#4940);
#4939 = CARTESIAN_POINT('',(0.,0.));
#4940 = VECTOR('',#4941,1.);
#4941 = DIRECTION('',(1.,0.));
#4942 = ( GEOMETRIC_REPRESENTATION_CONTEXT(2) 
PARAMETRIC_REPRESENTATION_CONTEXT() REPRESENTATION_CONTEXT('2D SPACE',''
  ) );
#4943 = ORIENTED_EDGE('',*,*,#4944,.T.);
#4944 = EDGE_CURVE('',#4910,#4945,#4947,.T.);
#4945 = VERTEX_POINT('',#4946);
#4946 = CARTESIAN_POINT('',(-567.,861.,0.));
#4947 = SURFACE_CURVE('',#4948,(#4952,#4959),.PCURVE_S1.);
#4948 = LINE('',#4949,#4950);
#4949 = CARTESIAN_POINT('',(-567.,-861.,0.));
#4950 = VECTOR('',#4951,1.);
#4951 = DIRECTION('',(-0.,1.,0.));
#4952 = PCURVE('',#4920,#4953);
#4953 = DEFINITIONAL_REPRESENTATION('',(#4954),#4958);
#4954 = LINE('',#4955,#4956);
#4955 = CARTESIAN_POINT('',(0.,0.));
#4956 = VECTOR('',#4957,1.);
#4957 = DIRECTION('',(0.,-1.));
#4958 = ( GEOMETRIC_REPRESENTATION_CONTEXT(2) 
PARAMETRIC_REPRESENTATION_CONTEXT() REPRESENTATION_CONTEXT('2D SPACE',''
  ) );
#4959 = PCURVE('',#4960,#4965);
#4960 = PLANE('',#4961);
#4961 = AXIS2_PLACEMENT_3D('',#4962,#4963,#4964);
#4962 = CARTESIAN_POINT('',(-567.,-861.,0.));
#4963 = DIRECTION('',(0.,0.,1.));
#4964 = DIRECTION('',(1.,0.,-0.));
#4965 = DEFINITIONAL_REPRESENTATION('',(#4966),#4970);
#4966 = LINE('',#4967,#4968);
#4967 = CARTESIAN_POINT('',(0.,0.));
#4968 = VECTOR('',#4969,1.);
#4969 = DIRECTION('',(0.,1.));
#4970 = ( GEOMETRIC_REPRESENTATION_CONTEXT(2) 
PARAMETRIC_REPRESENTATION_CONTEXT() REPRESENTATION_CONTEXT('2D SPACE',''
  ) );
#4971 = ORIENTED_EDGE('',*,*,#4972,.T.);
#4972 = EDGE_CURVE('',#4945,#4973,#4975,.T.);
#4973 = VERTEX_POINT('',#4974);
#4974 = CARTESIAN_POINT('',(-567.,861.,30.));
#4975 = SURFACE_CURVE('',#4976,(#4980,#4987),.PCURVE_S1.);
#4976 = LINE('',#4977,#4978);
#4977 = CARTESIAN_POINT('',(-567.,861.,0.));
#4978 = VECTOR('',#4979,1.);
#4979 = DIRECTION('',(0.,0.,1.));
#4980 = PCURVE('',#4920,#4981);
#4981 = DEFINITIONAL_REPRESENTATION('',(#4982),#4986);
#4982 = LINE('',#4983,#4984);
#4983 = CARTESIAN_POINT('',(0.,-1.722E+03));
#4984 = VECTOR('',#4985,1.);
#4985 = DIRECTION('',(1.,0.));
#4986 = ( GEOMETRIC_REPRESENTATION_CONTEXT(2) 
PARAMETRIC_REPRESENTATION_CONTEXT() REPRESENTATION_CONTEXT('2D SPACE',''
  ) );
#4987 = PCURVE('',#4988,#4993);
#4988 = PLANE('',#4989);
#4989 = AXIS2_PLACEMENT_3D('',#4990,#4991,#4992);
#4990 = CARTESIAN_POINT('',(-567.,861.,0.));
#4991 = DIRECTION('',(-0.,1.,0.));
#4992 = DIRECTION('',(0.,0.,1.));
#4993 = DEFINITIONAL_REPRESENTATION('',(#4994),#4998);
#4994 = LINE('',#4995,#4996);
#4995 = CARTESIAN_POINT('',(0.,0.));
#4996 = VECTOR('',#4997,1.);
#4997 = DIRECTION('',(1.,0.));
#4998 = ( GEOMETRIC_REPRESENTATION_CONTEXT(2) 
PARAMETRIC_REPRESENTATION_CONTEXT() REPRESENTATION_CONTEXT('2D SPACE',''
  ) );
#4999 = ORIENTED_EDGE('',*,*,#5000,.F.);
#5000 = EDGE_CURVE('',#4912,#4973,#5001,.T.);
#5001 = SURFACE_CURVE('',#5002,(#5006,#5013),.PCURVE_S1.);
#5002 = LINE('',#5003,#5004);
#5003 = CARTESIAN_POINT('',(-567.,-861.,30.));
#5004 = VECTOR('',#5005,1.);
#5005 = DIRECTION('',(-0.,1.,0.));
#5006 = PCURVE('',#4920,#5007);
#5007 = DEFINITIONAL_REPRESENTATION('',(#5008),#5012);
#5008 = LINE('',#5009,#5010);
#5009 = CARTESIAN_POINT('',(30.,0.));
#5010 = VECTOR('',#5011,1.);
#5011 = DIRECTION('',(0.,-1.));
#5012 = ( GEOMETRIC_REPRESENTATION_CONTEXT(2) 
PARAMETRIC_REPRESENTATION_CONTEXT() REPRESENTATION_CONTEXT('2D SPACE',''
  ) );
#5013 = PCURVE('',#5014,#5019);
#5014 = PLANE('',#5015);
#5015 = AXIS2_PLACEMENT_3D('',#5016,#5017,#5018);
#5016 = CARTESIAN_POINT('',(-567.,-861.,30.));
#5017 = DIRECTION('',(0.,0.,1.));
#5018 = DIRECTION('',(1.,0.,-0.));
#5019 = DEFINITIONAL_REPRESENTATION('',(#5020),#5024);
#5020 = LINE('',#5021,#5022);
#5021 = CARTESIAN_POINT('',(0.,0.));
#5022 = VECTOR('',#5023,1.);
#5023 = DIRECTION('',(0.,1.));
#5024 = ( GEOMETRIC_REPRESENTATION_CONTEXT(2) 
PARAMETRIC_REPRESENTATION_CONTEXT() REPRESENTATION_CONTEXT('2D SPACE',''
  ) );
#5025 = ADVANCED_FACE('',(#5026),#4932,.F.);
#5026 = FACE_BOUND('',#5027,.F.);
#5027 = EDGE_LOOP('',(#5028,#5051,#5052,#5075));
#5028 = ORIENTED_EDGE('',*,*,#5029,.F.);
#5029 = EDGE_CURVE('',#4910,#5030,#5032,.T.);
#5030 = VERTEX_POINT('',#5031);
#5031 = CARTESIAN_POINT('',(567.,-861.,0.));
#5032 = SURFACE_CURVE('',#5033,(#5037,#5044),.PCURVE_S1.);
#5033 = LINE('',#5034,#5035);
#5034 = CARTESIAN_POINT('',(-567.,-861.,0.));
#5035 = VECTOR('',#5036,1.);
#5036 = DIRECTION('',(1.,0.,-0.));
#5037 = PCURVE('',#4932,#5038);
#5038 = DEFINITIONAL_REPRESENTATION('',(#5039),#5043);
#5039 = LINE('',#5040,#5041);
#5040 = CARTESIAN_POINT('',(0.,0.));
#5041 = VECTOR('',#5042,1.);
#5042 = DIRECTION('',(0.,1.));
#5043 = ( GEOMETRIC_REPRESENTATION_CONTEXT(2) 
PARAMETRIC_REPRESENTATION_CONTEXT() REPRESENTATION_CONTEXT('2D SPACE',''
  ) );
#5044 = PCURVE('',#4960,#5045);
#5045 = DEFINITIONAL_REPRESENTATION('',(#5046),#5050);
#5046 = LINE('',#5047,#5048);
#5047 = CARTESIAN_POINT('',(0.,0.));
#5048 = VECTOR('',#5049,1.);
#5049 = DIRECTION('',(1.,0.));
#5050 = ( GEOMETRIC_REPRESENTATION_CONTEXT(2) 
PARAMETRIC_REPRESENTATION_CONTEXT() REPRESENTATION_CONTEXT('2D SPACE',''
  ) );
#5051 = ORIENTED_EDGE('',*,*,#4909,.T.);
#5052 = ORIENTED_EDGE('',*,*,#5053,.T.);
#5053 = EDGE_CURVE('',#4912,#5054,#5056,.T.);
#5054 = VERTEX_POINT('',#5055);
#5055 = CARTESIAN_POINT('',(567.,-861.,30.));
#5056 = SURFACE_CURVE('',#5057,(#5061,#5068),.PCURVE_S1.);
#5057 = LINE('',#5058,#5059);
#5058 = CARTESIAN_POINT('',(-567.,-861.,30.));
#5059 = VECTOR('',#5060,1.);
#5060 = DIRECTION('',(1.,0.,-0.));
#5061 = PCURVE('',#4932,#5062);
#5062 = DEFINITIONAL_REPRESENTATION('',(#5063),#5067);
#5063 = LINE('',#5064,#5065);
#5064 = CARTESIAN_POINT('',(30.,0.));
#5065 = VECTOR('',#5066,1.);
#5066 = DIRECTION('',(0.,1.));
#5067 = ( GEOMETRIC_REPRESENTATION_CONTEXT(2) 
PARAMETRIC_REPRESENTATION_CONTEXT() REPRESENTATION_CONTEXT('2D SPACE',''
  ) );
#5068 = PCURVE('',#5014,#5069);
#5069 = DEFINITIONAL_REPRESENTATION('',(#5070),#5074);
#5070 = LINE('',#5071,#5072);
#5071 = CARTESIAN_POINT('',(0.,0.));
#5072 = VECTOR('',#5073,1.);
#5073 = DIRECTION('',(1.,0.));
#5074 = ( GEOMETRIC_REPRESENTATION_CONTEXT(2) 
PARAMETRIC_REPRESENTATION_CONTEXT() REPRESENTATION_CONTEXT('2D SPACE',''
  ) );
#5075 = ORIENTED_EDGE('',*,*,#5076,.F.);
#5076 = EDGE_CURVE('',#5030,#5054,#5077,.T.);
#5077 = SURFACE_CURVE('',#5078,(#5082,#5089),.PCURVE_S1.);
#5078 = LINE('',#5079,#5080);
#5079 = CARTESIAN_POINT('',(567.,-861.,0.));
#5080 = VECTOR('',#5081,1.);
#5081 = DIRECTION('',(0.,0.,1.));
#5082 = PCURVE('',#4932,#5083);
#5083 = DEFINITIONAL_REPRESENTATION('',(#5084),#5088);
#5084 = LINE('',#5085,#5086);
#5085 = CARTESIAN_POINT('',(0.,1.134E+03));
#5086 = VECTOR('',#5087,1.);
#5087 = DIRECTION('',(1.,0.));
#5088 = ( GEOMETRIC_REPRESENTATION_CONTEXT(2) 
PARAMETRIC_REPRESENTATION_CONTEXT() REPRESENTATION_CONTEXT('2D SPACE',''
  ) );
#5089 = PCURVE('',#5090,#5095);
#5090 = PLANE('',#5091);
#5091 = AXIS2_PLACEMENT_3D('',#5092,#5093,#5094);
#5092 = CARTESIAN_POINT('',(567.,-861.,0.));
#5093 = DIRECTION('',(1.,0.,-0.));
#5094 = DIRECTION('',(0.,0.,1.));
#5095 = DEFINITIONAL_REPRESENTATION('',(#5096),#5100);
#5096 = LINE('',#5097,#5098);
#5097 = CARTESIAN_POINT('',(0.,0.));
#5098 = VECTOR('',#5099,1.);
#5099 = DIRECTION('',(1.,0.));
#5100 = ( GEOMETRIC_REPRESENTATION_CONTEXT(2) 
PARAMETRIC_REPRESENTATION_CONTEXT() REPRESENTATION_CONTEXT('2D SPACE',''
  ) );
#5101 = ADVANCED_FACE('',(#5102,#5150),#5014,.T.);
#5102 = FACE_BOUND('',#5103,.T.);
#5103 = EDGE_LOOP('',(#5104,#5105,#5106,#5129));
#5104 = ORIENTED_EDGE('',*,*,#5000,.F.);
#5105 = ORIENTED_EDGE('',*,*,#5053,.T.);
#5106 = ORIENTED_EDGE('',*,*,#5107,.T.);
#5107 = EDGE_CURVE('',#5054,#5108,#5110,.T.);
#5108 = VERTEX_POINT('',#5109);
#5109 = CARTESIAN_POINT('',(567.,861.,30.));
#5110 = SURFACE_CURVE('',#5111,(#5115,#5122),.PCURVE_S1.);
#5111 = LINE('',#5112,#5113);
#5112 = CARTESIAN_POINT('',(567.,-861.,30.));
#5113 = VECTOR('',#5114,1.);
#5114 = DIRECTION('',(-0.,1.,0.));
#5115 = PCURVE('',#5014,#5116);
#5116 = DEFINITIONAL_REPRESENTATION('',(#5117),#5121);
#5117 = LINE('',#5118,#5119);
#5118 = CARTESIAN_POINT('',(1.134E+03,0.));
#5119 = VECTOR('',#5120,1.);
#5120 = DIRECTION('',(0.,1.));
#5121 = ( GEOMETRIC_REPRESENTATION_CONTEXT(2) 
PARAMETRIC_REPRESENTATION_CONTEXT() REPRESENTATION_CONTEXT('2D SPACE',''
  ) );
#5122 = PCURVE('',#5090,#5123);
#5123 = DEFINITIONAL_REPRESENTATION('',(#5124),#5128);
#5124 = LINE('',#5125,#5126);
#5125 = CARTESIAN_POINT('',(30.,0.));
#5126 = VECTOR('',#5127,1.);
#5127 = DIRECTION('',(0.,-1.));
#5128 = ( GEOMETRIC_REPRESENTATION_CONTEXT(2) 
PARAMETRIC_REPRESENTATION_CONTEXT() REPRESENTATION_CONTEXT('2D SPACE',''
  ) );
#5129 = ORIENTED_EDGE('',*,*,#5130,.F.);
#5130 = EDGE_CURVE('',#4973,#5108,#5131,.T.);
#5131 = SURFACE_CURVE('',#5132,(#5136,#5143),.PCURVE_S1.);
#5132 = LINE('',#5133,#5134);
#5133 = CARTESIAN_POINT('',(-567.,861.,30.));
#5134 = VECTOR('',#5135,1.);
#5135 = DIRECTION('',(1.,0.,-0.));
#5136 = PCURVE('',#5014,#5137);
#5137 = DEFINITIONAL_REPRESENTATION('',(#5138),#5142);
#5138 = LINE('',#5139,#5140);
#5139 = CARTESIAN_POINT('',(0.,1.722E+03));
#5140 = VECTOR('',#5141,1.);
#5141 = DIRECTION('',(1.,0.));
#5142 = ( GEOMETRIC_REPRESENTATION_CONTEXT(2) 
PARAMETRIC_REPRESENTATION_CONTEXT() REPRESENTATION_CONTEXT('2D SPACE',''
  ) );
#5143 = PCURVE('',#4988,#5144);
#5144 = DEFINITIONAL_REPRESENTATION('',(#5145),#5149);
#5145 = LINE('',#5146,#5147);
#5146 = CARTESIAN_POINT('',(30.,0.));
#5147 = VECTOR('',#5148,1.);
#5148 = DIRECTION('',(0.,1.));
#5149 = ( GEOMETRIC_REPRESENTATION_CONTEXT(2) 
PARAMETRIC_REPRESENTATION_CONTEXT() REPRESENTATION_CONTEXT('2D SPACE',''
  ) );
#5150 = FACE_BOUND('',#5151,.T.);
#5151 = EDGE_LOOP('',(#5152,#5180,#5206,#5232));
#5152 = ORIENTED_EDGE('',*,*,#5153,.T.);
#5153 = EDGE_CURVE('',#5154,#5156,#5158,.T.);
#5154 = VERTEX_POINT('',#5155);
#5155 = CARTESIAN_POINT('',(532.,-826.,30.));
#5156 = VERTEX_POINT('',#5157);
#5157 = CARTESIAN_POINT('',(-532.,-826.,30.));
#5158 = SURFACE_CURVE('',#5159,(#5163,#5169),.PCURVE_S1.);
#5159 = LINE('',#5160,#5161);
#5160 = CARTESIAN_POINT('',(-549.5,-826.,30.));
#5161 = VECTOR('',#5162,1.);
#5162 = DIRECTION('',(-1.,-0.,0.));
#5163 = PCURVE('',#5014,#5164);
#5164 = DEFINITIONAL_REPRESENTATION('',(#5165),#5168);
#5165 = B_SPLINE_CURVE_WITH_KNOTS('',1,(#5166,#5167),.UNSPECIFIED.,.F.,
  .F.,(2,2),(-1.0815E+03,-17.5),.PIECEWISE_BEZIER_KNOTS.);
#5166 = CARTESIAN_POINT('',(1.099E+03,35.));
#5167 = CARTESIAN_POINT('',(35.,35.));
#5168 = ( GEOMETRIC_REPRESENTATION_CONTEXT(2) 
PARAMETRIC_REPRESENTATION_CONTEXT() REPRESENTATION_CONTEXT('2D SPACE',''
  ) );
#5169 = PCURVE('',#5170,#5175);
#5170 = PLANE('',#5171);
#5171 = AXIS2_PLACEMENT_3D('',#5172,#5173,#5174);
#5172 = CARTESIAN_POINT('',(-532.,-826.,4.));
#5173 = DIRECTION('',(-0.,1.,0.));
#5174 = DIRECTION('',(0.,0.,1.));
#5175 = DEFINITIONAL_REPRESENTATION('',(#5176),#5179);
#5176 = B_SPLINE_CURVE_WITH_KNOTS('',1,(#5177,#5178),.UNSPECIFIED.,.F.,
  .F.,(2,2),(-1.0815E+03,-17.5),.PIECEWISE_BEZIER_KNOTS.);
#5177 = CARTESIAN_POINT('',(26.,1.064E+03));
#5178 = CARTESIAN_POINT('',(26.,0.));
#5179 = ( GEOMETRIC_REPRESENTATION_CONTEXT(2) 
PARAMETRIC_REPRESENTATION_CONTEXT() REPRESENTATION_CONTEXT('2D SPACE',''
  ) );
#5180 = ORIENTED_EDGE('',*,*,#5181,.T.);
#5181 = EDGE_CURVE('',#5156,#5182,#5184,.T.);
#5182 = VERTEX_POINT('',#5183);
#5183 = CARTESIAN_POINT('',(-532.,826.,30.));
#5184 = SURFACE_CURVE('',#5185,(#5189,#5195),.PCURVE_S1.);
#5185 = LINE('',#5186,#5187);
#5186 = CARTESIAN_POINT('',(-532.,-843.5,30.));
#5187 = VECTOR('',#5188,1.);
#5188 = DIRECTION('',(-0.,1.,0.));
#5189 = PCURVE('',#5014,#5190);
#5190 = DEFINITIONAL_REPRESENTATION('',(#5191),#5194);
#5191 = B_SPLINE_CURVE_WITH_KNOTS('',1,(#5192,#5193),.UNSPECIFIED.,.F.,
  .F.,(2,2),(17.5,1.6695E+03),.PIECEWISE_BEZIER_KNOTS.);
#5192 = CARTESIAN_POINT('',(35.,35.));
#5193 = CARTESIAN_POINT('',(35.,1.687E+03));
#5194 = ( GEOMETRIC_REPRESENTATION_CONTEXT(2) 
PARAMETRIC_REPRESENTATION_CONTEXT() REPRESENTATION_CONTEXT('2D SPACE',''
  ) );
#5195 = PCURVE('',#5196,#5201);
#5196 = PLANE('',#5197);
#5197 = AXIS2_PLACEMENT_3D('',#5198,#5199,#5200);
#5198 = CARTESIAN_POINT('',(-532.,-826.,4.));
#5199 = DIRECTION('',(1.,0.,-0.));
#5200 = DIRECTION('',(0.,0.,1.));
#5201 = DEFINITIONAL_REPRESENTATION('',(#5202),#5205);
#5202 = B_SPLINE_CURVE_WITH_KNOTS('',1,(#5203,#5204),.UNSPECIFIED.,.F.,
  .F.,(2,2),(17.5,1.6695E+03),.PIECEWISE_BEZIER_KNOTS.);
#5203 = CARTESIAN_POINT('',(26.,0.));
#5204 = CARTESIAN_POINT('',(26.,-1.652E+03));
#5205 = ( GEOMETRIC_REPRESENTATION_CONTEXT(2) 
PARAMETRIC_REPRESENTATION_CONTEXT() REPRESENTATION_CONTEXT('2D SPACE',''
  ) );
#5206 = ORIENTED_EDGE('',*,*,#5207,.F.);
#5207 = EDGE_CURVE('',#5208,#5182,#5210,.T.);
#5208 = VERTEX_POINT('',#5209);
#5209 = CARTESIAN_POINT('',(532.,826.,30.));
#5210 = SURFACE_CURVE('',#5211,(#5215,#5221),.PCURVE_S1.);
#5211 = LINE('',#5212,#5213);
#5212 = CARTESIAN_POINT('',(-549.5,826.,30.));
#5213 = VECTOR('',#5214,1.);
#5214 = DIRECTION('',(-1.,-0.,0.));
#5215 = PCURVE('',#5014,#5216);
#5216 = DEFINITIONAL_REPRESENTATION('',(#5217),#5220);
#5217 = B_SPLINE_CURVE_WITH_KNOTS('',1,(#5218,#5219),.UNSPECIFIED.,.F.,
  .F.,(2,2),(-1.0815E+03,-17.5),.PIECEWISE_BEZIER_KNOTS.);
#5218 = CARTESIAN_POINT('',(1.099E+03,1.687E+03));
#5219 = CARTESIAN_POINT('',(35.,1.687E+03));
#5220 = ( GEOMETRIC_REPRESENTATION_CONTEXT(2) 
PARAMETRIC_REPRESENTATION_CONTEXT() REPRESENTATION_CONTEXT('2D SPACE',''
  ) );
#5221 = PCURVE('',#5222,#5227);
#5222 = PLANE('',#5223);
#5223 = AXIS2_PLACEMENT_3D('',#5224,#5225,#5226);
#5224 = CARTESIAN_POINT('',(-532.,826.,4.));
#5225 = DIRECTION('',(-0.,1.,0.));
#5226 = DIRECTION('',(0.,0.,1.));
#5227 = DEFINITIONAL_REPRESENTATION('',(#5228),#5231);
#5228 = B_SPLINE_CURVE_WITH_KNOTS('',1,(#5229,#5230),.UNSPECIFIED.,.F.,
  .F.,(2,2),(-1.0815E+03,-17.5),.PIECEWISE_BEZIER_KNOTS.);
#5229 = CARTESIAN_POINT('',(26.,1.064E+03));
#5230 = CARTESIAN_POINT('',(26.,0.));
#5231 = ( GEOMETRIC_REPRESENTATION_CONTEXT(2) 
PARAMETRIC_REPRESENTATION_CONTEXT() REPRESENTATION_CONTEXT('2D SPACE',''
  ) );
#5232 = ORIENTED_EDGE('',*,*,#5233,.F.);
#5233 = EDGE_CURVE('',#5154,#5208,#5234,.T.);
#5234 = SURFACE_CURVE('',#5235,(#5239,#5245),.PCURVE_S1.);
#5235 = LINE('',#5236,#5237);
#5236 = CARTESIAN_POINT('',(532.,-843.5,30.));
#5237 = VECTOR('',#5238,1.);
#5238 = DIRECTION('',(-0.,1.,0.));
#5239 = PCURVE('',#5014,#5240);
#5240 = DEFINITIONAL_REPRESENTATION('',(#5241),#5244);
#5241 = B_SPLINE_CURVE_WITH_KNOTS('',1,(#5242,#5243),.UNSPECIFIED.,.F.,
  .F.,(2,2),(17.5,1.6695E+03),.PIECEWISE_BEZIER_KNOTS.);
#5242 = CARTESIAN_POINT('',(1.099E+03,35.));
#5243 = CARTESIAN_POINT('',(1.099E+03,1.687E+03));
#5244 = ( GEOMETRIC_REPRESENTATION_CONTEXT(2) 
PARAMETRIC_REPRESENTATION_CONTEXT() REPRESENTATION_CONTEXT('2D SPACE',''
  ) );
#5245 = PCURVE('',#5246,#5251);
#5246 = PLANE('',#5247);
#5247 = AXIS2_PLACEMENT_3D('',#5248,#5249,#5250);
#5248 = CARTESIAN_POINT('',(532.,-826.,4.));
#5249 = DIRECTION('',(1.,0.,-0.));
#5250 = DIRECTION('',(0.,0.,1.));
#5251 = DEFINITIONAL_REPRESENTATION('',(#5252),#5255);
#5252 = B_SPLINE_CURVE_WITH_KNOTS('',1,(#5253,#5254),.UNSPECIFIED.,.F.,
  .F.,(2,2),(17.5,1.6695E+03),.PIECEWISE_BEZIER_KNOTS.);
#5253 = CARTESIAN_POINT('',(26.,0.));
#5254 = CARTESIAN_POINT('',(26.,-1.652E+03));
#5255 = ( GEOMETRIC_REPRESENTATION_CONTEXT(2) 
PARAMETRIC_REPRESENTATION_CONTEXT() REPRESENTATION_CONTEXT('2D SPACE',''
  ) );
#5256 = ADVANCED_FACE('',(#5257),#4988,.T.);
#5257 = FACE_BOUND('',#5258,.T.);
#5258 = EDGE_LOOP('',(#5259,#5282,#5283,#5284));
#5259 = ORIENTED_EDGE('',*,*,#5260,.F.);
#5260 = EDGE_CURVE('',#4945,#5261,#5263,.T.);
#5261 = VERTEX_POINT('',#5262);
#5262 = CARTESIAN_POINT('',(567.,861.,0.));
#5263 = SURFACE_CURVE('',#5264,(#5268,#5275),.PCURVE_S1.);
#5264 = LINE('',#5265,#5266);
#5265 = CARTESIAN_POINT('',(-567.,861.,0.));
#5266 = VECTOR('',#5267,1.);
#5267 = DIRECTION('',(1.,0.,-0.));
#5268 = PCURVE('',#4988,#5269);
#5269 = DEFINITIONAL_REPRESENTATION('',(#5270),#5274);
#5270 = LINE('',#5271,#5272);
#5271 = CARTESIAN_POINT('',(0.,0.));
#5272 = VECTOR('',#5273,1.);
#5273 = DIRECTION('',(0.,1.));
#5274 = ( GEOMETRIC_REPRESENTATION_CONTEXT(2) 
PARAMETRIC_REPRESENTATION_CONTEXT() REPRESENTATION_CONTEXT('2D SPACE',''
  ) );
#5275 = PCURVE('',#4960,#5276);
#5276 = DEFINITIONAL_REPRESENTATION('',(#5277),#5281);
#5277 = LINE('',#5278,#5279);
#5278 = CARTESIAN_POINT('',(0.,1.722E+03));
#5279 = VECTOR('',#5280,1.);
#5280 = DIRECTION('',(1.,0.));
#5281 = ( GEOMETRIC_REPRESENTATION_CONTEXT(2) 
PARAMETRIC_REPRESENTATION_CONTEXT() REPRESENTATION_CONTEXT('2D SPACE',''
  ) );
#5282 = ORIENTED_EDGE('',*,*,#4972,.T.);
#5283 = ORIENTED_EDGE('',*,*,#5130,.T.);
#5284 = ORIENTED_EDGE('',*,*,#5285,.F.);
#5285 = EDGE_CURVE('',#5261,#5108,#5286,.T.);
#5286 = SURFACE_CURVE('',#5287,(#5291,#5298),.PCURVE_S1.);
#5287 = LINE('',#5288,#5289);
#5288 = CARTESIAN_POINT('',(567.,861.,0.));
#5289 = VECTOR('',#5290,1.);
#5290 = DIRECTION('',(0.,0.,1.));
#5291 = PCURVE('',#4988,#5292);
#5292 = DEFINITIONAL_REPRESENTATION('',(#5293),#5297);
#5293 = LINE('',#5294,#5295);
#5294 = CARTESIAN_POINT('',(0.,1.134E+03));
#5295 = VECTOR('',#5296,1.);
#5296 = DIRECTION('',(1.,0.));
#5297 = ( GEOMETRIC_REPRESENTATION_CONTEXT(2) 
PARAMETRIC_REPRESENTATION_CONTEXT() REPRESENTATION_CONTEXT('2D SPACE',''
  ) );
#5298 = PCURVE('',#5090,#5299);
#5299 = DEFINITIONAL_REPRESENTATION('',(#5300),#5304);
#5300 = LINE('',#5301,#5302);
#5301 = CARTESIAN_POINT('',(0.,-1.722E+03));
#5302 = VECTOR('',#5303,1.);
#5303 = DIRECTION('',(1.,0.));
#5304 = ( GEOMETRIC_REPRESENTATION_CONTEXT(2) 
PARAMETRIC_REPRESENTATION_CONTEXT() REPRESENTATION_CONTEXT('2D SPACE',''
  ) );
#5305 = ADVANCED_FACE('',(#5306),#4960,.F.);
#5306 = FACE_BOUND('',#5307,.F.);
#5307 = EDGE_LOOP('',(#5308,#5309,#5310,#5331));
#5308 = ORIENTED_EDGE('',*,*,#4944,.F.);
#5309 = ORIENTED_EDGE('',*,*,#5029,.T.);
#5310 = ORIENTED_EDGE('',*,*,#5311,.T.);
#5311 = EDGE_CURVE('',#5030,#5261,#5312,.T.);
#5312 = SURFACE_CURVE('',#5313,(#5317,#5324),.PCURVE_S1.);
#5313 = LINE('',#5314,#5315);
#5314 = CARTESIAN_POINT('',(567.,-861.,0.));
#5315 = VECTOR('',#5316,1.);
#5316 = DIRECTION('',(-0.,1.,0.));
#5317 = PCURVE('',#4960,#5318);
#5318 = DEFINITIONAL_REPRESENTATION('',(#5319),#5323);
#5319 = LINE('',#5320,#5321);
#5320 = CARTESIAN_POINT('',(1.134E+03,0.));
#5321 = VECTOR('',#5322,1.);
#5322 = DIRECTION('',(0.,1.));
#5323 = ( GEOMETRIC_REPRESENTATION_CONTEXT(2) 
PARAMETRIC_REPRESENTATION_CONTEXT() REPRESENTATION_CONTEXT('2D SPACE',''
  ) );
#5324 = PCURVE('',#5090,#5325);
#5325 = DEFINITIONAL_REPRESENTATION('',(#5326),#5330);
#5326 = LINE('',#5327,#5328);
#5327 = CARTESIAN_POINT('',(0.,0.));
#5328 = VECTOR('',#5329,1.);
#5329 = DIRECTION('',(0.,-1.));
#5330 = ( GEOMETRIC_REPRESENTATION_CONTEXT(2) 
PARAMETRIC_REPRESENTATION_CONTEXT() REPRESENTATION_CONTEXT('2D SPACE',''
  ) );
#5331 = ORIENTED_EDGE('',*,*,#5260,.F.);
#5332 = ADVANCED_FACE('',(#5333),#5090,.T.);
#5333 = FACE_BOUND('',#5334,.T.);
#5334 = EDGE_LOOP('',(#5335,#5336,#5337,#5338));
#5335 = ORIENTED_EDGE('',*,*,#5076,.F.);
#5336 = ORIENTED_EDGE('',*,*,#5311,.T.);
#5337 = ORIENTED_EDGE('',*,*,#5285,.T.);
#5338 = ORIENTED_EDGE('',*,*,#5107,.F.);
#5339 = ADVANCED_FACE('',(#5340),#5170,.T.);
#5340 = FACE_BOUND('',#5341,.T.);
#5341 = EDGE_LOOP('',(#5342,#5365,#5393,#5414));
#5342 = ORIENTED_EDGE('',*,*,#5343,.F.);
#5343 = EDGE_CURVE('',#5344,#5154,#5346,.T.);
#5344 = VERTEX_POINT('',#5345);
#5345 = CARTESIAN_POINT('',(532.,-826.,4.));
#5346 = SURFACE_CURVE('',#5347,(#5351,#5358),.PCURVE_S1.);
#5347 = LINE('',#5348,#5349);
#5348 = CARTESIAN_POINT('',(532.,-826.,4.));
#5349 = VECTOR('',#5350,1.);
#5350 = DIRECTION('',(0.,0.,1.));
#5351 = PCURVE('',#5170,#5352);
#5352 = DEFINITIONAL_REPRESENTATION('',(#5353),#5357);
#5353 = LINE('',#5354,#5355);
#5354 = CARTESIAN_POINT('',(0.,1.064E+03));
#5355 = VECTOR('',#5356,1.);
#5356 = DIRECTION('',(1.,0.));
#5357 = ( GEOMETRIC_REPRESENTATION_CONTEXT(2) 
PARAMETRIC_REPRESENTATION_CONTEXT() REPRESENTATION_CONTEXT('2D SPACE',''
  ) );
#5358 = PCURVE('',#5246,#5359);
#5359 = DEFINITIONAL_REPRESENTATION('',(#5360),#5364);
#5360 = LINE('',#5361,#5362);
#5361 = CARTESIAN_POINT('',(0.,0.));
#5362 = VECTOR('',#5363,1.);
#5363 = DIRECTION('',(1.,0.));
#5364 = ( GEOMETRIC_REPRESENTATION_CONTEXT(2) 
PARAMETRIC_REPRESENTATION_CONTEXT() REPRESENTATION_CONTEXT('2D SPACE',''
  ) );
#5365 = ORIENTED_EDGE('',*,*,#5366,.F.);
#5366 = EDGE_CURVE('',#5367,#5344,#5369,.T.);
#5367 = VERTEX_POINT('',#5368);
#5368 = CARTESIAN_POINT('',(-532.,-826.,4.));
#5369 = SURFACE_CURVE('',#5370,(#5374,#5381),.PCURVE_S1.);
#5370 = LINE('',#5371,#5372);
#5371 = CARTESIAN_POINT('',(-532.,-826.,4.));
#5372 = VECTOR('',#5373,1.);
#5373 = DIRECTION('',(1.,0.,-0.));
#5374 = PCURVE('',#5170,#5375);
#5375 = DEFINITIONAL_REPRESENTATION('',(#5376),#5380);
#5376 = LINE('',#5377,#5378);
#5377 = CARTESIAN_POINT('',(0.,0.));
#5378 = VECTOR('',#5379,1.);
#5379 = DIRECTION('',(0.,1.));
#5380 = ( GEOMETRIC_REPRESENTATION_CONTEXT(2) 
PARAMETRIC_REPRESENTATION_CONTEXT() REPRESENTATION_CONTEXT('2D SPACE',''
  ) );
#5381 = PCURVE('',#5382,#5387);
#5382 = PLANE('',#5383);
#5383 = AXIS2_PLACEMENT_3D('',#5384,#5385,#5386);
#5384 = CARTESIAN_POINT('',(-532.,-826.,4.));
#5385 = DIRECTION('',(0.,0.,1.));
#5386 = DIRECTION('',(1.,0.,-0.));
#5387 = DEFINITIONAL_REPRESENTATION('',(#5388),#5392);
#5388 = LINE('',#5389,#5390);
#5389 = CARTESIAN_POINT('',(0.,0.));
#5390 = VECTOR('',#5391,1.);
#5391 = DIRECTION('',(1.,0.));
#5392 = ( GEOMETRIC_REPRESENTATION_CONTEXT(2) 
PARAMETRIC_REPRESENTATION_CONTEXT() REPRESENTATION_CONTEXT('2D SPACE',''
  ) );
#5393 = ORIENTED_EDGE('',*,*,#5394,.T.);
#5394 = EDGE_CURVE('',#5367,#5156,#5395,.T.);
#5395 = SURFACE_CURVE('',#5396,(#5400,#5407),.PCURVE_S1.);
#5396 = LINE('',#5397,#5398);
#5397 = CARTESIAN_POINT('',(-532.,-826.,4.));
#5398 = VECTOR('',#5399,1.);
#5399 = DIRECTION('',(0.,0.,1.));
#5400 = PCURVE('',#5170,#5401);
#5401 = DEFINITIONAL_REPRESENTATION('',(#5402),#5406);
#5402 = LINE('',#5403,#5404);
#5403 = CARTESIAN_POINT('',(0.,0.));
#5404 = VECTOR('',#5405,1.);
#5405 = DIRECTION('',(1.,0.));
#5406 = ( GEOMETRIC_REPRESENTATION_CONTEXT(2) 
PARAMETRIC_REPRESENTATION_CONTEXT() REPRESENTATION_CONTEXT('2D SPACE',''
  ) );
#5407 = PCURVE('',#5196,#5408);
#5408 = DEFINITIONAL_REPRESENTATION('',(#5409),#5413);
#5409 = LINE('',#5410,#5411);
#5410 = CARTESIAN_POINT('',(0.,0.));
#5411 = VECTOR('',#5412,1.);
#5412 = DIRECTION('',(1.,0.));
#5413 = ( GEOMETRIC_REPRESENTATION_CONTEXT(2) 
PARAMETRIC_REPRESENTATION_CONTEXT() REPRESENTATION_CONTEXT('2D SPACE',''
  ) );
#5414 = ORIENTED_EDGE('',*,*,#5153,.F.);
#5415 = ADVANCED_FACE('',(#5416),#5246,.F.);
#5416 = FACE_BOUND('',#5417,.F.);
#5417 = EDGE_LOOP('',(#5418,#5419,#5442,#5463));
#5418 = ORIENTED_EDGE('',*,*,#5343,.F.);
#5419 = ORIENTED_EDGE('',*,*,#5420,.T.);
#5420 = EDGE_CURVE('',#5344,#5421,#5423,.T.);
#5421 = VERTEX_POINT('',#5422);
#5422 = CARTESIAN_POINT('',(532.,826.,4.));
#5423 = SURFACE_CURVE('',#5424,(#5428,#5435),.PCURVE_S1.);
#5424 = LINE('',#5425,#5426);
#5425 = CARTESIAN_POINT('',(532.,-826.,4.));
#5426 = VECTOR('',#5427,1.);
#5427 = DIRECTION('',(-0.,1.,0.));
#5428 = PCURVE('',#5246,#5429);
#5429 = DEFINITIONAL_REPRESENTATION('',(#5430),#5434);
#5430 = LINE('',#5431,#5432);
#5431 = CARTESIAN_POINT('',(0.,0.));
#5432 = VECTOR('',#5433,1.);
#5433 = DIRECTION('',(0.,-1.));
#5434 = ( GEOMETRIC_REPRESENTATION_CONTEXT(2) 
PARAMETRIC_REPRESENTATION_CONTEXT() REPRESENTATION_CONTEXT('2D SPACE',''
  ) );
#5435 = PCURVE('',#5382,#5436);
#5436 = DEFINITIONAL_REPRESENTATION('',(#5437),#5441);
#5437 = LINE('',#5438,#5439);
#5438 = CARTESIAN_POINT('',(1.064E+03,0.));
#5439 = VECTOR('',#5440,1.);
#5440 = DIRECTION('',(0.,1.));
#5441 = ( GEOMETRIC_REPRESENTATION_CONTEXT(2) 
PARAMETRIC_REPRESENTATION_CONTEXT() REPRESENTATION_CONTEXT('2D SPACE',''
  ) );
#5442 = ORIENTED_EDGE('',*,*,#5443,.T.);
#5443 = EDGE_CURVE('',#5421,#5208,#5444,.T.);
#5444 = SURFACE_CURVE('',#5445,(#5449,#5456),.PCURVE_S1.);
#5445 = LINE('',#5446,#5447);
#5446 = CARTESIAN_POINT('',(532.,826.,4.));
#5447 = VECTOR('',#5448,1.);
#5448 = DIRECTION('',(0.,0.,1.));
#5449 = PCURVE('',#5246,#5450);
#5450 = DEFINITIONAL_REPRESENTATION('',(#5451),#5455);
#5451 = LINE('',#5452,#5453);
#5452 = CARTESIAN_POINT('',(0.,-1.652E+03));
#5453 = VECTOR('',#5454,1.);
#5454 = DIRECTION('',(1.,0.));
#5455 = ( GEOMETRIC_REPRESENTATION_CONTEXT(2) 
PARAMETRIC_REPRESENTATION_CONTEXT() REPRESENTATION_CONTEXT('2D SPACE',''
  ) );
#5456 = PCURVE('',#5222,#5457);
#5457 = DEFINITIONAL_REPRESENTATION('',(#5458),#5462);
#5458 = LINE('',#5459,#5460);
#5459 = CARTESIAN_POINT('',(0.,1.064E+03));
#5460 = VECTOR('',#5461,1.);
#5461 = DIRECTION('',(1.,0.));
#5462 = ( GEOMETRIC_REPRESENTATION_CONTEXT(2) 
PARAMETRIC_REPRESENTATION_CONTEXT() REPRESENTATION_CONTEXT('2D SPACE',''
  ) );
#5463 = ORIENTED_EDGE('',*,*,#5233,.F.);
#5464 = ADVANCED_FACE('',(#5465),#5222,.F.);
#5465 = FACE_BOUND('',#5466,.F.);
#5466 = EDGE_LOOP('',(#5467,#5468,#5491,#5512));
#5467 = ORIENTED_EDGE('',*,*,#5443,.F.);
#5468 = ORIENTED_EDGE('',*,*,#5469,.F.);
#5469 = EDGE_CURVE('',#5470,#5421,#5472,.T.);
#5470 = VERTEX_POINT('',#5471);
#5471 = CARTESIAN_POINT('',(-532.,826.,4.));
#5472 = SURFACE_CURVE('',#5473,(#5477,#5484),.PCURVE_S1.);
#5473 = LINE('',#5474,#5475);
#5474 = CARTESIAN_POINT('',(-532.,826.,4.));
#5475 = VECTOR('',#5476,1.);
#5476 = DIRECTION('',(1.,0.,-0.));
#5477 = PCURVE('',#5222,#5478);
#5478 = DEFINITIONAL_REPRESENTATION('',(#5479),#5483);
#5479 = LINE('',#5480,#5481);
#5480 = CARTESIAN_POINT('',(0.,0.));
#5481 = VECTOR('',#5482,1.);
#5482 = DIRECTION('',(0.,1.));
#5483 = ( GEOMETRIC_REPRESENTATION_CONTEXT(2) 
PARAMETRIC_REPRESENTATION_CONTEXT() REPRESENTATION_CONTEXT('2D SPACE',''
  ) );
#5484 = PCURVE('',#5382,#5485);
#5485 = DEFINITIONAL_REPRESENTATION('',(#5486),#5490);
#5486 = LINE('',#5487,#5488);
#5487 = CARTESIAN_POINT('',(0.,1.652E+03));
#5488 = VECTOR('',#5489,1.);
#5489 = DIRECTION('',(1.,0.));
#5490 = ( GEOMETRIC_REPRESENTATION_CONTEXT(2) 
PARAMETRIC_REPRESENTATION_CONTEXT() REPRESENTATION_CONTEXT('2D SPACE',''
  ) );
#5491 = ORIENTED_EDGE('',*,*,#5492,.T.);
#5492 = EDGE_CURVE('',#5470,#5182,#5493,.T.);
#5493 = SURFACE_CURVE('',#5494,(#5498,#5505),.PCURVE_S1.);
#5494 = LINE('',#5495,#5496);
#5495 = CARTESIAN_POINT('',(-532.,826.,4.));
#5496 = VECTOR('',#5497,1.);
#5497 = DIRECTION('',(0.,0.,1.));
#5498 = PCURVE('',#5222,#5499);
#5499 = DEFINITIONAL_REPRESENTATION('',(#5500),#5504);
#5500 = LINE('',#5501,#5502);
#5501 = CARTESIAN_POINT('',(0.,0.));
#5502 = VECTOR('',#5503,1.);
#5503 = DIRECTION('',(1.,0.));
#5504 = ( GEOMETRIC_REPRESENTATION_CONTEXT(2) 
PARAMETRIC_REPRESENTATION_CONTEXT() REPRESENTATION_CONTEXT('2D SPACE',''
  ) );
#5505 = PCURVE('',#5196,#5506);
#5506 = DEFINITIONAL_REPRESENTATION('',(#5507),#5511);
#5507 = LINE('',#5508,#5509);
#5508 = CARTESIAN_POINT('',(0.,-1.652E+03));
#5509 = VECTOR('',#5510,1.);
#5510 = DIRECTION('',(1.,0.));
#5511 = ( GEOMETRIC_REPRESENTATION_CONTEXT(2) 
PARAMETRIC_REPRESENTATION_CONTEXT() REPRESENTATION_CONTEXT('2D SPACE',''
  ) );
#5512 = ORIENTED_EDGE('',*,*,#5207,.F.);
#5513 = ADVANCED_FACE('',(#5514),#5196,.T.);
#5514 = FACE_BOUND('',#5515,.T.);
#5515 = EDGE_LOOP('',(#5516,#5517,#5538,#5539));
#5516 = ORIENTED_EDGE('',*,*,#5394,.F.);
#5517 = ORIENTED_EDGE('',*,*,#5518,.T.);
#5518 = EDGE_CURVE('',#5367,#5470,#5519,.T.);
#5519 = SURFACE_CURVE('',#5520,(#5524,#5531),.PCURVE_S1.);
#5520 = LINE('',#5521,#5522);
#5521 = CARTESIAN_POINT('',(-532.,-826.,4.));
#5522 = VECTOR('',#5523,1.);
#5523 = DIRECTION('',(-0.,1.,0.));
#5524 = PCURVE('',#5196,#5525);
#5525 = DEFINITIONAL_REPRESENTATION('',(#5526),#5530);
#5526 = LINE('',#5527,#5528);
#5527 = CARTESIAN_POINT('',(0.,0.));
#5528 = VECTOR('',#5529,1.);
#5529 = DIRECTION('',(0.,-1.));
#5530 = ( GEOMETRIC_REPRESENTATION_CONTEXT(2) 
PARAMETRIC_REPRESENTATION_CONTEXT() REPRESENTATION_CONTEXT('2D SPACE',''
  ) );
#5531 = PCURVE('',#5382,#5532);
#5532 = DEFINITIONAL_REPRESENTATION('',(#5533),#5537);
#5533 = LINE('',#5534,#5535);
#5534 = CARTESIAN_POINT('',(0.,0.));
#5535 = VECTOR('',#5536,1.);
#5536 = DIRECTION('',(0.,1.));
#5537 = ( GEOMETRIC_REPRESENTATION_CONTEXT(2) 
PARAMETRIC_REPRESENTATION_CONTEXT() REPRESENTATION_CONTEXT('2D SPACE',''
  ) );
#5538 = ORIENTED_EDGE('',*,*,#5492,.T.);
#5539 = ORIENTED_EDGE('',*,*,#5181,.F.);
#5540 = ADVANCED_FACE('',(#5541),#5382,.T.);
#5541 = FACE_BOUND('',#5542,.T.);
#5542 = EDGE_LOOP('',(#5543,#5544,#5545,#5546));
#5543 = ORIENTED_EDGE('',*,*,#5518,.F.);
#5544 = ORIENTED_EDGE('',*,*,#5366,.T.);
#5545 = ORIENTED_EDGE('',*,*,#5420,.T.);
#5546 = ORIENTED_EDGE('',*,*,#5469,.F.);
#5547 = ( GEOMETRIC_REPRESENTATION_CONTEXT(3) 
GLOBAL_UNCERTAINTY_ASSIGNED_CONTEXT((#5551)) 
GLOBAL_UNIT_ASSIGNED_CONTEXT((#5548,#5549,#5550)) REPRESENTATION_CONTEXT
('Context #1','3D Context with UNIT and UNCERTAINTY') );
#5548 = ( LENGTH_UNIT() NAMED_UNIT(*) SI_UNIT(.MILLI.,.METRE.) );
#5549 = ( NAMED_UNIT(*) PLANE_ANGLE_UNIT() SI_UNIT($,.RADIAN.) );
#5550 = ( NAMED_UNIT(*) SI_UNIT($,.STERADIAN.) SOLID_ANGLE_UNIT() );
#5551 = UNCERTAINTY_MEASURE_WITH_UNIT(LENGTH_MEASURE(1.E-07),#5548,
  'distance_accuracy_value','confusion accuracy');
#5552 = CONTEXT_DEPENDENT_SHAPE_REPRESENTATION(#5553,#5555);
#5553 = ( REPRESENTATION_RELATIONSHIP('','',#4902,#10) 
REPRESENTATION_RELATIONSHIP_WITH_TRANSFORMATION(#5554) 
SHAPE_REPRESENTATION_RELATIONSHIP() );
#5554 = ITEM_DEFINED_TRANSFORMATION('','',#11,#55);
#5555 = PRODUCT_DEFINITION_SHAPE('Placement','Placement of an item',
  #5556);
#5556 = NEXT_ASSEMBLY_USAGE_OCCURRENCE('45','metal.105','',#5,#4897,$);
#5557 = PRODUCT_RELATED_PRODUCT_CATEGORY('part',$,(#4899));
#5558 = SHAPE_DEFINITION_REPRESENTATION(#5559,#5565);
#5559 = PRODUCT_DEFINITION_SHAPE('','',#5560);
#5560 = PRODUCT_DEFINITION('design','',#5561,#5564);
#5561 = PRODUCT_DEFINITION_FORMATION('','',#5562);
#5562 = PRODUCT('cell.5','cell.5','',(#5563));
#5563 = PRODUCT_CONTEXT('',#2,'mechanical');
#5564 = PRODUCT_DEFINITION_CONTEXT('part definition',#2,'design');
#5565 = ADVANCED_BREP_SHAPE_REPRESENTATION('',(#11,#5566),#5896);
#5566 = MANIFOLD_SOLID_BREP('',#5567);
#5567 = CLOSED_SHELL('',(#5568,#5688,#5788,#5835,#5882,#5889));
#5568 = ADVANCED_FACE('',(#5569),#5583,.F.);
#5569 = FACE_BOUND('',#5570,.F.);
#5570 = EDGE_LOOP('',(#5571,#5606,#5634,#5662));
#5571 = ORIENTED_EDGE('',*,*,#5572,.F.);
#5572 = EDGE_CURVE('',#5573,#5575,#5577,.T.);
#5573 = VERTEX_POINT('',#5574);
#5574 = CARTESIAN_POINT('',(-532.5,-826.5,0.));
#5575 = VERTEX_POINT('',#5576);
#5576 = CARTESIAN_POINT('',(-532.5,-826.5,4.));
#5577 = SURFACE_CURVE('',#5578,(#5582,#5594),.PCURVE_S1.);
#5578 = LINE('',#5579,#5580);
#5579 = CARTESIAN_POINT('',(-532.5,-826.5,0.));
#5580 = VECTOR('',#5581,1.);
#5581 = DIRECTION('',(0.,0.,1.));
#5582 = PCURVE('',#5583,#5588);
#5583 = PLANE('',#5584);
#5584 = AXIS2_PLACEMENT_3D('',#5585,#5586,#5587);
#5585 = CARTESIAN_POINT('',(-532.5,-826.5,0.));
#5586 = DIRECTION('',(1.,0.,-0.));
#5587 = DIRECTION('',(0.,0.,1.));
#5588 = DEFINITIONAL_REPRESENTATION('',(#5589),#5593);
#5589 = LINE('',#5590,#5591);
#5590 = CARTESIAN_POINT('',(0.,0.));
#5591 = VECTOR('',#5592,1.);
#5592 = DIRECTION('',(1.,0.));
#5593 = ( GEOMETRIC_REPRESENTATION_CONTEXT(2) 
PARAMETRIC_REPRESENTATION_CONTEXT() REPRESENTATION_CONTEXT('2D SPACE',''
  ) );
#5594 = PCURVE('',#5595,#5600);
#5595 = PLANE('',#5596);
#5596 = AXIS2_PLACEMENT_3D('',#5597,#5598,#5599);
#5597 = CARTESIAN_POINT('',(-532.5,-826.5,0.));
#5598 = DIRECTION('',(-0.,1.,0.));
#5599 = DIRECTION('',(0.,0.,1.));
#5600 = DEFINITIONAL_REPRESENTATION('',(#5601),#5605);
#5601 = LINE('',#5602,#5603);
#5602 = CARTESIAN_POINT('',(0.,0.));
#5603 = VECTOR('',#5604,1.);
#5604 = DIRECTION('',(1.,0.));
#5605 = ( GEOMETRIC_REPRESENTATION_CONTEXT(2) 
PARAMETRIC_REPRESENTATION_CONTEXT() REPRESENTATION_CONTEXT('2D SPACE',''
  ) );
#5606 = ORIENTED_EDGE('',*,*,#5607,.T.);
#5607 = EDGE_CURVE('',#5573,#5608,#5610,.T.);
#5608 = VERTEX_POINT('',#5609);
#5609 = CARTESIAN_POINT('',(-532.5,826.5,0.));
#5610 = SURFACE_CURVE('',#5611,(#5615,#5622),.PCURVE_S1.);
#5611 = LINE('',#5612,#5613);
#5612 = CARTESIAN_POINT('',(-532.5,-826.5,0.));
#5613 = VECTOR('',#5614,1.);
#5614 = DIRECTION('',(-0.,1.,0.));
#5615 = PCURVE('',#5583,#5616);
#5616 = DEFINITIONAL_REPRESENTATION('',(#5617),#5621);
#5617 = LINE('',#5618,#5619);
#5618 = CARTESIAN_POINT('',(0.,0.));
#5619 = VECTOR('',#5620,1.);
#5620 = DIRECTION('',(0.,-1.));
#5621 = ( GEOMETRIC_REPRESENTATION_CONTEXT(2) 
PARAMETRIC_REPRESENTATION_CONTEXT() REPRESENTATION_CONTEXT('2D SPACE',''
  ) );
#5622 = PCURVE('',#5623,#5628);
#5623 = PLANE('',#5624);
#5624 = AXIS2_PLACEMENT_3D('',#5625,#5626,#5627);
#5625 = CARTESIAN_POINT('',(-532.5,-826.5,0.));
#5626 = DIRECTION('',(0.,0.,1.));
#5627 = DIRECTION('',(1.,0.,-0.));
#5628 = DEFINITIONAL_REPRESENTATION('',(#5629),#5633);
#5629 = LINE('',#5630,#5631);
#5630 = CARTESIAN_POINT('',(0.,0.));
#5631 = VECTOR('',#5632,1.);
#5632 = DIRECTION('',(0.,1.));
#5633 = ( GEOMETRIC_REPRESENTATION_CONTEXT(2) 
PARAMETRIC_REPRESENTATION_CONTEXT() REPRESENTATION_CONTEXT('2D SPACE',''
  ) );
#5634 = ORIENTED_EDGE('',*,*,#5635,.T.);
#5635 = EDGE_CURVE('',#5608,#5636,#5638,.T.);
#5636 = VERTEX_POINT('',#5637);
#5637 = CARTESIAN_POINT('',(-532.5,826.5,4.));
#5638 = SURFACE_CURVE('',#5639,(#5643,#5650),.PCURVE_S1.);
#5639 = LINE('',#5640,#5641);
#5640 = CARTESIAN_POINT('',(-532.5,826.5,0.));
#5641 = VECTOR('',#5642,1.);
#5642 = DIRECTION('',(0.,0.,1.));
#5643 = PCURVE('',#5583,#5644);
#5644 = DEFINITIONAL_REPRESENTATION('',(#5645),#5649);
#5645 = LINE('',#5646,#5647);
#5646 = CARTESIAN_POINT('',(0.,-1.653E+03));
#5647 = VECTOR('',#5648,1.);
#5648 = DIRECTION('',(1.,0.));
#5649 = ( GEOMETRIC_REPRESENTATION_CONTEXT(2) 
PARAMETRIC_REPRESENTATION_CONTEXT() REPRESENTATION_CONTEXT('2D SPACE',''
  ) );
#5650 = PCURVE('',#5651,#5656);
#5651 = PLANE('',#5652);
#5652 = AXIS2_PLACEMENT_3D('',#5653,#5654,#5655);
#5653 = CARTESIAN_POINT('',(-532.5,826.5,0.));
#5654 = DIRECTION('',(-0.,1.,0.));
#5655 = DIRECTION('',(0.,0.,1.));
#5656 = DEFINITIONAL_REPRESENTATION('',(#5657),#5661);
#5657 = LINE('',#5658,#5659);
#5658 = CARTESIAN_POINT('',(0.,0.));
#5659 = VECTOR('',#5660,1.);
#5660 = DIRECTION('',(1.,0.));
#5661 = ( GEOMETRIC_REPRESENTATION_CONTEXT(2) 
PARAMETRIC_REPRESENTATION_CONTEXT() REPRESENTATION_CONTEXT('2D SPACE',''
  ) );
#5662 = ORIENTED_EDGE('',*,*,#5663,.F.);
#5663 = EDGE_CURVE('',#5575,#5636,#5664,.T.);
#5664 = SURFACE_CURVE('',#5665,(#5669,#5676),.PCURVE_S1.);
#5665 = LINE('',#5666,#5667);
#5666 = CARTESIAN_POINT('',(-532.5,-826.5,4.));
#5667 = VECTOR('',#5668,1.);
#5668 = DIRECTION('',(-0.,1.,0.));
#5669 = PCURVE('',#5583,#5670);
#5670 = DEFINITIONAL_REPRESENTATION('',(#5671),#5675);
#5671 = LINE('',#5672,#5673);
#5672 = CARTESIAN_POINT('',(4.,0.));
#5673 = VECTOR('',#5674,1.);
#5674 = DIRECTION('',(0.,-1.));
#5675 = ( GEOMETRIC_REPRESENTATION_CONTEXT(2) 
PARAMETRIC_REPRESENTATION_CONTEXT() REPRESENTATION_CONTEXT('2D SPACE',''
  ) );
#5676 = PCURVE('',#5677,#5682);
#5677 = PLANE('',#5678);
#5678 = AXIS2_PLACEMENT_3D('',#5679,#5680,#5681);
#5679 = CARTESIAN_POINT('',(-532.5,-826.5,4.));
#5680 = DIRECTION('',(0.,0.,1.));
#5681 = DIRECTION('',(1.,0.,-0.));
#5682 = DEFINITIONAL_REPRESENTATION('',(#5683),#5687);
#5683 = LINE('',#5684,#5685);
#5684 = CARTESIAN_POINT('',(0.,0.));
#5685 = VECTOR('',#5686,1.);
#5686 = DIRECTION('',(0.,1.));
#5687 = ( GEOMETRIC_REPRESENTATION_CONTEXT(2) 
PARAMETRIC_REPRESENTATION_CONTEXT() REPRESENTATION_CONTEXT('2D SPACE',''
  ) );
#5688 = ADVANCED_FACE('',(#5689),#5703,.T.);
#5689 = FACE_BOUND('',#5690,.T.);
#5690 = EDGE_LOOP('',(#5691,#5721,#5744,#5767));
#5691 = ORIENTED_EDGE('',*,*,#5692,.F.);
#5692 = EDGE_CURVE('',#5693,#5695,#5697,.T.);
#5693 = VERTEX_POINT('',#5694);
#5694 = CARTESIAN_POINT('',(532.5,-826.5,0.));
#5695 = VERTEX_POINT('',#5696);
#5696 = CARTESIAN_POINT('',(532.5,-826.5,4.));
#5697 = SURFACE_CURVE('',#5698,(#5702,#5714),.PCURVE_S1.);
#5698 = LINE('',#5699,#5700);
#5699 = CARTESIAN_POINT('',(532.5,-826.5,0.));
#5700 = VECTOR('',#5701,1.);
#5701 = DIRECTION('',(0.,0.,1.));
#5702 = PCURVE('',#5703,#5708);
#5703 = PLANE('',#5704);
#5704 = AXIS2_PLACEMENT_3D('',#5705,#5706,#5707);
#5705 = CARTESIAN_POINT('',(532.5,-826.5,0.));
#5706 = DIRECTION('',(1.,0.,-0.));
#5707 = DIRECTION('',(0.,0.,1.));
#5708 = DEFINITIONAL_REPRESENTATION('',(#5709),#5713);
#5709 = LINE('',#5710,#5711);
#5710 = CARTESIAN_POINT('',(0.,0.));
#5711 = VECTOR('',#5712,1.);
#5712 = DIRECTION('',(1.,0.));
#5713 = ( GEOMETRIC_REPRESENTATION_CONTEXT(2) 
PARAMETRIC_REPRESENTATION_CONTEXT() REPRESENTATION_CONTEXT('2D SPACE',''
  ) );
#5714 = PCURVE('',#5595,#5715);
#5715 = DEFINITIONAL_REPRESENTATION('',(#5716),#5720);
#5716 = LINE('',#5717,#5718);
#5717 = CARTESIAN_POINT('',(0.,1.065E+03));
#5718 = VECTOR('',#5719,1.);
#5719 = DIRECTION('',(1.,0.));
#5720 = ( GEOMETRIC_REPRESENTATION_CONTEXT(2) 
PARAMETRIC_REPRESENTATION_CONTEXT() REPRESENTATION_CONTEXT('2D SPACE',''
  ) );
#5721 = ORIENTED_EDGE('',*,*,#5722,.T.);
#5722 = EDGE_CURVE('',#5693,#5723,#5725,.T.);
#5723 = VERTEX_POINT('',#5724);
#5724 = CARTESIAN_POINT('',(532.5,826.5,0.));
#5725 = SURFACE_CURVE('',#5726,(#5730,#5737),.PCURVE_S1.);
#5726 = LINE('',#5727,#5728);
#5727 = CARTESIAN_POINT('',(532.5,-826.5,0.));
#5728 = VECTOR('',#5729,1.);
#5729 = DIRECTION('',(-0.,1.,0.));
#5730 = PCURVE('',#5703,#5731);
#5731 = DEFINITIONAL_REPRESENTATION('',(#5732),#5736);
#5732 = LINE('',#5733,#5734);
#5733 = CARTESIAN_POINT('',(0.,0.));
#5734 = VECTOR('',#5735,1.);
#5735 = DIRECTION('',(0.,-1.));
#5736 = ( GEOMETRIC_REPRESENTATION_CONTEXT(2) 
PARAMETRIC_REPRESENTATION_CONTEXT() REPRESENTATION_CONTEXT('2D SPACE',''
  ) );
#5737 = PCURVE('',#5623,#5738);
#5738 = DEFINITIONAL_REPRESENTATION('',(#5739),#5743);
#5739 = LINE('',#5740,#5741);
#5740 = CARTESIAN_POINT('',(1.065E+03,0.));
#5741 = VECTOR('',#5742,1.);
#5742 = DIRECTION('',(0.,1.));
#5743 = ( GEOMETRIC_REPRESENTATION_CONTEXT(2) 
PARAMETRIC_REPRESENTATION_CONTEXT() REPRESENTATION_CONTEXT('2D SPACE',''
  ) );
#5744 = ORIENTED_EDGE('',*,*,#5745,.T.);
#5745 = EDGE_CURVE('',#5723,#5746,#5748,.T.);
#5746 = VERTEX_POINT('',#5747);
#5747 = CARTESIAN_POINT('',(532.5,826.5,4.));
#5748 = SURFACE_CURVE('',#5749,(#5753,#5760),.PCURVE_S1.);
#5749 = LINE('',#5750,#5751);
#5750 = CARTESIAN_POINT('',(532.5,826.5,0.));
#5751 = VECTOR('',#5752,1.);
#5752 = DIRECTION('',(0.,0.,1.));
#5753 = PCURVE('',#5703,#5754);
#5754 = DEFINITIONAL_REPRESENTATION('',(#5755),#5759);
#5755 = LINE('',#5756,#5757);
#5756 = CARTESIAN_POINT('',(0.,-1.653E+03));
#5757 = VECTOR('',#5758,1.);
#5758 = DIRECTION('',(1.,0.));
#5759 = ( GEOMETRIC_REPRESENTATION_CONTEXT(2) 
PARAMETRIC_REPRESENTATION_CONTEXT() REPRESENTATION_CONTEXT('2D SPACE',''
  ) );
#5760 = PCURVE('',#5651,#5761);
#5761 = DEFINITIONAL_REPRESENTATION('',(#5762),#5766);
#5762 = LINE('',#5763,#5764);
#5763 = CARTESIAN_POINT('',(0.,1.065E+03));
#5764 = VECTOR('',#5765,1.);
#5765 = DIRECTION('',(1.,0.));
#5766 = ( GEOMETRIC_REPRESENTATION_CONTEXT(2) 
PARAMETRIC_REPRESENTATION_CONTEXT() REPRESENTATION_CONTEXT('2D SPACE',''
  ) );
#5767 = ORIENTED_EDGE('',*,*,#5768,.F.);
#5768 = EDGE_CURVE('',#5695,#5746,#5769,.T.);
#5769 = SURFACE_CURVE('',#5770,(#5774,#5781),.PCURVE_S1.);
#5770 = LINE('',#5771,#5772);
#5771 = CARTESIAN_POINT('',(532.5,-826.5,4.));
#5772 = VECTOR('',#5773,1.);
#5773 = DIRECTION('',(-0.,1.,0.));
#5774 = PCURVE('',#5703,#5775);
#5775 = DEFINITIONAL_REPRESENTATION('',(#5776),#5780);
#5776 = LINE('',#5777,#5778);
#5777 = CARTESIAN_POINT('',(4.,0.));
#5778 = VECTOR('',#5779,1.);
#5779 = DIRECTION('',(0.,-1.));
#5780 = ( GEOMETRIC_REPRESENTATION_CONTEXT(2) 
PARAMETRIC_REPRESENTATION_CONTEXT() REPRESENTATION_CONTEXT('2D SPACE',''
  ) );
#5781 = PCURVE('',#5677,#5782);
#5782 = DEFINITIONAL_REPRESENTATION('',(#5783),#5787);
#5783 = LINE('',#5784,#5785);
#5784 = CARTESIAN_POINT('',(1.065E+03,0.));
#5785 = VECTOR('',#5786,1.);
#5786 = DIRECTION('',(0.,1.));
#5787 = ( GEOMETRIC_REPRESENTATION_CONTEXT(2) 
PARAMETRIC_REPRESENTATION_CONTEXT() REPRESENTATION_CONTEXT('2D SPACE',''
  ) );
#5788 = ADVANCED_FACE('',(#5789),#5595,.F.);
#5789 = FACE_BOUND('',#5790,.F.);
#5790 = EDGE_LOOP('',(#5791,#5812,#5813,#5834));
#5791 = ORIENTED_EDGE('',*,*,#5792,.F.);
#5792 = EDGE_CURVE('',#5573,#5693,#5793,.T.);
#5793 = SURFACE_CURVE('',#5794,(#5798,#5805),.PCURVE_S1.);
#5794 = LINE('',#5795,#5796);
#5795 = CARTESIAN_POINT('',(-532.5,-826.5,0.));
#5796 = VECTOR('',#5797,1.);
#5797 = DIRECTION('',(1.,0.,-0.));
#5798 = PCURVE('',#5595,#5799);
#5799 = DEFINITIONAL_REPRESENTATION('',(#5800),#5804);
#5800 = LINE('',#5801,#5802);
#5801 = CARTESIAN_POINT('',(0.,0.));
#5802 = VECTOR('',#5803,1.);
#5803 = DIRECTION('',(0.,1.));
#5804 = ( GEOMETRIC_REPRESENTATION_CONTEXT(2) 
PARAMETRIC_REPRESENTATION_CONTEXT() REPRESENTATION_CONTEXT('2D SPACE',''
  ) );
#5805 = PCURVE('',#5623,#5806);
#5806 = DEFINITIONAL_REPRESENTATION('',(#5807),#5811);
#5807 = LINE('',#5808,#5809);
#5808 = CARTESIAN_POINT('',(0.,0.));
#5809 = VECTOR('',#5810,1.);
#5810 = DIRECTION('',(1.,0.));
#5811 = ( GEOMETRIC_REPRESENTATION_CONTEXT(2) 
PARAMETRIC_REPRESENTATION_CONTEXT() REPRESENTATION_CONTEXT('2D SPACE',''
  ) );
#5812 = ORIENTED_EDGE('',*,*,#5572,.T.);
#5813 = ORIENTED_EDGE('',*,*,#5814,.T.);
#5814 = EDGE_CURVE('',#5575,#5695,#5815,.T.);
#5815 = SURFACE_CURVE('',#5816,(#5820,#5827),.PCURVE_S1.);
#5816 = LINE('',#5817,#5818);
#5817 = CARTESIAN_POINT('',(-532.5,-826.5,4.));
#5818 = VECTOR('',#5819,1.);
#5819 = DIRECTION('',(1.,0.,-0.));
#5820 = PCURVE('',#5595,#5821);
#5821 = DEFINITIONAL_REPRESENTATION('',(#5822),#5826);
#5822 = LINE('',#5823,#5824);
#5823 = CARTESIAN_POINT('',(4.,0.));
#5824 = VECTOR('',#5825,1.);
#5825 = DIRECTION('',(0.,1.));
#5826 = ( GEOMETRIC_REPRESENTATION_CONTEXT(2) 
PARAMETRIC_REPRESENTATION_CONTEXT() REPRESENTATION_CONTEXT('2D SPACE',''
  ) );
#5827 = PCURVE('',#5677,#5828);
#5828 = DEFINITIONAL_REPRESENTATION('',(#5829),#5833);
#5829 = LINE('',#5830,#5831);
#5830 = CARTESIAN_POINT('',(0.,0.));
#5831 = VECTOR('',#5832,1.);
#5832 = DIRECTION('',(1.,0.));
#5833 = ( GEOMETRIC_REPRESENTATION_CONTEXT(2) 
PARAMETRIC_REPRESENTATION_CONTEXT() REPRESENTATION_CONTEXT('2D SPACE',''
  ) );
#5834 = ORIENTED_EDGE('',*,*,#5692,.F.);
#5835 = ADVANCED_FACE('',(#5836),#5651,.T.);
#5836 = FACE_BOUND('',#5837,.T.);
#5837 = EDGE_LOOP('',(#5838,#5859,#5860,#5881));
#5838 = ORIENTED_EDGE('',*,*,#5839,.F.);
#5839 = EDGE_CURVE('',#5608,#5723,#5840,.T.);
#5840 = SURFACE_CURVE('',#5841,(#5845,#5852),.PCURVE_S1.);
#5841 = LINE('',#5842,#5843);
#5842 = CARTESIAN_POINT('',(-532.5,826.5,0.));
#5843 = VECTOR('',#5844,1.);
#5844 = DIRECTION('',(1.,0.,-0.));
#5845 = PCURVE('',#5651,#5846);
#5846 = DEFINITIONAL_REPRESENTATION('',(#5847),#5851);
#5847 = LINE('',#5848,#5849);
#5848 = CARTESIAN_POINT('',(0.,0.));
#5849 = VECTOR('',#5850,1.);
#5850 = DIRECTION('',(0.,1.));
#5851 = ( GEOMETRIC_REPRESENTATION_CONTEXT(2) 
PARAMETRIC_REPRESENTATION_CONTEXT() REPRESENTATION_CONTEXT('2D SPACE',''
  ) );
#5852 = PCURVE('',#5623,#5853);
#5853 = DEFINITIONAL_REPRESENTATION('',(#5854),#5858);
#5854 = LINE('',#5855,#5856);
#5855 = CARTESIAN_POINT('',(0.,1.653E+03));
#5856 = VECTOR('',#5857,1.);
#5857 = DIRECTION('',(1.,0.));
#5858 = ( GEOMETRIC_REPRESENTATION_CONTEXT(2) 
PARAMETRIC_REPRESENTATION_CONTEXT() REPRESENTATION_CONTEXT('2D SPACE',''
  ) );
#5859 = ORIENTED_EDGE('',*,*,#5635,.T.);
#5860 = ORIENTED_EDGE('',*,*,#5861,.T.);
#5861 = EDGE_CURVE('',#5636,#5746,#5862,.T.);
#5862 = SURFACE_CURVE('',#5863,(#5867,#5874),.PCURVE_S1.);
#5863 = LINE('',#5864,#5865);
#5864 = CARTESIAN_POINT('',(-532.5,826.5,4.));
#5865 = VECTOR('',#5866,1.);
#5866 = DIRECTION('',(1.,0.,-0.));
#5867 = PCURVE('',#5651,#5868);
#5868 = DEFINITIONAL_REPRESENTATION('',(#5869),#5873);
#5869 = LINE('',#5870,#5871);
#5870 = CARTESIAN_POINT('',(4.,0.));
#5871 = VECTOR('',#5872,1.);
#5872 = DIRECTION('',(0.,1.));
#5873 = ( GEOMETRIC_REPRESENTATION_CONTEXT(2) 
PARAMETRIC_REPRESENTATION_CONTEXT() REPRESENTATION_CONTEXT('2D SPACE',''
  ) );
#5874 = PCURVE('',#5677,#5875);
#5875 = DEFINITIONAL_REPRESENTATION('',(#5876),#5880);
#5876 = LINE('',#5877,#5878);
#5877 = CARTESIAN_POINT('',(0.,1.653E+03));
#5878 = VECTOR('',#5879,1.);
#5879 = DIRECTION('',(1.,0.));
#5880 = ( GEOMETRIC_REPRESENTATION_CONTEXT(2) 
PARAMETRIC_REPRESENTATION_CONTEXT() REPRESENTATION_CONTEXT('2D SPACE',''
  ) );
#5881 = ORIENTED_EDGE('',*,*,#5745,.F.);
#5882 = ADVANCED_FACE('',(#5883),#5623,.F.);
#5883 = FACE_BOUND('',#5884,.F.);
#5884 = EDGE_LOOP('',(#5885,#5886,#5887,#5888));
#5885 = ORIENTED_EDGE('',*,*,#5607,.F.);
#5886 = ORIENTED_EDGE('',*,*,#5792,.T.);
#5887 = ORIENTED_EDGE('',*,*,#5722,.T.);
#5888 = ORIENTED_EDGE('',*,*,#5839,.F.);
#5889 = ADVANCED_FACE('',(#5890),#5677,.T.);
#5890 = FACE_BOUND('',#5891,.T.);
#5891 = EDGE_LOOP('',(#5892,#5893,#5894,#5895));
#5892 = ORIENTED_EDGE('',*,*,#5663,.F.);
#5893 = ORIENTED_EDGE('',*,*,#5814,.T.);
#5894 = ORIENTED_EDGE('',*,*,#5768,.T.);
#5895 = ORIENTED_EDGE('',*,*,#5861,.F.);
#5896 = ( GEOMETRIC_REPRESENTATION_CONTEXT(3) 
GLOBAL_UNCERTAINTY_ASSIGNED_CONTEXT((#5900)) 
GLOBAL_UNIT_ASSIGNED_CONTEXT((#5897,#5898,#5899)) REPRESENTATION_CONTEXT
('Context #1','3D Context with UNIT and UNCERTAINTY') );
#5897 = ( LENGTH_UNIT() NAMED_UNIT(*) SI_UNIT(.MILLI.,.METRE.) );
#5898 = ( NAMED_UNIT(*) PLANE_ANGLE_UNIT() SI_UNIT($,.RADIAN.) );
#5899 = ( NAMED_UNIT(*) SI_UNIT($,.STERADIAN.) SOLID_ANGLE_UNIT() );
#5900 = UNCERTAINTY_MEASURE_WITH_UNIT(LENGTH_MEASURE(1.E-07),#5897,
  'distance_accuracy_value','confusion accuracy');
#5901 = CONTEXT_DEPENDENT_SHAPE_REPRESENTATION(#5902,#5904);
#5902 = ( REPRESENTATION_RELATIONSHIP('','',#5565,#10) 
REPRESENTATION_RELATIONSHIP_WITH_TRANSFORMATION(#5903) 
SHAPE_REPRESENTATION_RELATIONSHIP() );
#5903 = ITEM_DEFINED_TRANSFORMATION('','',#11,#59);
#5904 = PRODUCT_DEFINITION_SHAPE('Placement','Placement of an item',
  #5905);
#5905 = NEXT_ASSEMBLY_USAGE_OCCURRENCE('46','cell.5','',#5,#5560,$);
#5906 = PRODUCT_RELATED_PRODUCT_CATEGORY('part',$,(#5562));
#5907 = SHAPE_DEFINITION_REPRESENTATION(#5908,#5914);
#5908 = PRODUCT_DEFINITION_SHAPE('','',#5909);
#5909 = PRODUCT_DEFINITION('design','',#5910,#5913);
#5910 = PRODUCT_DEFINITION_FORMATION('','',#5911);
#5911 = PRODUCT('metal.106','metal.106','',(#5912));
#5912 = PRODUCT_CONTEXT('',#2,'mechanical');
#5913 = PRODUCT_DEFINITION_CONTEXT('part definition',#2,'design');
#5914 = ADVANCED_BREP_SHAPE_REPRESENTATION('',(#11,#5915),#6559);
#5915 = MANIFOLD_SOLID_BREP('',#5916);
#5916 = CLOSED_SHELL('',(#5917,#6037,#6113,#6268,#6317,#6344,#6351,#6427
    ,#6476,#6525,#6552));
#5917 = ADVANCED_FACE('',(#5918),#5932,.F.);
#5918 = FACE_BOUND('',#5919,.F.);
#5919 = EDGE_LOOP('',(#5920,#5955,#5983,#6011));
#5920 = ORIENTED_EDGE('',*,*,#5921,.F.);
#5921 = EDGE_CURVE('',#5922,#5924,#5926,.T.);
#5922 = VERTEX_POINT('',#5923);
#5923 = CARTESIAN_POINT('',(-567.,-861.,0.));
#5924 = VERTEX_POINT('',#5925);
#5925 = CARTESIAN_POINT('',(-567.,-861.,30.));
#5926 = SURFACE_CURVE('',#5927,(#5931,#5943),.PCURVE_S1.);
#5927 = LINE('',#5928,#5929);
#5928 = CARTESIAN_POINT('',(-567.,-861.,0.));
#5929 = VECTOR('',#5930,1.);
#5930 = DIRECTION('',(0.,0.,1.));
#5931 = PCURVE('',#5932,#5937);
#5932 = PLANE('',#5933);
#5933 = AXIS2_PLACEMENT_3D('',#5934,#5935,#5936);
#5934 = CARTESIAN_POINT('',(-567.,-861.,0.));
#5935 = DIRECTION('',(1.,0.,-0.));
#5936 = DIRECTION('',(0.,0.,1.));
#5937 = DEFINITIONAL_REPRESENTATION('',(#5938),#5942);
#5938 = LINE('',#5939,#5940);
#5939 = CARTESIAN_POINT('',(0.,0.));
#5940 = VECTOR('',#5941,1.);
#5941 = DIRECTION('',(1.,0.));
#5942 = ( GEOMETRIC_REPRESENTATION_CONTEXT(2) 
PARAMETRIC_REPRESENTATION_CONTEXT() REPRESENTATION_CONTEXT('2D SPACE',''
  ) );
#5943 = PCURVE('',#5944,#5949);
#5944 = PLANE('',#5945);
#5945 = AXIS2_PLACEMENT_3D('',#5946,#5947,#5948);
#5946 = CARTESIAN_POINT('',(-567.,-861.,0.));
#5947 = DIRECTION('',(-0.,1.,0.));
#5948 = DIRECTION('',(0.,0.,1.));
#5949 = DEFINITIONAL_REPRESENTATION('',(#5950),#5954);
#5950 = LINE('',#5951,#5952);
#5951 = CARTESIAN_POINT('',(0.,0.));
#5952 = VECTOR('',#5953,1.);
#5953 = DIRECTION('',(1.,0.));
#5954 = ( GEOMETRIC_REPRESENTATION_CONTEXT(2) 
PARAMETRIC_REPRESENTATION_CONTEXT() REPRESENTATION_CONTEXT('2D SPACE',''
  ) );
#5955 = ORIENTED_EDGE('',*,*,#5956,.T.);
#5956 = EDGE_CURVE('',#5922,#5957,#5959,.T.);
#5957 = VERTEX_POINT('',#5958);
#5958 = CARTESIAN_POINT('',(-567.,861.,0.));
#5959 = SURFACE_CURVE('',#5960,(#5964,#5971),.PCURVE_S1.);
#5960 = LINE('',#5961,#5962);
#5961 = CARTESIAN_POINT('',(-567.,-861.,0.));
#5962 = VECTOR('',#5963,1.);
#5963 = DIRECTION('',(-0.,1.,0.));
#5964 = PCURVE('',#5932,#5965);
#5965 = DEFINITIONAL_REPRESENTATION('',(#5966),#5970);
#5966 = LINE('',#5967,#5968);
#5967 = CARTESIAN_POINT('',(0.,0.));
#5968 = VECTOR('',#5969,1.);
#5969 = DIRECTION('',(0.,-1.));
#5970 = ( GEOMETRIC_REPRESENTATION_CONTEXT(2) 
PARAMETRIC_REPRESENTATION_CONTEXT() REPRESENTATION_CONTEXT('2D SPACE',''
  ) );
#5971 = PCURVE('',#5972,#5977);
#5972 = PLANE('',#5973);
#5973 = AXIS2_PLACEMENT_3D('',#5974,#5975,#5976);
#5974 = CARTESIAN_POINT('',(-567.,-861.,0.));
#5975 = DIRECTION('',(0.,0.,1.));
#5976 = DIRECTION('',(1.,0.,-0.));
#5977 = DEFINITIONAL_REPRESENTATION('',(#5978),#5982);
#5978 = LINE('',#5979,#5980);
#5979 = CARTESIAN_POINT('',(0.,0.));
#5980 = VECTOR('',#5981,1.);
#5981 = DIRECTION('',(0.,1.));
#5982 = ( GEOMETRIC_REPRESENTATION_CONTEXT(2) 
PARAMETRIC_REPRESENTATION_CONTEXT() REPRESENTATION_CONTEXT('2D SPACE',''
  ) );
#5983 = ORIENTED_EDGE('',*,*,#5984,.T.);
#5984 = EDGE_CURVE('',#5957,#5985,#5987,.T.);
#5985 = VERTEX_POINT('',#5986);
#5986 = CARTESIAN_POINT('',(-567.,861.,30.));
#5987 = SURFACE_CURVE('',#5988,(#5992,#5999),.PCURVE_S1.);
#5988 = LINE('',#5989,#5990);
#5989 = CARTESIAN_POINT('',(-567.,861.,0.));
#5990 = VECTOR('',#5991,1.);
#5991 = DIRECTION('',(0.,0.,1.));
#5992 = PCURVE('',#5932,#5993);
#5993 = DEFINITIONAL_REPRESENTATION('',(#5994),#5998);
#5994 = LINE('',#5995,#5996);
#5995 = CARTESIAN_POINT('',(0.,-1.722E+03));
#5996 = VECTOR('',#5997,1.);
#5997 = DIRECTION('',(1.,0.));
#5998 = ( GEOMETRIC_REPRESENTATION_CONTEXT(2) 
PARAMETRIC_REPRESENTATION_CONTEXT() REPRESENTATION_CONTEXT('2D SPACE',''
  ) );
#5999 = PCURVE('',#6000,#6005);
#6000 = PLANE('',#6001);
#6001 = AXIS2_PLACEMENT_3D('',#6002,#6003,#6004);
#6002 = CARTESIAN_POINT('',(-567.,861.,0.));
#6003 = DIRECTION('',(-0.,1.,0.));
#6004 = DIRECTION('',(0.,0.,1.));
#6005 = DEFINITIONAL_REPRESENTATION('',(#6006),#6010);
#6006 = LINE('',#6007,#6008);
#6007 = CARTESIAN_POINT('',(0.,0.));
#6008 = VECTOR('',#6009,1.);
#6009 = DIRECTION('',(1.,0.));
#6010 = ( GEOMETRIC_REPRESENTATION_CONTEXT(2) 
PARAMETRIC_REPRESENTATION_CONTEXT() REPRESENTATION_CONTEXT('2D SPACE',''
  ) );
#6011 = ORIENTED_EDGE('',*,*,#6012,.F.);
#6012 = EDGE_CURVE('',#5924,#5985,#6013,.T.);
#6013 = SURFACE_CURVE('',#6014,(#6018,#6025),.PCURVE_S1.);
#6014 = LINE('',#6015,#6016);
#6015 = CARTESIAN_POINT('',(-567.,-861.,30.));
#6016 = VECTOR('',#6017,1.);
#6017 = DIRECTION('',(-0.,1.,0.));
#6018 = PCURVE('',#5932,#6019);
#6019 = DEFINITIONAL_REPRESENTATION('',(#6020),#6024);
#6020 = LINE('',#6021,#6022);
#6021 = CARTESIAN_POINT('',(30.,0.));
#6022 = VECTOR('',#6023,1.);
#6023 = DIRECTION('',(0.,-1.));
#6024 = ( GEOMETRIC_REPRESENTATION_CONTEXT(2) 
PARAMETRIC_REPRESENTATION_CONTEXT() REPRESENTATION_CONTEXT('2D SPACE',''
  ) );
#6025 = PCURVE('',#6026,#6031);
#6026 = PLANE('',#6027);
#6027 = AXIS2_PLACEMENT_3D('',#6028,#6029,#6030);
#6028 = CARTESIAN_POINT('',(-567.,-861.,30.));
#6029 = DIRECTION('',(0.,0.,1.));
#6030 = DIRECTION('',(1.,0.,-0.));
#6031 = DEFINITIONAL_REPRESENTATION('',(#6032),#6036);
#6032 = LINE('',#6033,#6034);
#6033 = CARTESIAN_POINT('',(0.,0.));
#6034 = VECTOR('',#6035,1.);
#6035 = DIRECTION('',(0.,1.));
#6036 = ( GEOMETRIC_REPRESENTATION_CONTEXT(2) 
PARAMETRIC_REPRESENTATION_CONTEXT() REPRESENTATION_CONTEXT('2D SPACE',''
  ) );
#6037 = ADVANCED_FACE('',(#6038),#5944,.F.);
#6038 = FACE_BOUND('',#6039,.F.);
#6039 = EDGE_LOOP('',(#6040,#6063,#6064,#6087));
#6040 = ORIENTED_EDGE('',*,*,#6041,.F.);
#6041 = EDGE_CURVE('',#5922,#6042,#6044,.T.);
#6042 = VERTEX_POINT('',#6043);
#6043 = CARTESIAN_POINT('',(567.,-861.,0.));
#6044 = SURFACE_CURVE('',#6045,(#6049,#6056),.PCURVE_S1.);
#6045 = LINE('',#6046,#6047);
#6046 = CARTESIAN_POINT('',(-567.,-861.,0.));
#6047 = VECTOR('',#6048,1.);
#6048 = DIRECTION('',(1.,0.,-0.));
#6049 = PCURVE('',#5944,#6050);
#6050 = DEFINITIONAL_REPRESENTATION('',(#6051),#6055);
#6051 = LINE('',#6052,#6053);
#6052 = CARTESIAN_POINT('',(0.,0.));
#6053 = VECTOR('',#6054,1.);
#6054 = DIRECTION('',(0.,1.));
#6055 = ( GEOMETRIC_REPRESENTATION_CONTEXT(2) 
PARAMETRIC_REPRESENTATION_CONTEXT() REPRESENTATION_CONTEXT('2D SPACE',''
  ) );
#6056 = PCURVE('',#5972,#6057);
#6057 = DEFINITIONAL_REPRESENTATION('',(#6058),#6062);
#6058 = LINE('',#6059,#6060);
#6059 = CARTESIAN_POINT('',(0.,0.));
#6060 = VECTOR('',#6061,1.);
#6061 = DIRECTION('',(1.,0.));
#6062 = ( GEOMETRIC_REPRESENTATION_CONTEXT(2) 
PARAMETRIC_REPRESENTATION_CONTEXT() REPRESENTATION_CONTEXT('2D SPACE',''
  ) );
#6063 = ORIENTED_EDGE('',*,*,#5921,.T.);
#6064 = ORIENTED_EDGE('',*,*,#6065,.T.);
#6065 = EDGE_CURVE('',#5924,#6066,#6068,.T.);
#6066 = VERTEX_POINT('',#6067);
#6067 = CARTESIAN_POINT('',(567.,-861.,30.));
#6068 = SURFACE_CURVE('',#6069,(#6073,#6080),.PCURVE_S1.);
#6069 = LINE('',#6070,#6071);
#6070 = CARTESIAN_POINT('',(-567.,-861.,30.));
#6071 = VECTOR('',#6072,1.);
#6072 = DIRECTION('',(1.,0.,-0.));
#6073 = PCURVE('',#5944,#6074);
#6074 = DEFINITIONAL_REPRESENTATION('',(#6075),#6079);
#6075 = LINE('',#6076,#6077);
#6076 = CARTESIAN_POINT('',(30.,0.));
#6077 = VECTOR('',#6078,1.);
#6078 = DIRECTION('',(0.,1.));
#6079 = ( GEOMETRIC_REPRESENTATION_CONTEXT(2) 
PARAMETRIC_REPRESENTATION_CONTEXT() REPRESENTATION_CONTEXT('2D SPACE',''
  ) );
#6080 = PCURVE('',#6026,#6081);
#6081 = DEFINITIONAL_REPRESENTATION('',(#6082),#6086);
#6082 = LINE('',#6083,#6084);
#6083 = CARTESIAN_POINT('',(0.,0.));
#6084 = VECTOR('',#6085,1.);
#6085 = DIRECTION('',(1.,0.));
#6086 = ( GEOMETRIC_REPRESENTATION_CONTEXT(2) 
PARAMETRIC_REPRESENTATION_CONTEXT() REPRESENTATION_CONTEXT('2D SPACE',''
  ) );
#6087 = ORIENTED_EDGE('',*,*,#6088,.F.);
#6088 = EDGE_CURVE('',#6042,#6066,#6089,.T.);
#6089 = SURFACE_CURVE('',#6090,(#6094,#6101),.PCURVE_S1.);
#6090 = LINE('',#6091,#6092);
#6091 = CARTESIAN_POINT('',(567.,-861.,0.));
#6092 = VECTOR('',#6093,1.);
#6093 = DIRECTION('',(0.,0.,1.));
#6094 = PCURVE('',#5944,#6095);
#6095 = DEFINITIONAL_REPRESENTATION('',(#6096),#6100);
#6096 = LINE('',#6097,#6098);
#6097 = CARTESIAN_POINT('',(0.,1.134E+03));
#6098 = VECTOR('',#6099,1.);
#6099 = DIRECTION('',(1.,0.));
#6100 = ( GEOMETRIC_REPRESENTATION_CONTEXT(2) 
PARAMETRIC_REPRESENTATION_CONTEXT() REPRESENTATION_CONTEXT('2D SPACE',''
  ) );
#6101 = PCURVE('',#6102,#6107);
#6102 = PLANE('',#6103);
#6103 = AXIS2_PLACEMENT_3D('',#6104,#6105,#6106);
#6104 = CARTESIAN_POINT('',(567.,-861.,0.));
#6105 = DIRECTION('',(1.,0.,-0.));
#6106 = DIRECTION('',(0.,0.,1.));
#6107 = DEFINITIONAL_REPRESENTATION('',(#6108),#6112);
#6108 = LINE('',#6109,#6110);
#6109 = CARTESIAN_POINT('',(0.,0.));
#6110 = VECTOR('',#6111,1.);
#6111 = DIRECTION('',(1.,0.));
#6112 = ( GEOMETRIC_REPRESENTATION_CONTEXT(2) 
PARAMETRIC_REPRESENTATION_CONTEXT() REPRESENTATION_CONTEXT('2D SPACE',''
  ) );
#6113 = ADVANCED_FACE('',(#6114,#6162),#6026,.T.);
#6114 = FACE_BOUND('',#6115,.T.);
#6115 = EDGE_LOOP('',(#6116,#6117,#6118,#6141));
#6116 = ORIENTED_EDGE('',*,*,#6012,.F.);
#6117 = ORIENTED_EDGE('',*,*,#6065,.T.);
#6118 = ORIENTED_EDGE('',*,*,#6119,.T.);
#6119 = EDGE_CURVE('',#6066,#6120,#6122,.T.);
#6120 = VERTEX_POINT('',#6121);
#6121 = CARTESIAN_POINT('',(567.,861.,30.));
#6122 = SURFACE_CURVE('',#6123,(#6127,#6134),.PCURVE_S1.);
#6123 = LINE('',#6124,#6125);
#6124 = CARTESIAN_POINT('',(567.,-861.,30.));
#6125 = VECTOR('',#6126,1.);
#6126 = DIRECTION('',(-0.,1.,0.));
#6127 = PCURVE('',#6026,#6128);
#6128 = DEFINITIONAL_REPRESENTATION('',(#6129),#6133);
#6129 = LINE('',#6130,#6131);
#6130 = CARTESIAN_POINT('',(1.134E+03,0.));
#6131 = VECTOR('',#6132,1.);
#6132 = DIRECTION('',(0.,1.));
#6133 = ( GEOMETRIC_REPRESENTATION_CONTEXT(2) 
PARAMETRIC_REPRESENTATION_CONTEXT() REPRESENTATION_CONTEXT('2D SPACE',''
  ) );
#6134 = PCURVE('',#6102,#6135);
#6135 = DEFINITIONAL_REPRESENTATION('',(#6136),#6140);
#6136 = LINE('',#6137,#6138);
#6137 = CARTESIAN_POINT('',(30.,0.));
#6138 = VECTOR('',#6139,1.);
#6139 = DIRECTION('',(0.,-1.));
#6140 = ( GEOMETRIC_REPRESENTATION_CONTEXT(2) 
PARAMETRIC_REPRESENTATION_CONTEXT() REPRESENTATION_CONTEXT('2D SPACE',''
  ) );
#6141 = ORIENTED_EDGE('',*,*,#6142,.F.);
#6142 = EDGE_CURVE('',#5985,#6120,#6143,.T.);
#6143 = SURFACE_CURVE('',#6144,(#6148,#6155),.PCURVE_S1.);
#6144 = LINE('',#6145,#6146);
#6145 = CARTESIAN_POINT('',(-567.,861.,30.));
#6146 = VECTOR('',#6147,1.);
#6147 = DIRECTION('',(1.,0.,-0.));
#6148 = PCURVE('',#6026,#6149);
#6149 = DEFINITIONAL_REPRESENTATION('',(#6150),#6154);
#6150 = LINE('',#6151,#6152);
#6151 = CARTESIAN_POINT('',(0.,1.722E+03));
#6152 = VECTOR('',#6153,1.);
#6153 = DIRECTION('',(1.,0.));
#6154 = ( GEOMETRIC_REPRESENTATION_CONTEXT(2) 
PARAMETRIC_REPRESENTATION_CONTEXT() REPRESENTATION_CONTEXT('2D SPACE',''
  ) );
#6155 = PCURVE('',#6000,#6156);
#6156 = DEFINITIONAL_REPRESENTATION('',(#6157),#6161);
#6157 = LINE('',#6158,#6159);
#6158 = CARTESIAN_POINT('',(30.,0.));
#6159 = VECTOR('',#6160,1.);
#6160 = DIRECTION('',(0.,1.));
#6161 = ( GEOMETRIC_REPRESENTATION_CONTEXT(2) 
PARAMETRIC_REPRESENTATION_CONTEXT() REPRESENTATION_CONTEXT('2D SPACE',''
  ) );
#6162 = FACE_BOUND('',#6163,.T.);
#6163 = EDGE_LOOP('',(#6164,#6192,#6218,#6244));
#6164 = ORIENTED_EDGE('',*,*,#6165,.T.);
#6165 = EDGE_CURVE('',#6166,#6168,#6170,.T.);
#6166 = VERTEX_POINT('',#6167);
#6167 = CARTESIAN_POINT('',(532.,-826.,30.));
#6168 = VERTEX_POINT('',#6169);
#6169 = CARTESIAN_POINT('',(-532.,-826.,30.));
#6170 = SURFACE_CURVE('',#6171,(#6175,#6181),.PCURVE_S1.);
#6171 = LINE('',#6172,#6173);
#6172 = CARTESIAN_POINT('',(-549.5,-826.,30.));
#6173 = VECTOR('',#6174,1.);
#6174 = DIRECTION('',(-1.,-0.,0.));
#6175 = PCURVE('',#6026,#6176);
#6176 = DEFINITIONAL_REPRESENTATION('',(#6177),#6180);
#6177 = B_SPLINE_CURVE_WITH_KNOTS('',1,(#6178,#6179),.UNSPECIFIED.,.F.,
  .F.,(2,2),(-1.0815E+03,-17.5),.PIECEWISE_BEZIER_KNOTS.);
#6178 = CARTESIAN_POINT('',(1.099E+03,35.));
#6179 = CARTESIAN_POINT('',(35.,35.));
#6180 = ( GEOMETRIC_REPRESENTATION_CONTEXT(2) 
PARAMETRIC_REPRESENTATION_CONTEXT() REPRESENTATION_CONTEXT('2D SPACE',''
  ) );
#6181 = PCURVE('',#6182,#6187);
#6182 = PLANE('',#6183);
#6183 = AXIS2_PLACEMENT_3D('',#6184,#6185,#6186);
#6184 = CARTESIAN_POINT('',(-532.,-826.,4.));
#6185 = DIRECTION('',(-0.,1.,0.));
#6186 = DIRECTION('',(0.,0.,1.));
#6187 = DEFINITIONAL_REPRESENTATION('',(#6188),#6191);
#6188 = B_SPLINE_CURVE_WITH_KNOTS('',1,(#6189,#6190),.UNSPECIFIED.,.F.,
  .F.,(2,2),(-1.0815E+03,-17.5),.PIECEWISE_BEZIER_KNOTS.);
#6189 = CARTESIAN_POINT('',(26.,1.064E+03));
#6190 = CARTESIAN_POINT('',(26.,0.));
#6191 = ( GEOMETRIC_REPRESENTATION_CONTEXT(2) 
PARAMETRIC_REPRESENTATION_CONTEXT() REPRESENTATION_CONTEXT('2D SPACE',''
  ) );
#6192 = ORIENTED_EDGE('',*,*,#6193,.T.);
#6193 = EDGE_CURVE('',#6168,#6194,#6196,.T.);
#6194 = VERTEX_POINT('',#6195);
#6195 = CARTESIAN_POINT('',(-532.,826.,30.));
#6196 = SURFACE_CURVE('',#6197,(#6201,#6207),.PCURVE_S1.);
#6197 = LINE('',#6198,#6199);
#6198 = CARTESIAN_POINT('',(-532.,-843.5,30.));
#6199 = VECTOR('',#6200,1.);
#6200 = DIRECTION('',(-0.,1.,0.));
#6201 = PCURVE('',#6026,#6202);
#6202 = DEFINITIONAL_REPRESENTATION('',(#6203),#6206);
#6203 = B_SPLINE_CURVE_WITH_KNOTS('',1,(#6204,#6205),.UNSPECIFIED.,.F.,
  .F.,(2,2),(17.5,1.6695E+03),.PIECEWISE_BEZIER_KNOTS.);
#6204 = CARTESIAN_POINT('',(35.,35.));
#6205 = CARTESIAN_POINT('',(35.,1.687E+03));
#6206 = ( GEOMETRIC_REPRESENTATION_CONTEXT(2) 
PARAMETRIC_REPRESENTATION_CONTEXT() REPRESENTATION_CONTEXT('2D SPACE',''
  ) );
#6207 = PCURVE('',#6208,#6213);
#6208 = PLANE('',#6209);
#6209 = AXIS2_PLACEMENT_3D('',#6210,#6211,#6212);
#6210 = CARTESIAN_POINT('',(-532.,-826.,4.));
#6211 = DIRECTION('',(1.,0.,-0.));
#6212 = DIRECTION('',(0.,0.,1.));
#6213 = DEFINITIONAL_REPRESENTATION('',(#6214),#6217);
#6214 = B_SPLINE_CURVE_WITH_KNOTS('',1,(#6215,#6216),.UNSPECIFIED.,.F.,
  .F.,(2,2),(17.5,1.6695E+03),.PIECEWISE_BEZIER_KNOTS.);
#6215 = CARTESIAN_POINT('',(26.,0.));
#6216 = CARTESIAN_POINT('',(26.,-1.652E+03));
#6217 = ( GEOMETRIC_REPRESENTATION_CONTEXT(2) 
PARAMETRIC_REPRESENTATION_CONTEXT() REPRESENTATION_CONTEXT('2D SPACE',''
  ) );
#6218 = ORIENTED_EDGE('',*,*,#6219,.F.);
#6219 = EDGE_CURVE('',#6220,#6194,#6222,.T.);
#6220 = VERTEX_POINT('',#6221);
#6221 = CARTESIAN_POINT('',(532.,826.,30.));
#6222 = SURFACE_CURVE('',#6223,(#6227,#6233),.PCURVE_S1.);
#6223 = LINE('',#6224,#6225);
#6224 = CARTESIAN_POINT('',(-549.5,826.,30.));
#6225 = VECTOR('',#6226,1.);
#6226 = DIRECTION('',(-1.,-0.,0.));
#6227 = PCURVE('',#6026,#6228);
#6228 = DEFINITIONAL_REPRESENTATION('',(#6229),#6232);
#6229 = B_SPLINE_CURVE_WITH_KNOTS('',1,(#6230,#6231),.UNSPECIFIED.,.F.,
  .F.,(2,2),(-1.0815E+03,-17.5),.PIECEWISE_BEZIER_KNOTS.);
#6230 = CARTESIAN_POINT('',(1.099E+03,1.687E+03));
#6231 = CARTESIAN_POINT('',(35.,1.687E+03));
#6232 = ( GEOMETRIC_REPRESENTATION_CONTEXT(2) 
PARAMETRIC_REPRESENTATION_CONTEXT() REPRESENTATION_CONTEXT('2D SPACE',''
  ) );
#6233 = PCURVE('',#6234,#6239);
#6234 = PLANE('',#6235);
#6235 = AXIS2_PLACEMENT_3D('',#6236,#6237,#6238);
#6236 = CARTESIAN_POINT('',(-532.,826.,4.));
#6237 = DIRECTION('',(-0.,1.,0.));
#6238 = DIRECTION('',(0.,0.,1.));
#6239 = DEFINITIONAL_REPRESENTATION('',(#6240),#6243);
#6240 = B_SPLINE_CURVE_WITH_KNOTS('',1,(#6241,#6242),.UNSPECIFIED.,.F.,
  .F.,(2,2),(-1.0815E+03,-17.5),.PIECEWISE_BEZIER_KNOTS.);
#6241 = CARTESIAN_POINT('',(26.,1.064E+03));
#6242 = CARTESIAN_POINT('',(26.,0.));
#6243 = ( GEOMETRIC_REPRESENTATION_CONTEXT(2) 
PARAMETRIC_REPRESENTATION_CONTEXT() REPRESENTATION_CONTEXT('2D SPACE',''
  ) );
#6244 = ORIENTED_EDGE('',*,*,#6245,.F.);
#6245 = EDGE_CURVE('',#6166,#6220,#6246,.T.);
#6246 = SURFACE_CURVE('',#6247,(#6251,#6257),.PCURVE_S1.);
#6247 = LINE('',#6248,#6249);
#6248 = CARTESIAN_POINT('',(532.,-843.5,30.));
#6249 = VECTOR('',#6250,1.);
#6250 = DIRECTION('',(-0.,1.,0.));
#6251 = PCURVE('',#6026,#6252);
#6252 = DEFINITIONAL_REPRESENTATION('',(#6253),#6256);
#6253 = B_SPLINE_CURVE_WITH_KNOTS('',1,(#6254,#6255),.UNSPECIFIED.,.F.,
  .F.,(2,2),(17.5,1.6695E+03),.PIECEWISE_BEZIER_KNOTS.);
#6254 = CARTESIAN_POINT('',(1.099E+03,35.));
#6255 = CARTESIAN_POINT('',(1.099E+03,1.687E+03));
#6256 = ( GEOMETRIC_REPRESENTATION_CONTEXT(2) 
PARAMETRIC_REPRESENTATION_CONTEXT() REPRESENTATION_CONTEXT('2D SPACE',''
  ) );
#6257 = PCURVE('',#6258,#6263);
#6258 = PLANE('',#6259);
#6259 = AXIS2_PLACEMENT_3D('',#6260,#6261,#6262);
#6260 = CARTESIAN_POINT('',(532.,-826.,4.));
#6261 = DIRECTION('',(1.,0.,-0.));
#6262 = DIRECTION('',(0.,0.,1.));
#6263 = DEFINITIONAL_REPRESENTATION('',(#6264),#6267);
#6264 = B_SPLINE_CURVE_WITH_KNOTS('',1,(#6265,#6266),.UNSPECIFIED.,.F.,
  .F.,(2,2),(17.5,1.6695E+03),.PIECEWISE_BEZIER_KNOTS.);
#6265 = CARTESIAN_POINT('',(26.,0.));
#6266 = CARTESIAN_POINT('',(26.,-1.652E+03));
#6267 = ( GEOMETRIC_REPRESENTATION_CONTEXT(2) 
PARAMETRIC_REPRESENTATION_CONTEXT() REPRESENTATION_CONTEXT('2D SPACE',''
  ) );
#6268 = ADVANCED_FACE('',(#6269),#6000,.T.);
#6269 = FACE_BOUND('',#6270,.T.);
#6270 = EDGE_LOOP('',(#6271,#6294,#6295,#6296));
#6271 = ORIENTED_EDGE('',*,*,#6272,.F.);
#6272 = EDGE_CURVE('',#5957,#6273,#6275,.T.);
#6273 = VERTEX_POINT('',#6274);
#6274 = CARTESIAN_POINT('',(567.,861.,0.));
#6275 = SURFACE_CURVE('',#6276,(#6280,#6287),.PCURVE_S1.);
#6276 = LINE('',#6277,#6278);
#6277 = CARTESIAN_POINT('',(-567.,861.,0.));
#6278 = VECTOR('',#6279,1.);
#6279 = DIRECTION('',(1.,0.,-0.));
#6280 = PCURVE('',#6000,#6281);
#6281 = DEFINITIONAL_REPRESENTATION('',(#6282),#6286);
#6282 = LINE('',#6283,#6284);
#6283 = CARTESIAN_POINT('',(0.,0.));
#6284 = VECTOR('',#6285,1.);
#6285 = DIRECTION('',(0.,1.));
#6286 = ( GEOMETRIC_REPRESENTATION_CONTEXT(2) 
PARAMETRIC_REPRESENTATION_CONTEXT() REPRESENTATION_CONTEXT('2D SPACE',''
  ) );
#6287 = PCURVE('',#5972,#6288);
#6288 = DEFINITIONAL_REPRESENTATION('',(#6289),#6293);
#6289 = LINE('',#6290,#6291);
#6290 = CARTESIAN_POINT('',(0.,1.722E+03));
#6291 = VECTOR('',#6292,1.);
#6292 = DIRECTION('',(1.,0.));
#6293 = ( GEOMETRIC_REPRESENTATION_CONTEXT(2) 
PARAMETRIC_REPRESENTATION_CONTEXT() REPRESENTATION_CONTEXT('2D SPACE',''
  ) );
#6294 = ORIENTED_EDGE('',*,*,#5984,.T.);
#6295 = ORIENTED_EDGE('',*,*,#6142,.T.);
#6296 = ORIENTED_EDGE('',*,*,#6297,.F.);
#6297 = EDGE_CURVE('',#6273,#6120,#6298,.T.);
#6298 = SURFACE_CURVE('',#6299,(#6303,#6310),.PCURVE_S1.);
#6299 = LINE('',#6300,#6301);
#6300 = CARTESIAN_POINT('',(567.,861.,0.));
#6301 = VECTOR('',#6302,1.);
#6302 = DIRECTION('',(0.,0.,1.));
#6303 = PCURVE('',#6000,#6304);
#6304 = DEFINITIONAL_REPRESENTATION('',(#6305),#6309);
#6305 = LINE('',#6306,#6307);
#6306 = CARTESIAN_POINT('',(0.,1.134E+03));
#6307 = VECTOR('',#6308,1.);
#6308 = DIRECTION('',(1.,0.));
#6309 = ( GEOMETRIC_REPRESENTATION_CONTEXT(2) 
PARAMETRIC_REPRESENTATION_CONTEXT() REPRESENTATION_CONTEXT('2D SPACE',''
  ) );
#6310 = PCURVE('',#6102,#6311);
#6311 = DEFINITIONAL_REPRESENTATION('',(#6312),#6316);
#6312 = LINE('',#6313,#6314);
#6313 = CARTESIAN_POINT('',(0.,-1.722E+03));
#6314 = VECTOR('',#6315,1.);
#6315 = DIRECTION('',(1.,0.));
#6316 = ( GEOMETRIC_REPRESENTATION_CONTEXT(2) 
PARAMETRIC_REPRESENTATION_CONTEXT() REPRESENTATION_CONTEXT('2D SPACE',''
  ) );
#6317 = ADVANCED_FACE('',(#6318),#5972,.F.);
#6318 = FACE_BOUND('',#6319,.F.);
#6319 = EDGE_LOOP('',(#6320,#6321,#6322,#6343));
#6320 = ORIENTED_EDGE('',*,*,#5956,.F.);
#6321 = ORIENTED_EDGE('',*,*,#6041,.T.);
#6322 = ORIENTED_EDGE('',*,*,#6323,.T.);
#6323 = EDGE_CURVE('',#6042,#6273,#6324,.T.);
#6324 = SURFACE_CURVE('',#6325,(#6329,#6336),.PCURVE_S1.);
#6325 = LINE('',#6326,#6327);
#6326 = CARTESIAN_POINT('',(567.,-861.,0.));
#6327 = VECTOR('',#6328,1.);
#6328 = DIRECTION('',(-0.,1.,0.));
#6329 = PCURVE('',#5972,#6330);
#6330 = DEFINITIONAL_REPRESENTATION('',(#6331),#6335);
#6331 = LINE('',#6332,#6333);
#6332 = CARTESIAN_POINT('',(1.134E+03,0.));
#6333 = VECTOR('',#6334,1.);
#6334 = DIRECTION('',(0.,1.));
#6335 = ( GEOMETRIC_REPRESENTATION_CONTEXT(2) 
PARAMETRIC_REPRESENTATION_CONTEXT() REPRESENTATION_CONTEXT('2D SPACE',''
  ) );
#6336 = PCURVE('',#6102,#6337);
#6337 = DEFINITIONAL_REPRESENTATION('',(#6338),#6342);
#6338 = LINE('',#6339,#6340);
#6339 = CARTESIAN_POINT('',(0.,0.));
#6340 = VECTOR('',#6341,1.);
#6341 = DIRECTION('',(0.,-1.));
#6342 = ( GEOMETRIC_REPRESENTATION_CONTEXT(2) 
PARAMETRIC_REPRESENTATION_CONTEXT() REPRESENTATION_CONTEXT('2D SPACE',''
  ) );
#6343 = ORIENTED_EDGE('',*,*,#6272,.F.);
#6344 = ADVANCED_FACE('',(#6345),#6102,.T.);
#6345 = FACE_BOUND('',#6346,.T.);
#6346 = EDGE_LOOP('',(#6347,#6348,#6349,#6350));
#6347 = ORIENTED_EDGE('',*,*,#6088,.F.);
#6348 = ORIENTED_EDGE('',*,*,#6323,.T.);
#6349 = ORIENTED_EDGE('',*,*,#6297,.T.);
#6350 = ORIENTED_EDGE('',*,*,#6119,.F.);
#6351 = ADVANCED_FACE('',(#6352),#6182,.T.);
#6352 = FACE_BOUND('',#6353,.T.);
#6353 = EDGE_LOOP('',(#6354,#6377,#6405,#6426));
#6354 = ORIENTED_EDGE('',*,*,#6355,.F.);
#6355 = EDGE_CURVE('',#6356,#6166,#6358,.T.);
#6356 = VERTEX_POINT('',#6357);
#6357 = CARTESIAN_POINT('',(532.,-826.,4.));
#6358 = SURFACE_CURVE('',#6359,(#6363,#6370),.PCURVE_S1.);
#6359 = LINE('',#6360,#6361);
#6360 = CARTESIAN_POINT('',(532.,-826.,4.));
#6361 = VECTOR('',#6362,1.);
#6362 = DIRECTION('',(0.,0.,1.));
#6363 = PCURVE('',#6182,#6364);
#6364 = DEFINITIONAL_REPRESENTATION('',(#6365),#6369);
#6365 = LINE('',#6366,#6367);
#6366 = CARTESIAN_POINT('',(0.,1.064E+03));
#6367 = VECTOR('',#6368,1.);
#6368 = DIRECTION('',(1.,0.));
#6369 = ( GEOMETRIC_REPRESENTATION_CONTEXT(2) 
PARAMETRIC_REPRESENTATION_CONTEXT() REPRESENTATION_CONTEXT('2D SPACE',''
  ) );
#6370 = PCURVE('',#6258,#6371);
#6371 = DEFINITIONAL_REPRESENTATION('',(#6372),#6376);
#6372 = LINE('',#6373,#6374);
#6373 = CARTESIAN_POINT('',(0.,0.));
#6374 = VECTOR('',#6375,1.);
#6375 = DIRECTION('',(1.,0.));
#6376 = ( GEOMETRIC_REPRESENTATION_CONTEXT(2) 
PARAMETRIC_REPRESENTATION_CONTEXT() REPRESENTATION_CONTEXT('2D SPACE',''
  ) );
#6377 = ORIENTED_EDGE('',*,*,#6378,.F.);
#6378 = EDGE_CURVE('',#6379,#6356,#6381,.T.);
#6379 = VERTEX_POINT('',#6380);
#6380 = CARTESIAN_POINT('',(-532.,-826.,4.));
#6381 = SURFACE_CURVE('',#6382,(#6386,#6393),.PCURVE_S1.);
#6382 = LINE('',#6383,#6384);
#6383 = CARTESIAN_POINT('',(-532.,-826.,4.));
#6384 = VECTOR('',#6385,1.);
#6385 = DIRECTION('',(1.,0.,-0.));
#6386 = PCURVE('',#6182,#6387);
#6387 = DEFINITIONAL_REPRESENTATION('',(#6388),#6392);
#6388 = LINE('',#6389,#6390);
#6389 = CARTESIAN_POINT('',(0.,0.));
#6390 = VECTOR('',#6391,1.);
#6391 = DIRECTION('',(0.,1.));
#6392 = ( GEOMETRIC_REPRESENTATION_CONTEXT(2) 
PARAMETRIC_REPRESENTATION_CONTEXT() REPRESENTATION_CONTEXT('2D SPACE',''
  ) );
#6393 = PCURVE('',#6394,#6399);
#6394 = PLANE('',#6395);
#6395 = AXIS2_PLACEMENT_3D('',#6396,#6397,#6398);
#6396 = CARTESIAN_POINT('',(-532.,-826.,4.));
#6397 = DIRECTION('',(0.,0.,1.));
#6398 = DIRECTION('',(1.,0.,-0.));
#6399 = DEFINITIONAL_REPRESENTATION('',(#6400),#6404);
#6400 = LINE('',#6401,#6402);
#6401 = CARTESIAN_POINT('',(0.,0.));
#6402 = VECTOR('',#6403,1.);
#6403 = DIRECTION('',(1.,0.));
#6404 = ( GEOMETRIC_REPRESENTATION_CONTEXT(2) 
PARAMETRIC_REPRESENTATION_CONTEXT() REPRESENTATION_CONTEXT('2D SPACE',''
  ) );
#6405 = ORIENTED_EDGE('',*,*,#6406,.T.);
#6406 = EDGE_CURVE('',#6379,#6168,#6407,.T.);
#6407 = SURFACE_CURVE('',#6408,(#6412,#6419),.PCURVE_S1.);
#6408 = LINE('',#6409,#6410);
#6409 = CARTESIAN_POINT('',(-532.,-826.,4.));
#6410 = VECTOR('',#6411,1.);
#6411 = DIRECTION('',(0.,0.,1.));
#6412 = PCURVE('',#6182,#6413);
#6413 = DEFINITIONAL_REPRESENTATION('',(#6414),#6418);
#6414 = LINE('',#6415,#6416);
#6415 = CARTESIAN_POINT('',(0.,0.));
#6416 = VECTOR('',#6417,1.);
#6417 = DIRECTION('',(1.,0.));
#6418 = ( GEOMETRIC_REPRESENTATION_CONTEXT(2) 
PARAMETRIC_REPRESENTATION_CONTEXT() REPRESENTATION_CONTEXT('2D SPACE',''
  ) );
#6419 = PCURVE('',#6208,#6420);
#6420 = DEFINITIONAL_REPRESENTATION('',(#6421),#6425);
#6421 = LINE('',#6422,#6423);
#6422 = CARTESIAN_POINT('',(0.,0.));
#6423 = VECTOR('',#6424,1.);
#6424 = DIRECTION('',(1.,0.));
#6425 = ( GEOMETRIC_REPRESENTATION_CONTEXT(2) 
PARAMETRIC_REPRESENTATION_CONTEXT() REPRESENTATION_CONTEXT('2D SPACE',''
  ) );
#6426 = ORIENTED_EDGE('',*,*,#6165,.F.);
#6427 = ADVANCED_FACE('',(#6428),#6258,.F.);
#6428 = FACE_BOUND('',#6429,.F.);
#6429 = EDGE_LOOP('',(#6430,#6431,#6454,#6475));
#6430 = ORIENTED_EDGE('',*,*,#6355,.F.);
#6431 = ORIENTED_EDGE('',*,*,#6432,.T.);
#6432 = EDGE_CURVE('',#6356,#6433,#6435,.T.);
#6433 = VERTEX_POINT('',#6434);
#6434 = CARTESIAN_POINT('',(532.,826.,4.));
#6435 = SURFACE_CURVE('',#6436,(#6440,#6447),.PCURVE_S1.);
#6436 = LINE('',#6437,#6438);
#6437 = CARTESIAN_POINT('',(532.,-826.,4.));
#6438 = VECTOR('',#6439,1.);
#6439 = DIRECTION('',(-0.,1.,0.));
#6440 = PCURVE('',#6258,#6441);
#6441 = DEFINITIONAL_REPRESENTATION('',(#6442),#6446);
#6442 = LINE('',#6443,#6444);
#6443 = CARTESIAN_POINT('',(0.,0.));
#6444 = VECTOR('',#6445,1.);
#6445 = DIRECTION('',(0.,-1.));
#6446 = ( GEOMETRIC_REPRESENTATION_CONTEXT(2) 
PARAMETRIC_REPRESENTATION_CONTEXT() REPRESENTATION_CONTEXT('2D SPACE',''
  ) );
#6447 = PCURVE('',#6394,#6448);
#6448 = DEFINITIONAL_REPRESENTATION('',(#6449),#6453);
#6449 = LINE('',#6450,#6451);
#6450 = CARTESIAN_POINT('',(1.064E+03,0.));
#6451 = VECTOR('',#6452,1.);
#6452 = DIRECTION('',(0.,1.));
#6453 = ( GEOMETRIC_REPRESENTATION_CONTEXT(2) 
PARAMETRIC_REPRESENTATION_CONTEXT() REPRESENTATION_CONTEXT('2D SPACE',''
  ) );
#6454 = ORIENTED_EDGE('',*,*,#6455,.T.);
#6455 = EDGE_CURVE('',#6433,#6220,#6456,.T.);
#6456 = SURFACE_CURVE('',#6457,(#6461,#6468),.PCURVE_S1.);
#6457 = LINE('',#6458,#6459);
#6458 = CARTESIAN_POINT('',(532.,826.,4.));
#6459 = VECTOR('',#6460,1.);
#6460 = DIRECTION('',(0.,0.,1.));
#6461 = PCURVE('',#6258,#6462);
#6462 = DEFINITIONAL_REPRESENTATION('',(#6463),#6467);
#6463 = LINE('',#6464,#6465);
#6464 = CARTESIAN_POINT('',(0.,-1.652E+03));
#6465 = VECTOR('',#6466,1.);
#6466 = DIRECTION('',(1.,0.));
#6467 = ( GEOMETRIC_REPRESENTATION_CONTEXT(2) 
PARAMETRIC_REPRESENTATION_CONTEXT() REPRESENTATION_CONTEXT('2D SPACE',''
  ) );
#6468 = PCURVE('',#6234,#6469);
#6469 = DEFINITIONAL_REPRESENTATION('',(#6470),#6474);
#6470 = LINE('',#6471,#6472);
#6471 = CARTESIAN_POINT('',(0.,1.064E+03));
#6472 = VECTOR('',#6473,1.);
#6473 = DIRECTION('',(1.,0.));
#6474 = ( GEOMETRIC_REPRESENTATION_CONTEXT(2) 
PARAMETRIC_REPRESENTATION_CONTEXT() REPRESENTATION_CONTEXT('2D SPACE',''
  ) );
#6475 = ORIENTED_EDGE('',*,*,#6245,.F.);
#6476 = ADVANCED_FACE('',(#6477),#6234,.F.);
#6477 = FACE_BOUND('',#6478,.F.);
#6478 = EDGE_LOOP('',(#6479,#6480,#6503,#6524));
#6479 = ORIENTED_EDGE('',*,*,#6455,.F.);
#6480 = ORIENTED_EDGE('',*,*,#6481,.F.);
#6481 = EDGE_CURVE('',#6482,#6433,#6484,.T.);
#6482 = VERTEX_POINT('',#6483);
#6483 = CARTESIAN_POINT('',(-532.,826.,4.));
#6484 = SURFACE_CURVE('',#6485,(#6489,#6496),.PCURVE_S1.);
#6485 = LINE('',#6486,#6487);
#6486 = CARTESIAN_POINT('',(-532.,826.,4.));
#6487 = VECTOR('',#6488,1.);
#6488 = DIRECTION('',(1.,0.,-0.));
#6489 = PCURVE('',#6234,#6490);
#6490 = DEFINITIONAL_REPRESENTATION('',(#6491),#6495);
#6491 = LINE('',#6492,#6493);
#6492 = CARTESIAN_POINT('',(0.,0.));
#6493 = VECTOR('',#6494,1.);
#6494 = DIRECTION('',(0.,1.));
#6495 = ( GEOMETRIC_REPRESENTATION_CONTEXT(2) 
PARAMETRIC_REPRESENTATION_CONTEXT() REPRESENTATION_CONTEXT('2D SPACE',''
  ) );
#6496 = PCURVE('',#6394,#6497);
#6497 = DEFINITIONAL_REPRESENTATION('',(#6498),#6502);
#6498 = LINE('',#6499,#6500);
#6499 = CARTESIAN_POINT('',(0.,1.652E+03));
#6500 = VECTOR('',#6501,1.);
#6501 = DIRECTION('',(1.,0.));
#6502 = ( GEOMETRIC_REPRESENTATION_CONTEXT(2) 
PARAMETRIC_REPRESENTATION_CONTEXT() REPRESENTATION_CONTEXT('2D SPACE',''
  ) );
#6503 = ORIENTED_EDGE('',*,*,#6504,.T.);
#6504 = EDGE_CURVE('',#6482,#6194,#6505,.T.);
#6505 = SURFACE_CURVE('',#6506,(#6510,#6517),.PCURVE_S1.);
#6506 = LINE('',#6507,#6508);
#6507 = CARTESIAN_POINT('',(-532.,826.,4.));
#6508 = VECTOR('',#6509,1.);
#6509 = DIRECTION('',(0.,0.,1.));
#6510 = PCURVE('',#6234,#6511);
#6511 = DEFINITIONAL_REPRESENTATION('',(#6512),#6516);
#6512 = LINE('',#6513,#6514);
#6513 = CARTESIAN_POINT('',(0.,0.));
#6514 = VECTOR('',#6515,1.);
#6515 = DIRECTION('',(1.,0.));
#6516 = ( GEOMETRIC_REPRESENTATION_CONTEXT(2) 
PARAMETRIC_REPRESENTATION_CONTEXT() REPRESENTATION_CONTEXT('2D SPACE',''
  ) );
#6517 = PCURVE('',#6208,#6518);
#6518 = DEFINITIONAL_REPRESENTATION('',(#6519),#6523);
#6519 = LINE('',#6520,#6521);
#6520 = CARTESIAN_POINT('',(0.,-1.652E+03));
#6521 = VECTOR('',#6522,1.);
#6522 = DIRECTION('',(1.,0.));
#6523 = ( GEOMETRIC_REPRESENTATION_CONTEXT(2) 
PARAMETRIC_REPRESENTATION_CONTEXT() REPRESENTATION_CONTEXT('2D SPACE',''
  ) );
#6524 = ORIENTED_EDGE('',*,*,#6219,.F.);
#6525 = ADVANCED_FACE('',(#6526),#6208,.T.);
#6526 = FACE_BOUND('',#6527,.T.);
#6527 = EDGE_LOOP('',(#6528,#6529,#6550,#6551));
#6528 = ORIENTED_EDGE('',*,*,#6406,.F.);
#6529 = ORIENTED_EDGE('',*,*,#6530,.T.);
#6530 = EDGE_CURVE('',#6379,#6482,#6531,.T.);
#6531 = SURFACE_CURVE('',#6532,(#6536,#6543),.PCURVE_S1.);
#6532 = LINE('',#6533,#6534);
#6533 = CARTESIAN_POINT('',(-532.,-826.,4.));
#6534 = VECTOR('',#6535,1.);
#6535 = DIRECTION('',(-0.,1.,0.));
#6536 = PCURVE('',#6208,#6537);
#6537 = DEFINITIONAL_REPRESENTATION('',(#6538),#6542);
#6538 = LINE('',#6539,#6540);
#6539 = CARTESIAN_POINT('',(0.,0.));
#6540 = VECTOR('',#6541,1.);
#6541 = DIRECTION('',(0.,-1.));
#6542 = ( GEOMETRIC_REPRESENTATION_CONTEXT(2) 
PARAMETRIC_REPRESENTATION_CONTEXT() REPRESENTATION_CONTEXT('2D SPACE',''
  ) );
#6543 = PCURVE('',#6394,#6544);
#6544 = DEFINITIONAL_REPRESENTATION('',(#6545),#6549);
#6545 = LINE('',#6546,#6547);
#6546 = CARTESIAN_POINT('',(0.,0.));
#6547 = VECTOR('',#6548,1.);
#6548 = DIRECTION('',(0.,1.));
#6549 = ( GEOMETRIC_REPRESENTATION_CONTEXT(2) 
PARAMETRIC_REPRESENTATION_CONTEXT() REPRESENTATION_CONTEXT('2D SPACE',''
  ) );
#6550 = ORIENTED_EDGE('',*,*,#6504,.T.);
#6551 = ORIENTED_EDGE('',*,*,#6193,.F.);
#6552 = ADVANCED_FACE('',(#6553),#6394,.T.);
#6553 = FACE_BOUND('',#6554,.T.);
#6554 = EDGE_LOOP('',(#6555,#6556,#6557,#6558));
#6555 = ORIENTED_EDGE('',*,*,#6530,.F.);
#6556 = ORIENTED_EDGE('',*,*,#6378,.T.);
#6557 = ORIENTED_EDGE('',*,*,#6432,.T.);
#6558 = ORIENTED_EDGE('',*,*,#6481,.F.);
#6559 = ( GEOMETRIC_REPRESENTATION_CONTEXT(3) 
GLOBAL_UNCERTAINTY_ASSIGNED_CONTEXT((#6563)) 
GLOBAL_UNIT_ASSIGNED_CONTEXT((#6560,#6561,#6562)) REPRESENTATION_CONTEXT
('Context #1','3D Context with UNIT and UNCERTAINTY') );
#6560 = ( LENGTH_UNIT() NAMED_UNIT(*) SI_UNIT(.MILLI.,.METRE.) );
#6561 = ( NAMED_UNIT(*) PLANE_ANGLE_UNIT() SI_UNIT($,.RADIAN.) );
#6562 = ( NAMED_UNIT(*) SI_UNIT($,.STERADIAN.) SOLID_ANGLE_UNIT() );
#6563 = UNCERTAINTY_MEASURE_WITH_UNIT(LENGTH_MEASURE(1.E-07),#6560,
  'distance_accuracy_value','confusion accuracy');
#6564 = CONTEXT_DEPENDENT_SHAPE_REPRESENTATION(#6565,#6567);
#6565 = ( REPRESENTATION_RELATIONSHIP('','',#5914,#10) 
REPRESENTATION_RELATIONSHIP_WITH_TRANSFORMATION(#6566) 
SHAPE_REPRESENTATION_RELATIONSHIP() );
#6566 = ITEM_DEFINED_TRANSFORMATION('','',#11,#63);
#6567 = PRODUCT_DEFINITION_SHAPE('Placement','Placement of an item',
  #6568);
#6568 = NEXT_ASSEMBLY_USAGE_OCCURRENCE('47','metal.106','',#5,#5909,$);
#6569 = PRODUCT_RELATED_PRODUCT_CATEGORY('part',$,(#5911));
#6570 = SHAPE_DEFINITION_REPRESENTATION(#6571,#6577);
#6571 = PRODUCT_DEFINITION_SHAPE('','',#6572);
#6572 = PRODUCT_DEFINITION('design','',#6573,#6576);
#6573 = PRODUCT_DEFINITION_FORMATION('','',#6574);
#6574 = PRODUCT('cell.6','cell.6','',(#6575));
#6575 = PRODUCT_CONTEXT('',#2,'mechanical');
#6576 = PRODUCT_DEFINITION_CONTEXT('part definition',#2,'design');
#6577 = ADVANCED_BREP_SHAPE_REPRESENTATION('',(#11,#6578),#6908);
#6578 = MANIFOLD_SOLID_BREP('',#6579);
#6579 = CLOSED_SHELL('',(#6580,#6700,#6800,#6847,#6894,#6901));
#6580 = ADVANCED_FACE('',(#6581),#6595,.F.);
#6581 = FACE_BOUND('',#6582,.F.);
#6582 = EDGE_LOOP('',(#6583,#6618,#6646,#6674));
#6583 = ORIENTED_EDGE('',*,*,#6584,.F.);
#6584 = EDGE_CURVE('',#6585,#6587,#6589,.T.);
#6585 = VERTEX_POINT('',#6586);
#6586 = CARTESIAN_POINT('',(-532.5,-826.5,0.));
#6587 = VERTEX_POINT('',#6588);
#6588 = CARTESIAN_POINT('',(-532.5,-826.5,4.));
#6589 = SURFACE_CURVE('',#6590,(#6594,#6606),.PCURVE_S1.);
#6590 = LINE('',#6591,#6592);
#6591 = CARTESIAN_POINT('',(-532.5,-826.5,0.));
#6592 = VECTOR('',#6593,1.);
#6593 = DIRECTION('',(0.,0.,1.));
#6594 = PCURVE('',#6595,#6600);
#6595 = PLANE('',#6596);
#6596 = AXIS2_PLACEMENT_3D('',#6597,#6598,#6599);
#6597 = CARTESIAN_POINT('',(-532.5,-826.5,0.));
#6598 = DIRECTION('',(1.,0.,-0.));
#6599 = DIRECTION('',(0.,0.,1.));
#6600 = DEFINITIONAL_REPRESENTATION('',(#6601),#6605);
#6601 = LINE('',#6602,#6603);
#6602 = CARTESIAN_POINT('',(0.,0.));
#6603 = VECTOR('',#6604,1.);
#6604 = DIRECTION('',(1.,0.));
#6605 = ( GEOMETRIC_REPRESENTATION_CONTEXT(2) 
PARAMETRIC_REPRESENTATION_CONTEXT() REPRESENTATION_CONTEXT('2D SPACE',''
  ) );
#6606 = PCURVE('',#6607,#6612);
#6607 = PLANE('',#6608);
#6608 = AXIS2_PLACEMENT_3D('',#6609,#6610,#6611);
#6609 = CARTESIAN_POINT('',(-532.5,-826.5,0.));
#6610 = DIRECTION('',(-0.,1.,0.));
#6611 = DIRECTION('',(0.,0.,1.));
#6612 = DEFINITIONAL_REPRESENTATION('',(#6613),#6617);
#6613 = LINE('',#6614,#6615);
#6614 = CARTESIAN_POINT('',(0.,0.));
#6615 = VECTOR('',#6616,1.);
#6616 = DIRECTION('',(1.,0.));
#6617 = ( GEOMETRIC_REPRESENTATION_CONTEXT(2) 
PARAMETRIC_REPRESENTATION_CONTEXT() REPRESENTATION_CONTEXT('2D SPACE',''
  ) );
#6618 = ORIENTED_EDGE('',*,*,#6619,.T.);
#6619 = EDGE_CURVE('',#6585,#6620,#6622,.T.);
#6620 = VERTEX_POINT('',#6621);
#6621 = CARTESIAN_POINT('',(-532.5,826.5,0.));
#6622 = SURFACE_CURVE('',#6623,(#6627,#6634),.PCURVE_S1.);
#6623 = LINE('',#6624,#6625);
#6624 = CARTESIAN_POINT('',(-532.5,-826.5,0.));
#6625 = VECTOR('',#6626,1.);
#6626 = DIRECTION('',(-0.,1.,0.));
#6627 = PCURVE('',#6595,#6628);
#6628 = DEFINITIONAL_REPRESENTATION('',(#6629),#6633);
#6629 = LINE('',#6630,#6631);
#6630 = CARTESIAN_POINT('',(0.,0.));
#6631 = VECTOR('',#6632,1.);
#6632 = DIRECTION('',(0.,-1.));
#6633 = ( GEOMETRIC_REPRESENTATION_CONTEXT(2) 
PARAMETRIC_REPRESENTATION_CONTEXT() REPRESENTATION_CONTEXT('2D SPACE',''
  ) );
#6634 = PCURVE('',#6635,#6640);
#6635 = PLANE('',#6636);
#6636 = AXIS2_PLACEMENT_3D('',#6637,#6638,#6639);
#6637 = CARTESIAN_POINT('',(-532.5,-826.5,0.));
#6638 = DIRECTION('',(0.,0.,1.));
#6639 = DIRECTION('',(1.,0.,-0.));
#6640 = DEFINITIONAL_REPRESENTATION('',(#6641),#6645);
#6641 = LINE('',#6642,#6643);
#6642 = CARTESIAN_POINT('',(0.,0.));
#6643 = VECTOR('',#6644,1.);
#6644 = DIRECTION('',(0.,1.));
#6645 = ( GEOMETRIC_REPRESENTATION_CONTEXT(2) 
PARAMETRIC_REPRESENTATION_CONTEXT() REPRESENTATION_CONTEXT('2D SPACE',''
  ) );
#6646 = ORIENTED_EDGE('',*,*,#6647,.T.);
#6647 = EDGE_CURVE('',#6620,#6648,#6650,.T.);
#6648 = VERTEX_POINT('',#6649);
#6649 = CARTESIAN_POINT('',(-532.5,826.5,4.));
#6650 = SURFACE_CURVE('',#6651,(#6655,#6662),.PCURVE_S1.);
#6651 = LINE('',#6652,#6653);
#6652 = CARTESIAN_POINT('',(-532.5,826.5,0.));
#6653 = VECTOR('',#6654,1.);
#6654 = DIRECTION('',(0.,0.,1.));
#6655 = PCURVE('',#6595,#6656);
#6656 = DEFINITIONAL_REPRESENTATION('',(#6657),#6661);
#6657 = LINE('',#6658,#6659);
#6658 = CARTESIAN_POINT('',(0.,-1.653E+03));
#6659 = VECTOR('',#6660,1.);
#6660 = DIRECTION('',(1.,0.));
#6661 = ( GEOMETRIC_REPRESENTATION_CONTEXT(2) 
PARAMETRIC_REPRESENTATION_CONTEXT() REPRESENTATION_CONTEXT('2D SPACE',''
  ) );
#6662 = PCURVE('',#6663,#6668);
#6663 = PLANE('',#6664);
#6664 = AXIS2_PLACEMENT_3D('',#6665,#6666,#6667);
#6665 = CARTESIAN_POINT('',(-532.5,826.5,0.));
#6666 = DIRECTION('',(-0.,1.,0.));
#6667 = DIRECTION('',(0.,0.,1.));
#6668 = DEFINITIONAL_REPRESENTATION('',(#6669),#6673);
#6669 = LINE('',#6670,#6671);
#6670 = CARTESIAN_POINT('',(0.,0.));
#6671 = VECTOR('',#6672,1.);
#6672 = DIRECTION('',(1.,0.));
#6673 = ( GEOMETRIC_REPRESENTATION_CONTEXT(2) 
PARAMETRIC_REPRESENTATION_CONTEXT() REPRESENTATION_CONTEXT('2D SPACE',''
  ) );
#6674 = ORIENTED_EDGE('',*,*,#6675,.F.);
#6675 = EDGE_CURVE('',#6587,#6648,#6676,.T.);
#6676 = SURFACE_CURVE('',#6677,(#6681,#6688),.PCURVE_S1.);
#6677 = LINE('',#6678,#6679);
#6678 = CARTESIAN_POINT('',(-532.5,-826.5,4.));
#6679 = VECTOR('',#6680,1.);
#6680 = DIRECTION('',(-0.,1.,0.));
#6681 = PCURVE('',#6595,#6682);
#6682 = DEFINITIONAL_REPRESENTATION('',(#6683),#6687);
#6683 = LINE('',#6684,#6685);
#6684 = CARTESIAN_POINT('',(4.,0.));
#6685 = VECTOR('',#6686,1.);
#6686 = DIRECTION('',(0.,-1.));
#6687 = ( GEOMETRIC_REPRESENTATION_CONTEXT(2) 
PARAMETRIC_REPRESENTATION_CONTEXT() REPRESENTATION_CONTEXT('2D SPACE',''
  ) );
#6688 = PCURVE('',#6689,#6694);
#6689 = PLANE('',#6690);
#6690 = AXIS2_PLACEMENT_3D('',#6691,#6692,#6693);
#6691 = CARTESIAN_POINT('',(-532.5,-826.5,4.));
#6692 = DIRECTION('',(0.,0.,1.));
#6693 = DIRECTION('',(1.,0.,-0.));
#6694 = DEFINITIONAL_REPRESENTATION('',(#6695),#6699);
#6695 = LINE('',#6696,#6697);
#6696 = CARTESIAN_POINT('',(0.,0.));
#6697 = VECTOR('',#6698,1.);
#6698 = DIRECTION('',(0.,1.));
#6699 = ( GEOMETRIC_REPRESENTATION_CONTEXT(2) 
PARAMETRIC_REPRESENTATION_CONTEXT() REPRESENTATION_CONTEXT('2D SPACE',''
  ) );
#6700 = ADVANCED_FACE('',(#6701),#6715,.T.);
#6701 = FACE_BOUND('',#6702,.T.);
#6702 = EDGE_LOOP('',(#6703,#6733,#6756,#6779));
#6703 = ORIENTED_EDGE('',*,*,#6704,.F.);
#6704 = EDGE_CURVE('',#6705,#6707,#6709,.T.);
#6705 = VERTEX_POINT('',#6706);
#6706 = CARTESIAN_POINT('',(532.5,-826.5,0.));
#6707 = VERTEX_POINT('',#6708);
#6708 = CARTESIAN_POINT('',(532.5,-826.5,4.));
#6709 = SURFACE_CURVE('',#6710,(#6714,#6726),.PCURVE_S1.);
#6710 = LINE('',#6711,#6712);
#6711 = CARTESIAN_POINT('',(532.5,-826.5,0.));
#6712 = VECTOR('',#6713,1.);
#6713 = DIRECTION('',(0.,0.,1.));
#6714 = PCURVE('',#6715,#6720);
#6715 = PLANE('',#6716);
#6716 = AXIS2_PLACEMENT_3D('',#6717,#6718,#6719);
#6717 = CARTESIAN_POINT('',(532.5,-826.5,0.));
#6718 = DIRECTION('',(1.,0.,-0.));
#6719 = DIRECTION('',(0.,0.,1.));
#6720 = DEFINITIONAL_REPRESENTATION('',(#6721),#6725);
#6721 = LINE('',#6722,#6723);
#6722 = CARTESIAN_POINT('',(0.,0.));
#6723 = VECTOR('',#6724,1.);
#6724 = DIRECTION('',(1.,0.));
#6725 = ( GEOMETRIC_REPRESENTATION_CONTEXT(2) 
PARAMETRIC_REPRESENTATION_CONTEXT() REPRESENTATION_CONTEXT('2D SPACE',''
  ) );
#6726 = PCURVE('',#6607,#6727);
#6727 = DEFINITIONAL_REPRESENTATION('',(#6728),#6732);
#6728 = LINE('',#6729,#6730);
#6729 = CARTESIAN_POINT('',(0.,1.065E+03));
#6730 = VECTOR('',#6731,1.);
#6731 = DIRECTION('',(1.,0.));
#6732 = ( GEOMETRIC_REPRESENTATION_CONTEXT(2) 
PARAMETRIC_REPRESENTATION_CONTEXT() REPRESENTATION_CONTEXT('2D SPACE',''
  ) );
#6733 = ORIENTED_EDGE('',*,*,#6734,.T.);
#6734 = EDGE_CURVE('',#6705,#6735,#6737,.T.);
#6735 = VERTEX_POINT('',#6736);
#6736 = CARTESIAN_POINT('',(532.5,826.5,0.));
#6737 = SURFACE_CURVE('',#6738,(#6742,#6749),.PCURVE_S1.);
#6738 = LINE('',#6739,#6740);
#6739 = CARTESIAN_POINT('',(532.5,-826.5,0.));
#6740 = VECTOR('',#6741,1.);
#6741 = DIRECTION('',(-0.,1.,0.));
#6742 = PCURVE('',#6715,#6743);
#6743 = DEFINITIONAL_REPRESENTATION('',(#6744),#6748);
#6744 = LINE('',#6745,#6746);
#6745 = CARTESIAN_POINT('',(0.,0.));
#6746 = VECTOR('',#6747,1.);
#6747 = DIRECTION('',(0.,-1.));
#6748 = ( GEOMETRIC_REPRESENTATION_CONTEXT(2) 
PARAMETRIC_REPRESENTATION_CONTEXT() REPRESENTATION_CONTEXT('2D SPACE',''
  ) );
#6749 = PCURVE('',#6635,#6750);
#6750 = DEFINITIONAL_REPRESENTATION('',(#6751),#6755);
#6751 = LINE('',#6752,#6753);
#6752 = CARTESIAN_POINT('',(1.065E+03,0.));
#6753 = VECTOR('',#6754,1.);
#6754 = DIRECTION('',(0.,1.));
#6755 = ( GEOMETRIC_REPRESENTATION_CONTEXT(2) 
PARAMETRIC_REPRESENTATION_CONTEXT() REPRESENTATION_CONTEXT('2D SPACE',''
  ) );
#6756 = ORIENTED_EDGE('',*,*,#6757,.T.);
#6757 = EDGE_CURVE('',#6735,#6758,#6760,.T.);
#6758 = VERTEX_POINT('',#6759);
#6759 = CARTESIAN_POINT('',(532.5,826.5,4.));
#6760 = SURFACE_CURVE('',#6761,(#6765,#6772),.PCURVE_S1.);
#6761 = LINE('',#6762,#6763);
#6762 = CARTESIAN_POINT('',(532.5,826.5,0.));
#6763 = VECTOR('',#6764,1.);
#6764 = DIRECTION('',(0.,0.,1.));
#6765 = PCURVE('',#6715,#6766);
#6766 = DEFINITIONAL_REPRESENTATION('',(#6767),#6771);
#6767 = LINE('',#6768,#6769);
#6768 = CARTESIAN_POINT('',(0.,-1.653E+03));
#6769 = VECTOR('',#6770,1.);
#6770 = DIRECTION('',(1.,0.));
#6771 = ( GEOMETRIC_REPRESENTATION_CONTEXT(2) 
PARAMETRIC_REPRESENTATION_CONTEXT() REPRESENTATION_CONTEXT('2D SPACE',''
  ) );
#6772 = PCURVE('',#6663,#6773);
#6773 = DEFINITIONAL_REPRESENTATION('',(#6774),#6778);
#6774 = LINE('',#6775,#6776);
#6775 = CARTESIAN_POINT('',(0.,1.065E+03));
#6776 = VECTOR('',#6777,1.);
#6777 = DIRECTION('',(1.,0.));
#6778 = ( GEOMETRIC_REPRESENTATION_CONTEXT(2) 
PARAMETRIC_REPRESENTATION_CONTEXT() REPRESENTATION_CONTEXT('2D SPACE',''
  ) );
#6779 = ORIENTED_EDGE('',*,*,#6780,.F.);
#6780 = EDGE_CURVE('',#6707,#6758,#6781,.T.);
#6781 = SURFACE_CURVE('',#6782,(#6786,#6793),.PCURVE_S1.);
#6782 = LINE('',#6783,#6784);
#6783 = CARTESIAN_POINT('',(532.5,-826.5,4.));
#6784 = VECTOR('',#6785,1.);
#6785 = DIRECTION('',(-0.,1.,0.));
#6786 = PCURVE('',#6715,#6787);
#6787 = DEFINITIONAL_REPRESENTATION('',(#6788),#6792);
#6788 = LINE('',#6789,#6790);
#6789 = CARTESIAN_POINT('',(4.,0.));
#6790 = VECTOR('',#6791,1.);
#6791 = DIRECTION('',(0.,-1.));
#6792 = ( GEOMETRIC_REPRESENTATION_CONTEXT(2) 
PARAMETRIC_REPRESENTATION_CONTEXT() REPRESENTATION_CONTEXT('2D SPACE',''
  ) );
#6793 = PCURVE('',#6689,#6794);
#6794 = DEFINITIONAL_REPRESENTATION('',(#6795),#6799);
#6795 = LINE('',#6796,#6797);
#6796 = CARTESIAN_POINT('',(1.065E+03,0.));
#6797 = VECTOR('',#6798,1.);
#6798 = DIRECTION('',(0.,1.));
#6799 = ( GEOMETRIC_REPRESENTATION_CONTEXT(2) 
PARAMETRIC_REPRESENTATION_CONTEXT() REPRESENTATION_CONTEXT('2D SPACE',''
  ) );
#6800 = ADVANCED_FACE('',(#6801),#6607,.F.);
#6801 = FACE_BOUND('',#6802,.F.);
#6802 = EDGE_LOOP('',(#6803,#6824,#6825,#6846));
#6803 = ORIENTED_EDGE('',*,*,#6804,.F.);
#6804 = EDGE_CURVE('',#6585,#6705,#6805,.T.);
#6805 = SURFACE_CURVE('',#6806,(#6810,#6817),.PCURVE_S1.);
#6806 = LINE('',#6807,#6808);
#6807 = CARTESIAN_POINT('',(-532.5,-826.5,0.));
#6808 = VECTOR('',#6809,1.);
#6809 = DIRECTION('',(1.,0.,-0.));
#6810 = PCURVE('',#6607,#6811);
#6811 = DEFINITIONAL_REPRESENTATION('',(#6812),#6816);
#6812 = LINE('',#6813,#6814);
#6813 = CARTESIAN_POINT('',(0.,0.));
#6814 = VECTOR('',#6815,1.);
#6815 = DIRECTION('',(0.,1.));
#6816 = ( GEOMETRIC_REPRESENTATION_CONTEXT(2) 
PARAMETRIC_REPRESENTATION_CONTEXT() REPRESENTATION_CONTEXT('2D SPACE',''
  ) );
#6817 = PCURVE('',#6635,#6818);
#6818 = DEFINITIONAL_REPRESENTATION('',(#6819),#6823);
#6819 = LINE('',#6820,#6821);
#6820 = CARTESIAN_POINT('',(0.,0.));
#6821 = VECTOR('',#6822,1.);
#6822 = DIRECTION('',(1.,0.));
#6823 = ( GEOMETRIC_REPRESENTATION_CONTEXT(2) 
PARAMETRIC_REPRESENTATION_CONTEXT() REPRESENTATION_CONTEXT('2D SPACE',''
  ) );
#6824 = ORIENTED_EDGE('',*,*,#6584,.T.);
#6825 = ORIENTED_EDGE('',*,*,#6826,.T.);
#6826 = EDGE_CURVE('',#6587,#6707,#6827,.T.);
#6827 = SURFACE_CURVE('',#6828,(#6832,#6839),.PCURVE_S1.);
#6828 = LINE('',#6829,#6830);
#6829 = CARTESIAN_POINT('',(-532.5,-826.5,4.));
#6830 = VECTOR('',#6831,1.);
#6831 = DIRECTION('',(1.,0.,-0.));
#6832 = PCURVE('',#6607,#6833);
#6833 = DEFINITIONAL_REPRESENTATION('',(#6834),#6838);
#6834 = LINE('',#6835,#6836);
#6835 = CARTESIAN_POINT('',(4.,0.));
#6836 = VECTOR('',#6837,1.);
#6837 = DIRECTION('',(0.,1.));
#6838 = ( GEOMETRIC_REPRESENTATION_CONTEXT(2) 
PARAMETRIC_REPRESENTATION_CONTEXT() REPRESENTATION_CONTEXT('2D SPACE',''
  ) );
#6839 = PCURVE('',#6689,#6840);
#6840 = DEFINITIONAL_REPRESENTATION('',(#6841),#6845);
#6841 = LINE('',#6842,#6843);
#6842 = CARTESIAN_POINT('',(0.,0.));
#6843 = VECTOR('',#6844,1.);
#6844 = DIRECTION('',(1.,0.));
#6845 = ( GEOMETRIC_REPRESENTATION_CONTEXT(2) 
PARAMETRIC_REPRESENTATION_CONTEXT() REPRESENTATION_CONTEXT('2D SPACE',''
  ) );
#6846 = ORIENTED_EDGE('',*,*,#6704,.F.);
#6847 = ADVANCED_FACE('',(#6848),#6663,.T.);
#6848 = FACE_BOUND('',#6849,.T.);
#6849 = EDGE_LOOP('',(#6850,#6871,#6872,#6893));
#6850 = ORIENTED_EDGE('',*,*,#6851,.F.);
#6851 = EDGE_CURVE('',#6620,#6735,#6852,.T.);
#6852 = SURFACE_CURVE('',#6853,(#6857,#6864),.PCURVE_S1.);
#6853 = LINE('',#6854,#6855);
#6854 = CARTESIAN_POINT('',(-532.5,826.5,0.));
#6855 = VECTOR('',#6856,1.);
#6856 = DIRECTION('',(1.,0.,-0.));
#6857 = PCURVE('',#6663,#6858);
#6858 = DEFINITIONAL_REPRESENTATION('',(#6859),#6863);
#6859 = LINE('',#6860,#6861);
#6860 = CARTESIAN_POINT('',(0.,0.));
#6861 = VECTOR('',#6862,1.);
#6862 = DIRECTION('',(0.,1.));
#6863 = ( GEOMETRIC_REPRESENTATION_CONTEXT(2) 
PARAMETRIC_REPRESENTATION_CONTEXT() REPRESENTATION_CONTEXT('2D SPACE',''
  ) );
#6864 = PCURVE('',#6635,#6865);
#6865 = DEFINITIONAL_REPRESENTATION('',(#6866),#6870);
#6866 = LINE('',#6867,#6868);
#6867 = CARTESIAN_POINT('',(0.,1.653E+03));
#6868 = VECTOR('',#6869,1.);
#6869 = DIRECTION('',(1.,0.));
#6870 = ( GEOMETRIC_REPRESENTATION_CONTEXT(2) 
PARAMETRIC_REPRESENTATION_CONTEXT() REPRESENTATION_CONTEXT('2D SPACE',''
  ) );
#6871 = ORIENTED_EDGE('',*,*,#6647,.T.);
#6872 = ORIENTED_EDGE('',*,*,#6873,.T.);
#6873 = EDGE_CURVE('',#6648,#6758,#6874,.T.);
#6874 = SURFACE_CURVE('',#6875,(#6879,#6886),.PCURVE_S1.);
#6875 = LINE('',#6876,#6877);
#6876 = CARTESIAN_POINT('',(-532.5,826.5,4.));
#6877 = VECTOR('',#6878,1.);
#6878 = DIRECTION('',(1.,0.,-0.));
#6879 = PCURVE('',#6663,#6880);
#6880 = DEFINITIONAL_REPRESENTATION('',(#6881),#6885);
#6881 = LINE('',#6882,#6883);
#6882 = CARTESIAN_POINT('',(4.,0.));
#6883 = VECTOR('',#6884,1.);
#6884 = DIRECTION('',(0.,1.));
#6885 = ( GEOMETRIC_REPRESENTATION_CONTEXT(2) 
PARAMETRIC_REPRESENTATION_CONTEXT() REPRESENTATION_CONTEXT('2D SPACE',''
  ) );
#6886 = PCURVE('',#6689,#6887);
#6887 = DEFINITIONAL_REPRESENTATION('',(#6888),#6892);
#6888 = LINE('',#6889,#6890);
#6889 = CARTESIAN_POINT('',(0.,1.653E+03));
#6890 = VECTOR('',#6891,1.);
#6891 = DIRECTION('',(1.,0.));
#6892 = ( GEOMETRIC_REPRESENTATION_CONTEXT(2) 
PARAMETRIC_REPRESENTATION_CONTEXT() REPRESENTATION_CONTEXT('2D SPACE',''
  ) );
#6893 = ORIENTED_EDGE('',*,*,#6757,.F.);
#6894 = ADVANCED_FACE('',(#6895),#6635,.F.);
#6895 = FACE_BOUND('',#6896,.F.);
#6896 = EDGE_LOOP('',(#6897,#6898,#6899,#6900));
#6897 = ORIENTED_EDGE('',*,*,#6619,.F.);
#6898 = ORIENTED_EDGE('',*,*,#6804,.T.);
#6899 = ORIENTED_EDGE('',*,*,#6734,.T.);
#6900 = ORIENTED_EDGE('',*,*,#6851,.F.);
#6901 = ADVANCED_FACE('',(#6902),#6689,.T.);
#6902 = FACE_BOUND('',#6903,.T.);
#6903 = EDGE_LOOP('',(#6904,#6905,#6906,#6907));
#6904 = ORIENTED_EDGE('',*,*,#6675,.F.);
#6905 = ORIENTED_EDGE('',*,*,#6826,.T.);
#6906 = ORIENTED_EDGE('',*,*,#6780,.T.);
#6907 = ORIENTED_EDGE('',*,*,#6873,.F.);
#6908 = ( GEOMETRIC_REPRESENTATION_CONTEXT(3) 
GLOBAL_UNCERTAINTY_ASSIGNED_CONTEXT((#6912)) 
GLOBAL_UNIT_ASSIGNED_CONTEXT((#6909,#6910,#6911)) REPRESENTATION_CONTEXT
('Context #1','3D Context with UNIT and UNCERTAINTY') );
#6909 = ( LENGTH_UNIT() NAMED_UNIT(*) SI_UNIT(.MILLI.,.METRE.) );
#6910 = ( NAMED_UNIT(*) PLANE_ANGLE_UNIT() SI_UNIT($,.RADIAN.) );
#6911 = ( NAMED_UNIT(*) SI_UNIT($,.STERADIAN.) SOLID_ANGLE_UNIT() );
#6912 = UNCERTAINTY_MEASURE_WITH_UNIT(LENGTH_MEASURE(1.E-07),#6909,
  'distance_accuracy_value','confusion accuracy');
#6913 = CONTEXT_DEPENDENT_SHAPE_REPRESENTATION(#6914,#6916);
#6914 = ( REPRESENTATION_RELATIONSHIP('','',#6577,#10) 
REPRESENTATION_RELATIONSHIP_WITH_TRANSFORMATION(#6915) 
SHAPE_REPRESENTATION_RELATIONSHIP() );
#6915 = ITEM_DEFINED_TRANSFORMATION('','',#11,#67);
#6916 = PRODUCT_DEFINITION_SHAPE('Placement','Placement of an item',
  #6917);
#6917 = NEXT_ASSEMBLY_USAGE_OCCURRENCE('48','cell.6','',#5,#6572,$);
#6918 = PRODUCT_RELATED_PRODUCT_CATEGORY('part',$,(#6574));
#6919 = SHAPE_DEFINITION_REPRESENTATION(#6920,#6926);
#6920 = PRODUCT_DEFINITION_SHAPE('','',#6921);
#6921 = PRODUCT_DEFINITION('design','',#6922,#6925);
#6922 = PRODUCT_DEFINITION_FORMATION('','',#6923);
#6923 = PRODUCT('metal.107','metal.107','',(#6924));
#6924 = PRODUCT_CONTEXT('',#2,'mechanical');
#6925 = PRODUCT_DEFINITION_CONTEXT('part definition',#2,'design');
#6926 = ADVANCED_BREP_SHAPE_REPRESENTATION('',(#11,#6927),#7571);
#6927 = MANIFOLD_SOLID_BREP('',#6928);
#6928 = CLOSED_SHELL('',(#6929,#7049,#7125,#7280,#7329,#7356,#7363,#7439
    ,#7488,#7537,#7564));
#6929 = ADVANCED_FACE('',(#6930),#6944,.F.);
#6930 = FACE_BOUND('',#6931,.F.);
#6931 = EDGE_LOOP('',(#6932,#6967,#6995,#7023));
#6932 = ORIENTED_EDGE('',*,*,#6933,.F.);
#6933 = EDGE_CURVE('',#6934,#6936,#6938,.T.);
#6934 = VERTEX_POINT('',#6935);
#6935 = CARTESIAN_POINT('',(-567.,-861.,0.));
#6936 = VERTEX_POINT('',#6937);
#6937 = CARTESIAN_POINT('',(-567.,-861.,30.));
#6938 = SURFACE_CURVE('',#6939,(#6943,#6955),.PCURVE_S1.);
#6939 = LINE('',#6940,#6941);
#6940 = CARTESIAN_POINT('',(-567.,-861.,0.));
#6941 = VECTOR('',#6942,1.);
#6942 = DIRECTION('',(0.,0.,1.));
#6943 = PCURVE('',#6944,#6949);
#6944 = PLANE('',#6945);
#6945 = AXIS2_PLACEMENT_3D('',#6946,#6947,#6948);
#6946 = CARTESIAN_POINT('',(-567.,-861.,0.));
#6947 = DIRECTION('',(1.,0.,-0.));
#6948 = DIRECTION('',(0.,0.,1.));
#6949 = DEFINITIONAL_REPRESENTATION('',(#6950),#6954);
#6950 = LINE('',#6951,#6952);
#6951 = CARTESIAN_POINT('',(0.,0.));
#6952 = VECTOR('',#6953,1.);
#6953 = DIRECTION('',(1.,0.));
#6954 = ( GEOMETRIC_REPRESENTATION_CONTEXT(2) 
PARAMETRIC_REPRESENTATION_CONTEXT() REPRESENTATION_CONTEXT('2D SPACE',''
  ) );
#6955 = PCURVE('',#6956,#6961);
#6956 = PLANE('',#6957);
#6957 = AXIS2_PLACEMENT_3D('',#6958,#6959,#6960);
#6958 = CARTESIAN_POINT('',(-567.,-861.,0.));
#6959 = DIRECTION('',(-0.,1.,0.));
#6960 = DIRECTION('',(0.,0.,1.));
#6961 = DEFINITIONAL_REPRESENTATION('',(#6962),#6966);
#6962 = LINE('',#6963,#6964);
#6963 = CARTESIAN_POINT('',(0.,0.));
#6964 = VECTOR('',#6965,1.);
#6965 = DIRECTION('',(1.,0.));
#6966 = ( GEOMETRIC_REPRESENTATION_CONTEXT(2) 
PARAMETRIC_REPRESENTATION_CONTEXT() REPRESENTATION_CONTEXT('2D SPACE',''
  ) );
#6967 = ORIENTED_EDGE('',*,*,#6968,.T.);
#6968 = EDGE_CURVE('',#6934,#6969,#6971,.T.);
#6969 = VERTEX_POINT('',#6970);
#6970 = CARTESIAN_POINT('',(-567.,861.,0.));
#6971 = SURFACE_CURVE('',#6972,(#6976,#6983),.PCURVE_S1.);
#6972 = LINE('',#6973,#6974);
#6973 = CARTESIAN_POINT('',(-567.,-861.,0.));
#6974 = VECTOR('',#6975,1.);
#6975 = DIRECTION('',(-0.,1.,0.));
#6976 = PCURVE('',#6944,#6977);
#6977 = DEFINITIONAL_REPRESENTATION('',(#6978),#6982);
#6978 = LINE('',#6979,#6980);
#6979 = CARTESIAN_POINT('',(0.,0.));
#6980 = VECTOR('',#6981,1.);
#6981 = DIRECTION('',(0.,-1.));
#6982 = ( GEOMETRIC_REPRESENTATION_CONTEXT(2) 
PARAMETRIC_REPRESENTATION_CONTEXT() REPRESENTATION_CONTEXT('2D SPACE',''
  ) );
#6983 = PCURVE('',#6984,#6989);
#6984 = PLANE('',#6985);
#6985 = AXIS2_PLACEMENT_3D('',#6986,#6987,#6988);
#6986 = CARTESIAN_POINT('',(-567.,-861.,0.));
#6987 = DIRECTION('',(0.,0.,1.));
#6988 = DIRECTION('',(1.,0.,-0.));
#6989 = DEFINITIONAL_REPRESENTATION('',(#6990),#6994);
#6990 = LINE('',#6991,#6992);
#6991 = CARTESIAN_POINT('',(0.,0.));
#6992 = VECTOR('',#6993,1.);
#6993 = DIRECTION('',(0.,1.));
#6994 = ( GEOMETRIC_REPRESENTATION_CONTEXT(2) 
PARAMETRIC_REPRESENTATION_CONTEXT() REPRESENTATION_CONTEXT('2D SPACE',''
  ) );
#6995 = ORIENTED_EDGE('',*,*,#6996,.T.);
#6996 = EDGE_CURVE('',#6969,#6997,#6999,.T.);
#6997 = VERTEX_POINT('',#6998);
#6998 = CARTESIAN_POINT('',(-567.,861.,30.));
#6999 = SURFACE_CURVE('',#7000,(#7004,#7011),.PCURVE_S1.);
#7000 = LINE('',#7001,#7002);
#7001 = CARTESIAN_POINT('',(-567.,861.,0.));
#7002 = VECTOR('',#7003,1.);
#7003 = DIRECTION('',(0.,0.,1.));
#7004 = PCURVE('',#6944,#7005);
#7005 = DEFINITIONAL_REPRESENTATION('',(#7006),#7010);
#7006 = LINE('',#7007,#7008);
#7007 = CARTESIAN_POINT('',(0.,-1.722E+03));
#7008 = VECTOR('',#7009,1.);
#7009 = DIRECTION('',(1.,0.));
#7010 = ( GEOMETRIC_REPRESENTATION_CONTEXT(2) 
PARAMETRIC_REPRESENTATION_CONTEXT() REPRESENTATION_CONTEXT('2D SPACE',''
  ) );
#7011 = PCURVE('',#7012,#7017);
#7012 = PLANE('',#7013);
#7013 = AXIS2_PLACEMENT_3D('',#7014,#7015,#7016);
#7014 = CARTESIAN_POINT('',(-567.,861.,0.));
#7015 = DIRECTION('',(-0.,1.,0.));
#7016 = DIRECTION('',(0.,0.,1.));
#7017 = DEFINITIONAL_REPRESENTATION('',(#7018),#7022);
#7018 = LINE('',#7019,#7020);
#7019 = CARTESIAN_POINT('',(0.,0.));
#7020 = VECTOR('',#7021,1.);
#7021 = DIRECTION('',(1.,0.));
#7022 = ( GEOMETRIC_REPRESENTATION_CONTEXT(2) 
PARAMETRIC_REPRESENTATION_CONTEXT() REPRESENTATION_CONTEXT('2D SPACE',''
  ) );
#7023 = ORIENTED_EDGE('',*,*,#7024,.F.);
#7024 = EDGE_CURVE('',#6936,#6997,#7025,.T.);
#7025 = SURFACE_CURVE('',#7026,(#7030,#7037),.PCURVE_S1.);
#7026 = LINE('',#7027,#7028);
#7027 = CARTESIAN_POINT('',(-567.,-861.,30.));
#7028 = VECTOR('',#7029,1.);
#7029 = DIRECTION('',(-0.,1.,0.));
#7030 = PCURVE('',#6944,#7031);
#7031 = DEFINITIONAL_REPRESENTATION('',(#7032),#7036);
#7032 = LINE('',#7033,#7034);
#7033 = CARTESIAN_POINT('',(30.,0.));
#7034 = VECTOR('',#7035,1.);
#7035 = DIRECTION('',(0.,-1.));
#7036 = ( GEOMETRIC_REPRESENTATION_CONTEXT(2) 
PARAMETRIC_REPRESENTATION_CONTEXT() REPRESENTATION_CONTEXT('2D SPACE',''
  ) );
#7037 = PCURVE('',#7038,#7043);
#7038 = PLANE('',#7039);
#7039 = AXIS2_PLACEMENT_3D('',#7040,#7041,#7042);
#7040 = CARTESIAN_POINT('',(-567.,-861.,30.));
#7041 = DIRECTION('',(0.,0.,1.));
#7042 = DIRECTION('',(1.,0.,-0.));
#7043 = DEFINITIONAL_REPRESENTATION('',(#7044),#7048);
#7044 = LINE('',#7045,#7046);
#7045 = CARTESIAN_POINT('',(0.,0.));
#7046 = VECTOR('',#7047,1.);
#7047 = DIRECTION('',(0.,1.));
#7048 = ( GEOMETRIC_REPRESENTATION_CONTEXT(2) 
PARAMETRIC_REPRESENTATION_CONTEXT() REPRESENTATION_CONTEXT('2D SPACE',''
  ) );
#7049 = ADVANCED_FACE('',(#7050),#6956,.F.);
#7050 = FACE_BOUND('',#7051,.F.);
#7051 = EDGE_LOOP('',(#7052,#7075,#7076,#7099));
#7052 = ORIENTED_EDGE('',*,*,#7053,.F.);
#7053 = EDGE_CURVE('',#6934,#7054,#7056,.T.);
#7054 = VERTEX_POINT('',#7055);
#7055 = CARTESIAN_POINT('',(567.,-861.,0.));
#7056 = SURFACE_CURVE('',#7057,(#7061,#7068),.PCURVE_S1.);
#7057 = LINE('',#7058,#7059);
#7058 = CARTESIAN_POINT('',(-567.,-861.,0.));
#7059 = VECTOR('',#7060,1.);
#7060 = DIRECTION('',(1.,0.,-0.));
#7061 = PCURVE('',#6956,#7062);
#7062 = DEFINITIONAL_REPRESENTATION('',(#7063),#7067);
#7063 = LINE('',#7064,#7065);
#7064 = CARTESIAN_POINT('',(0.,0.));
#7065 = VECTOR('',#7066,1.);
#7066 = DIRECTION('',(0.,1.));
#7067 = ( GEOMETRIC_REPRESENTATION_CONTEXT(2) 
PARAMETRIC_REPRESENTATION_CONTEXT() REPRESENTATION_CONTEXT('2D SPACE',''
  ) );
#7068 = PCURVE('',#6984,#7069);
#7069 = DEFINITIONAL_REPRESENTATION('',(#7070),#7074);
#7070 = LINE('',#7071,#7072);
#7071 = CARTESIAN_POINT('',(0.,0.));
#7072 = VECTOR('',#7073,1.);
#7073 = DIRECTION('',(1.,0.));
#7074 = ( GEOMETRIC_REPRESENTATION_CONTEXT(2) 
PARAMETRIC_REPRESENTATION_CONTEXT() REPRESENTATION_CONTEXT('2D SPACE',''
  ) );
#7075 = ORIENTED_EDGE('',*,*,#6933,.T.);
#7076 = ORIENTED_EDGE('',*,*,#7077,.T.);
#7077 = EDGE_CURVE('',#6936,#7078,#7080,.T.);
#7078 = VERTEX_POINT('',#7079);
#7079 = CARTESIAN_POINT('',(567.,-861.,30.));
#7080 = SURFACE_CURVE('',#7081,(#7085,#7092),.PCURVE_S1.);
#7081 = LINE('',#7082,#7083);
#7082 = CARTESIAN_POINT('',(-567.,-861.,30.));
#7083 = VECTOR('',#7084,1.);
#7084 = DIRECTION('',(1.,0.,-0.));
#7085 = PCURVE('',#6956,#7086);
#7086 = DEFINITIONAL_REPRESENTATION('',(#7087),#7091);
#7087 = LINE('',#7088,#7089);
#7088 = CARTESIAN_POINT('',(30.,0.));
#7089 = VECTOR('',#7090,1.);
#7090 = DIRECTION('',(0.,1.));
#7091 = ( GEOMETRIC_REPRESENTATION_CONTEXT(2) 
PARAMETRIC_REPRESENTATION_CONTEXT() REPRESENTATION_CONTEXT('2D SPACE',''
  ) );
#7092 = PCURVE('',#7038,#7093);
#7093 = DEFINITIONAL_REPRESENTATION('',(#7094),#7098);
#7094 = LINE('',#7095,#7096);
#7095 = CARTESIAN_POINT('',(0.,0.));
#7096 = VECTOR('',#7097,1.);
#7097 = DIRECTION('',(1.,0.));
#7098 = ( GEOMETRIC_REPRESENTATION_CONTEXT(2) 
PARAMETRIC_REPRESENTATION_CONTEXT() REPRESENTATION_CONTEXT('2D SPACE',''
  ) );
#7099 = ORIENTED_EDGE('',*,*,#7100,.F.);
#7100 = EDGE_CURVE('',#7054,#7078,#7101,.T.);
#7101 = SURFACE_CURVE('',#7102,(#7106,#7113),.PCURVE_S1.);
#7102 = LINE('',#7103,#7104);
#7103 = CARTESIAN_POINT('',(567.,-861.,0.));
#7104 = VECTOR('',#7105,1.);
#7105 = DIRECTION('',(0.,0.,1.));
#7106 = PCURVE('',#6956,#7107);
#7107 = DEFINITIONAL_REPRESENTATION('',(#7108),#7112);
#7108 = LINE('',#7109,#7110);
#7109 = CARTESIAN_POINT('',(0.,1.134E+03));
#7110 = VECTOR('',#7111,1.);
#7111 = DIRECTION('',(1.,0.));
#7112 = ( GEOMETRIC_REPRESENTATION_CONTEXT(2) 
PARAMETRIC_REPRESENTATION_CONTEXT() REPRESENTATION_CONTEXT('2D SPACE',''
  ) );
#7113 = PCURVE('',#7114,#7119);
#7114 = PLANE('',#7115);
#7115 = AXIS2_PLACEMENT_3D('',#7116,#7117,#7118);
#7116 = CARTESIAN_POINT('',(567.,-861.,0.));
#7117 = DIRECTION('',(1.,0.,-0.));
#7118 = DIRECTION('',(0.,0.,1.));
#7119 = DEFINITIONAL_REPRESENTATION('',(#7120),#7124);
#7120 = LINE('',#7121,#7122);
#7121 = CARTESIAN_POINT('',(0.,0.));
#7122 = VECTOR('',#7123,1.);
#7123 = DIRECTION('',(1.,0.));
#7124 = ( GEOMETRIC_REPRESENTATION_CONTEXT(2) 
PARAMETRIC_REPRESENTATION_CONTEXT() REPRESENTATION_CONTEXT('2D SPACE',''
  ) );
#7125 = ADVANCED_FACE('',(#7126,#7174),#7038,.T.);
#7126 = FACE_BOUND('',#7127,.T.);
#7127 = EDGE_LOOP('',(#7128,#7129,#7130,#7153));
#7128 = ORIENTED_EDGE('',*,*,#7024,.F.);
#7129 = ORIENTED_EDGE('',*,*,#7077,.T.);
#7130 = ORIENTED_EDGE('',*,*,#7131,.T.);
#7131 = EDGE_CURVE('',#7078,#7132,#7134,.T.);
#7132 = VERTEX_POINT('',#7133);
#7133 = CARTESIAN_POINT('',(567.,861.,30.));
#7134 = SURFACE_CURVE('',#7135,(#7139,#7146),.PCURVE_S1.);
#7135 = LINE('',#7136,#7137);
#7136 = CARTESIAN_POINT('',(567.,-861.,30.));
#7137 = VECTOR('',#7138,1.);
#7138 = DIRECTION('',(-0.,1.,0.));
#7139 = PCURVE('',#7038,#7140);
#7140 = DEFINITIONAL_REPRESENTATION('',(#7141),#7145);
#7141 = LINE('',#7142,#7143);
#7142 = CARTESIAN_POINT('',(1.134E+03,0.));
#7143 = VECTOR('',#7144,1.);
#7144 = DIRECTION('',(0.,1.));
#7145 = ( GEOMETRIC_REPRESENTATION_CONTEXT(2) 
PARAMETRIC_REPRESENTATION_CONTEXT() REPRESENTATION_CONTEXT('2D SPACE',''
  ) );
#7146 = PCURVE('',#7114,#7147);
#7147 = DEFINITIONAL_REPRESENTATION('',(#7148),#7152);
#7148 = LINE('',#7149,#7150);
#7149 = CARTESIAN_POINT('',(30.,0.));
#7150 = VECTOR('',#7151,1.);
#7151 = DIRECTION('',(0.,-1.));
#7152 = ( GEOMETRIC_REPRESENTATION_CONTEXT(2) 
PARAMETRIC_REPRESENTATION_CONTEXT() REPRESENTATION_CONTEXT('2D SPACE',''
  ) );
#7153 = ORIENTED_EDGE('',*,*,#7154,.F.);
#7154 = EDGE_CURVE('',#6997,#7132,#7155,.T.);
#7155 = SURFACE_CURVE('',#7156,(#7160,#7167),.PCURVE_S1.);
#7156 = LINE('',#7157,#7158);
#7157 = CARTESIAN_POINT('',(-567.,861.,30.));
#7158 = VECTOR('',#7159,1.);
#7159 = DIRECTION('',(1.,0.,-0.));
#7160 = PCURVE('',#7038,#7161);
#7161 = DEFINITIONAL_REPRESENTATION('',(#7162),#7166);
#7162 = LINE('',#7163,#7164);
#7163 = CARTESIAN_POINT('',(0.,1.722E+03));
#7164 = VECTOR('',#7165,1.);
#7165 = DIRECTION('',(1.,0.));
#7166 = ( GEOMETRIC_REPRESENTATION_CONTEXT(2) 
PARAMETRIC_REPRESENTATION_CONTEXT() REPRESENTATION_CONTEXT('2D SPACE',''
  ) );
#7167 = PCURVE('',#7012,#7168);
#7168 = DEFINITIONAL_REPRESENTATION('',(#7169),#7173);
#7169 = LINE('',#7170,#7171);
#7170 = CARTESIAN_POINT('',(30.,0.));
#7171 = VECTOR('',#7172,1.);
#7172 = DIRECTION('',(0.,1.));
#7173 = ( GEOMETRIC_REPRESENTATION_CONTEXT(2) 
PARAMETRIC_REPRESENTATION_CONTEXT() REPRESENTATION_CONTEXT('2D SPACE',''
  ) );
#7174 = FACE_BOUND('',#7175,.T.);
#7175 = EDGE_LOOP('',(#7176,#7204,#7230,#7256));
#7176 = ORIENTED_EDGE('',*,*,#7177,.T.);
#7177 = EDGE_CURVE('',#7178,#7180,#7182,.T.);
#7178 = VERTEX_POINT('',#7179);
#7179 = CARTESIAN_POINT('',(532.,-826.,30.));
#7180 = VERTEX_POINT('',#7181);
#7181 = CARTESIAN_POINT('',(-532.,-826.,30.));
#7182 = SURFACE_CURVE('',#7183,(#7187,#7193),.PCURVE_S1.);
#7183 = LINE('',#7184,#7185);
#7184 = CARTESIAN_POINT('',(-549.5,-826.,30.));
#7185 = VECTOR('',#7186,1.);
#7186 = DIRECTION('',(-1.,-0.,0.));
#7187 = PCURVE('',#7038,#7188);
#7188 = DEFINITIONAL_REPRESENTATION('',(#7189),#7192);
#7189 = B_SPLINE_CURVE_WITH_KNOTS('',1,(#7190,#7191),.UNSPECIFIED.,.F.,
  .F.,(2,2),(-1.0815E+03,-17.5),.PIECEWISE_BEZIER_KNOTS.);
#7190 = CARTESIAN_POINT('',(1.099E+03,35.));
#7191 = CARTESIAN_POINT('',(35.,35.));
#7192 = ( GEOMETRIC_REPRESENTATION_CONTEXT(2) 
PARAMETRIC_REPRESENTATION_CONTEXT() REPRESENTATION_CONTEXT('2D SPACE',''
  ) );
#7193 = PCURVE('',#7194,#7199);
#7194 = PLANE('',#7195);
#7195 = AXIS2_PLACEMENT_3D('',#7196,#7197,#7198);
#7196 = CARTESIAN_POINT('',(-532.,-826.,4.));
#7197 = DIRECTION('',(-0.,1.,0.));
#7198 = DIRECTION('',(0.,0.,1.));
#7199 = DEFINITIONAL_REPRESENTATION('',(#7200),#7203);
#7200 = B_SPLINE_CURVE_WITH_KNOTS('',1,(#7201,#7202),.UNSPECIFIED.,.F.,
  .F.,(2,2),(-1.0815E+03,-17.5),.PIECEWISE_BEZIER_KNOTS.);
#7201 = CARTESIAN_POINT('',(26.,1.064E+03));
#7202 = CARTESIAN_POINT('',(26.,0.));
#7203 = ( GEOMETRIC_REPRESENTATION_CONTEXT(2) 
PARAMETRIC_REPRESENTATION_CONTEXT() REPRESENTATION_CONTEXT('2D SPACE',''
  ) );
#7204 = ORIENTED_EDGE('',*,*,#7205,.T.);
#7205 = EDGE_CURVE('',#7180,#7206,#7208,.T.);
#7206 = VERTEX_POINT('',#7207);
#7207 = CARTESIAN_POINT('',(-532.,826.,30.));
#7208 = SURFACE_CURVE('',#7209,(#7213,#7219),.PCURVE_S1.);
#7209 = LINE('',#7210,#7211);
#7210 = CARTESIAN_POINT('',(-532.,-843.5,30.));
#7211 = VECTOR('',#7212,1.);
#7212 = DIRECTION('',(-0.,1.,0.));
#7213 = PCURVE('',#7038,#7214);
#7214 = DEFINITIONAL_REPRESENTATION('',(#7215),#7218);
#7215 = B_SPLINE_CURVE_WITH_KNOTS('',1,(#7216,#7217),.UNSPECIFIED.,.F.,
  .F.,(2,2),(17.5,1.6695E+03),.PIECEWISE_BEZIER_KNOTS.);
#7216 = CARTESIAN_POINT('',(35.,35.));
#7217 = CARTESIAN_POINT('',(35.,1.687E+03));
#7218 = ( GEOMETRIC_REPRESENTATION_CONTEXT(2) 
PARAMETRIC_REPRESENTATION_CONTEXT() REPRESENTATION_CONTEXT('2D SPACE',''
  ) );
#7219 = PCURVE('',#7220,#7225);
#7220 = PLANE('',#7221);
#7221 = AXIS2_PLACEMENT_3D('',#7222,#7223,#7224);
#7222 = CARTESIAN_POINT('',(-532.,-826.,4.));
#7223 = DIRECTION('',(1.,0.,-0.));
#7224 = DIRECTION('',(0.,0.,1.));
#7225 = DEFINITIONAL_REPRESENTATION('',(#7226),#7229);
#7226 = B_SPLINE_CURVE_WITH_KNOTS('',1,(#7227,#7228),.UNSPECIFIED.,.F.,
  .F.,(2,2),(17.5,1.6695E+03),.PIECEWISE_BEZIER_KNOTS.);
#7227 = CARTESIAN_POINT('',(26.,0.));
#7228 = CARTESIAN_POINT('',(26.,-1.652E+03));
#7229 = ( GEOMETRIC_REPRESENTATION_CONTEXT(2) 
PARAMETRIC_REPRESENTATION_CONTEXT() REPRESENTATION_CONTEXT('2D SPACE',''
  ) );
#7230 = ORIENTED_EDGE('',*,*,#7231,.F.);
#7231 = EDGE_CURVE('',#7232,#7206,#7234,.T.);
#7232 = VERTEX_POINT('',#7233);
#7233 = CARTESIAN_POINT('',(532.,826.,30.));
#7234 = SURFACE_CURVE('',#7235,(#7239,#7245),.PCURVE_S1.);
#7235 = LINE('',#7236,#7237);
#7236 = CARTESIAN_POINT('',(-549.5,826.,30.));
#7237 = VECTOR('',#7238,1.);
#7238 = DIRECTION('',(-1.,-0.,0.));
#7239 = PCURVE('',#7038,#7240);
#7240 = DEFINITIONAL_REPRESENTATION('',(#7241),#7244);
#7241 = B_SPLINE_CURVE_WITH_KNOTS('',1,(#7242,#7243),.UNSPECIFIED.,.F.,
  .F.,(2,2),(-1.0815E+03,-17.5),.PIECEWISE_BEZIER_KNOTS.);
#7242 = CARTESIAN_POINT('',(1.099E+03,1.687E+03));
#7243 = CARTESIAN_POINT('',(35.,1.687E+03));
#7244 = ( GEOMETRIC_REPRESENTATION_CONTEXT(2) 
PARAMETRIC_REPRESENTATION_CONTEXT() REPRESENTATION_CONTEXT('2D SPACE',''
  ) );
#7245 = PCURVE('',#7246,#7251);
#7246 = PLANE('',#7247);
#7247 = AXIS2_PLACEMENT_3D('',#7248,#7249,#7250);
#7248 = CARTESIAN_POINT('',(-532.,826.,4.));
#7249 = DIRECTION('',(-0.,1.,0.));
#7250 = DIRECTION('',(0.,0.,1.));
#7251 = DEFINITIONAL_REPRESENTATION('',(#7252),#7255);
#7252 = B_SPLINE_CURVE_WITH_KNOTS('',1,(#7253,#7254),.UNSPECIFIED.,.F.,
  .F.,(2,2),(-1.0815E+03,-17.5),.PIECEWISE_BEZIER_KNOTS.);
#7253 = CARTESIAN_POINT('',(26.,1.064E+03));
#7254 = CARTESIAN_POINT('',(26.,0.));
#7255 = ( GEOMETRIC_REPRESENTATION_CONTEXT(2) 
PARAMETRIC_REPRESENTATION_CONTEXT() REPRESENTATION_CONTEXT('2D SPACE',''
  ) );
#7256 = ORIENTED_EDGE('',*,*,#7257,.F.);
#7257 = EDGE_CURVE('',#7178,#7232,#7258,.T.);
#7258 = SURFACE_CURVE('',#7259,(#7263,#7269),.PCURVE_S1.);
#7259 = LINE('',#7260,#7261);
#7260 = CARTESIAN_POINT('',(532.,-843.5,30.));
#7261 = VECTOR('',#7262,1.);
#7262 = DIRECTION('',(-0.,1.,0.));
#7263 = PCURVE('',#7038,#7264);
#7264 = DEFINITIONAL_REPRESENTATION('',(#7265),#7268);
#7265 = B_SPLINE_CURVE_WITH_KNOTS('',1,(#7266,#7267),.UNSPECIFIED.,.F.,
  .F.,(2,2),(17.5,1.6695E+03),.PIECEWISE_BEZIER_KNOTS.);
#7266 = CARTESIAN_POINT('',(1.099E+03,35.));
#7267 = CARTESIAN_POINT('',(1.099E+03,1.687E+03));
#7268 = ( GEOMETRIC_REPRESENTATION_CONTEXT(2) 
PARAMETRIC_REPRESENTATION_CONTEXT() REPRESENTATION_CONTEXT('2D SPACE',''
  ) );
#7269 = PCURVE('',#7270,#7275);
#7270 = PLANE('',#7271);
#7271 = AXIS2_PLACEMENT_3D('',#7272,#7273,#7274);
#7272 = CARTESIAN_POINT('',(532.,-826.,4.));
#7273 = DIRECTION('',(1.,0.,-0.));
#7274 = DIRECTION('',(0.,0.,1.));
#7275 = DEFINITIONAL_REPRESENTATION('',(#7276),#7279);
#7276 = B_SPLINE_CURVE_WITH_KNOTS('',1,(#7277,#7278),.UNSPECIFIED.,.F.,
  .F.,(2,2),(17.5,1.6695E+03),.PIECEWISE_BEZIER_KNOTS.);
#7277 = CARTESIAN_POINT('',(26.,0.));
#7278 = CARTESIAN_POINT('',(26.,-1.652E+03));
#7279 = ( GEOMETRIC_REPRESENTATION_CONTEXT(2) 
PARAMETRIC_REPRESENTATION_CONTEXT() REPRESENTATION_CONTEXT('2D SPACE',''
  ) );
#7280 = ADVANCED_FACE('',(#7281),#7012,.T.);
#7281 = FACE_BOUND('',#7282,.T.);
#7282 = EDGE_LOOP('',(#7283,#7306,#7307,#7308));
#7283 = ORIENTED_EDGE('',*,*,#7284,.F.);
#7284 = EDGE_CURVE('',#6969,#7285,#7287,.T.);
#7285 = VERTEX_POINT('',#7286);
#7286 = CARTESIAN_POINT('',(567.,861.,0.));
#7287 = SURFACE_CURVE('',#7288,(#7292,#7299),.PCURVE_S1.);
#7288 = LINE('',#7289,#7290);
#7289 = CARTESIAN_POINT('',(-567.,861.,0.));
#7290 = VECTOR('',#7291,1.);
#7291 = DIRECTION('',(1.,0.,-0.));
#7292 = PCURVE('',#7012,#7293);
#7293 = DEFINITIONAL_REPRESENTATION('',(#7294),#7298);
#7294 = LINE('',#7295,#7296);
#7295 = CARTESIAN_POINT('',(0.,0.));
#7296 = VECTOR('',#7297,1.);
#7297 = DIRECTION('',(0.,1.));
#7298 = ( GEOMETRIC_REPRESENTATION_CONTEXT(2) 
PARAMETRIC_REPRESENTATION_CONTEXT() REPRESENTATION_CONTEXT('2D SPACE',''
  ) );
#7299 = PCURVE('',#6984,#7300);
#7300 = DEFINITIONAL_REPRESENTATION('',(#7301),#7305);
#7301 = LINE('',#7302,#7303);
#7302 = CARTESIAN_POINT('',(0.,1.722E+03));
#7303 = VECTOR('',#7304,1.);
#7304 = DIRECTION('',(1.,0.));
#7305 = ( GEOMETRIC_REPRESENTATION_CONTEXT(2) 
PARAMETRIC_REPRESENTATION_CONTEXT() REPRESENTATION_CONTEXT('2D SPACE',''
  ) );
#7306 = ORIENTED_EDGE('',*,*,#6996,.T.);
#7307 = ORIENTED_EDGE('',*,*,#7154,.T.);
#7308 = ORIENTED_EDGE('',*,*,#7309,.F.);
#7309 = EDGE_CURVE('',#7285,#7132,#7310,.T.);
#7310 = SURFACE_CURVE('',#7311,(#7315,#7322),.PCURVE_S1.);
#7311 = LINE('',#7312,#7313);
#7312 = CARTESIAN_POINT('',(567.,861.,0.));
#7313 = VECTOR('',#7314,1.);
#7314 = DIRECTION('',(0.,0.,1.));
#7315 = PCURVE('',#7012,#7316);
#7316 = DEFINITIONAL_REPRESENTATION('',(#7317),#7321);
#7317 = LINE('',#7318,#7319);
#7318 = CARTESIAN_POINT('',(0.,1.134E+03));
#7319 = VECTOR('',#7320,1.);
#7320 = DIRECTION('',(1.,0.));
#7321 = ( GEOMETRIC_REPRESENTATION_CONTEXT(2) 
PARAMETRIC_REPRESENTATION_CONTEXT() REPRESENTATION_CONTEXT('2D SPACE',''
  ) );
#7322 = PCURVE('',#7114,#7323);
#7323 = DEFINITIONAL_REPRESENTATION('',(#7324),#7328);
#7324 = LINE('',#7325,#7326);
#7325 = CARTESIAN_POINT('',(0.,-1.722E+03));
#7326 = VECTOR('',#7327,1.);
#7327 = DIRECTION('',(1.,0.));
#7328 = ( GEOMETRIC_REPRESENTATION_CONTEXT(2) 
PARAMETRIC_REPRESENTATION_CONTEXT() REPRESENTATION_CONTEXT('2D SPACE',''
  ) );
#7329 = ADVANCED_FACE('',(#7330),#6984,.F.);
#7330 = FACE_BOUND('',#7331,.F.);
#7331 = EDGE_LOOP('',(#7332,#7333,#7334,#7355));
#7332 = ORIENTED_EDGE('',*,*,#6968,.F.);
#7333 = ORIENTED_EDGE('',*,*,#7053,.T.);
#7334 = ORIENTED_EDGE('',*,*,#7335,.T.);
#7335 = EDGE_CURVE('',#7054,#7285,#7336,.T.);
#7336 = SURFACE_CURVE('',#7337,(#7341,#7348),.PCURVE_S1.);
#7337 = LINE('',#7338,#7339);
#7338 = CARTESIAN_POINT('',(567.,-861.,0.));
#7339 = VECTOR('',#7340,1.);
#7340 = DIRECTION('',(-0.,1.,0.));
#7341 = PCURVE('',#6984,#7342);
#7342 = DEFINITIONAL_REPRESENTATION('',(#7343),#7347);
#7343 = LINE('',#7344,#7345);
#7344 = CARTESIAN_POINT('',(1.134E+03,0.));
#7345 = VECTOR('',#7346,1.);
#7346 = DIRECTION('',(0.,1.));
#7347 = ( GEOMETRIC_REPRESENTATION_CONTEXT(2) 
PARAMETRIC_REPRESENTATION_CONTEXT() REPRESENTATION_CONTEXT('2D SPACE',''
  ) );
#7348 = PCURVE('',#7114,#7349);
#7349 = DEFINITIONAL_REPRESENTATION('',(#7350),#7354);
#7350 = LINE('',#7351,#7352);
#7351 = CARTESIAN_POINT('',(0.,0.));
#7352 = VECTOR('',#7353,1.);
#7353 = DIRECTION('',(0.,-1.));
#7354 = ( GEOMETRIC_REPRESENTATION_CONTEXT(2) 
PARAMETRIC_REPRESENTATION_CONTEXT() REPRESENTATION_CONTEXT('2D SPACE',''
  ) );
#7355 = ORIENTED_EDGE('',*,*,#7284,.F.);
#7356 = ADVANCED_FACE('',(#7357),#7114,.T.);
#7357 = FACE_BOUND('',#7358,.T.);
#7358 = EDGE_LOOP('',(#7359,#7360,#7361,#7362));
#7359 = ORIENTED_EDGE('',*,*,#7100,.F.);
#7360 = ORIENTED_EDGE('',*,*,#7335,.T.);
#7361 = ORIENTED_EDGE('',*,*,#7309,.T.);
#7362 = ORIENTED_EDGE('',*,*,#7131,.F.);
#7363 = ADVANCED_FACE('',(#7364),#7194,.T.);
#7364 = FACE_BOUND('',#7365,.T.);
#7365 = EDGE_LOOP('',(#7366,#7389,#7417,#7438));
#7366 = ORIENTED_EDGE('',*,*,#7367,.F.);
#7367 = EDGE_CURVE('',#7368,#7178,#7370,.T.);
#7368 = VERTEX_POINT('',#7369);
#7369 = CARTESIAN_POINT('',(532.,-826.,4.));
#7370 = SURFACE_CURVE('',#7371,(#7375,#7382),.PCURVE_S1.);
#7371 = LINE('',#7372,#7373);
#7372 = CARTESIAN_POINT('',(532.,-826.,4.));
#7373 = VECTOR('',#7374,1.);
#7374 = DIRECTION('',(0.,0.,1.));
#7375 = PCURVE('',#7194,#7376);
#7376 = DEFINITIONAL_REPRESENTATION('',(#7377),#7381);
#7377 = LINE('',#7378,#7379);
#7378 = CARTESIAN_POINT('',(0.,1.064E+03));
#7379 = VECTOR('',#7380,1.);
#7380 = DIRECTION('',(1.,0.));
#7381 = ( GEOMETRIC_REPRESENTATION_CONTEXT(2) 
PARAMETRIC_REPRESENTATION_CONTEXT() REPRESENTATION_CONTEXT('2D SPACE',''
  ) );
#7382 = PCURVE('',#7270,#7383);
#7383 = DEFINITIONAL_REPRESENTATION('',(#7384),#7388);
#7384 = LINE('',#7385,#7386);
#7385 = CARTESIAN_POINT('',(0.,0.));
#7386 = VECTOR('',#7387,1.);
#7387 = DIRECTION('',(1.,0.));
#7388 = ( GEOMETRIC_REPRESENTATION_CONTEXT(2) 
PARAMETRIC_REPRESENTATION_CONTEXT() REPRESENTATION_CONTEXT('2D SPACE',''
  ) );
#7389 = ORIENTED_EDGE('',*,*,#7390,.F.);
#7390 = EDGE_CURVE('',#7391,#7368,#7393,.T.);
#7391 = VERTEX_POINT('',#7392);
#7392 = CARTESIAN_POINT('',(-532.,-826.,4.));
#7393 = SURFACE_CURVE('',#7394,(#7398,#7405),.PCURVE_S1.);
#7394 = LINE('',#7395,#7396);
#7395 = CARTESIAN_POINT('',(-532.,-826.,4.));
#7396 = VECTOR('',#7397,1.);
#7397 = DIRECTION('',(1.,0.,-0.));
#7398 = PCURVE('',#7194,#7399);
#7399 = DEFINITIONAL_REPRESENTATION('',(#7400),#7404);
#7400 = LINE('',#7401,#7402);
#7401 = CARTESIAN_POINT('',(0.,0.));
#7402 = VECTOR('',#7403,1.);
#7403 = DIRECTION('',(0.,1.));
#7404 = ( GEOMETRIC_REPRESENTATION_CONTEXT(2) 
PARAMETRIC_REPRESENTATION_CONTEXT() REPRESENTATION_CONTEXT('2D SPACE',''
  ) );
#7405 = PCURVE('',#7406,#7411);
#7406 = PLANE('',#7407);
#7407 = AXIS2_PLACEMENT_3D('',#7408,#7409,#7410);
#7408 = CARTESIAN_POINT('',(-532.,-826.,4.));
#7409 = DIRECTION('',(0.,0.,1.));
#7410 = DIRECTION('',(1.,0.,-0.));
#7411 = DEFINITIONAL_REPRESENTATION('',(#7412),#7416);
#7412 = LINE('',#7413,#7414);
#7413 = CARTESIAN_POINT('',(0.,0.));
#7414 = VECTOR('',#7415,1.);
#7415 = DIRECTION('',(1.,0.));
#7416 = ( GEOMETRIC_REPRESENTATION_CONTEXT(2) 
PARAMETRIC_REPRESENTATION_CONTEXT() REPRESENTATION_CONTEXT('2D SPACE',''
  ) );
#7417 = ORIENTED_EDGE('',*,*,#7418,.T.);
#7418 = EDGE_CURVE('',#7391,#7180,#7419,.T.);
#7419 = SURFACE_CURVE('',#7420,(#7424,#7431),.PCURVE_S1.);
#7420 = LINE('',#7421,#7422);
#7421 = CARTESIAN_POINT('',(-532.,-826.,4.));
#7422 = VECTOR('',#7423,1.);
#7423 = DIRECTION('',(0.,0.,1.));
#7424 = PCURVE('',#7194,#7425);
#7425 = DEFINITIONAL_REPRESENTATION('',(#7426),#7430);
#7426 = LINE('',#7427,#7428);
#7427 = CARTESIAN_POINT('',(0.,0.));
#7428 = VECTOR('',#7429,1.);
#7429 = DIRECTION('',(1.,0.));
#7430 = ( GEOMETRIC_REPRESENTATION_CONTEXT(2) 
PARAMETRIC_REPRESENTATION_CONTEXT() REPRESENTATION_CONTEXT('2D SPACE',''
  ) );
#7431 = PCURVE('',#7220,#7432);
#7432 = DEFINITIONAL_REPRESENTATION('',(#7433),#7437);
#7433 = LINE('',#7434,#7435);
#7434 = CARTESIAN_POINT('',(0.,0.));
#7435 = VECTOR('',#7436,1.);
#7436 = DIRECTION('',(1.,0.));
#7437 = ( GEOMETRIC_REPRESENTATION_CONTEXT(2) 
PARAMETRIC_REPRESENTATION_CONTEXT() REPRESENTATION_CONTEXT('2D SPACE',''
  ) );
#7438 = ORIENTED_EDGE('',*,*,#7177,.F.);
#7439 = ADVANCED_FACE('',(#7440),#7270,.F.);
#7440 = FACE_BOUND('',#7441,.F.);
#7441 = EDGE_LOOP('',(#7442,#7443,#7466,#7487));
#7442 = ORIENTED_EDGE('',*,*,#7367,.F.);
#7443 = ORIENTED_EDGE('',*,*,#7444,.T.);
#7444 = EDGE_CURVE('',#7368,#7445,#7447,.T.);
#7445 = VERTEX_POINT('',#7446);
#7446 = CARTESIAN_POINT('',(532.,826.,4.));
#7447 = SURFACE_CURVE('',#7448,(#7452,#7459),.PCURVE_S1.);
#7448 = LINE('',#7449,#7450);
#7449 = CARTESIAN_POINT('',(532.,-826.,4.));
#7450 = VECTOR('',#7451,1.);
#7451 = DIRECTION('',(-0.,1.,0.));
#7452 = PCURVE('',#7270,#7453);
#7453 = DEFINITIONAL_REPRESENTATION('',(#7454),#7458);
#7454 = LINE('',#7455,#7456);
#7455 = CARTESIAN_POINT('',(0.,0.));
#7456 = VECTOR('',#7457,1.);
#7457 = DIRECTION('',(0.,-1.));
#7458 = ( GEOMETRIC_REPRESENTATION_CONTEXT(2) 
PARAMETRIC_REPRESENTATION_CONTEXT() REPRESENTATION_CONTEXT('2D SPACE',''
  ) );
#7459 = PCURVE('',#7406,#7460);
#7460 = DEFINITIONAL_REPRESENTATION('',(#7461),#7465);
#7461 = LINE('',#7462,#7463);
#7462 = CARTESIAN_POINT('',(1.064E+03,0.));
#7463 = VECTOR('',#7464,1.);
#7464 = DIRECTION('',(0.,1.));
#7465 = ( GEOMETRIC_REPRESENTATION_CONTEXT(2) 
PARAMETRIC_REPRESENTATION_CONTEXT() REPRESENTATION_CONTEXT('2D SPACE',''
  ) );
#7466 = ORIENTED_EDGE('',*,*,#7467,.T.);
#7467 = EDGE_CURVE('',#7445,#7232,#7468,.T.);
#7468 = SURFACE_CURVE('',#7469,(#7473,#7480),.PCURVE_S1.);
#7469 = LINE('',#7470,#7471);
#7470 = CARTESIAN_POINT('',(532.,826.,4.));
#7471 = VECTOR('',#7472,1.);
#7472 = DIRECTION('',(0.,0.,1.));
#7473 = PCURVE('',#7270,#7474);
#7474 = DEFINITIONAL_REPRESENTATION('',(#7475),#7479);
#7475 = LINE('',#7476,#7477);
#7476 = CARTESIAN_POINT('',(0.,-1.652E+03));
#7477 = VECTOR('',#7478,1.);
#7478 = DIRECTION('',(1.,0.));
#7479 = ( GEOMETRIC_REPRESENTATION_CONTEXT(2) 
PARAMETRIC_REPRESENTATION_CONTEXT() REPRESENTATION_CONTEXT('2D SPACE',''
  ) );
#7480 = PCURVE('',#7246,#7481);
#7481 = DEFINITIONAL_REPRESENTATION('',(#7482),#7486);
#7482 = LINE('',#7483,#7484);
#7483 = CARTESIAN_POINT('',(0.,1.064E+03));
#7484 = VECTOR('',#7485,1.);
#7485 = DIRECTION('',(1.,0.));
#7486 = ( GEOMETRIC_REPRESENTATION_CONTEXT(2) 
PARAMETRIC_REPRESENTATION_CONTEXT() REPRESENTATION_CONTEXT('2D SPACE',''
  ) );
#7487 = ORIENTED_EDGE('',*,*,#7257,.F.);
#7488 = ADVANCED_FACE('',(#7489),#7246,.F.);
#7489 = FACE_BOUND('',#7490,.F.);
#7490 = EDGE_LOOP('',(#7491,#7492,#7515,#7536));
#7491 = ORIENTED_EDGE('',*,*,#7467,.F.);
#7492 = ORIENTED_EDGE('',*,*,#7493,.F.);
#7493 = EDGE_CURVE('',#7494,#7445,#7496,.T.);
#7494 = VERTEX_POINT('',#7495);
#7495 = CARTESIAN_POINT('',(-532.,826.,4.));
#7496 = SURFACE_CURVE('',#7497,(#7501,#7508),.PCURVE_S1.);
#7497 = LINE('',#7498,#7499);
#7498 = CARTESIAN_POINT('',(-532.,826.,4.));
#7499 = VECTOR('',#7500,1.);
#7500 = DIRECTION('',(1.,0.,-0.));
#7501 = PCURVE('',#7246,#7502);
#7502 = DEFINITIONAL_REPRESENTATION('',(#7503),#7507);
#7503 = LINE('',#7504,#7505);
#7504 = CARTESIAN_POINT('',(0.,0.));
#7505 = VECTOR('',#7506,1.);
#7506 = DIRECTION('',(0.,1.));
#7507 = ( GEOMETRIC_REPRESENTATION_CONTEXT(2) 
PARAMETRIC_REPRESENTATION_CONTEXT() REPRESENTATION_CONTEXT('2D SPACE',''
  ) );
#7508 = PCURVE('',#7406,#7509);
#7509 = DEFINITIONAL_REPRESENTATION('',(#7510),#7514);
#7510 = LINE('',#7511,#7512);
#7511 = CARTESIAN_POINT('',(0.,1.652E+03));
#7512 = VECTOR('',#7513,1.);
#7513 = DIRECTION('',(1.,0.));
#7514 = ( GEOMETRIC_REPRESENTATION_CONTEXT(2) 
PARAMETRIC_REPRESENTATION_CONTEXT() REPRESENTATION_CONTEXT('2D SPACE',''
  ) );
#7515 = ORIENTED_EDGE('',*,*,#7516,.T.);
#7516 = EDGE_CURVE('',#7494,#7206,#7517,.T.);
#7517 = SURFACE_CURVE('',#7518,(#7522,#7529),.PCURVE_S1.);
#7518 = LINE('',#7519,#7520);
#7519 = CARTESIAN_POINT('',(-532.,826.,4.));
#7520 = VECTOR('',#7521,1.);
#7521 = DIRECTION('',(0.,0.,1.));
#7522 = PCURVE('',#7246,#7523);
#7523 = DEFINITIONAL_REPRESENTATION('',(#7524),#7528);
#7524 = LINE('',#7525,#7526);
#7525 = CARTESIAN_POINT('',(0.,0.));
#7526 = VECTOR('',#7527,1.);
#7527 = DIRECTION('',(1.,0.));
#7528 = ( GEOMETRIC_REPRESENTATION_CONTEXT(2) 
PARAMETRIC_REPRESENTATION_CONTEXT() REPRESENTATION_CONTEXT('2D SPACE',''
  ) );
#7529 = PCURVE('',#7220,#7530);
#7530 = DEFINITIONAL_REPRESENTATION('',(#7531),#7535);
#7531 = LINE('',#7532,#7533);
#7532 = CARTESIAN_POINT('',(0.,-1.652E+03));
#7533 = VECTOR('',#7534,1.);
#7534 = DIRECTION('',(1.,0.));
#7535 = ( GEOMETRIC_REPRESENTATION_CONTEXT(2) 
PARAMETRIC_REPRESENTATION_CONTEXT() REPRESENTATION_CONTEXT('2D SPACE',''
  ) );
#7536 = ORIENTED_EDGE('',*,*,#7231,.F.);
#7537 = ADVANCED_FACE('',(#7538),#7220,.T.);
#7538 = FACE_BOUND('',#7539,.T.);
#7539 = EDGE_LOOP('',(#7540,#7541,#7562,#7563));
#7540 = ORIENTED_EDGE('',*,*,#7418,.F.);
#7541 = ORIENTED_EDGE('',*,*,#7542,.T.);
#7542 = EDGE_CURVE('',#7391,#7494,#7543,.T.);
#7543 = SURFACE_CURVE('',#7544,(#7548,#7555),.PCURVE_S1.);
#7544 = LINE('',#7545,#7546);
#7545 = CARTESIAN_POINT('',(-532.,-826.,4.));
#7546 = VECTOR('',#7547,1.);
#7547 = DIRECTION('',(-0.,1.,0.));
#7548 = PCURVE('',#7220,#7549);
#7549 = DEFINITIONAL_REPRESENTATION('',(#7550),#7554);
#7550 = LINE('',#7551,#7552);
#7551 = CARTESIAN_POINT('',(0.,0.));
#7552 = VECTOR('',#7553,1.);
#7553 = DIRECTION('',(0.,-1.));
#7554 = ( GEOMETRIC_REPRESENTATION_CONTEXT(2) 
PARAMETRIC_REPRESENTATION_CONTEXT() REPRESENTATION_CONTEXT('2D SPACE',''
  ) );
#7555 = PCURVE('',#7406,#7556);
#7556 = DEFINITIONAL_REPRESENTATION('',(#7557),#7561);
#7557 = LINE('',#7558,#7559);
#7558 = CARTESIAN_POINT('',(0.,0.));
#7559 = VECTOR('',#7560,1.);
#7560 = DIRECTION('',(0.,1.));
#7561 = ( GEOMETRIC_REPRESENTATION_CONTEXT(2) 
PARAMETRIC_REPRESENTATION_CONTEXT() REPRESENTATION_CONTEXT('2D SPACE',''
  ) );
#7562 = ORIENTED_EDGE('',*,*,#7516,.T.);
#7563 = ORIENTED_EDGE('',*,*,#7205,.F.);
#7564 = ADVANCED_FACE('',(#7565),#7406,.T.);
#7565 = FACE_BOUND('',#7566,.T.);
#7566 = EDGE_LOOP('',(#7567,#7568,#7569,#7570));
#7567 = ORIENTED_EDGE('',*,*,#7542,.F.);
#7568 = ORIENTED_EDGE('',*,*,#7390,.T.);
#7569 = ORIENTED_EDGE('',*,*,#7444,.T.);
#7570 = ORIENTED_EDGE('',*,*,#7493,.F.);
#7571 = ( GEOMETRIC_REPRESENTATION_CONTEXT(3) 
GLOBAL_UNCERTAINTY_ASSIGNED_CONTEXT((#7575)) 
GLOBAL_UNIT_ASSIGNED_CONTEXT((#7572,#7573,#7574)) REPRESENTATION_CONTEXT
('Context #1','3D Context with UNIT and UNCERTAINTY') );
#7572 = ( LENGTH_UNIT() NAMED_UNIT(*) SI_UNIT(.MILLI.,.METRE.) );
#7573 = ( NAMED_UNIT(*) PLANE_ANGLE_UNIT() SI_UNIT($,.RADIAN.) );
#7574 = ( NAMED_UNIT(*) SI_UNIT($,.STERADIAN.) SOLID_ANGLE_UNIT() );
#7575 = UNCERTAINTY_MEASURE_WITH_UNIT(LENGTH_MEASURE(1.E-07),#7572,
  'distance_accuracy_value','confusion accuracy');
#7576 = CONTEXT_DEPENDENT_SHAPE_REPRESENTATION(#7577,#7579);
#7577 = ( REPRESENTATION_RELATIONSHIP('','',#6926,#10) 
REPRESENTATION_RELATIONSHIP_WITH_TRANSFORMATION(#7578) 
SHAPE_REPRESENTATION_RELATIONSHIP() );
#7578 = ITEM_DEFINED_TRANSFORMATION('','',#11,#71);
#7579 = PRODUCT_DEFINITION_SHAPE('Placement','Placement of an item',
  #7580);
#7580 = NEXT_ASSEMBLY_USAGE_OCCURRENCE('49','metal.107','',#5,#6921,$);
#7581 = PRODUCT_RELATED_PRODUCT_CATEGORY('part',$,(#6923));
#7582 = SHAPE_DEFINITION_REPRESENTATION(#7583,#7589);
#7583 = PRODUCT_DEFINITION_SHAPE('','',#7584);
#7584 = PRODUCT_DEFINITION('design','',#7585,#7588);
#7585 = PRODUCT_DEFINITION_FORMATION('','',#7586);
#7586 = PRODUCT('cell.7','cell.7','',(#7587));
#7587 = PRODUCT_CONTEXT('',#2,'mechanical');
#7588 = PRODUCT_DEFINITION_CONTEXT('part definition',#2,'design');
#7589 = ADVANCED_BREP_SHAPE_REPRESENTATION('',(#11,#7590),#7920);
#7590 = MANIFOLD_SOLID_BREP('',#7591);
#7591 = CLOSED_SHELL('',(#7592,#7712,#7812,#7859,#7906,#7913));
#7592 = ADVANCED_FACE('',(#7593),#7607,.F.);
#7593 = FACE_BOUND('',#7594,.F.);
#7594 = EDGE_LOOP('',(#7595,#7630,#7658,#7686));
#7595 = ORIENTED_EDGE('',*,*,#7596,.F.);
#7596 = EDGE_CURVE('',#7597,#7599,#7601,.T.);
#7597 = VERTEX_POINT('',#7598);
#7598 = CARTESIAN_POINT('',(-532.5,-826.5,0.));
#7599 = VERTEX_POINT('',#7600);
#7600 = CARTESIAN_POINT('',(-532.5,-826.5,4.));
#7601 = SURFACE_CURVE('',#7602,(#7606,#7618),.PCURVE_S1.);
#7602 = LINE('',#7603,#7604);
#7603 = CARTESIAN_POINT('',(-532.5,-826.5,0.));
#7604 = VECTOR('',#7605,1.);
#7605 = DIRECTION('',(0.,0.,1.));
#7606 = PCURVE('',#7607,#7612);
#7607 = PLANE('',#7608);
#7608 = AXIS2_PLACEMENT_3D('',#7609,#7610,#7611);
#7609 = CARTESIAN_POINT('',(-532.5,-826.5,0.));
#7610 = DIRECTION('',(1.,0.,-0.));
#7611 = DIRECTION('',(0.,0.,1.));
#7612 = DEFINITIONAL_REPRESENTATION('',(#7613),#7617);
#7613 = LINE('',#7614,#7615);
#7614 = CARTESIAN_POINT('',(0.,0.));
#7615 = VECTOR('',#7616,1.);
#7616 = DIRECTION('',(1.,0.));
#7617 = ( GEOMETRIC_REPRESENTATION_CONTEXT(2) 
PARAMETRIC_REPRESENTATION_CONTEXT() REPRESENTATION_CONTEXT('2D SPACE',''
  ) );
#7618 = PCURVE('',#7619,#7624);
#7619 = PLANE('',#7620);
#7620 = AXIS2_PLACEMENT_3D('',#7621,#7622,#7623);
#7621 = CARTESIAN_POINT('',(-532.5,-826.5,0.));
#7622 = DIRECTION('',(-0.,1.,0.));
#7623 = DIRECTION('',(0.,0.,1.));
#7624 = DEFINITIONAL_REPRESENTATION('',(#7625),#7629);
#7625 = LINE('',#7626,#7627);
#7626 = CARTESIAN_POINT('',(0.,0.));
#7627 = VECTOR('',#7628,1.);
#7628 = DIRECTION('',(1.,0.));
#7629 = ( GEOMETRIC_REPRESENTATION_CONTEXT(2) 
PARAMETRIC_REPRESENTATION_CONTEXT() REPRESENTATION_CONTEXT('2D SPACE',''
  ) );
#7630 = ORIENTED_EDGE('',*,*,#7631,.T.);
#7631 = EDGE_CURVE('',#7597,#7632,#7634,.T.);
#7632 = VERTEX_POINT('',#7633);
#7633 = CARTESIAN_POINT('',(-532.5,826.5,0.));
#7634 = SURFACE_CURVE('',#7635,(#7639,#7646),.PCURVE_S1.);
#7635 = LINE('',#7636,#7637);
#7636 = CARTESIAN_POINT('',(-532.5,-826.5,0.));
#7637 = VECTOR('',#7638,1.);
#7638 = DIRECTION('',(-0.,1.,0.));
#7639 = PCURVE('',#7607,#7640);
#7640 = DEFINITIONAL_REPRESENTATION('',(#7641),#7645);
#7641 = LINE('',#7642,#7643);
#7642 = CARTESIAN_POINT('',(0.,0.));
#7643 = VECTOR('',#7644,1.);
#7644 = DIRECTION('',(0.,-1.));
#7645 = ( GEOMETRIC_REPRESENTATION_CONTEXT(2) 
PARAMETRIC_REPRESENTATION_CONTEXT() REPRESENTATION_CONTEXT('2D SPACE',''
  ) );
#7646 = PCURVE('',#7647,#7652);
#7647 = PLANE('',#7648);
#7648 = AXIS2_PLACEMENT_3D('',#7649,#7650,#7651);
#7649 = CARTESIAN_POINT('',(-532.5,-826.5,0.));
#7650 = DIRECTION('',(0.,0.,1.));
#7651 = DIRECTION('',(1.,0.,-0.));
#7652 = DEFINITIONAL_REPRESENTATION('',(#7653),#7657);
#7653 = LINE('',#7654,#7655);
#7654 = CARTESIAN_POINT('',(0.,0.));
#7655 = VECTOR('',#7656,1.);
#7656 = DIRECTION('',(0.,1.));
#7657 = ( GEOMETRIC_REPRESENTATION_CONTEXT(2) 
PARAMETRIC_REPRESENTATION_CONTEXT() REPRESENTATION_CONTEXT('2D SPACE',''
  ) );
#7658 = ORIENTED_EDGE('',*,*,#7659,.T.);
#7659 = EDGE_CURVE('',#7632,#7660,#7662,.T.);
#7660 = VERTEX_POINT('',#7661);
#7661 = CARTESIAN_POINT('',(-532.5,826.5,4.));
#7662 = SURFACE_CURVE('',#7663,(#7667,#7674),.PCURVE_S1.);
#7663 = LINE('',#7664,#7665);
#7664 = CARTESIAN_POINT('',(-532.5,826.5,0.));
#7665 = VECTOR('',#7666,1.);
#7666 = DIRECTION('',(0.,0.,1.));
#7667 = PCURVE('',#7607,#7668);
#7668 = DEFINITIONAL_REPRESENTATION('',(#7669),#7673);
#7669 = LINE('',#7670,#7671);
#7670 = CARTESIAN_POINT('',(0.,-1.653E+03));
#7671 = VECTOR('',#7672,1.);
#7672 = DIRECTION('',(1.,0.));
#7673 = ( GEOMETRIC_REPRESENTATION_CONTEXT(2) 
PARAMETRIC_REPRESENTATION_CONTEXT() REPRESENTATION_CONTEXT('2D SPACE',''
  ) );
#7674 = PCURVE('',#7675,#7680);
#7675 = PLANE('',#7676);
#7676 = AXIS2_PLACEMENT_3D('',#7677,#7678,#7679);
#7677 = CARTESIAN_POINT('',(-532.5,826.5,0.));
#7678 = DIRECTION('',(-0.,1.,0.));
#7679 = DIRECTION('',(0.,0.,1.));
#7680 = DEFINITIONAL_REPRESENTATION('',(#7681),#7685);
#7681 = LINE('',#7682,#7683);
#7682 = CARTESIAN_POINT('',(0.,0.));
#7683 = VECTOR('',#7684,1.);
#7684 = DIRECTION('',(1.,0.));
#7685 = ( GEOMETRIC_REPRESENTATION_CONTEXT(2) 
PARAMETRIC_REPRESENTATION_CONTEXT() REPRESENTATION_CONTEXT('2D SPACE',''
  ) );
#7686 = ORIENTED_EDGE('',*,*,#7687,.F.);
#7687 = EDGE_CURVE('',#7599,#7660,#7688,.T.);
#7688 = SURFACE_CURVE('',#7689,(#7693,#7700),.PCURVE_S1.);
#7689 = LINE('',#7690,#7691);
#7690 = CARTESIAN_POINT('',(-532.5,-826.5,4.));
#7691 = VECTOR('',#7692,1.);
#7692 = DIRECTION('',(-0.,1.,0.));
#7693 = PCURVE('',#7607,#7694);
#7694 = DEFINITIONAL_REPRESENTATION('',(#7695),#7699);
#7695 = LINE('',#7696,#7697);
#7696 = CARTESIAN_POINT('',(4.,0.));
#7697 = VECTOR('',#7698,1.);
#7698 = DIRECTION('',(0.,-1.));
#7699 = ( GEOMETRIC_REPRESENTATION_CONTEXT(2) 
PARAMETRIC_REPRESENTATION_CONTEXT() REPRESENTATION_CONTEXT('2D SPACE',''
  ) );
#7700 = PCURVE('',#7701,#7706);
#7701 = PLANE('',#7702);
#7702 = AXIS2_PLACEMENT_3D('',#7703,#7704,#7705);
#7703 = CARTESIAN_POINT('',(-532.5,-826.5,4.));
#7704 = DIRECTION('',(0.,0.,1.));
#7705 = DIRECTION('',(1.,0.,-0.));
#7706 = DEFINITIONAL_REPRESENTATION('',(#7707),#7711);
#7707 = LINE('',#7708,#7709);
#7708 = CARTESIAN_POINT('',(0.,0.));
#7709 = VECTOR('',#7710,1.);
#7710 = DIRECTION('',(0.,1.));
#7711 = ( GEOMETRIC_REPRESENTATION_CONTEXT(2) 
PARAMETRIC_REPRESENTATION_CONTEXT() REPRESENTATION_CONTEXT('2D SPACE',''
  ) );
#7712 = ADVANCED_FACE('',(#7713),#7727,.T.);
#7713 = FACE_BOUND('',#7714,.T.);
#7714 = EDGE_LOOP('',(#7715,#7745,#7768,#7791));
#7715 = ORIENTED_EDGE('',*,*,#7716,.F.);
#7716 = EDGE_CURVE('',#7717,#7719,#7721,.T.);
#7717 = VERTEX_POINT('',#7718);
#7718 = CARTESIAN_POINT('',(532.5,-826.5,0.));
#7719 = VERTEX_POINT('',#7720);
#7720 = CARTESIAN_POINT('',(532.5,-826.5,4.));
#7721 = SURFACE_CURVE('',#7722,(#7726,#7738),.PCURVE_S1.);
#7722 = LINE('',#7723,#7724);
#7723 = CARTESIAN_POINT('',(532.5,-826.5,0.));
#7724 = VECTOR('',#7725,1.);
#7725 = DIRECTION('',(0.,0.,1.));
#7726 = PCURVE('',#7727,#7732);
#7727 = PLANE('',#7728);
#7728 = AXIS2_PLACEMENT_3D('',#7729,#7730,#7731);
#7729 = CARTESIAN_POINT('',(532.5,-826.5,0.));
#7730 = DIRECTION('',(1.,0.,-0.));
#7731 = DIRECTION('',(0.,0.,1.));
#7732 = DEFINITIONAL_REPRESENTATION('',(#7733),#7737);
#7733 = LINE('',#7734,#7735);
#7734 = CARTESIAN_POINT('',(0.,0.));
#7735 = VECTOR('',#7736,1.);
#7736 = DIRECTION('',(1.,0.));
#7737 = ( GEOMETRIC_REPRESENTATION_CONTEXT(2) 
PARAMETRIC_REPRESENTATION_CONTEXT() REPRESENTATION_CONTEXT('2D SPACE',''
  ) );
#7738 = PCURVE('',#7619,#7739);
#7739 = DEFINITIONAL_REPRESENTATION('',(#7740),#7744);
#7740 = LINE('',#7741,#7742);
#7741 = CARTESIAN_POINT('',(0.,1.065E+03));
#7742 = VECTOR('',#7743,1.);
#7743 = DIRECTION('',(1.,0.));
#7744 = ( GEOMETRIC_REPRESENTATION_CONTEXT(2) 
PARAMETRIC_REPRESENTATION_CONTEXT() REPRESENTATION_CONTEXT('2D SPACE',''
  ) );
#7745 = ORIENTED_EDGE('',*,*,#7746,.T.);
#7746 = EDGE_CURVE('',#7717,#7747,#7749,.T.);
#7747 = VERTEX_POINT('',#7748);
#7748 = CARTESIAN_POINT('',(532.5,826.5,0.));
#7749 = SURFACE_CURVE('',#7750,(#7754,#7761),.PCURVE_S1.);
#7750 = LINE('',#7751,#7752);
#7751 = CARTESIAN_POINT('',(532.5,-826.5,0.));
#7752 = VECTOR('',#7753,1.);
#7753 = DIRECTION('',(-0.,1.,0.));
#7754 = PCURVE('',#7727,#7755);
#7755 = DEFINITIONAL_REPRESENTATION('',(#7756),#7760);
#7756 = LINE('',#7757,#7758);
#7757 = CARTESIAN_POINT('',(0.,0.));
#7758 = VECTOR('',#7759,1.);
#7759 = DIRECTION('',(0.,-1.));
#7760 = ( GEOMETRIC_REPRESENTATION_CONTEXT(2) 
PARAMETRIC_REPRESENTATION_CONTEXT() REPRESENTATION_CONTEXT('2D SPACE',''
  ) );
#7761 = PCURVE('',#7647,#7762);
#7762 = DEFINITIONAL_REPRESENTATION('',(#7763),#7767);
#7763 = LINE('',#7764,#7765);
#7764 = CARTESIAN_POINT('',(1.065E+03,0.));
#7765 = VECTOR('',#7766,1.);
#7766 = DIRECTION('',(0.,1.));
#7767 = ( GEOMETRIC_REPRESENTATION_CONTEXT(2) 
PARAMETRIC_REPRESENTATION_CONTEXT() REPRESENTATION_CONTEXT('2D SPACE',''
  ) );
#7768 = ORIENTED_EDGE('',*,*,#7769,.T.);
#7769 = EDGE_CURVE('',#7747,#7770,#7772,.T.);
#7770 = VERTEX_POINT('',#7771);
#7771 = CARTESIAN_POINT('',(532.5,826.5,4.));
#7772 = SURFACE_CURVE('',#7773,(#7777,#7784),.PCURVE_S1.);
#7773 = LINE('',#7774,#7775);
#7774 = CARTESIAN_POINT('',(532.5,826.5,0.));
#7775 = VECTOR('',#7776,1.);
#7776 = DIRECTION('',(0.,0.,1.));
#7777 = PCURVE('',#7727,#7778);
#7778 = DEFINITIONAL_REPRESENTATION('',(#7779),#7783);
#7779 = LINE('',#7780,#7781);
#7780 = CARTESIAN_POINT('',(0.,-1.653E+03));
#7781 = VECTOR('',#7782,1.);
#7782 = DIRECTION('',(1.,0.));
#7783 = ( GEOMETRIC_REPRESENTATION_CONTEXT(2) 
PARAMETRIC_REPRESENTATION_CONTEXT() REPRESENTATION_CONTEXT('2D SPACE',''
  ) );
#7784 = PCURVE('',#7675,#7785);
#7785 = DEFINITIONAL_REPRESENTATION('',(#7786),#7790);
#7786 = LINE('',#7787,#7788);
#7787 = CARTESIAN_POINT('',(0.,1.065E+03));
#7788 = VECTOR('',#7789,1.);
#7789 = DIRECTION('',(1.,0.));
#7790 = ( GEOMETRIC_REPRESENTATION_CONTEXT(2) 
PARAMETRIC_REPRESENTATION_CONTEXT() REPRESENTATION_CONTEXT('2D SPACE',''
  ) );
#7791 = ORIENTED_EDGE('',*,*,#7792,.F.);
#7792 = EDGE_CURVE('',#7719,#7770,#7793,.T.);
#7793 = SURFACE_CURVE('',#7794,(#7798,#7805),.PCURVE_S1.);
#7794 = LINE('',#7795,#7796);
#7795 = CARTESIAN_POINT('',(532.5,-826.5,4.));
#7796 = VECTOR('',#7797,1.);
#7797 = DIRECTION('',(-0.,1.,0.));
#7798 = PCURVE('',#7727,#7799);
#7799 = DEFINITIONAL_REPRESENTATION('',(#7800),#7804);
#7800 = LINE('',#7801,#7802);
#7801 = CARTESIAN_POINT('',(4.,0.));
#7802 = VECTOR('',#7803,1.);
#7803 = DIRECTION('',(0.,-1.));
#7804 = ( GEOMETRIC_REPRESENTATION_CONTEXT(2) 
PARAMETRIC_REPRESENTATION_CONTEXT() REPRESENTATION_CONTEXT('2D SPACE',''
  ) );
#7805 = PCURVE('',#7701,#7806);
#7806 = DEFINITIONAL_REPRESENTATION('',(#7807),#7811);
#7807 = LINE('',#7808,#7809);
#7808 = CARTESIAN_POINT('',(1.065E+03,0.));
#7809 = VECTOR('',#7810,1.);
#7810 = DIRECTION('',(0.,1.));
#7811 = ( GEOMETRIC_REPRESENTATION_CONTEXT(2) 
PARAMETRIC_REPRESENTATION_CONTEXT() REPRESENTATION_CONTEXT('2D SPACE',''
  ) );
#7812 = ADVANCED_FACE('',(#7813),#7619,.F.);
#7813 = FACE_BOUND('',#7814,.F.);
#7814 = EDGE_LOOP('',(#7815,#7836,#7837,#7858));
#7815 = ORIENTED_EDGE('',*,*,#7816,.F.);
#7816 = EDGE_CURVE('',#7597,#7717,#7817,.T.);
#7817 = SURFACE_CURVE('',#7818,(#7822,#7829),.PCURVE_S1.);
#7818 = LINE('',#7819,#7820);
#7819 = CARTESIAN_POINT('',(-532.5,-826.5,0.));
#7820 = VECTOR('',#7821,1.);
#7821 = DIRECTION('',(1.,0.,-0.));
#7822 = PCURVE('',#7619,#7823);
#7823 = DEFINITIONAL_REPRESENTATION('',(#7824),#7828);
#7824 = LINE('',#7825,#7826);
#7825 = CARTESIAN_POINT('',(0.,0.));
#7826 = VECTOR('',#7827,1.);
#7827 = DIRECTION('',(0.,1.));
#7828 = ( GEOMETRIC_REPRESENTATION_CONTEXT(2) 
PARAMETRIC_REPRESENTATION_CONTEXT() REPRESENTATION_CONTEXT('2D SPACE',''
  ) );
#7829 = PCURVE('',#7647,#7830);
#7830 = DEFINITIONAL_REPRESENTATION('',(#7831),#7835);
#7831 = LINE('',#7832,#7833);
#7832 = CARTESIAN_POINT('',(0.,0.));
#7833 = VECTOR('',#7834,1.);
#7834 = DIRECTION('',(1.,0.));
#7835 = ( GEOMETRIC_REPRESENTATION_CONTEXT(2) 
PARAMETRIC_REPRESENTATION_CONTEXT() REPRESENTATION_CONTEXT('2D SPACE',''
  ) );
#7836 = ORIENTED_EDGE('',*,*,#7596,.T.);
#7837 = ORIENTED_EDGE('',*,*,#7838,.T.);
#7838 = EDGE_CURVE('',#7599,#7719,#7839,.T.);
#7839 = SURFACE_CURVE('',#7840,(#7844,#7851),.PCURVE_S1.);
#7840 = LINE('',#7841,#7842);
#7841 = CARTESIAN_POINT('',(-532.5,-826.5,4.));
#7842 = VECTOR('',#7843,1.);
#7843 = DIRECTION('',(1.,0.,-0.));
#7844 = PCURVE('',#7619,#7845);
#7845 = DEFINITIONAL_REPRESENTATION('',(#7846),#7850);
#7846 = LINE('',#7847,#7848);
#7847 = CARTESIAN_POINT('',(4.,0.));
#7848 = VECTOR('',#7849,1.);
#7849 = DIRECTION('',(0.,1.));
#7850 = ( GEOMETRIC_REPRESENTATION_CONTEXT(2) 
PARAMETRIC_REPRESENTATION_CONTEXT() REPRESENTATION_CONTEXT('2D SPACE',''
  ) );
#7851 = PCURVE('',#7701,#7852);
#7852 = DEFINITIONAL_REPRESENTATION('',(#7853),#7857);
#7853 = LINE('',#7854,#7855);
#7854 = CARTESIAN_POINT('',(0.,0.));
#7855 = VECTOR('',#7856,1.);
#7856 = DIRECTION('',(1.,0.));
#7857 = ( GEOMETRIC_REPRESENTATION_CONTEXT(2) 
PARAMETRIC_REPRESENTATION_CONTEXT() REPRESENTATION_CONTEXT('2D SPACE',''
  ) );
#7858 = ORIENTED_EDGE('',*,*,#7716,.F.);
#7859 = ADVANCED_FACE('',(#7860),#7675,.T.);
#7860 = FACE_BOUND('',#7861,.T.);
#7861 = EDGE_LOOP('',(#7862,#7883,#7884,#7905));
#7862 = ORIENTED_EDGE('',*,*,#7863,.F.);
#7863 = EDGE_CURVE('',#7632,#7747,#7864,.T.);
#7864 = SURFACE_CURVE('',#7865,(#7869,#7876),.PCURVE_S1.);
#7865 = LINE('',#7866,#7867);
#7866 = CARTESIAN_POINT('',(-532.5,826.5,0.));
#7867 = VECTOR('',#7868,1.);
#7868 = DIRECTION('',(1.,0.,-0.));
#7869 = PCURVE('',#7675,#7870);
#7870 = DEFINITIONAL_REPRESENTATION('',(#7871),#7875);
#7871 = LINE('',#7872,#7873);
#7872 = CARTESIAN_POINT('',(0.,0.));
#7873 = VECTOR('',#7874,1.);
#7874 = DIRECTION('',(0.,1.));
#7875 = ( GEOMETRIC_REPRESENTATION_CONTEXT(2) 
PARAMETRIC_REPRESENTATION_CONTEXT() REPRESENTATION_CONTEXT('2D SPACE',''
  ) );
#7876 = PCURVE('',#7647,#7877);
#7877 = DEFINITIONAL_REPRESENTATION('',(#7878),#7882);
#7878 = LINE('',#7879,#7880);
#7879 = CARTESIAN_POINT('',(0.,1.653E+03));
#7880 = VECTOR('',#7881,1.);
#7881 = DIRECTION('',(1.,0.));
#7882 = ( GEOMETRIC_REPRESENTATION_CONTEXT(2) 
PARAMETRIC_REPRESENTATION_CONTEXT() REPRESENTATION_CONTEXT('2D SPACE',''
  ) );
#7883 = ORIENTED_EDGE('',*,*,#7659,.T.);
#7884 = ORIENTED_EDGE('',*,*,#7885,.T.);
#7885 = EDGE_CURVE('',#7660,#7770,#7886,.T.);
#7886 = SURFACE_CURVE('',#7887,(#7891,#7898),.PCURVE_S1.);
#7887 = LINE('',#7888,#7889);
#7888 = CARTESIAN_POINT('',(-532.5,826.5,4.));
#7889 = VECTOR('',#7890,1.);
#7890 = DIRECTION('',(1.,0.,-0.));
#7891 = PCURVE('',#7675,#7892);
#7892 = DEFINITIONAL_REPRESENTATION('',(#7893),#7897);
#7893 = LINE('',#7894,#7895);
#7894 = CARTESIAN_POINT('',(4.,0.));
#7895 = VECTOR('',#7896,1.);
#7896 = DIRECTION('',(0.,1.));
#7897 = ( GEOMETRIC_REPRESENTATION_CONTEXT(2) 
PARAMETRIC_REPRESENTATION_CONTEXT() REPRESENTATION_CONTEXT('2D SPACE',''
  ) );
#7898 = PCURVE('',#7701,#7899);
#7899 = DEFINITIONAL_REPRESENTATION('',(#7900),#7904);
#7900 = LINE('',#7901,#7902);
#7901 = CARTESIAN_POINT('',(0.,1.653E+03));
#7902 = VECTOR('',#7903,1.);
#7903 = DIRECTION('',(1.,0.));
#7904 = ( GEOMETRIC_REPRESENTATION_CONTEXT(2) 
PARAMETRIC_REPRESENTATION_CONTEXT() REPRESENTATION_CONTEXT('2D SPACE',''
  ) );
#7905 = ORIENTED_EDGE('',*,*,#7769,.F.);
#7906 = ADVANCED_FACE('',(#7907),#7647,.F.);
#7907 = FACE_BOUND('',#7908,.F.);
#7908 = EDGE_LOOP('',(#7909,#7910,#7911,#7912));
#7909 = ORIENTED_EDGE('',*,*,#7631,.F.);
#7910 = ORIENTED_EDGE('',*,*,#7816,.T.);
#7911 = ORIENTED_EDGE('',*,*,#7746,.T.);
#7912 = ORIENTED_EDGE('',*,*,#7863,.F.);
#7913 = ADVANCED_FACE('',(#7914),#7701,.T.);
#7914 = FACE_BOUND('',#7915,.T.);
#7915 = EDGE_LOOP('',(#7916,#7917,#7918,#7919));
#7916 = ORIENTED_EDGE('',*,*,#7687,.F.);
#7917 = ORIENTED_EDGE('',*,*,#7838,.T.);
#7918 = ORIENTED_EDGE('',*,*,#7792,.T.);
#7919 = ORIENTED_EDGE('',*,*,#7885,.F.);
#7920 = ( GEOMETRIC_REPRESENTATION_CONTEXT(3) 
GLOBAL_UNCERTAINTY_ASSIGNED_CONTEXT((#7924)) 
GLOBAL_UNIT_ASSIGNED_CONTEXT((#7921,#7922,#7923)) REPRESENTATION_CONTEXT
('Context #1','3D Context with UNIT and UNCERTAINTY') );
#7921 = ( LENGTH_UNIT() NAMED_UNIT(*) SI_UNIT(.MILLI.,.METRE.) );
#7922 = ( NAMED_UNIT(*) PLANE_ANGLE_UNIT() SI_UNIT($,.RADIAN.) );
#7923 = ( NAMED_UNIT(*) SI_UNIT($,.STERADIAN.) SOLID_ANGLE_UNIT() );
#7924 = UNCERTAINTY_MEASURE_WITH_UNIT(LENGTH_MEASURE(1.E-07),#7921,
  'distance_accuracy_value','confusion accuracy');
#7925 = CONTEXT_DEPENDENT_SHAPE_REPRESENTATION(#7926,#7928);
#7926 = ( REPRESENTATION_RELATIONSHIP('','',#7589,#10) 
REPRESENTATION_RELATIONSHIP_WITH_TRANSFORMATION(#7927) 
SHAPE_REPRESENTATION_RELATIONSHIP() );
#7927 = ITEM_DEFINED_TRANSFORMATION('','',#11,#75);
#7928 = PRODUCT_DEFINITION_SHAPE('Placement','Placement of an item',
  #7929);
#7929 = NEXT_ASSEMBLY_USAGE_OCCURRENCE('50','cell.7','',#5,#7584,$);
#7930 = PRODUCT_RELATED_PRODUCT_CATEGORY('part',$,(#7586));
#7931 = SHAPE_DEFINITION_REPRESENTATION(#7932,#7938);
#7932 = PRODUCT_DEFINITION_SHAPE('','',#7933);
#7933 = PRODUCT_DEFINITION('design','',#7934,#7937);
#7934 = PRODUCT_DEFINITION_FORMATION('','',#7935);
#7935 = PRODUCT('metal.3','metal.3','',(#7936));
#7936 = PRODUCT_CONTEXT('',#2,'mechanical');
#7937 = PRODUCT_DEFINITION_CONTEXT('part definition',#2,'design');
#7938 = ADVANCED_BREP_SHAPE_REPRESENTATION('',(#11,#7939),#8269);
#7939 = MANIFOLD_SOLID_BREP('',#7940);
#7940 = CLOSED_SHELL('',(#7941,#8061,#8161,#8208,#8255,#8262));
#7941 = ADVANCED_FACE('',(#7942),#7956,.F.);
#7942 = FACE_BOUND('',#7943,.F.);
#7943 = EDGE_LOOP('',(#7944,#7979,#8007,#8035));
#7944 = ORIENTED_EDGE('',*,*,#7945,.F.);
#7945 = EDGE_CURVE('',#7946,#7948,#7950,.T.);
#7946 = VERTEX_POINT('',#7947);
#7947 = CARTESIAN_POINT('',(-4.129E+03,-20.,0.));
#7948 = VERTEX_POINT('',#7949);
#7949 = CARTESIAN_POINT('',(-4.129E+03,-20.,110.));
#7950 = SURFACE_CURVE('',#7951,(#7955,#7967),.PCURVE_S1.);
#7951 = LINE('',#7952,#7953);
#7952 = CARTESIAN_POINT('',(-4.129E+03,-20.,0.));
#7953 = VECTOR('',#7954,1.);
#7954 = DIRECTION('',(0.,0.,1.));
#7955 = PCURVE('',#7956,#7961);
#7956 = PLANE('',#7957);
#7957 = AXIS2_PLACEMENT_3D('',#7958,#7959,#7960);
#7958 = CARTESIAN_POINT('',(-4.129E+03,-20.,0.));
#7959 = DIRECTION('',(1.,0.,-0.));
#7960 = DIRECTION('',(0.,0.,1.));
#7961 = DEFINITIONAL_REPRESENTATION('',(#7962),#7966);
#7962 = LINE('',#7963,#7964);
#7963 = CARTESIAN_POINT('',(0.,0.));
#7964 = VECTOR('',#7965,1.);
#7965 = DIRECTION('',(1.,0.));
#7966 = ( GEOMETRIC_REPRESENTATION_CONTEXT(2) 
PARAMETRIC_REPRESENTATION_CONTEXT() REPRESENTATION_CONTEXT('2D SPACE',''
  ) );
#7967 = PCURVE('',#7968,#7973);
#7968 = PLANE('',#7969);
#7969 = AXIS2_PLACEMENT_3D('',#7970,#7971,#7972);
#7970 = CARTESIAN_POINT('',(-4.129E+03,-20.,0.));
#7971 = DIRECTION('',(-0.,1.,0.));
#7972 = DIRECTION('',(0.,0.,1.));
#7973 = DEFINITIONAL_REPRESENTATION('',(#7974),#7978);
#7974 = LINE('',#7975,#7976);
#7975 = CARTESIAN_POINT('',(0.,0.));
#7976 = VECTOR('',#7977,1.);
#7977 = DIRECTION('',(1.,0.));
#7978 = ( GEOMETRIC_REPRESENTATION_CONTEXT(2) 
PARAMETRIC_REPRESENTATION_CONTEXT() REPRESENTATION_CONTEXT('2D SPACE',''
  ) );
#7979 = ORIENTED_EDGE('',*,*,#7980,.T.);
#7980 = EDGE_CURVE('',#7946,#7981,#7983,.T.);
#7981 = VERTEX_POINT('',#7982);
#7982 = CARTESIAN_POINT('',(-4.129E+03,20.,0.));
#7983 = SURFACE_CURVE('',#7984,(#7988,#7995),.PCURVE_S1.);
#7984 = LINE('',#7985,#7986);
#7985 = CARTESIAN_POINT('',(-4.129E+03,-20.,0.));
#7986 = VECTOR('',#7987,1.);
#7987 = DIRECTION('',(-0.,1.,0.));
#7988 = PCURVE('',#7956,#7989);
#7989 = DEFINITIONAL_REPRESENTATION('',(#7990),#7994);
#7990 = LINE('',#7991,#7992);
#7991 = CARTESIAN_POINT('',(0.,0.));
#7992 = VECTOR('',#7993,1.);
#7993 = DIRECTION('',(0.,-1.));
#7994 = ( GEOMETRIC_REPRESENTATION_CONTEXT(2) 
PARAMETRIC_REPRESENTATION_CONTEXT() REPRESENTATION_CONTEXT('2D SPACE',''
  ) );
#7995 = PCURVE('',#7996,#8001);
#7996 = PLANE('',#7997);
#7997 = AXIS2_PLACEMENT_3D('',#7998,#7999,#8000);
#7998 = CARTESIAN_POINT('',(-4.129E+03,-20.,0.));
#7999 = DIRECTION('',(0.,0.,1.));
#8000 = DIRECTION('',(1.,0.,-0.));
#8001 = DEFINITIONAL_REPRESENTATION('',(#8002),#8006);
#8002 = LINE('',#8003,#8004);
#8003 = CARTESIAN_POINT('',(0.,0.));
#8004 = VECTOR('',#8005,1.);
#8005 = DIRECTION('',(0.,1.));
#8006 = ( GEOMETRIC_REPRESENTATION_CONTEXT(2) 
PARAMETRIC_REPRESENTATION_CONTEXT() REPRESENTATION_CONTEXT('2D SPACE',''
  ) );
#8007 = ORIENTED_EDGE('',*,*,#8008,.T.);
#8008 = EDGE_CURVE('',#7981,#8009,#8011,.T.);
#8009 = VERTEX_POINT('',#8010);
#8010 = CARTESIAN_POINT('',(-4.129E+03,20.,110.));
#8011 = SURFACE_CURVE('',#8012,(#8016,#8023),.PCURVE_S1.);
#8012 = LINE('',#8013,#8014);
#8013 = CARTESIAN_POINT('',(-4.129E+03,20.,0.));
#8014 = VECTOR('',#8015,1.);
#8015 = DIRECTION('',(0.,0.,1.));
#8016 = PCURVE('',#7956,#8017);
#8017 = DEFINITIONAL_REPRESENTATION('',(#8018),#8022);
#8018 = LINE('',#8019,#8020);
#8019 = CARTESIAN_POINT('',(0.,-40.));
#8020 = VECTOR('',#8021,1.);
#8021 = DIRECTION('',(1.,0.));
#8022 = ( GEOMETRIC_REPRESENTATION_CONTEXT(2) 
PARAMETRIC_REPRESENTATION_CONTEXT() REPRESENTATION_CONTEXT('2D SPACE',''
  ) );
#8023 = PCURVE('',#8024,#8029);
#8024 = PLANE('',#8025);
#8025 = AXIS2_PLACEMENT_3D('',#8026,#8027,#8028);
#8026 = CARTESIAN_POINT('',(-4.129E+03,20.,0.));
#8027 = DIRECTION('',(-0.,1.,0.));
#8028 = DIRECTION('',(0.,0.,1.));
#8029 = DEFINITIONAL_REPRESENTATION('',(#8030),#8034);
#8030 = LINE('',#8031,#8032);
#8031 = CARTESIAN_POINT('',(0.,0.));
#8032 = VECTOR('',#8033,1.);
#8033 = DIRECTION('',(1.,0.));
#8034 = ( GEOMETRIC_REPRESENTATION_CONTEXT(2) 
PARAMETRIC_REPRESENTATION_CONTEXT() REPRESENTATION_CONTEXT('2D SPACE',''
  ) );
#8035 = ORIENTED_EDGE('',*,*,#8036,.F.);
#8036 = EDGE_CURVE('',#7948,#8009,#8037,.T.);
#8037 = SURFACE_CURVE('',#8038,(#8042,#8049),.PCURVE_S1.);
#8038 = LINE('',#8039,#8040);
#8039 = CARTESIAN_POINT('',(-4.129E+03,-20.,110.));
#8040 = VECTOR('',#8041,1.);
#8041 = DIRECTION('',(-0.,1.,0.));
#8042 = PCURVE('',#7956,#8043);
#8043 = DEFINITIONAL_REPRESENTATION('',(#8044),#8048);
#8044 = LINE('',#8045,#8046);
#8045 = CARTESIAN_POINT('',(110.,0.));
#8046 = VECTOR('',#8047,1.);
#8047 = DIRECTION('',(0.,-1.));
#8048 = ( GEOMETRIC_REPRESENTATION_CONTEXT(2) 
PARAMETRIC_REPRESENTATION_CONTEXT() REPRESENTATION_CONTEXT('2D SPACE',''
  ) );
#8049 = PCURVE('',#8050,#8055);
#8050 = PLANE('',#8051);
#8051 = AXIS2_PLACEMENT_3D('',#8052,#8053,#8054);
#8052 = CARTESIAN_POINT('',(-4.129E+03,-20.,110.));
#8053 = DIRECTION('',(0.,0.,1.));
#8054 = DIRECTION('',(1.,0.,-0.));
#8055 = DEFINITIONAL_REPRESENTATION('',(#8056),#8060);
#8056 = LINE('',#8057,#8058);
#8057 = CARTESIAN_POINT('',(0.,0.));
#8058 = VECTOR('',#8059,1.);
#8059 = DIRECTION('',(0.,1.));
#8060 = ( GEOMETRIC_REPRESENTATION_CONTEXT(2) 
PARAMETRIC_REPRESENTATION_CONTEXT() REPRESENTATION_CONTEXT('2D SPACE',''
  ) );
#8061 = ADVANCED_FACE('',(#8062),#8076,.T.);
#8062 = FACE_BOUND('',#8063,.T.);
#8063 = EDGE_LOOP('',(#8064,#8094,#8117,#8140));
#8064 = ORIENTED_EDGE('',*,*,#8065,.F.);
#8065 = EDGE_CURVE('',#8066,#8068,#8070,.T.);
#8066 = VERTEX_POINT('',#8067);
#8067 = CARTESIAN_POINT('',(4.129E+03,-20.,0.));
#8068 = VERTEX_POINT('',#8069);
#8069 = CARTESIAN_POINT('',(4.129E+03,-20.,110.));
#8070 = SURFACE_CURVE('',#8071,(#8075,#8087),.PCURVE_S1.);
#8071 = LINE('',#8072,#8073);
#8072 = CARTESIAN_POINT('',(4.129E+03,-20.,0.));
#8073 = VECTOR('',#8074,1.);
#8074 = DIRECTION('',(0.,0.,1.));
#8075 = PCURVE('',#8076,#8081);
#8076 = PLANE('',#8077);
#8077 = AXIS2_PLACEMENT_3D('',#8078,#8079,#8080);
#8078 = CARTESIAN_POINT('',(4.129E+03,-20.,0.));
#8079 = DIRECTION('',(1.,0.,-0.));
#8080 = DIRECTION('',(0.,0.,1.));
#8081 = DEFINITIONAL_REPRESENTATION('',(#8082),#8086);
#8082 = LINE('',#8083,#8084);
#8083 = CARTESIAN_POINT('',(0.,0.));
#8084 = VECTOR('',#8085,1.);
#8085 = DIRECTION('',(1.,0.));
#8086 = ( GEOMETRIC_REPRESENTATION_CONTEXT(2) 
PARAMETRIC_REPRESENTATION_CONTEXT() REPRESENTATION_CONTEXT('2D SPACE',''
  ) );
#8087 = PCURVE('',#7968,#8088);
#8088 = DEFINITIONAL_REPRESENTATION('',(#8089),#8093);
#8089 = LINE('',#8090,#8091);
#8090 = CARTESIAN_POINT('',(0.,8.258E+03));
#8091 = VECTOR('',#8092,1.);
#8092 = DIRECTION('',(1.,0.));
#8093 = ( GEOMETRIC_REPRESENTATION_CONTEXT(2) 
PARAMETRIC_REPRESENTATION_CONTEXT() REPRESENTATION_CONTEXT('2D SPACE',''
  ) );
#8094 = ORIENTED_EDGE('',*,*,#8095,.T.);
#8095 = EDGE_CURVE('',#8066,#8096,#8098,.T.);
#8096 = VERTEX_POINT('',#8097);
#8097 = CARTESIAN_POINT('',(4.129E+03,20.,0.));
#8098 = SURFACE_CURVE('',#8099,(#8103,#8110),.PCURVE_S1.);
#8099 = LINE('',#8100,#8101);
#8100 = CARTESIAN_POINT('',(4.129E+03,-20.,0.));
#8101 = VECTOR('',#8102,1.);
#8102 = DIRECTION('',(-0.,1.,0.));
#8103 = PCURVE('',#8076,#8104);
#8104 = DEFINITIONAL_REPRESENTATION('',(#8105),#8109);
#8105 = LINE('',#8106,#8107);
#8106 = CARTESIAN_POINT('',(0.,0.));
#8107 = VECTOR('',#8108,1.);
#8108 = DIRECTION('',(0.,-1.));
#8109 = ( GEOMETRIC_REPRESENTATION_CONTEXT(2) 
PARAMETRIC_REPRESENTATION_CONTEXT() REPRESENTATION_CONTEXT('2D SPACE',''
  ) );
#8110 = PCURVE('',#7996,#8111);
#8111 = DEFINITIONAL_REPRESENTATION('',(#8112),#8116);
#8112 = LINE('',#8113,#8114);
#8113 = CARTESIAN_POINT('',(8.258E+03,0.));
#8114 = VECTOR('',#8115,1.);
#8115 = DIRECTION('',(0.,1.));
#8116 = ( GEOMETRIC_REPRESENTATION_CONTEXT(2) 
PARAMETRIC_REPRESENTATION_CONTEXT() REPRESENTATION_CONTEXT('2D SPACE',''
  ) );
#8117 = ORIENTED_EDGE('',*,*,#8118,.T.);
#8118 = EDGE_CURVE('',#8096,#8119,#8121,.T.);
#8119 = VERTEX_POINT('',#8120);
#8120 = CARTESIAN_POINT('',(4.129E+03,20.,110.));
#8121 = SURFACE_CURVE('',#8122,(#8126,#8133),.PCURVE_S1.);
#8122 = LINE('',#8123,#8124);
#8123 = CARTESIAN_POINT('',(4.129E+03,20.,0.));
#8124 = VECTOR('',#8125,1.);
#8125 = DIRECTION('',(0.,0.,1.));
#8126 = PCURVE('',#8076,#8127);
#8127 = DEFINITIONAL_REPRESENTATION('',(#8128),#8132);
#8128 = LINE('',#8129,#8130);
#8129 = CARTESIAN_POINT('',(0.,-40.));
#8130 = VECTOR('',#8131,1.);
#8131 = DIRECTION('',(1.,0.));
#8132 = ( GEOMETRIC_REPRESENTATION_CONTEXT(2) 
PARAMETRIC_REPRESENTATION_CONTEXT() REPRESENTATION_CONTEXT('2D SPACE',''
  ) );
#8133 = PCURVE('',#8024,#8134);
#8134 = DEFINITIONAL_REPRESENTATION('',(#8135),#8139);
#8135 = LINE('',#8136,#8137);
#8136 = CARTESIAN_POINT('',(0.,8.258E+03));
#8137 = VECTOR('',#8138,1.);
#8138 = DIRECTION('',(1.,0.));
#8139 = ( GEOMETRIC_REPRESENTATION_CONTEXT(2) 
PARAMETRIC_REPRESENTATION_CONTEXT() REPRESENTATION_CONTEXT('2D SPACE',''
  ) );
#8140 = ORIENTED_EDGE('',*,*,#8141,.F.);
#8141 = EDGE_CURVE('',#8068,#8119,#8142,.T.);
#8142 = SURFACE_CURVE('',#8143,(#8147,#8154),.PCURVE_S1.);
#8143 = LINE('',#8144,#8145);
#8144 = CARTESIAN_POINT('',(4.129E+03,-20.,110.));
#8145 = VECTOR('',#8146,1.);
#8146 = DIRECTION('',(-0.,1.,0.));
#8147 = PCURVE('',#8076,#8148);
#8148 = DEFINITIONAL_REPRESENTATION('',(#8149),#8153);
#8149 = LINE('',#8150,#8151);
#8150 = CARTESIAN_POINT('',(110.,0.));
#8151 = VECTOR('',#8152,1.);
#8152 = DIRECTION('',(0.,-1.));
#8153 = ( GEOMETRIC_REPRESENTATION_CONTEXT(2) 
PARAMETRIC_REPRESENTATION_CONTEXT() REPRESENTATION_CONTEXT('2D SPACE',''
  ) );
#8154 = PCURVE('',#8050,#8155);
#8155 = DEFINITIONAL_REPRESENTATION('',(#8156),#8160);
#8156 = LINE('',#8157,#8158);
#8157 = CARTESIAN_POINT('',(8.258E+03,0.));
#8158 = VECTOR('',#8159,1.);
#8159 = DIRECTION('',(0.,1.));
#8160 = ( GEOMETRIC_REPRESENTATION_CONTEXT(2) 
PARAMETRIC_REPRESENTATION_CONTEXT() REPRESENTATION_CONTEXT('2D SPACE',''
  ) );
#8161 = ADVANCED_FACE('',(#8162),#7968,.F.);
#8162 = FACE_BOUND('',#8163,.F.);
#8163 = EDGE_LOOP('',(#8164,#8185,#8186,#8207));
#8164 = ORIENTED_EDGE('',*,*,#8165,.F.);
#8165 = EDGE_CURVE('',#7946,#8066,#8166,.T.);
#8166 = SURFACE_CURVE('',#8167,(#8171,#8178),.PCURVE_S1.);
#8167 = LINE('',#8168,#8169);
#8168 = CARTESIAN_POINT('',(-4.129E+03,-20.,0.));
#8169 = VECTOR('',#8170,1.);
#8170 = DIRECTION('',(1.,0.,-0.));
#8171 = PCURVE('',#7968,#8172);
#8172 = DEFINITIONAL_REPRESENTATION('',(#8173),#8177);
#8173 = LINE('',#8174,#8175);
#8174 = CARTESIAN_POINT('',(0.,0.));
#8175 = VECTOR('',#8176,1.);
#8176 = DIRECTION('',(0.,1.));
#8177 = ( GEOMETRIC_REPRESENTATION_CONTEXT(2) 
PARAMETRIC_REPRESENTATION_CONTEXT() REPRESENTATION_CONTEXT('2D SPACE',''
  ) );
#8178 = PCURVE('',#7996,#8179);
#8179 = DEFINITIONAL_REPRESENTATION('',(#8180),#8184);
#8180 = LINE('',#8181,#8182);
#8181 = CARTESIAN_POINT('',(0.,0.));
#8182 = VECTOR('',#8183,1.);
#8183 = DIRECTION('',(1.,0.));
#8184 = ( GEOMETRIC_REPRESENTATION_CONTEXT(2) 
PARAMETRIC_REPRESENTATION_CONTEXT() REPRESENTATION_CONTEXT('2D SPACE',''
  ) );
#8185 = ORIENTED_EDGE('',*,*,#7945,.T.);
#8186 = ORIENTED_EDGE('',*,*,#8187,.T.);
#8187 = EDGE_CURVE('',#7948,#8068,#8188,.T.);
#8188 = SURFACE_CURVE('',#8189,(#8193,#8200),.PCURVE_S1.);
#8189 = LINE('',#8190,#8191);
#8190 = CARTESIAN_POINT('',(-4.129E+03,-20.,110.));
#8191 = VECTOR('',#8192,1.);
#8192 = DIRECTION('',(1.,0.,-0.));
#8193 = PCURVE('',#7968,#8194);
#8194 = DEFINITIONAL_REPRESENTATION('',(#8195),#8199);
#8195 = LINE('',#8196,#8197);
#8196 = CARTESIAN_POINT('',(110.,0.));
#8197 = VECTOR('',#8198,1.);
#8198 = DIRECTION('',(0.,1.));
#8199 = ( GEOMETRIC_REPRESENTATION_CONTEXT(2) 
PARAMETRIC_REPRESENTATION_CONTEXT() REPRESENTATION_CONTEXT('2D SPACE',''
  ) );
#8200 = PCURVE('',#8050,#8201);
#8201 = DEFINITIONAL_REPRESENTATION('',(#8202),#8206);
#8202 = LINE('',#8203,#8204);
#8203 = CARTESIAN_POINT('',(0.,0.));
#8204 = VECTOR('',#8205,1.);
#8205 = DIRECTION('',(1.,0.));
#8206 = ( GEOMETRIC_REPRESENTATION_CONTEXT(2) 
PARAMETRIC_REPRESENTATION_CONTEXT() REPRESENTATION_CONTEXT('2D SPACE',''
  ) );
#8207 = ORIENTED_EDGE('',*,*,#8065,.F.);
#8208 = ADVANCED_FACE('',(#8209),#8024,.T.);
#8209 = FACE_BOUND('',#8210,.T.);
#8210 = EDGE_LOOP('',(#8211,#8232,#8233,#8254));
#8211 = ORIENTED_EDGE('',*,*,#8212,.F.);
#8212 = EDGE_CURVE('',#7981,#8096,#8213,.T.);
#8213 = SURFACE_CURVE('',#8214,(#8218,#8225),.PCURVE_S1.);
#8214 = LINE('',#8215,#8216);
#8215 = CARTESIAN_POINT('',(-4.129E+03,20.,0.));
#8216 = VECTOR('',#8217,1.);
#8217 = DIRECTION('',(1.,0.,-0.));
#8218 = PCURVE('',#8024,#8219);
#8219 = DEFINITIONAL_REPRESENTATION('',(#8220),#8224);
#8220 = LINE('',#8221,#8222);
#8221 = CARTESIAN_POINT('',(0.,0.));
#8222 = VECTOR('',#8223,1.);
#8223 = DIRECTION('',(0.,1.));
#8224 = ( GEOMETRIC_REPRESENTATION_CONTEXT(2) 
PARAMETRIC_REPRESENTATION_CONTEXT() REPRESENTATION_CONTEXT('2D SPACE',''
  ) );
#8225 = PCURVE('',#7996,#8226);
#8226 = DEFINITIONAL_REPRESENTATION('',(#8227),#8231);
#8227 = LINE('',#8228,#8229);
#8228 = CARTESIAN_POINT('',(0.,40.));
#8229 = VECTOR('',#8230,1.);
#8230 = DIRECTION('',(1.,0.));
#8231 = ( GEOMETRIC_REPRESENTATION_CONTEXT(2) 
PARAMETRIC_REPRESENTATION_CONTEXT() REPRESENTATION_CONTEXT('2D SPACE',''
  ) );
#8232 = ORIENTED_EDGE('',*,*,#8008,.T.);
#8233 = ORIENTED_EDGE('',*,*,#8234,.T.);
#8234 = EDGE_CURVE('',#8009,#8119,#8235,.T.);
#8235 = SURFACE_CURVE('',#8236,(#8240,#8247),.PCURVE_S1.);
#8236 = LINE('',#8237,#8238);
#8237 = CARTESIAN_POINT('',(-4.129E+03,20.,110.));
#8238 = VECTOR('',#8239,1.);
#8239 = DIRECTION('',(1.,0.,-0.));
#8240 = PCURVE('',#8024,#8241);
#8241 = DEFINITIONAL_REPRESENTATION('',(#8242),#8246);
#8242 = LINE('',#8243,#8244);
#8243 = CARTESIAN_POINT('',(110.,0.));
#8244 = VECTOR('',#8245,1.);
#8245 = DIRECTION('',(0.,1.));
#8246 = ( GEOMETRIC_REPRESENTATION_CONTEXT(2) 
PARAMETRIC_REPRESENTATION_CONTEXT() REPRESENTATION_CONTEXT('2D SPACE',''
  ) );
#8247 = PCURVE('',#8050,#8248);
#8248 = DEFINITIONAL_REPRESENTATION('',(#8249),#8253);
#8249 = LINE('',#8250,#8251);
#8250 = CARTESIAN_POINT('',(0.,40.));
#8251 = VECTOR('',#8252,1.);
#8252 = DIRECTION('',(1.,0.));
#8253 = ( GEOMETRIC_REPRESENTATION_CONTEXT(2) 
PARAMETRIC_REPRESENTATION_CONTEXT() REPRESENTATION_CONTEXT('2D SPACE',''
  ) );
#8254 = ORIENTED_EDGE('',*,*,#8118,.F.);
#8255 = ADVANCED_FACE('',(#8256),#7996,.F.);
#8256 = FACE_BOUND('',#8257,.F.);
#8257 = EDGE_LOOP('',(#8258,#8259,#8260,#8261));
#8258 = ORIENTED_EDGE('',*,*,#7980,.F.);
#8259 = ORIENTED_EDGE('',*,*,#8165,.T.);
#8260 = ORIENTED_EDGE('',*,*,#8095,.T.);
#8261 = ORIENTED_EDGE('',*,*,#8212,.F.);
#8262 = ADVANCED_FACE('',(#8263),#8050,.T.);
#8263 = FACE_BOUND('',#8264,.T.);
#8264 = EDGE_LOOP('',(#8265,#8266,#8267,#8268));
#8265 = ORIENTED_EDGE('',*,*,#8036,.F.);
#8266 = ORIENTED_EDGE('',*,*,#8187,.T.);
#8267 = ORIENTED_EDGE('',*,*,#8141,.T.);
#8268 = ORIENTED_EDGE('',*,*,#8234,.F.);
#8269 = ( GEOMETRIC_REPRESENTATION_CONTEXT(3) 
GLOBAL_UNCERTAINTY_ASSIGNED_CONTEXT((#8273)) 
GLOBAL_UNIT_ASSIGNED_CONTEXT((#8270,#8271,#8272)) REPRESENTATION_CONTEXT
('Context #1','3D Context with UNIT and UNCERTAINTY') );
#8270 = ( LENGTH_UNIT() NAMED_UNIT(*) SI_UNIT(.MILLI.,.METRE.) );
#8271 = ( NAMED_UNIT(*) PLANE_ANGLE_UNIT() SI_UNIT($,.RADIAN.) );
#8272 = ( NAMED_UNIT(*) SI_UNIT($,.STERADIAN.) SOLID_ANGLE_UNIT() );
#8273 = UNCERTAINTY_MEASURE_WITH_UNIT(LENGTH_MEASURE(1.E-07),#8270,
  'distance_accuracy_value','confusion accuracy');
#8274 = CONTEXT_DEPENDENT_SHAPE_REPRESENTATION(#8275,#8277);
#8275 = ( REPRESENTATION_RELATIONSHIP('','',#7938,#10) 
REPRESENTATION_RELATIONSHIP_WITH_TRANSFORMATION(#8276) 
SHAPE_REPRESENTATION_RELATIONSHIP() );
#8276 = ITEM_DEFINED_TRANSFORMATION('','',#11,#79);
#8277 = PRODUCT_DEFINITION_SHAPE('Placement','Placement of an item',
  #8278);
#8278 = NEXT_ASSEMBLY_USAGE_OCCURRENCE('51','metal.3','',#5,#7933,$);
#8279 = PRODUCT_RELATED_PRODUCT_CATEGORY('part',$,(#7935));
#8280 = SHAPE_DEFINITION_REPRESENTATION(#8281,#8287);
#8281 = PRODUCT_DEFINITION_SHAPE('','',#8282);
#8282 = PRODUCT_DEFINITION('design','',#8283,#8286);
#8283 = PRODUCT_DEFINITION_FORMATION('','',#8284);
#8284 = PRODUCT('metal.4','metal.4','',(#8285));
#8285 = PRODUCT_CONTEXT('',#2,'mechanical');
#8286 = PRODUCT_DEFINITION_CONTEXT('part definition',#2,'design');
#8287 = ADVANCED_BREP_SHAPE_REPRESENTATION('',(#11,#8288),#8618);
#8288 = MANIFOLD_SOLID_BREP('',#8289);
#8289 = CLOSED_SHELL('',(#8290,#8410,#8510,#8557,#8604,#8611));
#8290 = ADVANCED_FACE('',(#8291),#8305,.F.);
#8291 = FACE_BOUND('',#8292,.F.);
#8292 = EDGE_LOOP('',(#8293,#8328,#8356,#8384));
#8293 = ORIENTED_EDGE('',*,*,#8294,.F.);
#8294 = EDGE_CURVE('',#8295,#8297,#8299,.T.);
#8295 = VERTEX_POINT('',#8296);
#8296 = CARTESIAN_POINT('',(-4.129E+03,-20.,0.));
#8297 = VERTEX_POINT('',#8298);
#8298 = CARTESIAN_POINT('',(-4.129E+03,-20.,110.));
#8299 = SURFACE_CURVE('',#8300,(#8304,#8316),.PCURVE_S1.);
#8300 = LINE('',#8301,#8302);
#8301 = CARTESIAN_POINT('',(-4.129E+03,-20.,0.));
#8302 = VECTOR('',#8303,1.);
#8303 = DIRECTION('',(0.,0.,1.));
#8304 = PCURVE('',#8305,#8310);
#8305 = PLANE('',#8306);
#8306 = AXIS2_PLACEMENT_3D('',#8307,#8308,#8309);
#8307 = CARTESIAN_POINT('',(-4.129E+03,-20.,0.));
#8308 = DIRECTION('',(1.,0.,-0.));
#8309 = DIRECTION('',(0.,0.,1.));
#8310 = DEFINITIONAL_REPRESENTATION('',(#8311),#8315);
#8311 = LINE('',#8312,#8313);
#8312 = CARTESIAN_POINT('',(0.,0.));
#8313 = VECTOR('',#8314,1.);
#8314 = DIRECTION('',(1.,0.));
#8315 = ( GEOMETRIC_REPRESENTATION_CONTEXT(2) 
PARAMETRIC_REPRESENTATION_CONTEXT() REPRESENTATION_CONTEXT('2D SPACE',''
  ) );
#8316 = PCURVE('',#8317,#8322);
#8317 = PLANE('',#8318);
#8318 = AXIS2_PLACEMENT_3D('',#8319,#8320,#8321);
#8319 = CARTESIAN_POINT('',(-4.129E+03,-20.,0.));
#8320 = DIRECTION('',(-0.,1.,0.));
#8321 = DIRECTION('',(0.,0.,1.));
#8322 = DEFINITIONAL_REPRESENTATION('',(#8323),#8327);
#8323 = LINE('',#8324,#8325);
#8324 = CARTESIAN_POINT('',(0.,0.));
#8325 = VECTOR('',#8326,1.);
#8326 = DIRECTION('',(1.,0.));
#8327 = ( GEOMETRIC_REPRESENTATION_CONTEXT(2) 
PARAMETRIC_REPRESENTATION_CONTEXT() REPRESENTATION_CONTEXT('2D SPACE',''
  ) );
#8328 = ORIENTED_EDGE('',*,*,#8329,.T.);
#8329 = EDGE_CURVE('',#8295,#8330,#8332,.T.);
#8330 = VERTEX_POINT('',#8331);
#8331 = CARTESIAN_POINT('',(-4.129E+03,20.,0.));
#8332 = SURFACE_CURVE('',#8333,(#8337,#8344),.PCURVE_S1.);
#8333 = LINE('',#8334,#8335);
#8334 = CARTESIAN_POINT('',(-4.129E+03,-20.,0.));
#8335 = VECTOR('',#8336,1.);
#8336 = DIRECTION('',(-0.,1.,0.));
#8337 = PCURVE('',#8305,#8338);
#8338 = DEFINITIONAL_REPRESENTATION('',(#8339),#8343);
#8339 = LINE('',#8340,#8341);
#8340 = CARTESIAN_POINT('',(0.,0.));
#8341 = VECTOR('',#8342,1.);
#8342 = DIRECTION('',(0.,-1.));
#8343 = ( GEOMETRIC_REPRESENTATION_CONTEXT(2) 
PARAMETRIC_REPRESENTATION_CONTEXT() REPRESENTATION_CONTEXT('2D SPACE',''
  ) );
#8344 = PCURVE('',#8345,#8350);
#8345 = PLANE('',#8346);
#8346 = AXIS2_PLACEMENT_3D('',#8347,#8348,#8349);
#8347 = CARTESIAN_POINT('',(-4.129E+03,-20.,0.));
#8348 = DIRECTION('',(0.,0.,1.));
#8349 = DIRECTION('',(1.,0.,-0.));
#8350 = DEFINITIONAL_REPRESENTATION('',(#8351),#8355);
#8351 = LINE('',#8352,#8353);
#8352 = CARTESIAN_POINT('',(0.,0.));
#8353 = VECTOR('',#8354,1.);
#8354 = DIRECTION('',(0.,1.));
#8355 = ( GEOMETRIC_REPRESENTATION_CONTEXT(2) 
PARAMETRIC_REPRESENTATION_CONTEXT() REPRESENTATION_CONTEXT('2D SPACE',''
  ) );
#8356 = ORIENTED_EDGE('',*,*,#8357,.T.);
#8357 = EDGE_CURVE('',#8330,#8358,#8360,.T.);
#8358 = VERTEX_POINT('',#8359);
#8359 = CARTESIAN_POINT('',(-4.129E+03,20.,110.));
#8360 = SURFACE_CURVE('',#8361,(#8365,#8372),.PCURVE_S1.);
#8361 = LINE('',#8362,#8363);
#8362 = CARTESIAN_POINT('',(-4.129E+03,20.,0.));
#8363 = VECTOR('',#8364,1.);
#8364 = DIRECTION('',(0.,0.,1.));
#8365 = PCURVE('',#8305,#8366);
#8366 = DEFINITIONAL_REPRESENTATION('',(#8367),#8371);
#8367 = LINE('',#8368,#8369);
#8368 = CARTESIAN_POINT('',(0.,-40.));
#8369 = VECTOR('',#8370,1.);
#8370 = DIRECTION('',(1.,0.));
#8371 = ( GEOMETRIC_REPRESENTATION_CONTEXT(2) 
PARAMETRIC_REPRESENTATION_CONTEXT() REPRESENTATION_CONTEXT('2D SPACE',''
  ) );
#8372 = PCURVE('',#8373,#8378);
#8373 = PLANE('',#8374);
#8374 = AXIS2_PLACEMENT_3D('',#8375,#8376,#8377);
#8375 = CARTESIAN_POINT('',(-4.129E+03,20.,0.));
#8376 = DIRECTION('',(-0.,1.,0.));
#8377 = DIRECTION('',(0.,0.,1.));
#8378 = DEFINITIONAL_REPRESENTATION('',(#8379),#8383);
#8379 = LINE('',#8380,#8381);
#8380 = CARTESIAN_POINT('',(0.,0.));
#8381 = VECTOR('',#8382,1.);
#8382 = DIRECTION('',(1.,0.));
#8383 = ( GEOMETRIC_REPRESENTATION_CONTEXT(2) 
PARAMETRIC_REPRESENTATION_CONTEXT() REPRESENTATION_CONTEXT('2D SPACE',''
  ) );
#8384 = ORIENTED_EDGE('',*,*,#8385,.F.);
#8385 = EDGE_CURVE('',#8297,#8358,#8386,.T.);
#8386 = SURFACE_CURVE('',#8387,(#8391,#8398),.PCURVE_S1.);
#8387 = LINE('',#8388,#8389);
#8388 = CARTESIAN_POINT('',(-4.129E+03,-20.,110.));
#8389 = VECTOR('',#8390,1.);
#8390 = DIRECTION('',(-0.,1.,0.));
#8391 = PCURVE('',#8305,#8392);
#8392 = DEFINITIONAL_REPRESENTATION('',(#8393),#8397);
#8393 = LINE('',#8394,#8395);
#8394 = CARTESIAN_POINT('',(110.,0.));
#8395 = VECTOR('',#8396,1.);
#8396 = DIRECTION('',(0.,-1.));
#8397 = ( GEOMETRIC_REPRESENTATION_CONTEXT(2) 
PARAMETRIC_REPRESENTATION_CONTEXT() REPRESENTATION_CONTEXT('2D SPACE',''
  ) );
#8398 = PCURVE('',#8399,#8404);
#8399 = PLANE('',#8400);
#8400 = AXIS2_PLACEMENT_3D('',#8401,#8402,#8403);
#8401 = CARTESIAN_POINT('',(-4.129E+03,-20.,110.));
#8402 = DIRECTION('',(0.,0.,1.));
#8403 = DIRECTION('',(1.,0.,-0.));
#8404 = DEFINITIONAL_REPRESENTATION('',(#8405),#8409);
#8405 = LINE('',#8406,#8407);
#8406 = CARTESIAN_POINT('',(0.,0.));
#8407 = VECTOR('',#8408,1.);
#8408 = DIRECTION('',(0.,1.));
#8409 = ( GEOMETRIC_REPRESENTATION_CONTEXT(2) 
PARAMETRIC_REPRESENTATION_CONTEXT() REPRESENTATION_CONTEXT('2D SPACE',''
  ) );
#8410 = ADVANCED_FACE('',(#8411),#8425,.T.);
#8411 = FACE_BOUND('',#8412,.T.);
#8412 = EDGE_LOOP('',(#8413,#8443,#8466,#8489));
#8413 = ORIENTED_EDGE('',*,*,#8414,.F.);
#8414 = EDGE_CURVE('',#8415,#8417,#8419,.T.);
#8415 = VERTEX_POINT('',#8416);
#8416 = CARTESIAN_POINT('',(4.129E+03,-20.,0.));
#8417 = VERTEX_POINT('',#8418);
#8418 = CARTESIAN_POINT('',(4.129E+03,-20.,110.));
#8419 = SURFACE_CURVE('',#8420,(#8424,#8436),.PCURVE_S1.);
#8420 = LINE('',#8421,#8422);
#8421 = CARTESIAN_POINT('',(4.129E+03,-20.,0.));
#8422 = VECTOR('',#8423,1.);
#8423 = DIRECTION('',(0.,0.,1.));
#8424 = PCURVE('',#8425,#8430);
#8425 = PLANE('',#8426);
#8426 = AXIS2_PLACEMENT_3D('',#8427,#8428,#8429);
#8427 = CARTESIAN_POINT('',(4.129E+03,-20.,0.));
#8428 = DIRECTION('',(1.,0.,-0.));
#8429 = DIRECTION('',(0.,0.,1.));
#8430 = DEFINITIONAL_REPRESENTATION('',(#8431),#8435);
#8431 = LINE('',#8432,#8433);
#8432 = CARTESIAN_POINT('',(0.,0.));
#8433 = VECTOR('',#8434,1.);
#8434 = DIRECTION('',(1.,0.));
#8435 = ( GEOMETRIC_REPRESENTATION_CONTEXT(2) 
PARAMETRIC_REPRESENTATION_CONTEXT() REPRESENTATION_CONTEXT('2D SPACE',''
  ) );
#8436 = PCURVE('',#8317,#8437);
#8437 = DEFINITIONAL_REPRESENTATION('',(#8438),#8442);
#8438 = LINE('',#8439,#8440);
#8439 = CARTESIAN_POINT('',(0.,8.258E+03));
#8440 = VECTOR('',#8441,1.);
#8441 = DIRECTION('',(1.,0.));
#8442 = ( GEOMETRIC_REPRESENTATION_CONTEXT(2) 
PARAMETRIC_REPRESENTATION_CONTEXT() REPRESENTATION_CONTEXT('2D SPACE',''
  ) );
#8443 = ORIENTED_EDGE('',*,*,#8444,.T.);
#8444 = EDGE_CURVE('',#8415,#8445,#8447,.T.);
#8445 = VERTEX_POINT('',#8446);
#8446 = CARTESIAN_POINT('',(4.129E+03,20.,0.));
#8447 = SURFACE_CURVE('',#8448,(#8452,#8459),.PCURVE_S1.);
#8448 = LINE('',#8449,#8450);
#8449 = CARTESIAN_POINT('',(4.129E+03,-20.,0.));
#8450 = VECTOR('',#8451,1.);
#8451 = DIRECTION('',(-0.,1.,0.));
#8452 = PCURVE('',#8425,#8453);
#8453 = DEFINITIONAL_REPRESENTATION('',(#8454),#8458);
#8454 = LINE('',#8455,#8456);
#8455 = CARTESIAN_POINT('',(0.,0.));
#8456 = VECTOR('',#8457,1.);
#8457 = DIRECTION('',(0.,-1.));
#8458 = ( GEOMETRIC_REPRESENTATION_CONTEXT(2) 
PARAMETRIC_REPRESENTATION_CONTEXT() REPRESENTATION_CONTEXT('2D SPACE',''
  ) );
#8459 = PCURVE('',#8345,#8460);
#8460 = DEFINITIONAL_REPRESENTATION('',(#8461),#8465);
#8461 = LINE('',#8462,#8463);
#8462 = CARTESIAN_POINT('',(8.258E+03,0.));
#8463 = VECTOR('',#8464,1.);
#8464 = DIRECTION('',(0.,1.));
#8465 = ( GEOMETRIC_REPRESENTATION_CONTEXT(2) 
PARAMETRIC_REPRESENTATION_CONTEXT() REPRESENTATION_CONTEXT('2D SPACE',''
  ) );
#8466 = ORIENTED_EDGE('',*,*,#8467,.T.);
#8467 = EDGE_CURVE('',#8445,#8468,#8470,.T.);
#8468 = VERTEX_POINT('',#8469);
#8469 = CARTESIAN_POINT('',(4.129E+03,20.,110.));
#8470 = SURFACE_CURVE('',#8471,(#8475,#8482),.PCURVE_S1.);
#8471 = LINE('',#8472,#8473);
#8472 = CARTESIAN_POINT('',(4.129E+03,20.,0.));
#8473 = VECTOR('',#8474,1.);
#8474 = DIRECTION('',(0.,0.,1.));
#8475 = PCURVE('',#8425,#8476);
#8476 = DEFINITIONAL_REPRESENTATION('',(#8477),#8481);
#8477 = LINE('',#8478,#8479);
#8478 = CARTESIAN_POINT('',(0.,-40.));
#8479 = VECTOR('',#8480,1.);
#8480 = DIRECTION('',(1.,0.));
#8481 = ( GEOMETRIC_REPRESENTATION_CONTEXT(2) 
PARAMETRIC_REPRESENTATION_CONTEXT() REPRESENTATION_CONTEXT('2D SPACE',''
  ) );
#8482 = PCURVE('',#8373,#8483);
#8483 = DEFINITIONAL_REPRESENTATION('',(#8484),#8488);
#8484 = LINE('',#8485,#8486);
#8485 = CARTESIAN_POINT('',(0.,8.258E+03));
#8486 = VECTOR('',#8487,1.);
#8487 = DIRECTION('',(1.,0.));
#8488 = ( GEOMETRIC_REPRESENTATION_CONTEXT(2) 
PARAMETRIC_REPRESENTATION_CONTEXT() REPRESENTATION_CONTEXT('2D SPACE',''
  ) );
#8489 = ORIENTED_EDGE('',*,*,#8490,.F.);
#8490 = EDGE_CURVE('',#8417,#8468,#8491,.T.);
#8491 = SURFACE_CURVE('',#8492,(#8496,#8503),.PCURVE_S1.);
#8492 = LINE('',#8493,#8494);
#8493 = CARTESIAN_POINT('',(4.129E+03,-20.,110.));
#8494 = VECTOR('',#8495,1.);
#8495 = DIRECTION('',(-0.,1.,0.));
#8496 = PCURVE('',#8425,#8497);
#8497 = DEFINITIONAL_REPRESENTATION('',(#8498),#8502);
#8498 = LINE('',#8499,#8500);
#8499 = CARTESIAN_POINT('',(110.,0.));
#8500 = VECTOR('',#8501,1.);
#8501 = DIRECTION('',(0.,-1.));
#8502 = ( GEOMETRIC_REPRESENTATION_CONTEXT(2) 
PARAMETRIC_REPRESENTATION_CONTEXT() REPRESENTATION_CONTEXT('2D SPACE',''
  ) );
#8503 = PCURVE('',#8399,#8504);
#8504 = DEFINITIONAL_REPRESENTATION('',(#8505),#8509);
#8505 = LINE('',#8506,#8507);
#8506 = CARTESIAN_POINT('',(8.258E+03,0.));
#8507 = VECTOR('',#8508,1.);
#8508 = DIRECTION('',(0.,1.));
#8509 = ( GEOMETRIC_REPRESENTATION_CONTEXT(2) 
PARAMETRIC_REPRESENTATION_CONTEXT() REPRESENTATION_CONTEXT('2D SPACE',''
  ) );
#8510 = ADVANCED_FACE('',(#8511),#8317,.F.);
#8511 = FACE_BOUND('',#8512,.F.);
#8512 = EDGE_LOOP('',(#8513,#8534,#8535,#8556));
#8513 = ORIENTED_EDGE('',*,*,#8514,.F.);
#8514 = EDGE_CURVE('',#8295,#8415,#8515,.T.);
#8515 = SURFACE_CURVE('',#8516,(#8520,#8527),.PCURVE_S1.);
#8516 = LINE('',#8517,#8518);
#8517 = CARTESIAN_POINT('',(-4.129E+03,-20.,0.));
#8518 = VECTOR('',#8519,1.);
#8519 = DIRECTION('',(1.,0.,-0.));
#8520 = PCURVE('',#8317,#8521);
#8521 = DEFINITIONAL_REPRESENTATION('',(#8522),#8526);
#8522 = LINE('',#8523,#8524);
#8523 = CARTESIAN_POINT('',(0.,0.));
#8524 = VECTOR('',#8525,1.);
#8525 = DIRECTION('',(0.,1.));
#8526 = ( GEOMETRIC_REPRESENTATION_CONTEXT(2) 
PARAMETRIC_REPRESENTATION_CONTEXT() REPRESENTATION_CONTEXT('2D SPACE',''
  ) );
#8527 = PCURVE('',#8345,#8528);
#8528 = DEFINITIONAL_REPRESENTATION('',(#8529),#8533);
#8529 = LINE('',#8530,#8531);
#8530 = CARTESIAN_POINT('',(0.,0.));
#8531 = VECTOR('',#8532,1.);
#8532 = DIRECTION('',(1.,0.));
#8533 = ( GEOMETRIC_REPRESENTATION_CONTEXT(2) 
PARAMETRIC_REPRESENTATION_CONTEXT() REPRESENTATION_CONTEXT('2D SPACE',''
  ) );
#8534 = ORIENTED_EDGE('',*,*,#8294,.T.);
#8535 = ORIENTED_EDGE('',*,*,#8536,.T.);
#8536 = EDGE_CURVE('',#8297,#8417,#8537,.T.);
#8537 = SURFACE_CURVE('',#8538,(#8542,#8549),.PCURVE_S1.);
#8538 = LINE('',#8539,#8540);
#8539 = CARTESIAN_POINT('',(-4.129E+03,-20.,110.));
#8540 = VECTOR('',#8541,1.);
#8541 = DIRECTION('',(1.,0.,-0.));
#8542 = PCURVE('',#8317,#8543);
#8543 = DEFINITIONAL_REPRESENTATION('',(#8544),#8548);
#8544 = LINE('',#8545,#8546);
#8545 = CARTESIAN_POINT('',(110.,0.));
#8546 = VECTOR('',#8547,1.);
#8547 = DIRECTION('',(0.,1.));
#8548 = ( GEOMETRIC_REPRESENTATION_CONTEXT(2) 
PARAMETRIC_REPRESENTATION_CONTEXT() REPRESENTATION_CONTEXT('2D SPACE',''
  ) );
#8549 = PCURVE('',#8399,#8550);
#8550 = DEFINITIONAL_REPRESENTATION('',(#8551),#8555);
#8551 = LINE('',#8552,#8553);
#8552 = CARTESIAN_POINT('',(0.,0.));
#8553 = VECTOR('',#8554,1.);
#8554 = DIRECTION('',(1.,0.));
#8555 = ( GEOMETRIC_REPRESENTATION_CONTEXT(2) 
PARAMETRIC_REPRESENTATION_CONTEXT() REPRESENTATION_CONTEXT('2D SPACE',''
  ) );
#8556 = ORIENTED_EDGE('',*,*,#8414,.F.);
#8557 = ADVANCED_FACE('',(#8558),#8373,.T.);
#8558 = FACE_BOUND('',#8559,.T.);
#8559 = EDGE_LOOP('',(#8560,#8581,#8582,#8603));
#8560 = ORIENTED_EDGE('',*,*,#8561,.F.);
#8561 = EDGE_CURVE('',#8330,#8445,#8562,.T.);
#8562 = SURFACE_CURVE('',#8563,(#8567,#8574),.PCURVE_S1.);
#8563 = LINE('',#8564,#8565);
#8564 = CARTESIAN_POINT('',(-4.129E+03,20.,0.));
#8565 = VECTOR('',#8566,1.);
#8566 = DIRECTION('',(1.,0.,-0.));
#8567 = PCURVE('',#8373,#8568);
#8568 = DEFINITIONAL_REPRESENTATION('',(#8569),#8573);
#8569 = LINE('',#8570,#8571);
#8570 = CARTESIAN_POINT('',(0.,0.));
#8571 = VECTOR('',#8572,1.);
#8572 = DIRECTION('',(0.,1.));
#8573 = ( GEOMETRIC_REPRESENTATION_CONTEXT(2) 
PARAMETRIC_REPRESENTATION_CONTEXT() REPRESENTATION_CONTEXT('2D SPACE',''
  ) );
#8574 = PCURVE('',#8345,#8575);
#8575 = DEFINITIONAL_REPRESENTATION('',(#8576),#8580);
#8576 = LINE('',#8577,#8578);
#8577 = CARTESIAN_POINT('',(0.,40.));
#8578 = VECTOR('',#8579,1.);
#8579 = DIRECTION('',(1.,0.));
#8580 = ( GEOMETRIC_REPRESENTATION_CONTEXT(2) 
PARAMETRIC_REPRESENTATION_CONTEXT() REPRESENTATION_CONTEXT('2D SPACE',''
  ) );
#8581 = ORIENTED_EDGE('',*,*,#8357,.T.);
#8582 = ORIENTED_EDGE('',*,*,#8583,.T.);
#8583 = EDGE_CURVE('',#8358,#8468,#8584,.T.);
#8584 = SURFACE_CURVE('',#8585,(#8589,#8596),.PCURVE_S1.);
#8585 = LINE('',#8586,#8587);
#8586 = CARTESIAN_POINT('',(-4.129E+03,20.,110.));
#8587 = VECTOR('',#8588,1.);
#8588 = DIRECTION('',(1.,0.,-0.));
#8589 = PCURVE('',#8373,#8590);
#8590 = DEFINITIONAL_REPRESENTATION('',(#8591),#8595);
#8591 = LINE('',#8592,#8593);
#8592 = CARTESIAN_POINT('',(110.,0.));
#8593 = VECTOR('',#8594,1.);
#8594 = DIRECTION('',(0.,1.));
#8595 = ( GEOMETRIC_REPRESENTATION_CONTEXT(2) 
PARAMETRIC_REPRESENTATION_CONTEXT() REPRESENTATION_CONTEXT('2D SPACE',''
  ) );
#8596 = PCURVE('',#8399,#8597);
#8597 = DEFINITIONAL_REPRESENTATION('',(#8598),#8602);
#8598 = LINE('',#8599,#8600);
#8599 = CARTESIAN_POINT('',(0.,40.));
#8600 = VECTOR('',#8601,1.);
#8601 = DIRECTION('',(1.,0.));
#8602 = ( GEOMETRIC_REPRESENTATION_CONTEXT(2) 
PARAMETRIC_REPRESENTATION_CONTEXT() REPRESENTATION_CONTEXT('2D SPACE',''
  ) );
#8603 = ORIENTED_EDGE('',*,*,#8467,.F.);
#8604 = ADVANCED_FACE('',(#8605),#8345,.F.);
#8605 = FACE_BOUND('',#8606,.F.);
#8606 = EDGE_LOOP('',(#8607,#8608,#8609,#8610));
#8607 = ORIENTED_EDGE('',*,*,#8329,.F.);
#8608 = ORIENTED_EDGE('',*,*,#8514,.T.);
#8609 = ORIENTED_EDGE('',*,*,#8444,.T.);
#8610 = ORIENTED_EDGE('',*,*,#8561,.F.);
#8611 = ADVANCED_FACE('',(#8612),#8399,.T.);
#8612 = FACE_BOUND('',#8613,.T.);
#8613 = EDGE_LOOP('',(#8614,#8615,#8616,#8617));
#8614 = ORIENTED_EDGE('',*,*,#8385,.F.);
#8615 = ORIENTED_EDGE('',*,*,#8536,.T.);
#8616 = ORIENTED_EDGE('',*,*,#8490,.T.);
#8617 = ORIENTED_EDGE('',*,*,#8583,.F.);
#8618 = ( GEOMETRIC_REPRESENTATION_CONTEXT(3) 
GLOBAL_UNCERTAINTY_ASSIGNED_CONTEXT((#8622)) 
GLOBAL_UNIT_ASSIGNED_CONTEXT((#8619,#8620,#8621)) REPRESENTATION_CONTEXT
('Context #1','3D Context with UNIT and UNCERTAINTY') );
#8619 = ( LENGTH_UNIT() NAMED_UNIT(*) SI_UNIT(.MILLI.,.METRE.) );
#8620 = ( NAMED_UNIT(*) PLANE_ANGLE_UNIT() SI_UNIT($,.RADIAN.) );
#8621 = ( NAMED_UNIT(*) SI_UNIT($,.STERADIAN.) SOLID_ANGLE_UNIT() );
#8622 = UNCERTAINTY_MEASURE_WITH_UNIT(LENGTH_MEASURE(1.E-07),#8619,
  'distance_accuracy_value','confusion accuracy');
#8623 = CONTEXT_DEPENDENT_SHAPE_REPRESENTATION(#8624,#8626);
#8624 = ( REPRESENTATION_RELATIONSHIP('','',#8287,#10) 
REPRESENTATION_RELATIONSHIP_WITH_TRANSFORMATION(#8625) 
SHAPE_REPRESENTATION_RELATIONSHIP() );
#8625 = ITEM_DEFINED_TRANSFORMATION('','',#11,#83);
#8626 = PRODUCT_DEFINITION_SHAPE('Placement','Placement of an item',
  #8627);
#8627 = NEXT_ASSEMBLY_USAGE_OCCURRENCE('52','metal.4','',#5,#8282,$);
#8628 = PRODUCT_RELATED_PRODUCT_CATEGORY('part',$,(#8284));
#8629 = SHAPE_DEFINITION_REPRESENTATION(#8630,#8636);
#8630 = PRODUCT_DEFINITION_SHAPE('','',#8631);
#8631 = PRODUCT_DEFINITION('design','',#8632,#8635);
#8632 = PRODUCT_DEFINITION_FORMATION('','',#8633);
#8633 = PRODUCT('metal.108','metal.108','',(#8634));
#8634 = PRODUCT_CONTEXT('',#2,'mechanical');
#8635 = PRODUCT_DEFINITION_CONTEXT('part definition',#2,'design');
#8636 = ADVANCED_BREP_SHAPE_REPRESENTATION('',(#11,#8637),#9281);
#8637 = MANIFOLD_SOLID_BREP('',#8638);
#8638 = CLOSED_SHELL('',(#8639,#8759,#8835,#8990,#9039,#9066,#9073,#9149
    ,#9198,#9247,#9274));
#8639 = ADVANCED_FACE('',(#8640),#8654,.F.);
#8640 = FACE_BOUND('',#8641,.F.);
#8641 = EDGE_LOOP('',(#8642,#8677,#8705,#8733));
#8642 = ORIENTED_EDGE('',*,*,#8643,.F.);
#8643 = EDGE_CURVE('',#8644,#8646,#8648,.T.);
#8644 = VERTEX_POINT('',#8645);
#8645 = CARTESIAN_POINT('',(-567.,-861.,0.));
#8646 = VERTEX_POINT('',#8647);
#8647 = CARTESIAN_POINT('',(-567.,-861.,30.));
#8648 = SURFACE_CURVE('',#8649,(#8653,#8665),.PCURVE_S1.);
#8649 = LINE('',#8650,#8651);
#8650 = CARTESIAN_POINT('',(-567.,-861.,0.));
#8651 = VECTOR('',#8652,1.);
#8652 = DIRECTION('',(0.,0.,1.));
#8653 = PCURVE('',#8654,#8659);
#8654 = PLANE('',#8655);
#8655 = AXIS2_PLACEMENT_3D('',#8656,#8657,#8658);
#8656 = CARTESIAN_POINT('',(-567.,-861.,0.));
#8657 = DIRECTION('',(1.,0.,-0.));
#8658 = DIRECTION('',(0.,0.,1.));
#8659 = DEFINITIONAL_REPRESENTATION('',(#8660),#8664);
#8660 = LINE('',#8661,#8662);
#8661 = CARTESIAN_POINT('',(0.,0.));
#8662 = VECTOR('',#8663,1.);
#8663 = DIRECTION('',(1.,0.));
#8664 = ( GEOMETRIC_REPRESENTATION_CONTEXT(2) 
PARAMETRIC_REPRESENTATION_CONTEXT() REPRESENTATION_CONTEXT('2D SPACE',''
  ) );
#8665 = PCURVE('',#8666,#8671);
#8666 = PLANE('',#8667);
#8667 = AXIS2_PLACEMENT_3D('',#8668,#8669,#8670);
#8668 = CARTESIAN_POINT('',(-567.,-861.,0.));
#8669 = DIRECTION('',(-0.,1.,0.));
#8670 = DIRECTION('',(0.,0.,1.));
#8671 = DEFINITIONAL_REPRESENTATION('',(#8672),#8676);
#8672 = LINE('',#8673,#8674);
#8673 = CARTESIAN_POINT('',(0.,0.));
#8674 = VECTOR('',#8675,1.);
#8675 = DIRECTION('',(1.,0.));
#8676 = ( GEOMETRIC_REPRESENTATION_CONTEXT(2) 
PARAMETRIC_REPRESENTATION_CONTEXT() REPRESENTATION_CONTEXT('2D SPACE',''
  ) );
#8677 = ORIENTED_EDGE('',*,*,#8678,.T.);
#8678 = EDGE_CURVE('',#8644,#8679,#8681,.T.);
#8679 = VERTEX_POINT('',#8680);
#8680 = CARTESIAN_POINT('',(-567.,861.,0.));
#8681 = SURFACE_CURVE('',#8682,(#8686,#8693),.PCURVE_S1.);
#8682 = LINE('',#8683,#8684);
#8683 = CARTESIAN_POINT('',(-567.,-861.,0.));
#8684 = VECTOR('',#8685,1.);
#8685 = DIRECTION('',(-0.,1.,0.));
#8686 = PCURVE('',#8654,#8687);
#8687 = DEFINITIONAL_REPRESENTATION('',(#8688),#8692);
#8688 = LINE('',#8689,#8690);
#8689 = CARTESIAN_POINT('',(0.,0.));
#8690 = VECTOR('',#8691,1.);
#8691 = DIRECTION('',(0.,-1.));
#8692 = ( GEOMETRIC_REPRESENTATION_CONTEXT(2) 
PARAMETRIC_REPRESENTATION_CONTEXT() REPRESENTATION_CONTEXT('2D SPACE',''
  ) );
#8693 = PCURVE('',#8694,#8699);
#8694 = PLANE('',#8695);
#8695 = AXIS2_PLACEMENT_3D('',#8696,#8697,#8698);
#8696 = CARTESIAN_POINT('',(-567.,-861.,0.));
#8697 = DIRECTION('',(0.,0.,1.));
#8698 = DIRECTION('',(1.,0.,-0.));
#8699 = DEFINITIONAL_REPRESENTATION('',(#8700),#8704);
#8700 = LINE('',#8701,#8702);
#8701 = CARTESIAN_POINT('',(0.,0.));
#8702 = VECTOR('',#8703,1.);
#8703 = DIRECTION('',(0.,1.));
#8704 = ( GEOMETRIC_REPRESENTATION_CONTEXT(2) 
PARAMETRIC_REPRESENTATION_CONTEXT() REPRESENTATION_CONTEXT('2D SPACE',''
  ) );
#8705 = ORIENTED_EDGE('',*,*,#8706,.T.);
#8706 = EDGE_CURVE('',#8679,#8707,#8709,.T.);
#8707 = VERTEX_POINT('',#8708);
#8708 = CARTESIAN_POINT('',(-567.,861.,30.));
#8709 = SURFACE_CURVE('',#8710,(#8714,#8721),.PCURVE_S1.);
#8710 = LINE('',#8711,#8712);
#8711 = CARTESIAN_POINT('',(-567.,861.,0.));
#8712 = VECTOR('',#8713,1.);
#8713 = DIRECTION('',(0.,0.,1.));
#8714 = PCURVE('',#8654,#8715);
#8715 = DEFINITIONAL_REPRESENTATION('',(#8716),#8720);
#8716 = LINE('',#8717,#8718);
#8717 = CARTESIAN_POINT('',(0.,-1.722E+03));
#8718 = VECTOR('',#8719,1.);
#8719 = DIRECTION('',(1.,0.));
#8720 = ( GEOMETRIC_REPRESENTATION_CONTEXT(2) 
PARAMETRIC_REPRESENTATION_CONTEXT() REPRESENTATION_CONTEXT('2D SPACE',''
  ) );
#8721 = PCURVE('',#8722,#8727);
#8722 = PLANE('',#8723);
#8723 = AXIS2_PLACEMENT_3D('',#8724,#8725,#8726);
#8724 = CARTESIAN_POINT('',(-567.,861.,0.));
#8725 = DIRECTION('',(-0.,1.,0.));
#8726 = DIRECTION('',(0.,0.,1.));
#8727 = DEFINITIONAL_REPRESENTATION('',(#8728),#8732);
#8728 = LINE('',#8729,#8730);
#8729 = CARTESIAN_POINT('',(0.,0.));
#8730 = VECTOR('',#8731,1.);
#8731 = DIRECTION('',(1.,0.));
#8732 = ( GEOMETRIC_REPRESENTATION_CONTEXT(2) 
PARAMETRIC_REPRESENTATION_CONTEXT() REPRESENTATION_CONTEXT('2D SPACE',''
  ) );
#8733 = ORIENTED_EDGE('',*,*,#8734,.F.);
#8734 = EDGE_CURVE('',#8646,#8707,#8735,.T.);
#8735 = SURFACE_CURVE('',#8736,(#8740,#8747),.PCURVE_S1.);
#8736 = LINE('',#8737,#8738);
#8737 = CARTESIAN_POINT('',(-567.,-861.,30.));
#8738 = VECTOR('',#8739,1.);
#8739 = DIRECTION('',(-0.,1.,0.));
#8740 = PCURVE('',#8654,#8741);
#8741 = DEFINITIONAL_REPRESENTATION('',(#8742),#8746);
#8742 = LINE('',#8743,#8744);
#8743 = CARTESIAN_POINT('',(30.,0.));
#8744 = VECTOR('',#8745,1.);
#8745 = DIRECTION('',(0.,-1.));
#8746 = ( GEOMETRIC_REPRESENTATION_CONTEXT(2) 
PARAMETRIC_REPRESENTATION_CONTEXT() REPRESENTATION_CONTEXT('2D SPACE',''
  ) );
#8747 = PCURVE('',#8748,#8753);
#8748 = PLANE('',#8749);
#8749 = AXIS2_PLACEMENT_3D('',#8750,#8751,#8752);
#8750 = CARTESIAN_POINT('',(-567.,-861.,30.));
#8751 = DIRECTION('',(0.,0.,1.));
#8752 = DIRECTION('',(1.,0.,-0.));
#8753 = DEFINITIONAL_REPRESENTATION('',(#8754),#8758);
#8754 = LINE('',#8755,#8756);
#8755 = CARTESIAN_POINT('',(0.,0.));
#8756 = VECTOR('',#8757,1.);
#8757 = DIRECTION('',(0.,1.));
#8758 = ( GEOMETRIC_REPRESENTATION_CONTEXT(2) 
PARAMETRIC_REPRESENTATION_CONTEXT() REPRESENTATION_CONTEXT('2D SPACE',''
  ) );
#8759 = ADVANCED_FACE('',(#8760),#8666,.F.);
#8760 = FACE_BOUND('',#8761,.F.);
#8761 = EDGE_LOOP('',(#8762,#8785,#8786,#8809));
#8762 = ORIENTED_EDGE('',*,*,#8763,.F.);
#8763 = EDGE_CURVE('',#8644,#8764,#8766,.T.);
#8764 = VERTEX_POINT('',#8765);
#8765 = CARTESIAN_POINT('',(567.,-861.,0.));
#8766 = SURFACE_CURVE('',#8767,(#8771,#8778),.PCURVE_S1.);
#8767 = LINE('',#8768,#8769);
#8768 = CARTESIAN_POINT('',(-567.,-861.,0.));
#8769 = VECTOR('',#8770,1.);
#8770 = DIRECTION('',(1.,0.,-0.));
#8771 = PCURVE('',#8666,#8772);
#8772 = DEFINITIONAL_REPRESENTATION('',(#8773),#8777);
#8773 = LINE('',#8774,#8775);
#8774 = CARTESIAN_POINT('',(0.,0.));
#8775 = VECTOR('',#8776,1.);
#8776 = DIRECTION('',(0.,1.));
#8777 = ( GEOMETRIC_REPRESENTATION_CONTEXT(2) 
PARAMETRIC_REPRESENTATION_CONTEXT() REPRESENTATION_CONTEXT('2D SPACE',''
  ) );
#8778 = PCURVE('',#8694,#8779);
#8779 = DEFINITIONAL_REPRESENTATION('',(#8780),#8784);
#8780 = LINE('',#8781,#8782);
#8781 = CARTESIAN_POINT('',(0.,0.));
#8782 = VECTOR('',#8783,1.);
#8783 = DIRECTION('',(1.,0.));
#8784 = ( GEOMETRIC_REPRESENTATION_CONTEXT(2) 
PARAMETRIC_REPRESENTATION_CONTEXT() REPRESENTATION_CONTEXT('2D SPACE',''
  ) );
#8785 = ORIENTED_EDGE('',*,*,#8643,.T.);
#8786 = ORIENTED_EDGE('',*,*,#8787,.T.);
#8787 = EDGE_CURVE('',#8646,#8788,#8790,.T.);
#8788 = VERTEX_POINT('',#8789);
#8789 = CARTESIAN_POINT('',(567.,-861.,30.));
#8790 = SURFACE_CURVE('',#8791,(#8795,#8802),.PCURVE_S1.);
#8791 = LINE('',#8792,#8793);
#8792 = CARTESIAN_POINT('',(-567.,-861.,30.));
#8793 = VECTOR('',#8794,1.);
#8794 = DIRECTION('',(1.,0.,-0.));
#8795 = PCURVE('',#8666,#8796);
#8796 = DEFINITIONAL_REPRESENTATION('',(#8797),#8801);
#8797 = LINE('',#8798,#8799);
#8798 = CARTESIAN_POINT('',(30.,0.));
#8799 = VECTOR('',#8800,1.);
#8800 = DIRECTION('',(0.,1.));
#8801 = ( GEOMETRIC_REPRESENTATION_CONTEXT(2) 
PARAMETRIC_REPRESENTATION_CONTEXT() REPRESENTATION_CONTEXT('2D SPACE',''
  ) );
#8802 = PCURVE('',#8748,#8803);
#8803 = DEFINITIONAL_REPRESENTATION('',(#8804),#8808);
#8804 = LINE('',#8805,#8806);
#8805 = CARTESIAN_POINT('',(0.,0.));
#8806 = VECTOR('',#8807,1.);
#8807 = DIRECTION('',(1.,0.));
#8808 = ( GEOMETRIC_REPRESENTATION_CONTEXT(2) 
PARAMETRIC_REPRESENTATION_CONTEXT() REPRESENTATION_CONTEXT('2D SPACE',''
  ) );
#8809 = ORIENTED_EDGE('',*,*,#8810,.F.);
#8810 = EDGE_CURVE('',#8764,#8788,#8811,.T.);
#8811 = SURFACE_CURVE('',#8812,(#8816,#8823),.PCURVE_S1.);
#8812 = LINE('',#8813,#8814);
#8813 = CARTESIAN_POINT('',(567.,-861.,0.));
#8814 = VECTOR('',#8815,1.);
#8815 = DIRECTION('',(0.,0.,1.));
#8816 = PCURVE('',#8666,#8817);
#8817 = DEFINITIONAL_REPRESENTATION('',(#8818),#8822);
#8818 = LINE('',#8819,#8820);
#8819 = CARTESIAN_POINT('',(0.,1.134E+03));
#8820 = VECTOR('',#8821,1.);
#8821 = DIRECTION('',(1.,0.));
#8822 = ( GEOMETRIC_REPRESENTATION_CONTEXT(2) 
PARAMETRIC_REPRESENTATION_CONTEXT() REPRESENTATION_CONTEXT('2D SPACE',''
  ) );
#8823 = PCURVE('',#8824,#8829);
#8824 = PLANE('',#8825);
#8825 = AXIS2_PLACEMENT_3D('',#8826,#8827,#8828);
#8826 = CARTESIAN_POINT('',(567.,-861.,0.));
#8827 = DIRECTION('',(1.,0.,-0.));
#8828 = DIRECTION('',(0.,0.,1.));
#8829 = DEFINITIONAL_REPRESENTATION('',(#8830),#8834);
#8830 = LINE('',#8831,#8832);
#8831 = CARTESIAN_POINT('',(0.,0.));
#8832 = VECTOR('',#8833,1.);
#8833 = DIRECTION('',(1.,0.));
#8834 = ( GEOMETRIC_REPRESENTATION_CONTEXT(2) 
PARAMETRIC_REPRESENTATION_CONTEXT() REPRESENTATION_CONTEXT('2D SPACE',''
  ) );
#8835 = ADVANCED_FACE('',(#8836,#8884),#8748,.T.);
#8836 = FACE_BOUND('',#8837,.T.);
#8837 = EDGE_LOOP('',(#8838,#8839,#8840,#8863));
#8838 = ORIENTED_EDGE('',*,*,#8734,.F.);
#8839 = ORIENTED_EDGE('',*,*,#8787,.T.);
#8840 = ORIENTED_EDGE('',*,*,#8841,.T.);
#8841 = EDGE_CURVE('',#8788,#8842,#8844,.T.);
#8842 = VERTEX_POINT('',#8843);
#8843 = CARTESIAN_POINT('',(567.,861.,30.));
#8844 = SURFACE_CURVE('',#8845,(#8849,#8856),.PCURVE_S1.);
#8845 = LINE('',#8846,#8847);
#8846 = CARTESIAN_POINT('',(567.,-861.,30.));
#8847 = VECTOR('',#8848,1.);
#8848 = DIRECTION('',(-0.,1.,0.));
#8849 = PCURVE('',#8748,#8850);
#8850 = DEFINITIONAL_REPRESENTATION('',(#8851),#8855);
#8851 = LINE('',#8852,#8853);
#8852 = CARTESIAN_POINT('',(1.134E+03,0.));
#8853 = VECTOR('',#8854,1.);
#8854 = DIRECTION('',(0.,1.));
#8855 = ( GEOMETRIC_REPRESENTATION_CONTEXT(2) 
PARAMETRIC_REPRESENTATION_CONTEXT() REPRESENTATION_CONTEXT('2D SPACE',''
  ) );
#8856 = PCURVE('',#8824,#8857);
#8857 = DEFINITIONAL_REPRESENTATION('',(#8858),#8862);
#8858 = LINE('',#8859,#8860);
#8859 = CARTESIAN_POINT('',(30.,0.));
#8860 = VECTOR('',#8861,1.);
#8861 = DIRECTION('',(0.,-1.));
#8862 = ( GEOMETRIC_REPRESENTATION_CONTEXT(2) 
PARAMETRIC_REPRESENTATION_CONTEXT() REPRESENTATION_CONTEXT('2D SPACE',''
  ) );
#8863 = ORIENTED_EDGE('',*,*,#8864,.F.);
#8864 = EDGE_CURVE('',#8707,#8842,#8865,.T.);
#8865 = SURFACE_CURVE('',#8866,(#8870,#8877),.PCURVE_S1.);
#8866 = LINE('',#8867,#8868);
#8867 = CARTESIAN_POINT('',(-567.,861.,30.));
#8868 = VECTOR('',#8869,1.);
#8869 = DIRECTION('',(1.,0.,-0.));
#8870 = PCURVE('',#8748,#8871);
#8871 = DEFINITIONAL_REPRESENTATION('',(#8872),#8876);
#8872 = LINE('',#8873,#8874);
#8873 = CARTESIAN_POINT('',(0.,1.722E+03));
#8874 = VECTOR('',#8875,1.);
#8875 = DIRECTION('',(1.,0.));
#8876 = ( GEOMETRIC_REPRESENTATION_CONTEXT(2) 
PARAMETRIC_REPRESENTATION_CONTEXT() REPRESENTATION_CONTEXT('2D SPACE',''
  ) );
#8877 = PCURVE('',#8722,#8878);
#8878 = DEFINITIONAL_REPRESENTATION('',(#8879),#8883);
#8879 = LINE('',#8880,#8881);
#8880 = CARTESIAN_POINT('',(30.,0.));
#8881 = VECTOR('',#8882,1.);
#8882 = DIRECTION('',(0.,1.));
#8883 = ( GEOMETRIC_REPRESENTATION_CONTEXT(2) 
PARAMETRIC_REPRESENTATION_CONTEXT() REPRESENTATION_CONTEXT('2D SPACE',''
  ) );
#8884 = FACE_BOUND('',#8885,.T.);
#8885 = EDGE_LOOP('',(#8886,#8914,#8940,#8966));
#8886 = ORIENTED_EDGE('',*,*,#8887,.T.);
#8887 = EDGE_CURVE('',#8888,#8890,#8892,.T.);
#8888 = VERTEX_POINT('',#8889);
#8889 = CARTESIAN_POINT('',(532.,-826.,30.));
#8890 = VERTEX_POINT('',#8891);
#8891 = CARTESIAN_POINT('',(-532.,-826.,30.));
#8892 = SURFACE_CURVE('',#8893,(#8897,#8903),.PCURVE_S1.);
#8893 = LINE('',#8894,#8895);
#8894 = CARTESIAN_POINT('',(-549.5,-826.,30.));
#8895 = VECTOR('',#8896,1.);
#8896 = DIRECTION('',(-1.,-0.,0.));
#8897 = PCURVE('',#8748,#8898);
#8898 = DEFINITIONAL_REPRESENTATION('',(#8899),#8902);
#8899 = B_SPLINE_CURVE_WITH_KNOTS('',1,(#8900,#8901),.UNSPECIFIED.,.F.,
  .F.,(2,2),(-1.0815E+03,-17.5),.PIECEWISE_BEZIER_KNOTS.);
#8900 = CARTESIAN_POINT('',(1.099E+03,35.));
#8901 = CARTESIAN_POINT('',(35.,35.));
#8902 = ( GEOMETRIC_REPRESENTATION_CONTEXT(2) 
PARAMETRIC_REPRESENTATION_CONTEXT() REPRESENTATION_CONTEXT('2D SPACE',''
  ) );
#8903 = PCURVE('',#8904,#8909);
#8904 = PLANE('',#8905);
#8905 = AXIS2_PLACEMENT_3D('',#8906,#8907,#8908);
#8906 = CARTESIAN_POINT('',(-532.,-826.,4.));
#8907 = DIRECTION('',(-0.,1.,0.));
#8908 = DIRECTION('',(0.,0.,1.));
#8909 = DEFINITIONAL_REPRESENTATION('',(#8910),#8913);
#8910 = B_SPLINE_CURVE_WITH_KNOTS('',1,(#8911,#8912),.UNSPECIFIED.,.F.,
  .F.,(2,2),(-1.0815E+03,-17.5),.PIECEWISE_BEZIER_KNOTS.);
#8911 = CARTESIAN_POINT('',(26.,1.064E+03));
#8912 = CARTESIAN_POINT('',(26.,0.));
#8913 = ( GEOMETRIC_REPRESENTATION_CONTEXT(2) 
PARAMETRIC_REPRESENTATION_CONTEXT() REPRESENTATION_CONTEXT('2D SPACE',''
  ) );
#8914 = ORIENTED_EDGE('',*,*,#8915,.T.);
#8915 = EDGE_CURVE('',#8890,#8916,#8918,.T.);
#8916 = VERTEX_POINT('',#8917);
#8917 = CARTESIAN_POINT('',(-532.,826.,30.));
#8918 = SURFACE_CURVE('',#8919,(#8923,#8929),.PCURVE_S1.);
#8919 = LINE('',#8920,#8921);
#8920 = CARTESIAN_POINT('',(-532.,-843.5,30.));
#8921 = VECTOR('',#8922,1.);
#8922 = DIRECTION('',(-0.,1.,0.));
#8923 = PCURVE('',#8748,#8924);
#8924 = DEFINITIONAL_REPRESENTATION('',(#8925),#8928);
#8925 = B_SPLINE_CURVE_WITH_KNOTS('',1,(#8926,#8927),.UNSPECIFIED.,.F.,
  .F.,(2,2),(17.5,1.6695E+03),.PIECEWISE_BEZIER_KNOTS.);
#8926 = CARTESIAN_POINT('',(35.,35.));
#8927 = CARTESIAN_POINT('',(35.,1.687E+03));
#8928 = ( GEOMETRIC_REPRESENTATION_CONTEXT(2) 
PARAMETRIC_REPRESENTATION_CONTEXT() REPRESENTATION_CONTEXT('2D SPACE',''
  ) );
#8929 = PCURVE('',#8930,#8935);
#8930 = PLANE('',#8931);
#8931 = AXIS2_PLACEMENT_3D('',#8932,#8933,#8934);
#8932 = CARTESIAN_POINT('',(-532.,-826.,4.));
#8933 = DIRECTION('',(1.,0.,-0.));
#8934 = DIRECTION('',(0.,0.,1.));
#8935 = DEFINITIONAL_REPRESENTATION('',(#8936),#8939);
#8936 = B_SPLINE_CURVE_WITH_KNOTS('',1,(#8937,#8938),.UNSPECIFIED.,.F.,
  .F.,(2,2),(17.5,1.6695E+03),.PIECEWISE_BEZIER_KNOTS.);
#8937 = CARTESIAN_POINT('',(26.,0.));
#8938 = CARTESIAN_POINT('',(26.,-1.652E+03));
#8939 = ( GEOMETRIC_REPRESENTATION_CONTEXT(2) 
PARAMETRIC_REPRESENTATION_CONTEXT() REPRESENTATION_CONTEXT('2D SPACE',''
  ) );
#8940 = ORIENTED_EDGE('',*,*,#8941,.F.);
#8941 = EDGE_CURVE('',#8942,#8916,#8944,.T.);
#8942 = VERTEX_POINT('',#8943);
#8943 = CARTESIAN_POINT('',(532.,826.,30.));
#8944 = SURFACE_CURVE('',#8945,(#8949,#8955),.PCURVE_S1.);
#8945 = LINE('',#8946,#8947);
#8946 = CARTESIAN_POINT('',(-549.5,826.,30.));
#8947 = VECTOR('',#8948,1.);
#8948 = DIRECTION('',(-1.,-0.,0.));
#8949 = PCURVE('',#8748,#8950);
#8950 = DEFINITIONAL_REPRESENTATION('',(#8951),#8954);
#8951 = B_SPLINE_CURVE_WITH_KNOTS('',1,(#8952,#8953),.UNSPECIFIED.,.F.,
  .F.,(2,2),(-1.0815E+03,-17.5),.PIECEWISE_BEZIER_KNOTS.);
#8952 = CARTESIAN_POINT('',(1.099E+03,1.687E+03));
#8953 = CARTESIAN_POINT('',(35.,1.687E+03));
#8954 = ( GEOMETRIC_REPRESENTATION_CONTEXT(2) 
PARAMETRIC_REPRESENTATION_CONTEXT() REPRESENTATION_CONTEXT('2D SPACE',''
  ) );
#8955 = PCURVE('',#8956,#8961);
#8956 = PLANE('',#8957);
#8957 = AXIS2_PLACEMENT_3D('',#8958,#8959,#8960);
#8958 = CARTESIAN_POINT('',(-532.,826.,4.));
#8959 = DIRECTION('',(-0.,1.,0.));
#8960 = DIRECTION('',(0.,0.,1.));
#8961 = DEFINITIONAL_REPRESENTATION('',(#8962),#8965);
#8962 = B_SPLINE_CURVE_WITH_KNOTS('',1,(#8963,#8964),.UNSPECIFIED.,.F.,
  .F.,(2,2),(-1.0815E+03,-17.5),.PIECEWISE_BEZIER_KNOTS.);
#8963 = CARTESIAN_POINT('',(26.,1.064E+03));
#8964 = CARTESIAN_POINT('',(26.,0.));
#8965 = ( GEOMETRIC_REPRESENTATION_CONTEXT(2) 
PARAMETRIC_REPRESENTATION_CONTEXT() REPRESENTATION_CONTEXT('2D SPACE',''
  ) );
#8966 = ORIENTED_EDGE('',*,*,#8967,.F.);
#8967 = EDGE_CURVE('',#8888,#8942,#8968,.T.);
#8968 = SURFACE_CURVE('',#8969,(#8973,#8979),.PCURVE_S1.);
#8969 = LINE('',#8970,#8971);
#8970 = CARTESIAN_POINT('',(532.,-843.5,30.));
#8971 = VECTOR('',#8972,1.);
#8972 = DIRECTION('',(-0.,1.,0.));
#8973 = PCURVE('',#8748,#8974);
#8974 = DEFINITIONAL_REPRESENTATION('',(#8975),#8978);
#8975 = B_SPLINE_CURVE_WITH_KNOTS('',1,(#8976,#8977),.UNSPECIFIED.,.F.,
  .F.,(2,2),(17.5,1.6695E+03),.PIECEWISE_BEZIER_KNOTS.);
#8976 = CARTESIAN_POINT('',(1.099E+03,35.));
#8977 = CARTESIAN_POINT('',(1.099E+03,1.687E+03));
#8978 = ( GEOMETRIC_REPRESENTATION_CONTEXT(2) 
PARAMETRIC_REPRESENTATION_CONTEXT() REPRESENTATION_CONTEXT('2D SPACE',''
  ) );
#8979 = PCURVE('',#8980,#8985);
#8980 = PLANE('',#8981);
#8981 = AXIS2_PLACEMENT_3D('',#8982,#8983,#8984);
#8982 = CARTESIAN_POINT('',(532.,-826.,4.));
#8983 = DIRECTION('',(1.,0.,-0.));
#8984 = DIRECTION('',(0.,0.,1.));
#8985 = DEFINITIONAL_REPRESENTATION('',(#8986),#8989);
#8986 = B_SPLINE_CURVE_WITH_KNOTS('',1,(#8987,#8988),.UNSPECIFIED.,.F.,
  .F.,(2,2),(17.5,1.6695E+03),.PIECEWISE_BEZIER_KNOTS.);
#8987 = CARTESIAN_POINT('',(26.,0.));
#8988 = CARTESIAN_POINT('',(26.,-1.652E+03));
#8989 = ( GEOMETRIC_REPRESENTATION_CONTEXT(2) 
PARAMETRIC_REPRESENTATION_CONTEXT() REPRESENTATION_CONTEXT('2D SPACE',''
  ) );
#8990 = ADVANCED_FACE('',(#8991),#8722,.T.);
#8991 = FACE_BOUND('',#8992,.T.);
#8992 = EDGE_LOOP('',(#8993,#9016,#9017,#9018));
#8993 = ORIENTED_EDGE('',*,*,#8994,.F.);
#8994 = EDGE_CURVE('',#8679,#8995,#8997,.T.);
#8995 = VERTEX_POINT('',#8996);
#8996 = CARTESIAN_POINT('',(567.,861.,0.));
#8997 = SURFACE_CURVE('',#8998,(#9002,#9009),.PCURVE_S1.);
#8998 = LINE('',#8999,#9000);
#8999 = CARTESIAN_POINT('',(-567.,861.,0.));
#9000 = VECTOR('',#9001,1.);
#9001 = DIRECTION('',(1.,0.,-0.));
#9002 = PCURVE('',#8722,#9003);
#9003 = DEFINITIONAL_REPRESENTATION('',(#9004),#9008);
#9004 = LINE('',#9005,#9006);
#9005 = CARTESIAN_POINT('',(0.,0.));
#9006 = VECTOR('',#9007,1.);
#9007 = DIRECTION('',(0.,1.));
#9008 = ( GEOMETRIC_REPRESENTATION_CONTEXT(2) 
PARAMETRIC_REPRESENTATION_CONTEXT() REPRESENTATION_CONTEXT('2D SPACE',''
  ) );
#9009 = PCURVE('',#8694,#9010);
#9010 = DEFINITIONAL_REPRESENTATION('',(#9011),#9015);
#9011 = LINE('',#9012,#9013);
#9012 = CARTESIAN_POINT('',(0.,1.722E+03));
#9013 = VECTOR('',#9014,1.);
#9014 = DIRECTION('',(1.,0.));
#9015 = ( GEOMETRIC_REPRESENTATION_CONTEXT(2) 
PARAMETRIC_REPRESENTATION_CONTEXT() REPRESENTATION_CONTEXT('2D SPACE',''
  ) );
#9016 = ORIENTED_EDGE('',*,*,#8706,.T.);
#9017 = ORIENTED_EDGE('',*,*,#8864,.T.);
#9018 = ORIENTED_EDGE('',*,*,#9019,.F.);
#9019 = EDGE_CURVE('',#8995,#8842,#9020,.T.);
#9020 = SURFACE_CURVE('',#9021,(#9025,#9032),.PCURVE_S1.);
#9021 = LINE('',#9022,#9023);
#9022 = CARTESIAN_POINT('',(567.,861.,0.));
#9023 = VECTOR('',#9024,1.);
#9024 = DIRECTION('',(0.,0.,1.));
#9025 = PCURVE('',#8722,#9026);
#9026 = DEFINITIONAL_REPRESENTATION('',(#9027),#9031);
#9027 = LINE('',#9028,#9029);
#9028 = CARTESIAN_POINT('',(0.,1.134E+03));
#9029 = VECTOR('',#9030,1.);
#9030 = DIRECTION('',(1.,0.));
#9031 = ( GEOMETRIC_REPRESENTATION_CONTEXT(2) 
PARAMETRIC_REPRESENTATION_CONTEXT() REPRESENTATION_CONTEXT('2D SPACE',''
  ) );
#9032 = PCURVE('',#8824,#9033);
#9033 = DEFINITIONAL_REPRESENTATION('',(#9034),#9038);
#9034 = LINE('',#9035,#9036);
#9035 = CARTESIAN_POINT('',(0.,-1.722E+03));
#9036 = VECTOR('',#9037,1.);
#9037 = DIRECTION('',(1.,0.));
#9038 = ( GEOMETRIC_REPRESENTATION_CONTEXT(2) 
PARAMETRIC_REPRESENTATION_CONTEXT() REPRESENTATION_CONTEXT('2D SPACE',''
  ) );
#9039 = ADVANCED_FACE('',(#9040),#8694,.F.);
#9040 = FACE_BOUND('',#9041,.F.);
#9041 = EDGE_LOOP('',(#9042,#9043,#9044,#9065));
#9042 = ORIENTED_EDGE('',*,*,#8678,.F.);
#9043 = ORIENTED_EDGE('',*,*,#8763,.T.);
#9044 = ORIENTED_EDGE('',*,*,#9045,.T.);
#9045 = EDGE_CURVE('',#8764,#8995,#9046,.T.);
#9046 = SURFACE_CURVE('',#9047,(#9051,#9058),.PCURVE_S1.);
#9047 = LINE('',#9048,#9049);
#9048 = CARTESIAN_POINT('',(567.,-861.,0.));
#9049 = VECTOR('',#9050,1.);
#9050 = DIRECTION('',(-0.,1.,0.));
#9051 = PCURVE('',#8694,#9052);
#9052 = DEFINITIONAL_REPRESENTATION('',(#9053),#9057);
#9053 = LINE('',#9054,#9055);
#9054 = CARTESIAN_POINT('',(1.134E+03,0.));
#9055 = VECTOR('',#9056,1.);
#9056 = DIRECTION('',(0.,1.));
#9057 = ( GEOMETRIC_REPRESENTATION_CONTEXT(2) 
PARAMETRIC_REPRESENTATION_CONTEXT() REPRESENTATION_CONTEXT('2D SPACE',''
  ) );
#9058 = PCURVE('',#8824,#9059);
#9059 = DEFINITIONAL_REPRESENTATION('',(#9060),#9064);
#9060 = LINE('',#9061,#9062);
#9061 = CARTESIAN_POINT('',(0.,0.));
#9062 = VECTOR('',#9063,1.);
#9063 = DIRECTION('',(0.,-1.));
#9064 = ( GEOMETRIC_REPRESENTATION_CONTEXT(2) 
PARAMETRIC_REPRESENTATION_CONTEXT() REPRESENTATION_CONTEXT('2D SPACE',''
  ) );
#9065 = ORIENTED_EDGE('',*,*,#8994,.F.);
#9066 = ADVANCED_FACE('',(#9067),#8824,.T.);
#9067 = FACE_BOUND('',#9068,.T.);
#9068 = EDGE_LOOP('',(#9069,#9070,#9071,#9072));
#9069 = ORIENTED_EDGE('',*,*,#8810,.F.);
#9070 = ORIENTED_EDGE('',*,*,#9045,.T.);
#9071 = ORIENTED_EDGE('',*,*,#9019,.T.);
#9072 = ORIENTED_EDGE('',*,*,#8841,.F.);
#9073 = ADVANCED_FACE('',(#9074),#8904,.T.);
#9074 = FACE_BOUND('',#9075,.T.);
#9075 = EDGE_LOOP('',(#9076,#9099,#9127,#9148));
#9076 = ORIENTED_EDGE('',*,*,#9077,.F.);
#9077 = EDGE_CURVE('',#9078,#8888,#9080,.T.);
#9078 = VERTEX_POINT('',#9079);
#9079 = CARTESIAN_POINT('',(532.,-826.,4.));
#9080 = SURFACE_CURVE('',#9081,(#9085,#9092),.PCURVE_S1.);
#9081 = LINE('',#9082,#9083);
#9082 = CARTESIAN_POINT('',(532.,-826.,4.));
#9083 = VECTOR('',#9084,1.);
#9084 = DIRECTION('',(0.,0.,1.));
#9085 = PCURVE('',#8904,#9086);
#9086 = DEFINITIONAL_REPRESENTATION('',(#9087),#9091);
#9087 = LINE('',#9088,#9089);
#9088 = CARTESIAN_POINT('',(0.,1.064E+03));
#9089 = VECTOR('',#9090,1.);
#9090 = DIRECTION('',(1.,0.));
#9091 = ( GEOMETRIC_REPRESENTATION_CONTEXT(2) 
PARAMETRIC_REPRESENTATION_CONTEXT() REPRESENTATION_CONTEXT('2D SPACE',''
  ) );
#9092 = PCURVE('',#8980,#9093);
#9093 = DEFINITIONAL_REPRESENTATION('',(#9094),#9098);
#9094 = LINE('',#9095,#9096);
#9095 = CARTESIAN_POINT('',(0.,0.));
#9096 = VECTOR('',#9097,1.);
#9097 = DIRECTION('',(1.,0.));
#9098 = ( GEOMETRIC_REPRESENTATION_CONTEXT(2) 
PARAMETRIC_REPRESENTATION_CONTEXT() REPRESENTATION_CONTEXT('2D SPACE',''
  ) );
#9099 = ORIENTED_EDGE('',*,*,#9100,.F.);
#9100 = EDGE_CURVE('',#9101,#9078,#9103,.T.);
#9101 = VERTEX_POINT('',#9102);
#9102 = CARTESIAN_POINT('',(-532.,-826.,4.));
#9103 = SURFACE_CURVE('',#9104,(#9108,#9115),.PCURVE_S1.);
#9104 = LINE('',#9105,#9106);
#9105 = CARTESIAN_POINT('',(-532.,-826.,4.));
#9106 = VECTOR('',#9107,1.);
#9107 = DIRECTION('',(1.,0.,-0.));
#9108 = PCURVE('',#8904,#9109);
#9109 = DEFINITIONAL_REPRESENTATION('',(#9110),#9114);
#9110 = LINE('',#9111,#9112);
#9111 = CARTESIAN_POINT('',(0.,0.));
#9112 = VECTOR('',#9113,1.);
#9113 = DIRECTION('',(0.,1.));
#9114 = ( GEOMETRIC_REPRESENTATION_CONTEXT(2) 
PARAMETRIC_REPRESENTATION_CONTEXT() REPRESENTATION_CONTEXT('2D SPACE',''
  ) );
#9115 = PCURVE('',#9116,#9121);
#9116 = PLANE('',#9117);
#9117 = AXIS2_PLACEMENT_3D('',#9118,#9119,#9120);
#9118 = CARTESIAN_POINT('',(-532.,-826.,4.));
#9119 = DIRECTION('',(0.,0.,1.));
#9120 = DIRECTION('',(1.,0.,-0.));
#9121 = DEFINITIONAL_REPRESENTATION('',(#9122),#9126);
#9122 = LINE('',#9123,#9124);
#9123 = CARTESIAN_POINT('',(0.,0.));
#9124 = VECTOR('',#9125,1.);
#9125 = DIRECTION('',(1.,0.));
#9126 = ( GEOMETRIC_REPRESENTATION_CONTEXT(2) 
PARAMETRIC_REPRESENTATION_CONTEXT() REPRESENTATION_CONTEXT('2D SPACE',''
  ) );
#9127 = ORIENTED_EDGE('',*,*,#9128,.T.);
#9128 = EDGE_CURVE('',#9101,#8890,#9129,.T.);
#9129 = SURFACE_CURVE('',#9130,(#9134,#9141),.PCURVE_S1.);
#9130 = LINE('',#9131,#9132);
#9131 = CARTESIAN_POINT('',(-532.,-826.,4.));
#9132 = VECTOR('',#9133,1.);
#9133 = DIRECTION('',(0.,0.,1.));
#9134 = PCURVE('',#8904,#9135);
#9135 = DEFINITIONAL_REPRESENTATION('',(#9136),#9140);
#9136 = LINE('',#9137,#9138);
#9137 = CARTESIAN_POINT('',(0.,0.));
#9138 = VECTOR('',#9139,1.);
#9139 = DIRECTION('',(1.,0.));
#9140 = ( GEOMETRIC_REPRESENTATION_CONTEXT(2) 
PARAMETRIC_REPRESENTATION_CONTEXT() REPRESENTATION_CONTEXT('2D SPACE',''
  ) );
#9141 = PCURVE('',#8930,#9142);
#9142 = DEFINITIONAL_REPRESENTATION('',(#9143),#9147);
#9143 = LINE('',#9144,#9145);
#9144 = CARTESIAN_POINT('',(0.,0.));
#9145 = VECTOR('',#9146,1.);
#9146 = DIRECTION('',(1.,0.));
#9147 = ( GEOMETRIC_REPRESENTATION_CONTEXT(2) 
PARAMETRIC_REPRESENTATION_CONTEXT() REPRESENTATION_CONTEXT('2D SPACE',''
  ) );
#9148 = ORIENTED_EDGE('',*,*,#8887,.F.);
#9149 = ADVANCED_FACE('',(#9150),#8980,.F.);
#9150 = FACE_BOUND('',#9151,.F.);
#9151 = EDGE_LOOP('',(#9152,#9153,#9176,#9197));
#9152 = ORIENTED_EDGE('',*,*,#9077,.F.);
#9153 = ORIENTED_EDGE('',*,*,#9154,.T.);
#9154 = EDGE_CURVE('',#9078,#9155,#9157,.T.);
#9155 = VERTEX_POINT('',#9156);
#9156 = CARTESIAN_POINT('',(532.,826.,4.));
#9157 = SURFACE_CURVE('',#9158,(#9162,#9169),.PCURVE_S1.);
#9158 = LINE('',#9159,#9160);
#9159 = CARTESIAN_POINT('',(532.,-826.,4.));
#9160 = VECTOR('',#9161,1.);
#9161 = DIRECTION('',(-0.,1.,0.));
#9162 = PCURVE('',#8980,#9163);
#9163 = DEFINITIONAL_REPRESENTATION('',(#9164),#9168);
#9164 = LINE('',#9165,#9166);
#9165 = CARTESIAN_POINT('',(0.,0.));
#9166 = VECTOR('',#9167,1.);
#9167 = DIRECTION('',(0.,-1.));
#9168 = ( GEOMETRIC_REPRESENTATION_CONTEXT(2) 
PARAMETRIC_REPRESENTATION_CONTEXT() REPRESENTATION_CONTEXT('2D SPACE',''
  ) );
#9169 = PCURVE('',#9116,#9170);
#9170 = DEFINITIONAL_REPRESENTATION('',(#9171),#9175);
#9171 = LINE('',#9172,#9173);
#9172 = CARTESIAN_POINT('',(1.064E+03,0.));
#9173 = VECTOR('',#9174,1.);
#9174 = DIRECTION('',(0.,1.));
#9175 = ( GEOMETRIC_REPRESENTATION_CONTEXT(2) 
PARAMETRIC_REPRESENTATION_CONTEXT() REPRESENTATION_CONTEXT('2D SPACE',''
  ) );
#9176 = ORIENTED_EDGE('',*,*,#9177,.T.);
#9177 = EDGE_CURVE('',#9155,#8942,#9178,.T.);
#9178 = SURFACE_CURVE('',#9179,(#9183,#9190),.PCURVE_S1.);
#9179 = LINE('',#9180,#9181);
#9180 = CARTESIAN_POINT('',(532.,826.,4.));
#9181 = VECTOR('',#9182,1.);
#9182 = DIRECTION('',(0.,0.,1.));
#9183 = PCURVE('',#8980,#9184);
#9184 = DEFINITIONAL_REPRESENTATION('',(#9185),#9189);
#9185 = LINE('',#9186,#9187);
#9186 = CARTESIAN_POINT('',(0.,-1.652E+03));
#9187 = VECTOR('',#9188,1.);
#9188 = DIRECTION('',(1.,0.));
#9189 = ( GEOMETRIC_REPRESENTATION_CONTEXT(2) 
PARAMETRIC_REPRESENTATION_CONTEXT() REPRESENTATION_CONTEXT('2D SPACE',''
  ) );
#9190 = PCURVE('',#8956,#9191);
#9191 = DEFINITIONAL_REPRESENTATION('',(#9192),#9196);
#9192 = LINE('',#9193,#9194);
#9193 = CARTESIAN_POINT('',(0.,1.064E+03));
#9194 = VECTOR('',#9195,1.);
#9195 = DIRECTION('',(1.,0.));
#9196 = ( GEOMETRIC_REPRESENTATION_CONTEXT(2) 
PARAMETRIC_REPRESENTATION_CONTEXT() REPRESENTATION_CONTEXT('2D SPACE',''
  ) );
#9197 = ORIENTED_EDGE('',*,*,#8967,.F.);
#9198 = ADVANCED_FACE('',(#9199),#8956,.F.);
#9199 = FACE_BOUND('',#9200,.F.);
#9200 = EDGE_LOOP('',(#9201,#9202,#9225,#9246));
#9201 = ORIENTED_EDGE('',*,*,#9177,.F.);
#9202 = ORIENTED_EDGE('',*,*,#9203,.F.);
#9203 = EDGE_CURVE('',#9204,#9155,#9206,.T.);
#9204 = VERTEX_POINT('',#9205);
#9205 = CARTESIAN_POINT('',(-532.,826.,4.));
#9206 = SURFACE_CURVE('',#9207,(#9211,#9218),.PCURVE_S1.);
#9207 = LINE('',#9208,#9209);
#9208 = CARTESIAN_POINT('',(-532.,826.,4.));
#9209 = VECTOR('',#9210,1.);
#9210 = DIRECTION('',(1.,0.,-0.));
#9211 = PCURVE('',#8956,#9212);
#9212 = DEFINITIONAL_REPRESENTATION('',(#9213),#9217);
#9213 = LINE('',#9214,#9215);
#9214 = CARTESIAN_POINT('',(0.,0.));
#9215 = VECTOR('',#9216,1.);
#9216 = DIRECTION('',(0.,1.));
#9217 = ( GEOMETRIC_REPRESENTATION_CONTEXT(2) 
PARAMETRIC_REPRESENTATION_CONTEXT() REPRESENTATION_CONTEXT('2D SPACE',''
  ) );
#9218 = PCURVE('',#9116,#9219);
#9219 = DEFINITIONAL_REPRESENTATION('',(#9220),#9224);
#9220 = LINE('',#9221,#9222);
#9221 = CARTESIAN_POINT('',(0.,1.652E+03));
#9222 = VECTOR('',#9223,1.);
#9223 = DIRECTION('',(1.,0.));
#9224 = ( GEOMETRIC_REPRESENTATION_CONTEXT(2) 
PARAMETRIC_REPRESENTATION_CONTEXT() REPRESENTATION_CONTEXT('2D SPACE',''
  ) );
#9225 = ORIENTED_EDGE('',*,*,#9226,.T.);
#9226 = EDGE_CURVE('',#9204,#8916,#9227,.T.);
#9227 = SURFACE_CURVE('',#9228,(#9232,#9239),.PCURVE_S1.);
#9228 = LINE('',#9229,#9230);
#9229 = CARTESIAN_POINT('',(-532.,826.,4.));
#9230 = VECTOR('',#9231,1.);
#9231 = DIRECTION('',(0.,0.,1.));
#9232 = PCURVE('',#8956,#9233);
#9233 = DEFINITIONAL_REPRESENTATION('',(#9234),#9238);
#9234 = LINE('',#9235,#9236);
#9235 = CARTESIAN_POINT('',(0.,0.));
#9236 = VECTOR('',#9237,1.);
#9237 = DIRECTION('',(1.,0.));
#9238 = ( GEOMETRIC_REPRESENTATION_CONTEXT(2) 
PARAMETRIC_REPRESENTATION_CONTEXT() REPRESENTATION_CONTEXT('2D SPACE',''
  ) );
#9239 = PCURVE('',#8930,#9240);
#9240 = DEFINITIONAL_REPRESENTATION('',(#9241),#9245);
#9241 = LINE('',#9242,#9243);
#9242 = CARTESIAN_POINT('',(0.,-1.652E+03));
#9243 = VECTOR('',#9244,1.);
#9244 = DIRECTION('',(1.,0.));
#9245 = ( GEOMETRIC_REPRESENTATION_CONTEXT(2) 
PARAMETRIC_REPRESENTATION_CONTEXT() REPRESENTATION_CONTEXT('2D SPACE',''
  ) );
#9246 = ORIENTED_EDGE('',*,*,#8941,.F.);
#9247 = ADVANCED_FACE('',(#9248),#8930,.T.);
#9248 = FACE_BOUND('',#9249,.T.);
#9249 = EDGE_LOOP('',(#9250,#9251,#9272,#9273));
#9250 = ORIENTED_EDGE('',*,*,#9128,.F.);
#9251 = ORIENTED_EDGE('',*,*,#9252,.T.);
#9252 = EDGE_CURVE('',#9101,#9204,#9253,.T.);
#9253 = SURFACE_CURVE('',#9254,(#9258,#9265),.PCURVE_S1.);
#9254 = LINE('',#9255,#9256);
#9255 = CARTESIAN_POINT('',(-532.,-826.,4.));
#9256 = VECTOR('',#9257,1.);
#9257 = DIRECTION('',(-0.,1.,0.));
#9258 = PCURVE('',#8930,#9259);
#9259 = DEFINITIONAL_REPRESENTATION('',(#9260),#9264);
#9260 = LINE('',#9261,#9262);
#9261 = CARTESIAN_POINT('',(0.,0.));
#9262 = VECTOR('',#9263,1.);
#9263 = DIRECTION('',(0.,-1.));
#9264 = ( GEOMETRIC_REPRESENTATION_CONTEXT(2) 
PARAMETRIC_REPRESENTATION_CONTEXT() REPRESENTATION_CONTEXT('2D SPACE',''
  ) );
#9265 = PCURVE('',#9116,#9266);
#9266 = DEFINITIONAL_REPRESENTATION('',(#9267),#9271);
#9267 = LINE('',#9268,#9269);
#9268 = CARTESIAN_POINT('',(0.,0.));
#9269 = VECTOR('',#9270,1.);
#9270 = DIRECTION('',(0.,1.));
#9271 = ( GEOMETRIC_REPRESENTATION_CONTEXT(2) 
PARAMETRIC_REPRESENTATION_CONTEXT() REPRESENTATION_CONTEXT('2D SPACE',''
  ) );
#9272 = ORIENTED_EDGE('',*,*,#9226,.T.);
#9273 = ORIENTED_EDGE('',*,*,#8915,.F.);
#9274 = ADVANCED_FACE('',(#9275),#9116,.T.);
#9275 = FACE_BOUND('',#9276,.T.);
#9276 = EDGE_LOOP('',(#9277,#9278,#9279,#9280));
#9277 = ORIENTED_EDGE('',*,*,#9252,.F.);
#9278 = ORIENTED_EDGE('',*,*,#9100,.T.);
#9279 = ORIENTED_EDGE('',*,*,#9154,.T.);
#9280 = ORIENTED_EDGE('',*,*,#9203,.F.);
#9281 = ( GEOMETRIC_REPRESENTATION_CONTEXT(3) 
GLOBAL_UNCERTAINTY_ASSIGNED_CONTEXT((#9285)) 
GLOBAL_UNIT_ASSIGNED_CONTEXT((#9282,#9283,#9284)) REPRESENTATION_CONTEXT
('Context #1','3D Context with UNIT and UNCERTAINTY') );
#9282 = ( LENGTH_UNIT() NAMED_UNIT(*) SI_UNIT(.MILLI.,.METRE.) );
#9283 = ( NAMED_UNIT(*) PLANE_ANGLE_UNIT() SI_UNIT($,.RADIAN.) );
#9284 = ( NAMED_UNIT(*) SI_UNIT($,.STERADIAN.) SOLID_ANGLE_UNIT() );
#9285 = UNCERTAINTY_MEASURE_WITH_UNIT(LENGTH_MEASURE(1.E-07),#9282,
  'distance_accuracy_value','confusion accuracy');
#9286 = CONTEXT_DEPENDENT_SHAPE_REPRESENTATION(#9287,#9289);
#9287 = ( REPRESENTATION_RELATIONSHIP('','',#8636,#10) 
REPRESENTATION_RELATIONSHIP_WITH_TRANSFORMATION(#9288) 
SHAPE_REPRESENTATION_RELATIONSHIP() );
#9288 = ITEM_DEFINED_TRANSFORMATION('','',#11,#87);
#9289 = PRODUCT_DEFINITION_SHAPE('Placement','Placement of an item',
  #9290);
#9290 = NEXT_ASSEMBLY_USAGE_OCCURRENCE('53','metal.108','',#5,#8631,$);
#9291 = PRODUCT_RELATED_PRODUCT_CATEGORY('part',$,(#8633));
#9292 = SHAPE_DEFINITION_REPRESENTATION(#9293,#9299);
#9293 = PRODUCT_DEFINITION_SHAPE('','',#9294);
#9294 = PRODUCT_DEFINITION('design','',#9295,#9298);
#9295 = PRODUCT_DEFINITION_FORMATION('','',#9296);
#9296 = PRODUCT('cell.8','cell.8','',(#9297));
#9297 = PRODUCT_CONTEXT('',#2,'mechanical');
#9298 = PRODUCT_DEFINITION_CONTEXT('part definition',#2,'design');
#9299 = ADVANCED_BREP_SHAPE_REPRESENTATION('',(#11,#9300),#9630);
#9300 = MANIFOLD_SOLID_BREP('',#9301);
#9301 = CLOSED_SHELL('',(#9302,#9422,#9522,#9569,#9616,#9623));
#9302 = ADVANCED_FACE('',(#9303),#9317,.F.);
#9303 = FACE_BOUND('',#9304,.F.);
#9304 = EDGE_LOOP('',(#9305,#9340,#9368,#9396));
#9305 = ORIENTED_EDGE('',*,*,#9306,.F.);
#9306 = EDGE_CURVE('',#9307,#9309,#9311,.T.);
#9307 = VERTEX_POINT('',#9308);
#9308 = CARTESIAN_POINT('',(-532.5,-826.5,0.));
#9309 = VERTEX_POINT('',#9310);
#9310 = CARTESIAN_POINT('',(-532.5,-826.5,4.));
#9311 = SURFACE_CURVE('',#9312,(#9316,#9328),.PCURVE_S1.);
#9312 = LINE('',#9313,#9314);
#9313 = CARTESIAN_POINT('',(-532.5,-826.5,0.));
#9314 = VECTOR('',#9315,1.);
#9315 = DIRECTION('',(0.,0.,1.));
#9316 = PCURVE('',#9317,#9322);
#9317 = PLANE('',#9318);
#9318 = AXIS2_PLACEMENT_3D('',#9319,#9320,#9321);
#9319 = CARTESIAN_POINT('',(-532.5,-826.5,0.));
#9320 = DIRECTION('',(1.,0.,-0.));
#9321 = DIRECTION('',(0.,0.,1.));
#9322 = DEFINITIONAL_REPRESENTATION('',(#9323),#9327);
#9323 = LINE('',#9324,#9325);
#9324 = CARTESIAN_POINT('',(0.,0.));
#9325 = VECTOR('',#9326,1.);
#9326 = DIRECTION('',(1.,0.));
#9327 = ( GEOMETRIC_REPRESENTATION_CONTEXT(2) 
PARAMETRIC_REPRESENTATION_CONTEXT() REPRESENTATION_CONTEXT('2D SPACE',''
  ) );
#9328 = PCURVE('',#9329,#9334);
#9329 = PLANE('',#9330);
#9330 = AXIS2_PLACEMENT_3D('',#9331,#9332,#9333);
#9331 = CARTESIAN_POINT('',(-532.5,-826.5,0.));
#9332 = DIRECTION('',(-0.,1.,0.));
#9333 = DIRECTION('',(0.,0.,1.));
#9334 = DEFINITIONAL_REPRESENTATION('',(#9335),#9339);
#9335 = LINE('',#9336,#9337);
#9336 = CARTESIAN_POINT('',(0.,0.));
#9337 = VECTOR('',#9338,1.);
#9338 = DIRECTION('',(1.,0.));
#9339 = ( GEOMETRIC_REPRESENTATION_CONTEXT(2) 
PARAMETRIC_REPRESENTATION_CONTEXT() REPRESENTATION_CONTEXT('2D SPACE',''
  ) );
#9340 = ORIENTED_EDGE('',*,*,#9341,.T.);
#9341 = EDGE_CURVE('',#9307,#9342,#9344,.T.);
#9342 = VERTEX_POINT('',#9343);
#9343 = CARTESIAN_POINT('',(-532.5,826.5,0.));
#9344 = SURFACE_CURVE('',#9345,(#9349,#9356),.PCURVE_S1.);
#9345 = LINE('',#9346,#9347);
#9346 = CARTESIAN_POINT('',(-532.5,-826.5,0.));
#9347 = VECTOR('',#9348,1.);
#9348 = DIRECTION('',(-0.,1.,0.));
#9349 = PCURVE('',#9317,#9350);
#9350 = DEFINITIONAL_REPRESENTATION('',(#9351),#9355);
#9351 = LINE('',#9352,#9353);
#9352 = CARTESIAN_POINT('',(0.,0.));
#9353 = VECTOR('',#9354,1.);
#9354 = DIRECTION('',(0.,-1.));
#9355 = ( GEOMETRIC_REPRESENTATION_CONTEXT(2) 
PARAMETRIC_REPRESENTATION_CONTEXT() REPRESENTATION_CONTEXT('2D SPACE',''
  ) );
#9356 = PCURVE('',#9357,#9362);
#9357 = PLANE('',#9358);
#9358 = AXIS2_PLACEMENT_3D('',#9359,#9360,#9361);
#9359 = CARTESIAN_POINT('',(-532.5,-826.5,0.));
#9360 = DIRECTION('',(0.,0.,1.));
#9361 = DIRECTION('',(1.,0.,-0.));
#9362 = DEFINITIONAL_REPRESENTATION('',(#9363),#9367);
#9363 = LINE('',#9364,#9365);
#9364 = CARTESIAN_POINT('',(0.,0.));
#9365 = VECTOR('',#9366,1.);
#9366 = DIRECTION('',(0.,1.));
#9367 = ( GEOMETRIC_REPRESENTATION_CONTEXT(2) 
PARAMETRIC_REPRESENTATION_CONTEXT() REPRESENTATION_CONTEXT('2D SPACE',''
  ) );
#9368 = ORIENTED_EDGE('',*,*,#9369,.T.);
#9369 = EDGE_CURVE('',#9342,#9370,#9372,.T.);
#9370 = VERTEX_POINT('',#9371);
#9371 = CARTESIAN_POINT('',(-532.5,826.5,4.));
#9372 = SURFACE_CURVE('',#9373,(#9377,#9384),.PCURVE_S1.);
#9373 = LINE('',#9374,#9375);
#9374 = CARTESIAN_POINT('',(-532.5,826.5,0.));
#9375 = VECTOR('',#9376,1.);
#9376 = DIRECTION('',(0.,0.,1.));
#9377 = PCURVE('',#9317,#9378);
#9378 = DEFINITIONAL_REPRESENTATION('',(#9379),#9383);
#9379 = LINE('',#9380,#9381);
#9380 = CARTESIAN_POINT('',(0.,-1.653E+03));
#9381 = VECTOR('',#9382,1.);
#9382 = DIRECTION('',(1.,0.));
#9383 = ( GEOMETRIC_REPRESENTATION_CONTEXT(2) 
PARAMETRIC_REPRESENTATION_CONTEXT() REPRESENTATION_CONTEXT('2D SPACE',''
  ) );
#9384 = PCURVE('',#9385,#9390);
#9385 = PLANE('',#9386);
#9386 = AXIS2_PLACEMENT_3D('',#9387,#9388,#9389);
#9387 = CARTESIAN_POINT('',(-532.5,826.5,0.));
#9388 = DIRECTION('',(-0.,1.,0.));
#9389 = DIRECTION('',(0.,0.,1.));
#9390 = DEFINITIONAL_REPRESENTATION('',(#9391),#9395);
#9391 = LINE('',#9392,#9393);
#9392 = CARTESIAN_POINT('',(0.,0.));
#9393 = VECTOR('',#9394,1.);
#9394 = DIRECTION('',(1.,0.));
#9395 = ( GEOMETRIC_REPRESENTATION_CONTEXT(2) 
PARAMETRIC_REPRESENTATION_CONTEXT() REPRESENTATION_CONTEXT('2D SPACE',''
  ) );
#9396 = ORIENTED_EDGE('',*,*,#9397,.F.);
#9397 = EDGE_CURVE('',#9309,#9370,#9398,.T.);
#9398 = SURFACE_CURVE('',#9399,(#9403,#9410),.PCURVE_S1.);
#9399 = LINE('',#9400,#9401);
#9400 = CARTESIAN_POINT('',(-532.5,-826.5,4.));
#9401 = VECTOR('',#9402,1.);
#9402 = DIRECTION('',(-0.,1.,0.));
#9403 = PCURVE('',#9317,#9404);
#9404 = DEFINITIONAL_REPRESENTATION('',(#9405),#9409);
#9405 = LINE('',#9406,#9407);
#9406 = CARTESIAN_POINT('',(4.,0.));
#9407 = VECTOR('',#9408,1.);
#9408 = DIRECTION('',(0.,-1.));
#9409 = ( GEOMETRIC_REPRESENTATION_CONTEXT(2) 
PARAMETRIC_REPRESENTATION_CONTEXT() REPRESENTATION_CONTEXT('2D SPACE',''
  ) );
#9410 = PCURVE('',#9411,#9416);
#9411 = PLANE('',#9412);
#9412 = AXIS2_PLACEMENT_3D('',#9413,#9414,#9415);
#9413 = CARTESIAN_POINT('',(-532.5,-826.5,4.));
#9414 = DIRECTION('',(0.,0.,1.));
#9415 = DIRECTION('',(1.,0.,-0.));
#9416 = DEFINITIONAL_REPRESENTATION('',(#9417),#9421);
#9417 = LINE('',#9418,#9419);
#9418 = CARTESIAN_POINT('',(0.,0.));
#9419 = VECTOR('',#9420,1.);
#9420 = DIRECTION('',(0.,1.));
#9421 = ( GEOMETRIC_REPRESENTATION_CONTEXT(2) 
PARAMETRIC_REPRESENTATION_CONTEXT() REPRESENTATION_CONTEXT('2D SPACE',''
  ) );
#9422 = ADVANCED_FACE('',(#9423),#9437,.T.);
#9423 = FACE_BOUND('',#9424,.T.);
#9424 = EDGE_LOOP('',(#9425,#9455,#9478,#9501));
#9425 = ORIENTED_EDGE('',*,*,#9426,.F.);
#9426 = EDGE_CURVE('',#9427,#9429,#9431,.T.);
#9427 = VERTEX_POINT('',#9428);
#9428 = CARTESIAN_POINT('',(532.5,-826.5,0.));
#9429 = VERTEX_POINT('',#9430);
#9430 = CARTESIAN_POINT('',(532.5,-826.5,4.));
#9431 = SURFACE_CURVE('',#9432,(#9436,#9448),.PCURVE_S1.);
#9432 = LINE('',#9433,#9434);
#9433 = CARTESIAN_POINT('',(532.5,-826.5,0.));
#9434 = VECTOR('',#9435,1.);
#9435 = DIRECTION('',(0.,0.,1.));
#9436 = PCURVE('',#9437,#9442);
#9437 = PLANE('',#9438);
#9438 = AXIS2_PLACEMENT_3D('',#9439,#9440,#9441);
#9439 = CARTESIAN_POINT('',(532.5,-826.5,0.));
#9440 = DIRECTION('',(1.,0.,-0.));
#9441 = DIRECTION('',(0.,0.,1.));
#9442 = DEFINITIONAL_REPRESENTATION('',(#9443),#9447);
#9443 = LINE('',#9444,#9445);
#9444 = CARTESIAN_POINT('',(0.,0.));
#9445 = VECTOR('',#9446,1.);
#9446 = DIRECTION('',(1.,0.));
#9447 = ( GEOMETRIC_REPRESENTATION_CONTEXT(2) 
PARAMETRIC_REPRESENTATION_CONTEXT() REPRESENTATION_CONTEXT('2D SPACE',''
  ) );
#9448 = PCURVE('',#9329,#9449);
#9449 = DEFINITIONAL_REPRESENTATION('',(#9450),#9454);
#9450 = LINE('',#9451,#9452);
#9451 = CARTESIAN_POINT('',(0.,1.065E+03));
#9452 = VECTOR('',#9453,1.);
#9453 = DIRECTION('',(1.,0.));
#9454 = ( GEOMETRIC_REPRESENTATION_CONTEXT(2) 
PARAMETRIC_REPRESENTATION_CONTEXT() REPRESENTATION_CONTEXT('2D SPACE',''
  ) );
#9455 = ORIENTED_EDGE('',*,*,#9456,.T.);
#9456 = EDGE_CURVE('',#9427,#9457,#9459,.T.);
#9457 = VERTEX_POINT('',#9458);
#9458 = CARTESIAN_POINT('',(532.5,826.5,0.));
#9459 = SURFACE_CURVE('',#9460,(#9464,#9471),.PCURVE_S1.);
#9460 = LINE('',#9461,#9462);
#9461 = CARTESIAN_POINT('',(532.5,-826.5,0.));
#9462 = VECTOR('',#9463,1.);
#9463 = DIRECTION('',(-0.,1.,0.));
#9464 = PCURVE('',#9437,#9465);
#9465 = DEFINITIONAL_REPRESENTATION('',(#9466),#9470);
#9466 = LINE('',#9467,#9468);
#9467 = CARTESIAN_POINT('',(0.,0.));
#9468 = VECTOR('',#9469,1.);
#9469 = DIRECTION('',(0.,-1.));
#9470 = ( GEOMETRIC_REPRESENTATION_CONTEXT(2) 
PARAMETRIC_REPRESENTATION_CONTEXT() REPRESENTATION_CONTEXT('2D SPACE',''
  ) );
#9471 = PCURVE('',#9357,#9472);
#9472 = DEFINITIONAL_REPRESENTATION('',(#9473),#9477);
#9473 = LINE('',#9474,#9475);
#9474 = CARTESIAN_POINT('',(1.065E+03,0.));
#9475 = VECTOR('',#9476,1.);
#9476 = DIRECTION('',(0.,1.));
#9477 = ( GEOMETRIC_REPRESENTATION_CONTEXT(2) 
PARAMETRIC_REPRESENTATION_CONTEXT() REPRESENTATION_CONTEXT('2D SPACE',''
  ) );
#9478 = ORIENTED_EDGE('',*,*,#9479,.T.);
#9479 = EDGE_CURVE('',#9457,#9480,#9482,.T.);
#9480 = VERTEX_POINT('',#9481);
#9481 = CARTESIAN_POINT('',(532.5,826.5,4.));
#9482 = SURFACE_CURVE('',#9483,(#9487,#9494),.PCURVE_S1.);
#9483 = LINE('',#9484,#9485);
#9484 = CARTESIAN_POINT('',(532.5,826.5,0.));
#9485 = VECTOR('',#9486,1.);
#9486 = DIRECTION('',(0.,0.,1.));
#9487 = PCURVE('',#9437,#9488);
#9488 = DEFINITIONAL_REPRESENTATION('',(#9489),#9493);
#9489 = LINE('',#9490,#9491);
#9490 = CARTESIAN_POINT('',(0.,-1.653E+03));
#9491 = VECTOR('',#9492,1.);
#9492 = DIRECTION('',(1.,0.));
#9493 = ( GEOMETRIC_REPRESENTATION_CONTEXT(2) 
PARAMETRIC_REPRESENTATION_CONTEXT() REPRESENTATION_CONTEXT('2D SPACE',''
  ) );
#9494 = PCURVE('',#9385,#9495);
#9495 = DEFINITIONAL_REPRESENTATION('',(#9496),#9500);
#9496 = LINE('',#9497,#9498);
#9497 = CARTESIAN_POINT('',(0.,1.065E+03));
#9498 = VECTOR('',#9499,1.);
#9499 = DIRECTION('',(1.,0.));
#9500 = ( GEOMETRIC_REPRESENTATION_CONTEXT(2) 
PARAMETRIC_REPRESENTATION_CONTEXT() REPRESENTATION_CONTEXT('2D SPACE',''
  ) );
#9501 = ORIENTED_EDGE('',*,*,#9502,.F.);
#9502 = EDGE_CURVE('',#9429,#9480,#9503,.T.);
#9503 = SURFACE_CURVE('',#9504,(#9508,#9515),.PCURVE_S1.);
#9504 = LINE('',#9505,#9506);
#9505 = CARTESIAN_POINT('',(532.5,-826.5,4.));
#9506 = VECTOR('',#9507,1.);
#9507 = DIRECTION('',(-0.,1.,0.));
#9508 = PCURVE('',#9437,#9509);
#9509 = DEFINITIONAL_REPRESENTATION('',(#9510),#9514);
#9510 = LINE('',#9511,#9512);
#9511 = CARTESIAN_POINT('',(4.,0.));
#9512 = VECTOR('',#9513,1.);
#9513 = DIRECTION('',(0.,-1.));
#9514 = ( GEOMETRIC_REPRESENTATION_CONTEXT(2) 
PARAMETRIC_REPRESENTATION_CONTEXT() REPRESENTATION_CONTEXT('2D SPACE',''
  ) );
#9515 = PCURVE('',#9411,#9516);
#9516 = DEFINITIONAL_REPRESENTATION('',(#9517),#9521);
#9517 = LINE('',#9518,#9519);
#9518 = CARTESIAN_POINT('',(1.065E+03,0.));
#9519 = VECTOR('',#9520,1.);
#9520 = DIRECTION('',(0.,1.));
#9521 = ( GEOMETRIC_REPRESENTATION_CONTEXT(2) 
PARAMETRIC_REPRESENTATION_CONTEXT() REPRESENTATION_CONTEXT('2D SPACE',''
  ) );
#9522 = ADVANCED_FACE('',(#9523),#9329,.F.);
#9523 = FACE_BOUND('',#9524,.F.);
#9524 = EDGE_LOOP('',(#9525,#9546,#9547,#9568));
#9525 = ORIENTED_EDGE('',*,*,#9526,.F.);
#9526 = EDGE_CURVE('',#9307,#9427,#9527,.T.);
#9527 = SURFACE_CURVE('',#9528,(#9532,#9539),.PCURVE_S1.);
#9528 = LINE('',#9529,#9530);
#9529 = CARTESIAN_POINT('',(-532.5,-826.5,0.));
#9530 = VECTOR('',#9531,1.);
#9531 = DIRECTION('',(1.,0.,-0.));
#9532 = PCURVE('',#9329,#9533);
#9533 = DEFINITIONAL_REPRESENTATION('',(#9534),#9538);
#9534 = LINE('',#9535,#9536);
#9535 = CARTESIAN_POINT('',(0.,0.));
#9536 = VECTOR('',#9537,1.);
#9537 = DIRECTION('',(0.,1.));
#9538 = ( GEOMETRIC_REPRESENTATION_CONTEXT(2) 
PARAMETRIC_REPRESENTATION_CONTEXT() REPRESENTATION_CONTEXT('2D SPACE',''
  ) );
#9539 = PCURVE('',#9357,#9540);
#9540 = DEFINITIONAL_REPRESENTATION('',(#9541),#9545);
#9541 = LINE('',#9542,#9543);
#9542 = CARTESIAN_POINT('',(0.,0.));
#9543 = VECTOR('',#9544,1.);
#9544 = DIRECTION('',(1.,0.));
#9545 = ( GEOMETRIC_REPRESENTATION_CONTEXT(2) 
PARAMETRIC_REPRESENTATION_CONTEXT() REPRESENTATION_CONTEXT('2D SPACE',''
  ) );
#9546 = ORIENTED_EDGE('',*,*,#9306,.T.);
#9547 = ORIENTED_EDGE('',*,*,#9548,.T.);
#9548 = EDGE_CURVE('',#9309,#9429,#9549,.T.);
#9549 = SURFACE_CURVE('',#9550,(#9554,#9561),.PCURVE_S1.);
#9550 = LINE('',#9551,#9552);
#9551 = CARTESIAN_POINT('',(-532.5,-826.5,4.));
#9552 = VECTOR('',#9553,1.);
#9553 = DIRECTION('',(1.,0.,-0.));
#9554 = PCURVE('',#9329,#9555);
#9555 = DEFINITIONAL_REPRESENTATION('',(#9556),#9560);
#9556 = LINE('',#9557,#9558);
#9557 = CARTESIAN_POINT('',(4.,0.));
#9558 = VECTOR('',#9559,1.);
#9559 = DIRECTION('',(0.,1.));
#9560 = ( GEOMETRIC_REPRESENTATION_CONTEXT(2) 
PARAMETRIC_REPRESENTATION_CONTEXT() REPRESENTATION_CONTEXT('2D SPACE',''
  ) );
#9561 = PCURVE('',#9411,#9562);
#9562 = DEFINITIONAL_REPRESENTATION('',(#9563),#9567);
#9563 = LINE('',#9564,#9565);
#9564 = CARTESIAN_POINT('',(0.,0.));
#9565 = VECTOR('',#9566,1.);
#9566 = DIRECTION('',(1.,0.));
#9567 = ( GEOMETRIC_REPRESENTATION_CONTEXT(2) 
PARAMETRIC_REPRESENTATION_CONTEXT() REPRESENTATION_CONTEXT('2D SPACE',''
  ) );
#9568 = ORIENTED_EDGE('',*,*,#9426,.F.);
#9569 = ADVANCED_FACE('',(#9570),#9385,.T.);
#9570 = FACE_BOUND('',#9571,.T.);
#9571 = EDGE_LOOP('',(#9572,#9593,#9594,#9615));
#9572 = ORIENTED_EDGE('',*,*,#9573,.F.);
#9573 = EDGE_CURVE('',#9342,#9457,#9574,.T.);
#9574 = SURFACE_CURVE('',#9575,(#9579,#9586),.PCURVE_S1.);
#9575 = LINE('',#9576,#9577);
#9576 = CARTESIAN_POINT('',(-532.5,826.5,0.));
#9577 = VECTOR('',#9578,1.);
#9578 = DIRECTION('',(1.,0.,-0.));
#9579 = PCURVE('',#9385,#9580);
#9580 = DEFINITIONAL_REPRESENTATION('',(#9581),#9585);
#9581 = LINE('',#9582,#9583);
#9582 = CARTESIAN_POINT('',(0.,0.));
#9583 = VECTOR('',#9584,1.);
#9584 = DIRECTION('',(0.,1.));
#9585 = ( GEOMETRIC_REPRESENTATION_CONTEXT(2) 
PARAMETRIC_REPRESENTATION_CONTEXT() REPRESENTATION_CONTEXT('2D SPACE',''
  ) );
#9586 = PCURVE('',#9357,#9587);
#9587 = DEFINITIONAL_REPRESENTATION('',(#9588),#9592);
#9588 = LINE('',#9589,#9590);
#9589 = CARTESIAN_POINT('',(0.,1.653E+03));
#9590 = VECTOR('',#9591,1.);
#9591 = DIRECTION('',(1.,0.));
#9592 = ( GEOMETRIC_REPRESENTATION_CONTEXT(2) 
PARAMETRIC_REPRESENTATION_CONTEXT() REPRESENTATION_CONTEXT('2D SPACE',''
  ) );
#9593 = ORIENTED_EDGE('',*,*,#9369,.T.);
#9594 = ORIENTED_EDGE('',*,*,#9595,.T.);
#9595 = EDGE_CURVE('',#9370,#9480,#9596,.T.);
#9596 = SURFACE_CURVE('',#9597,(#9601,#9608),.PCURVE_S1.);
#9597 = LINE('',#9598,#9599);
#9598 = CARTESIAN_POINT('',(-532.5,826.5,4.));
#9599 = VECTOR('',#9600,1.);
#9600 = DIRECTION('',(1.,0.,-0.));
#9601 = PCURVE('',#9385,#9602);
#9602 = DEFINITIONAL_REPRESENTATION('',(#9603),#9607);
#9603 = LINE('',#9604,#9605);
#9604 = CARTESIAN_POINT('',(4.,0.));
#9605 = VECTOR('',#9606,1.);
#9606 = DIRECTION('',(0.,1.));
#9607 = ( GEOMETRIC_REPRESENTATION_CONTEXT(2) 
PARAMETRIC_REPRESENTATION_CONTEXT() REPRESENTATION_CONTEXT('2D SPACE',''
  ) );
#9608 = PCURVE('',#9411,#9609);
#9609 = DEFINITIONAL_REPRESENTATION('',(#9610),#9614);
#9610 = LINE('',#9611,#9612);
#9611 = CARTESIAN_POINT('',(0.,1.653E+03));
#9612 = VECTOR('',#9613,1.);
#9613 = DIRECTION('',(1.,0.));
#9614 = ( GEOMETRIC_REPRESENTATION_CONTEXT(2) 
PARAMETRIC_REPRESENTATION_CONTEXT() REPRESENTATION_CONTEXT('2D SPACE',''
  ) );
#9615 = ORIENTED_EDGE('',*,*,#9479,.F.);
#9616 = ADVANCED_FACE('',(#9617),#9357,.F.);
#9617 = FACE_BOUND('',#9618,.F.);
#9618 = EDGE_LOOP('',(#9619,#9620,#9621,#9622));
#9619 = ORIENTED_EDGE('',*,*,#9341,.F.);
#9620 = ORIENTED_EDGE('',*,*,#9526,.T.);
#9621 = ORIENTED_EDGE('',*,*,#9456,.T.);
#9622 = ORIENTED_EDGE('',*,*,#9573,.F.);
#9623 = ADVANCED_FACE('',(#9624),#9411,.T.);
#9624 = FACE_BOUND('',#9625,.T.);
#9625 = EDGE_LOOP('',(#9626,#9627,#9628,#9629));
#9626 = ORIENTED_EDGE('',*,*,#9397,.F.);
#9627 = ORIENTED_EDGE('',*,*,#9548,.T.);
#9628 = ORIENTED_EDGE('',*,*,#9502,.T.);
#9629 = ORIENTED_EDGE('',*,*,#9595,.F.);
#9630 = ( GEOMETRIC_REPRESENTATION_CONTEXT(3) 
GLOBAL_UNCERTAINTY_ASSIGNED_CONTEXT((#9634)) 
GLOBAL_UNIT_ASSIGNED_CONTEXT((#9631,#9632,#9633)) REPRESENTATION_CONTEXT
('Context #1','3D Context with UNIT and UNCERTAINTY') );
#9631 = ( LENGTH_UNIT() NAMED_UNIT(*) SI_UNIT(.MILLI.,.METRE.) );
#9632 = ( NAMED_UNIT(*) PLANE_ANGLE_UNIT() SI_UNIT($,.RADIAN.) );
#9633 = ( NAMED_UNIT(*) SI_UNIT($,.STERADIAN.) SOLID_ANGLE_UNIT() );
#9634 = UNCERTAINTY_MEASURE_WITH_UNIT(LENGTH_MEASURE(1.E-07),#9631,
  'distance_accuracy_value','confusion accuracy');
#9635 = CONTEXT_DEPENDENT_SHAPE_REPRESENTATION(#9636,#9638);
#9636 = ( REPRESENTATION_RELATIONSHIP('','',#9299,#10) 
REPRESENTATION_RELATIONSHIP_WITH_TRANSFORMATION(#9637) 
SHAPE_REPRESENTATION_RELATIONSHIP() );
#9637 = ITEM_DEFINED_TRANSFORMATION('','',#11,#91);
#9638 = PRODUCT_DEFINITION_SHAPE('Placement','Placement of an item',
  #9639);
#9639 = NEXT_ASSEMBLY_USAGE_OCCURRENCE('54','cell.8','',#5,#9294,$);
#9640 = PRODUCT_RELATED_PRODUCT_CATEGORY('part',$,(#9296));
#9641 = SHAPE_DEFINITION_REPRESENTATION(#9642,#9648);
#9642 = PRODUCT_DEFINITION_SHAPE('','',#9643);
#9643 = PRODUCT_DEFINITION('design','',#9644,#9647);
#9644 = PRODUCT_DEFINITION_FORMATION('','',#9645);
#9645 = PRODUCT('metal.109','metal.109','',(#9646));
#9646 = PRODUCT_CONTEXT('',#2,'mechanical');
#9647 = PRODUCT_DEFINITION_CONTEXT('part definition',#2,'design');
#9648 = ADVANCED_BREP_SHAPE_REPRESENTATION('',(#11,#9649),#10293);
#9649 = MANIFOLD_SOLID_BREP('',#9650);
#9650 = CLOSED_SHELL('',(#9651,#9771,#9847,#10002,#10051,#10078,#10085,
    #10161,#10210,#10259,#10286));
#9651 = ADVANCED_FACE('',(#9652),#9666,.F.);
#9652 = FACE_BOUND('',#9653,.F.);
#9653 = EDGE_LOOP('',(#9654,#9689,#9717,#9745));
#9654 = ORIENTED_EDGE('',*,*,#9655,.F.);
#9655 = EDGE_CURVE('',#9656,#9658,#9660,.T.);
#9656 = VERTEX_POINT('',#9657);
#9657 = CARTESIAN_POINT('',(-567.,-861.,0.));
#9658 = VERTEX_POINT('',#9659);
#9659 = CARTESIAN_POINT('',(-567.,-861.,30.));
#9660 = SURFACE_CURVE('',#9661,(#9665,#9677),.PCURVE_S1.);
#9661 = LINE('',#9662,#9663);
#9662 = CARTESIAN_POINT('',(-567.,-861.,0.));
#9663 = VECTOR('',#9664,1.);
#9664 = DIRECTION('',(0.,0.,1.));
#9665 = PCURVE('',#9666,#9671);
#9666 = PLANE('',#9667);
#9667 = AXIS2_PLACEMENT_3D('',#9668,#9669,#9670);
#9668 = CARTESIAN_POINT('',(-567.,-861.,0.));
#9669 = DIRECTION('',(1.,0.,-0.));
#9670 = DIRECTION('',(0.,0.,1.));
#9671 = DEFINITIONAL_REPRESENTATION('',(#9672),#9676);
#9672 = LINE('',#9673,#9674);
#9673 = CARTESIAN_POINT('',(0.,0.));
#9674 = VECTOR('',#9675,1.);
#9675 = DIRECTION('',(1.,0.));
#9676 = ( GEOMETRIC_REPRESENTATION_CONTEXT(2) 
PARAMETRIC_REPRESENTATION_CONTEXT() REPRESENTATION_CONTEXT('2D SPACE',''
  ) );
#9677 = PCURVE('',#9678,#9683);
#9678 = PLANE('',#9679);
#9679 = AXIS2_PLACEMENT_3D('',#9680,#9681,#9682);
#9680 = CARTESIAN_POINT('',(-567.,-861.,0.));
#9681 = DIRECTION('',(-0.,1.,0.));
#9682 = DIRECTION('',(0.,0.,1.));
#9683 = DEFINITIONAL_REPRESENTATION('',(#9684),#9688);
#9684 = LINE('',#9685,#9686);
#9685 = CARTESIAN_POINT('',(0.,0.));
#9686 = VECTOR('',#9687,1.);
#9687 = DIRECTION('',(1.,0.));
#9688 = ( GEOMETRIC_REPRESENTATION_CONTEXT(2) 
PARAMETRIC_REPRESENTATION_CONTEXT() REPRESENTATION_CONTEXT('2D SPACE',''
  ) );
#9689 = ORIENTED_EDGE('',*,*,#9690,.T.);
#9690 = EDGE_CURVE('',#9656,#9691,#9693,.T.);
#9691 = VERTEX_POINT('',#9692);
#9692 = CARTESIAN_POINT('',(-567.,861.,0.));
#9693 = SURFACE_CURVE('',#9694,(#9698,#9705),.PCURVE_S1.);
#9694 = LINE('',#9695,#9696);
#9695 = CARTESIAN_POINT('',(-567.,-861.,0.));
#9696 = VECTOR('',#9697,1.);
#9697 = DIRECTION('',(-0.,1.,0.));
#9698 = PCURVE('',#9666,#9699);
#9699 = DEFINITIONAL_REPRESENTATION('',(#9700),#9704);
#9700 = LINE('',#9701,#9702);
#9701 = CARTESIAN_POINT('',(0.,0.));
#9702 = VECTOR('',#9703,1.);
#9703 = DIRECTION('',(0.,-1.));
#9704 = ( GEOMETRIC_REPRESENTATION_CONTEXT(2) 
PARAMETRIC_REPRESENTATION_CONTEXT() REPRESENTATION_CONTEXT('2D SPACE',''
  ) );
#9705 = PCURVE('',#9706,#9711);
#9706 = PLANE('',#9707);
#9707 = AXIS2_PLACEMENT_3D('',#9708,#9709,#9710);
#9708 = CARTESIAN_POINT('',(-567.,-861.,0.));
#9709 = DIRECTION('',(0.,0.,1.));
#9710 = DIRECTION('',(1.,0.,-0.));
#9711 = DEFINITIONAL_REPRESENTATION('',(#9712),#9716);
#9712 = LINE('',#9713,#9714);
#9713 = CARTESIAN_POINT('',(0.,0.));
#9714 = VECTOR('',#9715,1.);
#9715 = DIRECTION('',(0.,1.));
#9716 = ( GEOMETRIC_REPRESENTATION_CONTEXT(2) 
PARAMETRIC_REPRESENTATION_CONTEXT() REPRESENTATION_CONTEXT('2D SPACE',''
  ) );
#9717 = ORIENTED_EDGE('',*,*,#9718,.T.);
#9718 = EDGE_CURVE('',#9691,#9719,#9721,.T.);
#9719 = VERTEX_POINT('',#9720);
#9720 = CARTESIAN_POINT('',(-567.,861.,30.));
#9721 = SURFACE_CURVE('',#9722,(#9726,#9733),.PCURVE_S1.);
#9722 = LINE('',#9723,#9724);
#9723 = CARTESIAN_POINT('',(-567.,861.,0.));
#9724 = VECTOR('',#9725,1.);
#9725 = DIRECTION('',(0.,0.,1.));
#9726 = PCURVE('',#9666,#9727);
#9727 = DEFINITIONAL_REPRESENTATION('',(#9728),#9732);
#9728 = LINE('',#9729,#9730);
#9729 = CARTESIAN_POINT('',(0.,-1.722E+03));
#9730 = VECTOR('',#9731,1.);
#9731 = DIRECTION('',(1.,0.));
#9732 = ( GEOMETRIC_REPRESENTATION_CONTEXT(2) 
PARAMETRIC_REPRESENTATION_CONTEXT() REPRESENTATION_CONTEXT('2D SPACE',''
  ) );
#9733 = PCURVE('',#9734,#9739);
#9734 = PLANE('',#9735);
#9735 = AXIS2_PLACEMENT_3D('',#9736,#9737,#9738);
#9736 = CARTESIAN_POINT('',(-567.,861.,0.));
#9737 = DIRECTION('',(-0.,1.,0.));
#9738 = DIRECTION('',(0.,0.,1.));
#9739 = DEFINITIONAL_REPRESENTATION('',(#9740),#9744);
#9740 = LINE('',#9741,#9742);
#9741 = CARTESIAN_POINT('',(0.,0.));
#9742 = VECTOR('',#9743,1.);
#9743 = DIRECTION('',(1.,0.));
#9744 = ( GEOMETRIC_REPRESENTATION_CONTEXT(2) 
PARAMETRIC_REPRESENTATION_CONTEXT() REPRESENTATION_CONTEXT('2D SPACE',''
  ) );
#9745 = ORIENTED_EDGE('',*,*,#9746,.F.);
#9746 = EDGE_CURVE('',#9658,#9719,#9747,.T.);
#9747 = SURFACE_CURVE('',#9748,(#9752,#9759),.PCURVE_S1.);
#9748 = LINE('',#9749,#9750);
#9749 = CARTESIAN_POINT('',(-567.,-861.,30.));
#9750 = VECTOR('',#9751,1.);
#9751 = DIRECTION('',(-0.,1.,0.));
#9752 = PCURVE('',#9666,#9753);
#9753 = DEFINITIONAL_REPRESENTATION('',(#9754),#9758);
#9754 = LINE('',#9755,#9756);
#9755 = CARTESIAN_POINT('',(30.,0.));
#9756 = VECTOR('',#9757,1.);
#9757 = DIRECTION('',(0.,-1.));
#9758 = ( GEOMETRIC_REPRESENTATION_CONTEXT(2) 
PARAMETRIC_REPRESENTATION_CONTEXT() REPRESENTATION_CONTEXT('2D SPACE',''
  ) );
#9759 = PCURVE('',#9760,#9765);
#9760 = PLANE('',#9761);
#9761 = AXIS2_PLACEMENT_3D('',#9762,#9763,#9764);
#9762 = CARTESIAN_POINT('',(-567.,-861.,30.));
#9763 = DIRECTION('',(0.,0.,1.));
#9764 = DIRECTION('',(1.,0.,-0.));
#9765 = DEFINITIONAL_REPRESENTATION('',(#9766),#9770);
#9766 = LINE('',#9767,#9768);
#9767 = CARTESIAN_POINT('',(0.,0.));
#9768 = VECTOR('',#9769,1.);
#9769 = DIRECTION('',(0.,1.));
#9770 = ( GEOMETRIC_REPRESENTATION_CONTEXT(2) 
PARAMETRIC_REPRESENTATION_CONTEXT() REPRESENTATION_CONTEXT('2D SPACE',''
  ) );
#9771 = ADVANCED_FACE('',(#9772),#9678,.F.);
#9772 = FACE_BOUND('',#9773,.F.);
#9773 = EDGE_LOOP('',(#9774,#9797,#9798,#9821));
#9774 = ORIENTED_EDGE('',*,*,#9775,.F.);
#9775 = EDGE_CURVE('',#9656,#9776,#9778,.T.);
#9776 = VERTEX_POINT('',#9777);
#9777 = CARTESIAN_POINT('',(567.,-861.,0.));
#9778 = SURFACE_CURVE('',#9779,(#9783,#9790),.PCURVE_S1.);
#9779 = LINE('',#9780,#9781);
#9780 = CARTESIAN_POINT('',(-567.,-861.,0.));
#9781 = VECTOR('',#9782,1.);
#9782 = DIRECTION('',(1.,0.,-0.));
#9783 = PCURVE('',#9678,#9784);
#9784 = DEFINITIONAL_REPRESENTATION('',(#9785),#9789);
#9785 = LINE('',#9786,#9787);
#9786 = CARTESIAN_POINT('',(0.,0.));
#9787 = VECTOR('',#9788,1.);
#9788 = DIRECTION('',(0.,1.));
#9789 = ( GEOMETRIC_REPRESENTATION_CONTEXT(2) 
PARAMETRIC_REPRESENTATION_CONTEXT() REPRESENTATION_CONTEXT('2D SPACE',''
  ) );
#9790 = PCURVE('',#9706,#9791);
#9791 = DEFINITIONAL_REPRESENTATION('',(#9792),#9796);
#9792 = LINE('',#9793,#9794);
#9793 = CARTESIAN_POINT('',(0.,0.));
#9794 = VECTOR('',#9795,1.);
#9795 = DIRECTION('',(1.,0.));
#9796 = ( GEOMETRIC_REPRESENTATION_CONTEXT(2) 
PARAMETRIC_REPRESENTATION_CONTEXT() REPRESENTATION_CONTEXT('2D SPACE',''
  ) );
#9797 = ORIENTED_EDGE('',*,*,#9655,.T.);
#9798 = ORIENTED_EDGE('',*,*,#9799,.T.);
#9799 = EDGE_CURVE('',#9658,#9800,#9802,.T.);
#9800 = VERTEX_POINT('',#9801);
#9801 = CARTESIAN_POINT('',(567.,-861.,30.));
#9802 = SURFACE_CURVE('',#9803,(#9807,#9814),.PCURVE_S1.);
#9803 = LINE('',#9804,#9805);
#9804 = CARTESIAN_POINT('',(-567.,-861.,30.));
#9805 = VECTOR('',#9806,1.);
#9806 = DIRECTION('',(1.,0.,-0.));
#9807 = PCURVE('',#9678,#9808);
#9808 = DEFINITIONAL_REPRESENTATION('',(#9809),#9813);
#9809 = LINE('',#9810,#9811);
#9810 = CARTESIAN_POINT('',(30.,0.));
#9811 = VECTOR('',#9812,1.);
#9812 = DIRECTION('',(0.,1.));
#9813 = ( GEOMETRIC_REPRESENTATION_CONTEXT(2) 
PARAMETRIC_REPRESENTATION_CONTEXT() REPRESENTATION_CONTEXT('2D SPACE',''
  ) );
#9814 = PCURVE('',#9760,#9815);
#9815 = DEFINITIONAL_REPRESENTATION('',(#9816),#9820);
#9816 = LINE('',#9817,#9818);
#9817 = CARTESIAN_POINT('',(0.,0.));
#9818 = VECTOR('',#9819,1.);
#9819 = DIRECTION('',(1.,0.));
#9820 = ( GEOMETRIC_REPRESENTATION_CONTEXT(2) 
PARAMETRIC_REPRESENTATION_CONTEXT() REPRESENTATION_CONTEXT('2D SPACE',''
  ) );
#9821 = ORIENTED_EDGE('',*,*,#9822,.F.);
#9822 = EDGE_CURVE('',#9776,#9800,#9823,.T.);
#9823 = SURFACE_CURVE('',#9824,(#9828,#9835),.PCURVE_S1.);
#9824 = LINE('',#9825,#9826);
#9825 = CARTESIAN_POINT('',(567.,-861.,0.));
#9826 = VECTOR('',#9827,1.);
#9827 = DIRECTION('',(0.,0.,1.));
#9828 = PCURVE('',#9678,#9829);
#9829 = DEFINITIONAL_REPRESENTATION('',(#9830),#9834);
#9830 = LINE('',#9831,#9832);
#9831 = CARTESIAN_POINT('',(0.,1.134E+03));
#9832 = VECTOR('',#9833,1.);
#9833 = DIRECTION('',(1.,0.));
#9834 = ( GEOMETRIC_REPRESENTATION_CONTEXT(2) 
PARAMETRIC_REPRESENTATION_CONTEXT() REPRESENTATION_CONTEXT('2D SPACE',''
  ) );
#9835 = PCURVE('',#9836,#9841);
#9836 = PLANE('',#9837);
#9837 = AXIS2_PLACEMENT_3D('',#9838,#9839,#9840);
#9838 = CARTESIAN_POINT('',(567.,-861.,0.));
#9839 = DIRECTION('',(1.,0.,-0.));
#9840 = DIRECTION('',(0.,0.,1.));
#9841 = DEFINITIONAL_REPRESENTATION('',(#9842),#9846);
#9842 = LINE('',#9843,#9844);
#9843 = CARTESIAN_POINT('',(0.,0.));
#9844 = VECTOR('',#9845,1.);
#9845 = DIRECTION('',(1.,0.));
#9846 = ( GEOMETRIC_REPRESENTATION_CONTEXT(2) 
PARAMETRIC_REPRESENTATION_CONTEXT() REPRESENTATION_CONTEXT('2D SPACE',''
  ) );
#9847 = ADVANCED_FACE('',(#9848,#9896),#9760,.T.);
#9848 = FACE_BOUND('',#9849,.T.);
#9849 = EDGE_LOOP('',(#9850,#9851,#9852,#9875));
#9850 = ORIENTED_EDGE('',*,*,#9746,.F.);
#9851 = ORIENTED_EDGE('',*,*,#9799,.T.);
#9852 = ORIENTED_EDGE('',*,*,#9853,.T.);
#9853 = EDGE_CURVE('',#9800,#9854,#9856,.T.);
#9854 = VERTEX_POINT('',#9855);
#9855 = CARTESIAN_POINT('',(567.,861.,30.));
#9856 = SURFACE_CURVE('',#9857,(#9861,#9868),.PCURVE_S1.);
#9857 = LINE('',#9858,#9859);
#9858 = CARTESIAN_POINT('',(567.,-861.,30.));
#9859 = VECTOR('',#9860,1.);
#9860 = DIRECTION('',(-0.,1.,0.));
#9861 = PCURVE('',#9760,#9862);
#9862 = DEFINITIONAL_REPRESENTATION('',(#9863),#9867);
#9863 = LINE('',#9864,#9865);
#9864 = CARTESIAN_POINT('',(1.134E+03,0.));
#9865 = VECTOR('',#9866,1.);
#9866 = DIRECTION('',(0.,1.));
#9867 = ( GEOMETRIC_REPRESENTATION_CONTEXT(2) 
PARAMETRIC_REPRESENTATION_CONTEXT() REPRESENTATION_CONTEXT('2D SPACE',''
  ) );
#9868 = PCURVE('',#9836,#9869);
#9869 = DEFINITIONAL_REPRESENTATION('',(#9870),#9874);
#9870 = LINE('',#9871,#9872);
#9871 = CARTESIAN_POINT('',(30.,0.));
#9872 = VECTOR('',#9873,1.);
#9873 = DIRECTION('',(0.,-1.));
#9874 = ( GEOMETRIC_REPRESENTATION_CONTEXT(2) 
PARAMETRIC_REPRESENTATION_CONTEXT() REPRESENTATION_CONTEXT('2D SPACE',''
  ) );
#9875 = ORIENTED_EDGE('',*,*,#9876,.F.);
#9876 = EDGE_CURVE('',#9719,#9854,#9877,.T.);
#9877 = SURFACE_CURVE('',#9878,(#9882,#9889),.PCURVE_S1.);
#9878 = LINE('',#9879,#9880);
#9879 = CARTESIAN_POINT('',(-567.,861.,30.));
#9880 = VECTOR('',#9881,1.);
#9881 = DIRECTION('',(1.,0.,-0.));
#9882 = PCURVE('',#9760,#9883);
#9883 = DEFINITIONAL_REPRESENTATION('',(#9884),#9888);
#9884 = LINE('',#9885,#9886);
#9885 = CARTESIAN_POINT('',(0.,1.722E+03));
#9886 = VECTOR('',#9887,1.);
#9887 = DIRECTION('',(1.,0.));
#9888 = ( GEOMETRIC_REPRESENTATION_CONTEXT(2) 
PARAMETRIC_REPRESENTATION_CONTEXT() REPRESENTATION_CONTEXT('2D SPACE',''
  ) );
#9889 = PCURVE('',#9734,#9890);
#9890 = DEFINITIONAL_REPRESENTATION('',(#9891),#9895);
#9891 = LINE('',#9892,#9893);
#9892 = CARTESIAN_POINT('',(30.,0.));
#9893 = VECTOR('',#9894,1.);
#9894 = DIRECTION('',(0.,1.));
#9895 = ( GEOMETRIC_REPRESENTATION_CONTEXT(2) 
PARAMETRIC_REPRESENTATION_CONTEXT() REPRESENTATION_CONTEXT('2D SPACE',''
  ) );
#9896 = FACE_BOUND('',#9897,.T.);
#9897 = EDGE_LOOP('',(#9898,#9926,#9952,#9978));
#9898 = ORIENTED_EDGE('',*,*,#9899,.T.);
#9899 = EDGE_CURVE('',#9900,#9902,#9904,.T.);
#9900 = VERTEX_POINT('',#9901);
#9901 = CARTESIAN_POINT('',(532.,-826.,30.));
#9902 = VERTEX_POINT('',#9903);
#9903 = CARTESIAN_POINT('',(-532.,-826.,30.));
#9904 = SURFACE_CURVE('',#9905,(#9909,#9915),.PCURVE_S1.);
#9905 = LINE('',#9906,#9907);
#9906 = CARTESIAN_POINT('',(-549.5,-826.,30.));
#9907 = VECTOR('',#9908,1.);
#9908 = DIRECTION('',(-1.,-0.,0.));
#9909 = PCURVE('',#9760,#9910);
#9910 = DEFINITIONAL_REPRESENTATION('',(#9911),#9914);
#9911 = B_SPLINE_CURVE_WITH_KNOTS('',1,(#9912,#9913),.UNSPECIFIED.,.F.,
  .F.,(2,2),(-1.0815E+03,-17.5),.PIECEWISE_BEZIER_KNOTS.);
#9912 = CARTESIAN_POINT('',(1.099E+03,35.));
#9913 = CARTESIAN_POINT('',(35.,35.));
#9914 = ( GEOMETRIC_REPRESENTATION_CONTEXT(2) 
PARAMETRIC_REPRESENTATION_CONTEXT() REPRESENTATION_CONTEXT('2D SPACE',''
  ) );
#9915 = PCURVE('',#9916,#9921);
#9916 = PLANE('',#9917);
#9917 = AXIS2_PLACEMENT_3D('',#9918,#9919,#9920);
#9918 = CARTESIAN_POINT('',(-532.,-826.,4.));
#9919 = DIRECTION('',(-0.,1.,0.));
#9920 = DIRECTION('',(0.,0.,1.));
#9921 = DEFINITIONAL_REPRESENTATION('',(#9922),#9925);
#9922 = B_SPLINE_CURVE_WITH_KNOTS('',1,(#9923,#9924),.UNSPECIFIED.,.F.,
  .F.,(2,2),(-1.0815E+03,-17.5),.PIECEWISE_BEZIER_KNOTS.);
#9923 = CARTESIAN_POINT('',(26.,1.064E+03));
#9924 = CARTESIAN_POINT('',(26.,0.));
#9925 = ( GEOMETRIC_REPRESENTATION_CONTEXT(2) 
PARAMETRIC_REPRESENTATION_CONTEXT() REPRESENTATION_CONTEXT('2D SPACE',''
  ) );
#9926 = ORIENTED_EDGE('',*,*,#9927,.T.);
#9927 = EDGE_CURVE('',#9902,#9928,#9930,.T.);
#9928 = VERTEX_POINT('',#9929);
#9929 = CARTESIAN_POINT('',(-532.,826.,30.));
#9930 = SURFACE_CURVE('',#9931,(#9935,#9941),.PCURVE_S1.);
#9931 = LINE('',#9932,#9933);
#9932 = CARTESIAN_POINT('',(-532.,-843.5,30.));
#9933 = VECTOR('',#9934,1.);
#9934 = DIRECTION('',(-0.,1.,0.));
#9935 = PCURVE('',#9760,#9936);
#9936 = DEFINITIONAL_REPRESENTATION('',(#9937),#9940);
#9937 = B_SPLINE_CURVE_WITH_KNOTS('',1,(#9938,#9939),.UNSPECIFIED.,.F.,
  .F.,(2,2),(17.5,1.6695E+03),.PIECEWISE_BEZIER_KNOTS.);
#9938 = CARTESIAN_POINT('',(35.,35.));
#9939 = CARTESIAN_POINT('',(35.,1.687E+03));
#9940 = ( GEOMETRIC_REPRESENTATION_CONTEXT(2) 
PARAMETRIC_REPRESENTATION_CONTEXT() REPRESENTATION_CONTEXT('2D SPACE',''
  ) );
#9941 = PCURVE('',#9942,#9947);
#9942 = PLANE('',#9943);
#9943 = AXIS2_PLACEMENT_3D('',#9944,#9945,#9946);
#9944 = CARTESIAN_POINT('',(-532.,-826.,4.));
#9945 = DIRECTION('',(1.,0.,-0.));
#9946 = DIRECTION('',(0.,0.,1.));
#9947 = DEFINITIONAL_REPRESENTATION('',(#9948),#9951);
#9948 = B_SPLINE_CURVE_WITH_KNOTS('',1,(#9949,#9950),.UNSPECIFIED.,.F.,
  .F.,(2,2),(17.5,1.6695E+03),.PIECEWISE_BEZIER_KNOTS.);
#9949 = CARTESIAN_POINT('',(26.,0.));
#9950 = CARTESIAN_POINT('',(26.,-1.652E+03));
#9951 = ( GEOMETRIC_REPRESENTATION_CONTEXT(2) 
PARAMETRIC_REPRESENTATION_CONTEXT() REPRESENTATION_CONTEXT('2D SPACE',''
  ) );
#9952 = ORIENTED_EDGE('',*,*,#9953,.F.);
#9953 = EDGE_CURVE('',#9954,#9928,#9956,.T.);
#9954 = VERTEX_POINT('',#9955);
#9955 = CARTESIAN_POINT('',(532.,826.,30.));
#9956 = SURFACE_CURVE('',#9957,(#9961,#9967),.PCURVE_S1.);
#9957 = LINE('',#9958,#9959);
#9958 = CARTESIAN_POINT('',(-549.5,826.,30.));
#9959 = VECTOR('',#9960,1.);
#9960 = DIRECTION('',(-1.,-0.,0.));
#9961 = PCURVE('',#9760,#9962);
#9962 = DEFINITIONAL_REPRESENTATION('',(#9963),#9966);
#9963 = B_SPLINE_CURVE_WITH_KNOTS('',1,(#9964,#9965),.UNSPECIFIED.,.F.,
  .F.,(2,2),(-1.0815E+03,-17.5),.PIECEWISE_BEZIER_KNOTS.);
#9964 = CARTESIAN_POINT('',(1.099E+03,1.687E+03));
#9965 = CARTESIAN_POINT('',(35.,1.687E+03));
#9966 = ( GEOMETRIC_REPRESENTATION_CONTEXT(2) 
PARAMETRIC_REPRESENTATION_CONTEXT() REPRESENTATION_CONTEXT('2D SPACE',''
  ) );
#9967 = PCURVE('',#9968,#9973);
#9968 = PLANE('',#9969);
#9969 = AXIS2_PLACEMENT_3D('',#9970,#9971,#9972);
#9970 = CARTESIAN_POINT('',(-532.,826.,4.));
#9971 = DIRECTION('',(-0.,1.,0.));
#9972 = DIRECTION('',(0.,0.,1.));
#9973 = DEFINITIONAL_REPRESENTATION('',(#9974),#9977);
#9974 = B_SPLINE_CURVE_WITH_KNOTS('',1,(#9975,#9976),.UNSPECIFIED.,.F.,
  .F.,(2,2),(-1.0815E+03,-17.5),.PIECEWISE_BEZIER_KNOTS.);
#9975 = CARTESIAN_POINT('',(26.,1.064E+03));
#9976 = CARTESIAN_POINT('',(26.,0.));
#9977 = ( GEOMETRIC_REPRESENTATION_CONTEXT(2) 
PARAMETRIC_REPRESENTATION_CONTEXT() REPRESENTATION_CONTEXT('2D SPACE',''
  ) );
#9978 = ORIENTED_EDGE('',*,*,#9979,.F.);
#9979 = EDGE_CURVE('',#9900,#9954,#9980,.T.);
#9980 = SURFACE_CURVE('',#9981,(#9985,#9991),.PCURVE_S1.);
#9981 = LINE('',#9982,#9983);
#9982 = CARTESIAN_POINT('',(532.,-843.5,30.));
#9983 = VECTOR('',#9984,1.);
#9984 = DIRECTION('',(-0.,1.,0.));
#9985 = PCURVE('',#9760,#9986);
#9986 = DEFINITIONAL_REPRESENTATION('',(#9987),#9990);
#9987 = B_SPLINE_CURVE_WITH_KNOTS('',1,(#9988,#9989),.UNSPECIFIED.,.F.,
  .F.,(2,2),(17.5,1.6695E+03),.PIECEWISE_BEZIER_KNOTS.);
#9988 = CARTESIAN_POINT('',(1.099E+03,35.));
#9989 = CARTESIAN_POINT('',(1.099E+03,1.687E+03));
#9990 = ( GEOMETRIC_REPRESENTATION_CONTEXT(2) 
PARAMETRIC_REPRESENTATION_CONTEXT() REPRESENTATION_CONTEXT('2D SPACE',''
  ) );
#9991 = PCURVE('',#9992,#9997);
#9992 = PLANE('',#9993);
#9993 = AXIS2_PLACEMENT_3D('',#9994,#9995,#9996);
#9994 = CARTESIAN_POINT('',(532.,-826.,4.));
#9995 = DIRECTION('',(1.,0.,-0.));
#9996 = DIRECTION('',(0.,0.,1.));
#9997 = DEFINITIONAL_REPRESENTATION('',(#9998),#10001);
#9998 = B_SPLINE_CURVE_WITH_KNOTS('',1,(#9999,#10000),.UNSPECIFIED.,.F.,
  .F.,(2,2),(17.5,1.6695E+03),.PIECEWISE_BEZIER_KNOTS.);
#9999 = CARTESIAN_POINT('',(26.,0.));
#10000 = CARTESIAN_POINT('',(26.,-1.652E+03));
#10001 = ( GEOMETRIC_REPRESENTATION_CONTEXT(2) 
PARAMETRIC_REPRESENTATION_CONTEXT() REPRESENTATION_CONTEXT('2D SPACE',''
  ) );
#10002 = ADVANCED_FACE('',(#10003),#9734,.T.);
#10003 = FACE_BOUND('',#10004,.T.);
#10004 = EDGE_LOOP('',(#10005,#10028,#10029,#10030));
#10005 = ORIENTED_EDGE('',*,*,#10006,.F.);
#10006 = EDGE_CURVE('',#9691,#10007,#10009,.T.);
#10007 = VERTEX_POINT('',#10008);
#10008 = CARTESIAN_POINT('',(567.,861.,0.));
#10009 = SURFACE_CURVE('',#10010,(#10014,#10021),.PCURVE_S1.);
#10010 = LINE('',#10011,#10012);
#10011 = CARTESIAN_POINT('',(-567.,861.,0.));
#10012 = VECTOR('',#10013,1.);
#10013 = DIRECTION('',(1.,0.,-0.));
#10014 = PCURVE('',#9734,#10015);
#10015 = DEFINITIONAL_REPRESENTATION('',(#10016),#10020);
#10016 = LINE('',#10017,#10018);
#10017 = CARTESIAN_POINT('',(0.,0.));
#10018 = VECTOR('',#10019,1.);
#10019 = DIRECTION('',(0.,1.));
#10020 = ( GEOMETRIC_REPRESENTATION_CONTEXT(2) 
PARAMETRIC_REPRESENTATION_CONTEXT() REPRESENTATION_CONTEXT('2D SPACE',''
  ) );
#10021 = PCURVE('',#9706,#10022);
#10022 = DEFINITIONAL_REPRESENTATION('',(#10023),#10027);
#10023 = LINE('',#10024,#10025);
#10024 = CARTESIAN_POINT('',(0.,1.722E+03));
#10025 = VECTOR('',#10026,1.);
#10026 = DIRECTION('',(1.,0.));
#10027 = ( GEOMETRIC_REPRESENTATION_CONTEXT(2) 
PARAMETRIC_REPRESENTATION_CONTEXT() REPRESENTATION_CONTEXT('2D SPACE',''
  ) );
#10028 = ORIENTED_EDGE('',*,*,#9718,.T.);
#10029 = ORIENTED_EDGE('',*,*,#9876,.T.);
#10030 = ORIENTED_EDGE('',*,*,#10031,.F.);
#10031 = EDGE_CURVE('',#10007,#9854,#10032,.T.);
#10032 = SURFACE_CURVE('',#10033,(#10037,#10044),.PCURVE_S1.);
#10033 = LINE('',#10034,#10035);
#10034 = CARTESIAN_POINT('',(567.,861.,0.));
#10035 = VECTOR('',#10036,1.);
#10036 = DIRECTION('',(0.,0.,1.));
#10037 = PCURVE('',#9734,#10038);
#10038 = DEFINITIONAL_REPRESENTATION('',(#10039),#10043);
#10039 = LINE('',#10040,#10041);
#10040 = CARTESIAN_POINT('',(0.,1.134E+03));
#10041 = VECTOR('',#10042,1.);
#10042 = DIRECTION('',(1.,0.));
#10043 = ( GEOMETRIC_REPRESENTATION_CONTEXT(2) 
PARAMETRIC_REPRESENTATION_CONTEXT() REPRESENTATION_CONTEXT('2D SPACE',''
  ) );
#10044 = PCURVE('',#9836,#10045);
#10045 = DEFINITIONAL_REPRESENTATION('',(#10046),#10050);
#10046 = LINE('',#10047,#10048);
#10047 = CARTESIAN_POINT('',(0.,-1.722E+03));
#10048 = VECTOR('',#10049,1.);
#10049 = DIRECTION('',(1.,0.));
#10050 = ( GEOMETRIC_REPRESENTATION_CONTEXT(2) 
PARAMETRIC_REPRESENTATION_CONTEXT() REPRESENTATION_CONTEXT('2D SPACE',''
  ) );
#10051 = ADVANCED_FACE('',(#10052),#9706,.F.);
#10052 = FACE_BOUND('',#10053,.F.);
#10053 = EDGE_LOOP('',(#10054,#10055,#10056,#10077));
#10054 = ORIENTED_EDGE('',*,*,#9690,.F.);
#10055 = ORIENTED_EDGE('',*,*,#9775,.T.);
#10056 = ORIENTED_EDGE('',*,*,#10057,.T.);
#10057 = EDGE_CURVE('',#9776,#10007,#10058,.T.);
#10058 = SURFACE_CURVE('',#10059,(#10063,#10070),.PCURVE_S1.);
#10059 = LINE('',#10060,#10061);
#10060 = CARTESIAN_POINT('',(567.,-861.,0.));
#10061 = VECTOR('',#10062,1.);
#10062 = DIRECTION('',(-0.,1.,0.));
#10063 = PCURVE('',#9706,#10064);
#10064 = DEFINITIONAL_REPRESENTATION('',(#10065),#10069);
#10065 = LINE('',#10066,#10067);
#10066 = CARTESIAN_POINT('',(1.134E+03,0.));
#10067 = VECTOR('',#10068,1.);
#10068 = DIRECTION('',(0.,1.));
#10069 = ( GEOMETRIC_REPRESENTATION_CONTEXT(2) 
PARAMETRIC_REPRESENTATION_CONTEXT() REPRESENTATION_CONTEXT('2D SPACE',''
  ) );
#10070 = PCURVE('',#9836,#10071);
#10071 = DEFINITIONAL_REPRESENTATION('',(#10072),#10076);
#10072 = LINE('',#10073,#10074);
#10073 = CARTESIAN_POINT('',(0.,0.));
#10074 = VECTOR('',#10075,1.);
#10075 = DIRECTION('',(0.,-1.));
#10076 = ( GEOMETRIC_REPRESENTATION_CONTEXT(2) 
PARAMETRIC_REPRESENTATION_CONTEXT() REPRESENTATION_CONTEXT('2D SPACE',''
  ) );
#10077 = ORIENTED_EDGE('',*,*,#10006,.F.);
#10078 = ADVANCED_FACE('',(#10079),#9836,.T.);
#10079 = FACE_BOUND('',#10080,.T.);
#10080 = EDGE_LOOP('',(#10081,#10082,#10083,#10084));
#10081 = ORIENTED_EDGE('',*,*,#9822,.F.);
#10082 = ORIENTED_EDGE('',*,*,#10057,.T.);
#10083 = ORIENTED_EDGE('',*,*,#10031,.T.);
#10084 = ORIENTED_EDGE('',*,*,#9853,.F.);
#10085 = ADVANCED_FACE('',(#10086),#9916,.T.);
#10086 = FACE_BOUND('',#10087,.T.);
#10087 = EDGE_LOOP('',(#10088,#10111,#10139,#10160));
#10088 = ORIENTED_EDGE('',*,*,#10089,.F.);
#10089 = EDGE_CURVE('',#10090,#9900,#10092,.T.);
#10090 = VERTEX_POINT('',#10091);
#10091 = CARTESIAN_POINT('',(532.,-826.,4.));
#10092 = SURFACE_CURVE('',#10093,(#10097,#10104),.PCURVE_S1.);
#10093 = LINE('',#10094,#10095);
#10094 = CARTESIAN_POINT('',(532.,-826.,4.));
#10095 = VECTOR('',#10096,1.);
#10096 = DIRECTION('',(0.,0.,1.));
#10097 = PCURVE('',#9916,#10098);
#10098 = DEFINITIONAL_REPRESENTATION('',(#10099),#10103);
#10099 = LINE('',#10100,#10101);
#10100 = CARTESIAN_POINT('',(0.,1.064E+03));
#10101 = VECTOR('',#10102,1.);
#10102 = DIRECTION('',(1.,0.));
#10103 = ( GEOMETRIC_REPRESENTATION_CONTEXT(2) 
PARAMETRIC_REPRESENTATION_CONTEXT() REPRESENTATION_CONTEXT('2D SPACE',''
  ) );
#10104 = PCURVE('',#9992,#10105);
#10105 = DEFINITIONAL_REPRESENTATION('',(#10106),#10110);
#10106 = LINE('',#10107,#10108);
#10107 = CARTESIAN_POINT('',(0.,0.));
#10108 = VECTOR('',#10109,1.);
#10109 = DIRECTION('',(1.,0.));
#10110 = ( GEOMETRIC_REPRESENTATION_CONTEXT(2) 
PARAMETRIC_REPRESENTATION_CONTEXT() REPRESENTATION_CONTEXT('2D SPACE',''
  ) );
#10111 = ORIENTED_EDGE('',*,*,#10112,.F.);
#10112 = EDGE_CURVE('',#10113,#10090,#10115,.T.);
#10113 = VERTEX_POINT('',#10114);
#10114 = CARTESIAN_POINT('',(-532.,-826.,4.));
#10115 = SURFACE_CURVE('',#10116,(#10120,#10127),.PCURVE_S1.);
#10116 = LINE('',#10117,#10118);
#10117 = CARTESIAN_POINT('',(-532.,-826.,4.));
#10118 = VECTOR('',#10119,1.);
#10119 = DIRECTION('',(1.,0.,-0.));
#10120 = PCURVE('',#9916,#10121);
#10121 = DEFINITIONAL_REPRESENTATION('',(#10122),#10126);
#10122 = LINE('',#10123,#10124);
#10123 = CARTESIAN_POINT('',(0.,0.));
#10124 = VECTOR('',#10125,1.);
#10125 = DIRECTION('',(0.,1.));
#10126 = ( GEOMETRIC_REPRESENTATION_CONTEXT(2) 
PARAMETRIC_REPRESENTATION_CONTEXT() REPRESENTATION_CONTEXT('2D SPACE',''
  ) );
#10127 = PCURVE('',#10128,#10133);
#10128 = PLANE('',#10129);
#10129 = AXIS2_PLACEMENT_3D('',#10130,#10131,#10132);
#10130 = CARTESIAN_POINT('',(-532.,-826.,4.));
#10131 = DIRECTION('',(0.,0.,1.));
#10132 = DIRECTION('',(1.,0.,-0.));
#10133 = DEFINITIONAL_REPRESENTATION('',(#10134),#10138);
#10134 = LINE('',#10135,#10136);
#10135 = CARTESIAN_POINT('',(0.,0.));
#10136 = VECTOR('',#10137,1.);
#10137 = DIRECTION('',(1.,0.));
#10138 = ( GEOMETRIC_REPRESENTATION_CONTEXT(2) 
PARAMETRIC_REPRESENTATION_CONTEXT() REPRESENTATION_CONTEXT('2D SPACE',''
  ) );
#10139 = ORIENTED_EDGE('',*,*,#10140,.T.);
#10140 = EDGE_CURVE('',#10113,#9902,#10141,.T.);
#10141 = SURFACE_CURVE('',#10142,(#10146,#10153),.PCURVE_S1.);
#10142 = LINE('',#10143,#10144);
#10143 = CARTESIAN_POINT('',(-532.,-826.,4.));
#10144 = VECTOR('',#10145,1.);
#10145 = DIRECTION('',(0.,0.,1.));
#10146 = PCURVE('',#9916,#10147);
#10147 = DEFINITIONAL_REPRESENTATION('',(#10148),#10152);
#10148 = LINE('',#10149,#10150);
#10149 = CARTESIAN_POINT('',(0.,0.));
#10150 = VECTOR('',#10151,1.);
#10151 = DIRECTION('',(1.,0.));
#10152 = ( GEOMETRIC_REPRESENTATION_CONTEXT(2) 
PARAMETRIC_REPRESENTATION_CONTEXT() REPRESENTATION_CONTEXT('2D SPACE',''
  ) );
#10153 = PCURVE('',#9942,#10154);
#10154 = DEFINITIONAL_REPRESENTATION('',(#10155),#10159);
#10155 = LINE('',#10156,#10157);
#10156 = CARTESIAN_POINT('',(0.,0.));
#10157 = VECTOR('',#10158,1.);
#10158 = DIRECTION('',(1.,0.));
#10159 = ( GEOMETRIC_REPRESENTATION_CONTEXT(2) 
PARAMETRIC_REPRESENTATION_CONTEXT() REPRESENTATION_CONTEXT('2D SPACE',''
  ) );
#10160 = ORIENTED_EDGE('',*,*,#9899,.F.);
#10161 = ADVANCED_FACE('',(#10162),#9992,.F.);
#10162 = FACE_BOUND('',#10163,.F.);
#10163 = EDGE_LOOP('',(#10164,#10165,#10188,#10209));
#10164 = ORIENTED_EDGE('',*,*,#10089,.F.);
#10165 = ORIENTED_EDGE('',*,*,#10166,.T.);
#10166 = EDGE_CURVE('',#10090,#10167,#10169,.T.);
#10167 = VERTEX_POINT('',#10168);
#10168 = CARTESIAN_POINT('',(532.,826.,4.));
#10169 = SURFACE_CURVE('',#10170,(#10174,#10181),.PCURVE_S1.);
#10170 = LINE('',#10171,#10172);
#10171 = CARTESIAN_POINT('',(532.,-826.,4.));
#10172 = VECTOR('',#10173,1.);
#10173 = DIRECTION('',(-0.,1.,0.));
#10174 = PCURVE('',#9992,#10175);
#10175 = DEFINITIONAL_REPRESENTATION('',(#10176),#10180);
#10176 = LINE('',#10177,#10178);
#10177 = CARTESIAN_POINT('',(0.,0.));
#10178 = VECTOR('',#10179,1.);
#10179 = DIRECTION('',(0.,-1.));
#10180 = ( GEOMETRIC_REPRESENTATION_CONTEXT(2) 
PARAMETRIC_REPRESENTATION_CONTEXT() REPRESENTATION_CONTEXT('2D SPACE',''
  ) );
#10181 = PCURVE('',#10128,#10182);
#10182 = DEFINITIONAL_REPRESENTATION('',(#10183),#10187);
#10183 = LINE('',#10184,#10185);
#10184 = CARTESIAN_POINT('',(1.064E+03,0.));
#10185 = VECTOR('',#10186,1.);
#10186 = DIRECTION('',(0.,1.));
#10187 = ( GEOMETRIC_REPRESENTATION_CONTEXT(2) 
PARAMETRIC_REPRESENTATION_CONTEXT() REPRESENTATION_CONTEXT('2D SPACE',''
  ) );
#10188 = ORIENTED_EDGE('',*,*,#10189,.T.);
#10189 = EDGE_CURVE('',#10167,#9954,#10190,.T.);
#10190 = SURFACE_CURVE('',#10191,(#10195,#10202),.PCURVE_S1.);
#10191 = LINE('',#10192,#10193);
#10192 = CARTESIAN_POINT('',(532.,826.,4.));
#10193 = VECTOR('',#10194,1.);
#10194 = DIRECTION('',(0.,0.,1.));
#10195 = PCURVE('',#9992,#10196);
#10196 = DEFINITIONAL_REPRESENTATION('',(#10197),#10201);
#10197 = LINE('',#10198,#10199);
#10198 = CARTESIAN_POINT('',(0.,-1.652E+03));
#10199 = VECTOR('',#10200,1.);
#10200 = DIRECTION('',(1.,0.));
#10201 = ( GEOMETRIC_REPRESENTATION_CONTEXT(2) 
PARAMETRIC_REPRESENTATION_CONTEXT() REPRESENTATION_CONTEXT('2D SPACE',''
  ) );
#10202 = PCURVE('',#9968,#10203);
#10203 = DEFINITIONAL_REPRESENTATION('',(#10204),#10208);
#10204 = LINE('',#10205,#10206);
#10205 = CARTESIAN_POINT('',(0.,1.064E+03));
#10206 = VECTOR('',#10207,1.);
#10207 = DIRECTION('',(1.,0.));
#10208 = ( GEOMETRIC_REPRESENTATION_CONTEXT(2) 
PARAMETRIC_REPRESENTATION_CONTEXT() REPRESENTATION_CONTEXT('2D SPACE',''
  ) );
#10209 = ORIENTED_EDGE('',*,*,#9979,.F.);
#10210 = ADVANCED_FACE('',(#10211),#9968,.F.);
#10211 = FACE_BOUND('',#10212,.F.);
#10212 = EDGE_LOOP('',(#10213,#10214,#10237,#10258));
#10213 = ORIENTED_EDGE('',*,*,#10189,.F.);
#10214 = ORIENTED_EDGE('',*,*,#10215,.F.);
#10215 = EDGE_CURVE('',#10216,#10167,#10218,.T.);
#10216 = VERTEX_POINT('',#10217);
#10217 = CARTESIAN_POINT('',(-532.,826.,4.));
#10218 = SURFACE_CURVE('',#10219,(#10223,#10230),.PCURVE_S1.);
#10219 = LINE('',#10220,#10221);
#10220 = CARTESIAN_POINT('',(-532.,826.,4.));
#10221 = VECTOR('',#10222,1.);
#10222 = DIRECTION('',(1.,0.,-0.));
#10223 = PCURVE('',#9968,#10224);
#10224 = DEFINITIONAL_REPRESENTATION('',(#10225),#10229);
#10225 = LINE('',#10226,#10227);
#10226 = CARTESIAN_POINT('',(0.,0.));
#10227 = VECTOR('',#10228,1.);
#10228 = DIRECTION('',(0.,1.));
#10229 = ( GEOMETRIC_REPRESENTATION_CONTEXT(2) 
PARAMETRIC_REPRESENTATION_CONTEXT() REPRESENTATION_CONTEXT('2D SPACE',''
  ) );
#10230 = PCURVE('',#10128,#10231);
#10231 = DEFINITIONAL_REPRESENTATION('',(#10232),#10236);
#10232 = LINE('',#10233,#10234);
#10233 = CARTESIAN_POINT('',(0.,1.652E+03));
#10234 = VECTOR('',#10235,1.);
#10235 = DIRECTION('',(1.,0.));
#10236 = ( GEOMETRIC_REPRESENTATION_CONTEXT(2) 
PARAMETRIC_REPRESENTATION_CONTEXT() REPRESENTATION_CONTEXT('2D SPACE',''
  ) );
#10237 = ORIENTED_EDGE('',*,*,#10238,.T.);
#10238 = EDGE_CURVE('',#10216,#9928,#10239,.T.);
#10239 = SURFACE_CURVE('',#10240,(#10244,#10251),.PCURVE_S1.);
#10240 = LINE('',#10241,#10242);
#10241 = CARTESIAN_POINT('',(-532.,826.,4.));
#10242 = VECTOR('',#10243,1.);
#10243 = DIRECTION('',(0.,0.,1.));
#10244 = PCURVE('',#9968,#10245);
#10245 = DEFINITIONAL_REPRESENTATION('',(#10246),#10250);
#10246 = LINE('',#10247,#10248);
#10247 = CARTESIAN_POINT('',(0.,0.));
#10248 = VECTOR('',#10249,1.);
#10249 = DIRECTION('',(1.,0.));
#10250 = ( GEOMETRIC_REPRESENTATION_CONTEXT(2) 
PARAMETRIC_REPRESENTATION_CONTEXT() REPRESENTATION_CONTEXT('2D SPACE',''
  ) );
#10251 = PCURVE('',#9942,#10252);
#10252 = DEFINITIONAL_REPRESENTATION('',(#10253),#10257);
#10253 = LINE('',#10254,#10255);
#10254 = CARTESIAN_POINT('',(0.,-1.652E+03));
#10255 = VECTOR('',#10256,1.);
#10256 = DIRECTION('',(1.,0.));
#10257 = ( GEOMETRIC_REPRESENTATION_CONTEXT(2) 
PARAMETRIC_REPRESENTATION_CONTEXT() REPRESENTATION_CONTEXT('2D SPACE',''
  ) );
#10258 = ORIENTED_EDGE('',*,*,#9953,.F.);
#10259 = ADVANCED_FACE('',(#10260),#9942,.T.);
#10260 = FACE_BOUND('',#10261,.T.);
#10261 = EDGE_LOOP('',(#10262,#10263,#10284,#10285));
#10262 = ORIENTED_EDGE('',*,*,#10140,.F.);
#10263 = ORIENTED_EDGE('',*,*,#10264,.T.);
#10264 = EDGE_CURVE('',#10113,#10216,#10265,.T.);
#10265 = SURFACE_CURVE('',#10266,(#10270,#10277),.PCURVE_S1.);
#10266 = LINE('',#10267,#10268);
#10267 = CARTESIAN_POINT('',(-532.,-826.,4.));
#10268 = VECTOR('',#10269,1.);
#10269 = DIRECTION('',(-0.,1.,0.));
#10270 = PCURVE('',#9942,#10271);
#10271 = DEFINITIONAL_REPRESENTATION('',(#10272),#10276);
#10272 = LINE('',#10273,#10274);
#10273 = CARTESIAN_POINT('',(0.,0.));
#10274 = VECTOR('',#10275,1.);
#10275 = DIRECTION('',(0.,-1.));
#10276 = ( GEOMETRIC_REPRESENTATION_CONTEXT(2) 
PARAMETRIC_REPRESENTATION_CONTEXT() REPRESENTATION_CONTEXT('2D SPACE',''
  ) );
#10277 = PCURVE('',#10128,#10278);
#10278 = DEFINITIONAL_REPRESENTATION('',(#10279),#10283);
#10279 = LINE('',#10280,#10281);
#10280 = CARTESIAN_POINT('',(0.,0.));
#10281 = VECTOR('',#10282,1.);
#10282 = DIRECTION('',(0.,1.));
#10283 = ( GEOMETRIC_REPRESENTATION_CONTEXT(2) 
PARAMETRIC_REPRESENTATION_CONTEXT() REPRESENTATION_CONTEXT('2D SPACE',''
  ) );
#10284 = ORIENTED_EDGE('',*,*,#10238,.T.);
#10285 = ORIENTED_EDGE('',*,*,#9927,.F.);
#10286 = ADVANCED_FACE('',(#10287),#10128,.T.);
#10287 = FACE_BOUND('',#10288,.T.);
#10288 = EDGE_LOOP('',(#10289,#10290,#10291,#10292));
#10289 = ORIENTED_EDGE('',*,*,#10264,.F.);
#10290 = ORIENTED_EDGE('',*,*,#10112,.T.);
#10291 = ORIENTED_EDGE('',*,*,#10166,.T.);
#10292 = ORIENTED_EDGE('',*,*,#10215,.F.);
#10293 = ( GEOMETRIC_REPRESENTATION_CONTEXT(3) 
GLOBAL_UNCERTAINTY_ASSIGNED_CONTEXT((#10297)) 
GLOBAL_UNIT_ASSIGNED_CONTEXT((#10294,#10295,#10296)) 
REPRESENTATION_CONTEXT('Context #1',
  '3D Context with UNIT and UNCERTAINTY') );
#10294 = ( LENGTH_UNIT() NAMED_UNIT(*) SI_UNIT(.MILLI.,.METRE.) );
#10295 = ( NAMED_UNIT(*) PLANE_ANGLE_UNIT() SI_UNIT($,.RADIAN.) );
#10296 = ( NAMED_UNIT(*) SI_UNIT($,.STERADIAN.) SOLID_ANGLE_UNIT() );
#10297 = UNCERTAINTY_MEASURE_WITH_UNIT(LENGTH_MEASURE(1.E-07),#10294,
  'distance_accuracy_value','confusion accuracy');
#10298 = CONTEXT_DEPENDENT_SHAPE_REPRESENTATION(#10299,#10301);
#10299 = ( REPRESENTATION_RELATIONSHIP('','',#9648,#10) 
REPRESENTATION_RELATIONSHIP_WITH_TRANSFORMATION(#10300) 
SHAPE_REPRESENTATION_RELATIONSHIP() );
#10300 = ITEM_DEFINED_TRANSFORMATION('','',#11,#95);
#10301 = PRODUCT_DEFINITION_SHAPE('Placement','Placement of an item',
  #10302);
#10302 = NEXT_ASSEMBLY_USAGE_OCCURRENCE('55','metal.109','',#5,#9643,$);
#10303 = PRODUCT_RELATED_PRODUCT_CATEGORY('part',$,(#9645));
#10304 = SHAPE_DEFINITION_REPRESENTATION(#10305,#10311);
#10305 = PRODUCT_DEFINITION_SHAPE('','',#10306);
#10306 = PRODUCT_DEFINITION('design','',#10307,#10310);
#10307 = PRODUCT_DEFINITION_FORMATION('','',#10308);
#10308 = PRODUCT('cell.9','cell.9','',(#10309));
#10309 = PRODUCT_CONTEXT('',#2,'mechanical');
#10310 = PRODUCT_DEFINITION_CONTEXT('part definition',#2,'design');
#10311 = ADVANCED_BREP_SHAPE_REPRESENTATION('',(#11,#10312),#10642);
#10312 = MANIFOLD_SOLID_BREP('',#10313);
#10313 = CLOSED_SHELL('',(#10314,#10434,#10534,#10581,#10628,#10635));
#10314 = ADVANCED_FACE('',(#10315),#10329,.F.);
#10315 = FACE_BOUND('',#10316,.F.);
#10316 = EDGE_LOOP('',(#10317,#10352,#10380,#10408));
#10317 = ORIENTED_EDGE('',*,*,#10318,.F.);
#10318 = EDGE_CURVE('',#10319,#10321,#10323,.T.);
#10319 = VERTEX_POINT('',#10320);
#10320 = CARTESIAN_POINT('',(-532.5,-826.5,0.));
#10321 = VERTEX_POINT('',#10322);
#10322 = CARTESIAN_POINT('',(-532.5,-826.5,4.));
#10323 = SURFACE_CURVE('',#10324,(#10328,#10340),.PCURVE_S1.);
#10324 = LINE('',#10325,#10326);
#10325 = CARTESIAN_POINT('',(-532.5,-826.5,0.));
#10326 = VECTOR('',#10327,1.);
#10327 = DIRECTION('',(0.,0.,1.));
#10328 = PCURVE('',#10329,#10334);
#10329 = PLANE('',#10330);
#10330 = AXIS2_PLACEMENT_3D('',#10331,#10332,#10333);
#10331 = CARTESIAN_POINT('',(-532.5,-826.5,0.));
#10332 = DIRECTION('',(1.,0.,-0.));
#10333 = DIRECTION('',(0.,0.,1.));
#10334 = DEFINITIONAL_REPRESENTATION('',(#10335),#10339);
#10335 = LINE('',#10336,#10337);
#10336 = CARTESIAN_POINT('',(0.,0.));
#10337 = VECTOR('',#10338,1.);
#10338 = DIRECTION('',(1.,0.));
#10339 = ( GEOMETRIC_REPRESENTATION_CONTEXT(2) 
PARAMETRIC_REPRESENTATION_CONTEXT() REPRESENTATION_CONTEXT('2D SPACE',''
  ) );
#10340 = PCURVE('',#10341,#10346);
#10341 = PLANE('',#10342);
#10342 = AXIS2_PLACEMENT_3D('',#10343,#10344,#10345);
#10343 = CARTESIAN_POINT('',(-532.5,-826.5,0.));
#10344 = DIRECTION('',(-0.,1.,0.));
#10345 = DIRECTION('',(0.,0.,1.));
#10346 = DEFINITIONAL_REPRESENTATION('',(#10347),#10351);
#10347 = LINE('',#10348,#10349);
#10348 = CARTESIAN_POINT('',(0.,0.));
#10349 = VECTOR('',#10350,1.);
#10350 = DIRECTION('',(1.,0.));
#10351 = ( GEOMETRIC_REPRESENTATION_CONTEXT(2) 
PARAMETRIC_REPRESENTATION_CONTEXT() REPRESENTATION_CONTEXT('2D SPACE',''
  ) );
#10352 = ORIENTED_EDGE('',*,*,#10353,.T.);
#10353 = EDGE_CURVE('',#10319,#10354,#10356,.T.);
#10354 = VERTEX_POINT('',#10355);
#10355 = CARTESIAN_POINT('',(-532.5,826.5,0.));
#10356 = SURFACE_CURVE('',#10357,(#10361,#10368),.PCURVE_S1.);
#10357 = LINE('',#10358,#10359);
#10358 = CARTESIAN_POINT('',(-532.5,-826.5,0.));
#10359 = VECTOR('',#10360,1.);
#10360 = DIRECTION('',(-0.,1.,0.));
#10361 = PCURVE('',#10329,#10362);
#10362 = DEFINITIONAL_REPRESENTATION('',(#10363),#10367);
#10363 = LINE('',#10364,#10365);
#10364 = CARTESIAN_POINT('',(0.,0.));
#10365 = VECTOR('',#10366,1.);
#10366 = DIRECTION('',(0.,-1.));
#10367 = ( GEOMETRIC_REPRESENTATION_CONTEXT(2) 
PARAMETRIC_REPRESENTATION_CONTEXT() REPRESENTATION_CONTEXT('2D SPACE',''
  ) );
#10368 = PCURVE('',#10369,#10374);
#10369 = PLANE('',#10370);
#10370 = AXIS2_PLACEMENT_3D('',#10371,#10372,#10373);
#10371 = CARTESIAN_POINT('',(-532.5,-826.5,0.));
#10372 = DIRECTION('',(0.,0.,1.));
#10373 = DIRECTION('',(1.,0.,-0.));
#10374 = DEFINITIONAL_REPRESENTATION('',(#10375),#10379);
#10375 = LINE('',#10376,#10377);
#10376 = CARTESIAN_POINT('',(0.,0.));
#10377 = VECTOR('',#10378,1.);
#10378 = DIRECTION('',(0.,1.));
#10379 = ( GEOMETRIC_REPRESENTATION_CONTEXT(2) 
PARAMETRIC_REPRESENTATION_CONTEXT() REPRESENTATION_CONTEXT('2D SPACE',''
  ) );
#10380 = ORIENTED_EDGE('',*,*,#10381,.T.);
#10381 = EDGE_CURVE('',#10354,#10382,#10384,.T.);
#10382 = VERTEX_POINT('',#10383);
#10383 = CARTESIAN_POINT('',(-532.5,826.5,4.));
#10384 = SURFACE_CURVE('',#10385,(#10389,#10396),.PCURVE_S1.);
#10385 = LINE('',#10386,#10387);
#10386 = CARTESIAN_POINT('',(-532.5,826.5,0.));
#10387 = VECTOR('',#10388,1.);
#10388 = DIRECTION('',(0.,0.,1.));
#10389 = PCURVE('',#10329,#10390);
#10390 = DEFINITIONAL_REPRESENTATION('',(#10391),#10395);
#10391 = LINE('',#10392,#10393);
#10392 = CARTESIAN_POINT('',(0.,-1.653E+03));
#10393 = VECTOR('',#10394,1.);
#10394 = DIRECTION('',(1.,0.));
#10395 = ( GEOMETRIC_REPRESENTATION_CONTEXT(2) 
PARAMETRIC_REPRESENTATION_CONTEXT() REPRESENTATION_CONTEXT('2D SPACE',''
  ) );
#10396 = PCURVE('',#10397,#10402);
#10397 = PLANE('',#10398);
#10398 = AXIS2_PLACEMENT_3D('',#10399,#10400,#10401);
#10399 = CARTESIAN_POINT('',(-532.5,826.5,0.));
#10400 = DIRECTION('',(-0.,1.,0.));
#10401 = DIRECTION('',(0.,0.,1.));
#10402 = DEFINITIONAL_REPRESENTATION('',(#10403),#10407);
#10403 = LINE('',#10404,#10405);
#10404 = CARTESIAN_POINT('',(0.,0.));
#10405 = VECTOR('',#10406,1.);
#10406 = DIRECTION('',(1.,0.));
#10407 = ( GEOMETRIC_REPRESENTATION_CONTEXT(2) 
PARAMETRIC_REPRESENTATION_CONTEXT() REPRESENTATION_CONTEXT('2D SPACE',''
  ) );
#10408 = ORIENTED_EDGE('',*,*,#10409,.F.);
#10409 = EDGE_CURVE('',#10321,#10382,#10410,.T.);
#10410 = SURFACE_CURVE('',#10411,(#10415,#10422),.PCURVE_S1.);
#10411 = LINE('',#10412,#10413);
#10412 = CARTESIAN_POINT('',(-532.5,-826.5,4.));
#10413 = VECTOR('',#10414,1.);
#10414 = DIRECTION('',(-0.,1.,0.));
#10415 = PCURVE('',#10329,#10416);
#10416 = DEFINITIONAL_REPRESENTATION('',(#10417),#10421);
#10417 = LINE('',#10418,#10419);
#10418 = CARTESIAN_POINT('',(4.,0.));
#10419 = VECTOR('',#10420,1.);
#10420 = DIRECTION('',(0.,-1.));
#10421 = ( GEOMETRIC_REPRESENTATION_CONTEXT(2) 
PARAMETRIC_REPRESENTATION_CONTEXT() REPRESENTATION_CONTEXT('2D SPACE',''
  ) );
#10422 = PCURVE('',#10423,#10428);
#10423 = PLANE('',#10424);
#10424 = AXIS2_PLACEMENT_3D('',#10425,#10426,#10427);
#10425 = CARTESIAN_POINT('',(-532.5,-826.5,4.));
#10426 = DIRECTION('',(0.,0.,1.));
#10427 = DIRECTION('',(1.,0.,-0.));
#10428 = DEFINITIONAL_REPRESENTATION('',(#10429),#10433);
#10429 = LINE('',#10430,#10431);
#10430 = CARTESIAN_POINT('',(0.,0.));
#10431 = VECTOR('',#10432,1.);
#10432 = DIRECTION('',(0.,1.));
#10433 = ( GEOMETRIC_REPRESENTATION_CONTEXT(2) 
PARAMETRIC_REPRESENTATION_CONTEXT() REPRESENTATION_CONTEXT('2D SPACE',''
  ) );
#10434 = ADVANCED_FACE('',(#10435),#10449,.T.);
#10435 = FACE_BOUND('',#10436,.T.);
#10436 = EDGE_LOOP('',(#10437,#10467,#10490,#10513));
#10437 = ORIENTED_EDGE('',*,*,#10438,.F.);
#10438 = EDGE_CURVE('',#10439,#10441,#10443,.T.);
#10439 = VERTEX_POINT('',#10440);
#10440 = CARTESIAN_POINT('',(532.5,-826.5,0.));
#10441 = VERTEX_POINT('',#10442);
#10442 = CARTESIAN_POINT('',(532.5,-826.5,4.));
#10443 = SURFACE_CURVE('',#10444,(#10448,#10460),.PCURVE_S1.);
#10444 = LINE('',#10445,#10446);
#10445 = CARTESIAN_POINT('',(532.5,-826.5,0.));
#10446 = VECTOR('',#10447,1.);
#10447 = DIRECTION('',(0.,0.,1.));
#10448 = PCURVE('',#10449,#10454);
#10449 = PLANE('',#10450);
#10450 = AXIS2_PLACEMENT_3D('',#10451,#10452,#10453);
#10451 = CARTESIAN_POINT('',(532.5,-826.5,0.));
#10452 = DIRECTION('',(1.,0.,-0.));
#10453 = DIRECTION('',(0.,0.,1.));
#10454 = DEFINITIONAL_REPRESENTATION('',(#10455),#10459);
#10455 = LINE('',#10456,#10457);
#10456 = CARTESIAN_POINT('',(0.,0.));
#10457 = VECTOR('',#10458,1.);
#10458 = DIRECTION('',(1.,0.));
#10459 = ( GEOMETRIC_REPRESENTATION_CONTEXT(2) 
PARAMETRIC_REPRESENTATION_CONTEXT() REPRESENTATION_CONTEXT('2D SPACE',''
  ) );
#10460 = PCURVE('',#10341,#10461);
#10461 = DEFINITIONAL_REPRESENTATION('',(#10462),#10466);
#10462 = LINE('',#10463,#10464);
#10463 = CARTESIAN_POINT('',(0.,1.065E+03));
#10464 = VECTOR('',#10465,1.);
#10465 = DIRECTION('',(1.,0.));
#10466 = ( GEOMETRIC_REPRESENTATION_CONTEXT(2) 
PARAMETRIC_REPRESENTATION_CONTEXT() REPRESENTATION_CONTEXT('2D SPACE',''
  ) );
#10467 = ORIENTED_EDGE('',*,*,#10468,.T.);
#10468 = EDGE_CURVE('',#10439,#10469,#10471,.T.);
#10469 = VERTEX_POINT('',#10470);
#10470 = CARTESIAN_POINT('',(532.5,826.5,0.));
#10471 = SURFACE_CURVE('',#10472,(#10476,#10483),.PCURVE_S1.);
#10472 = LINE('',#10473,#10474);
#10473 = CARTESIAN_POINT('',(532.5,-826.5,0.));
#10474 = VECTOR('',#10475,1.);
#10475 = DIRECTION('',(-0.,1.,0.));
#10476 = PCURVE('',#10449,#10477);
#10477 = DEFINITIONAL_REPRESENTATION('',(#10478),#10482);
#10478 = LINE('',#10479,#10480);
#10479 = CARTESIAN_POINT('',(0.,0.));
#10480 = VECTOR('',#10481,1.);
#10481 = DIRECTION('',(0.,-1.));
#10482 = ( GEOMETRIC_REPRESENTATION_CONTEXT(2) 
PARAMETRIC_REPRESENTATION_CONTEXT() REPRESENTATION_CONTEXT('2D SPACE',''
  ) );
#10483 = PCURVE('',#10369,#10484);
#10484 = DEFINITIONAL_REPRESENTATION('',(#10485),#10489);
#10485 = LINE('',#10486,#10487);
#10486 = CARTESIAN_POINT('',(1.065E+03,0.));
#10487 = VECTOR('',#10488,1.);
#10488 = DIRECTION('',(0.,1.));
#10489 = ( GEOMETRIC_REPRESENTATION_CONTEXT(2) 
PARAMETRIC_REPRESENTATION_CONTEXT() REPRESENTATION_CONTEXT('2D SPACE',''
  ) );
#10490 = ORIENTED_EDGE('',*,*,#10491,.T.);
#10491 = EDGE_CURVE('',#10469,#10492,#10494,.T.);
#10492 = VERTEX_POINT('',#10493);
#10493 = CARTESIAN_POINT('',(532.5,826.5,4.));
#10494 = SURFACE_CURVE('',#10495,(#10499,#10506),.PCURVE_S1.);
#10495 = LINE('',#10496,#10497);
#10496 = CARTESIAN_POINT('',(532.5,826.5,0.));
#10497 = VECTOR('',#10498,1.);
#10498 = DIRECTION('',(0.,0.,1.));
#10499 = PCURVE('',#10449,#10500);
#10500 = DEFINITIONAL_REPRESENTATION('',(#10501),#10505);
#10501 = LINE('',#10502,#10503);
#10502 = CARTESIAN_POINT('',(0.,-1.653E+03));
#10503 = VECTOR('',#10504,1.);
#10504 = DIRECTION('',(1.,0.));
#10505 = ( GEOMETRIC_REPRESENTATION_CONTEXT(2) 
PARAMETRIC_REPRESENTATION_CONTEXT() REPRESENTATION_CONTEXT('2D SPACE',''
  ) );
#10506 = PCURVE('',#10397,#10507);
#10507 = DEFINITIONAL_REPRESENTATION('',(#10508),#10512);
#10508 = LINE('',#10509,#10510);
#10509 = CARTESIAN_POINT('',(0.,1.065E+03));
#10510 = VECTOR('',#10511,1.);
#10511 = DIRECTION('',(1.,0.));
#10512 = ( GEOMETRIC_REPRESENTATION_CONTEXT(2) 
PARAMETRIC_REPRESENTATION_CONTEXT() REPRESENTATION_CONTEXT('2D SPACE',''
  ) );
#10513 = ORIENTED_EDGE('',*,*,#10514,.F.);
#10514 = EDGE_CURVE('',#10441,#10492,#10515,.T.);
#10515 = SURFACE_CURVE('',#10516,(#10520,#10527),.PCURVE_S1.);
#10516 = LINE('',#10517,#10518);
#10517 = CARTESIAN_POINT('',(532.5,-826.5,4.));
#10518 = VECTOR('',#10519,1.);
#10519 = DIRECTION('',(-0.,1.,0.));
#10520 = PCURVE('',#10449,#10521);
#10521 = DEFINITIONAL_REPRESENTATION('',(#10522),#10526);
#10522 = LINE('',#10523,#10524);
#10523 = CARTESIAN_POINT('',(4.,0.));
#10524 = VECTOR('',#10525,1.);
#10525 = DIRECTION('',(0.,-1.));
#10526 = ( GEOMETRIC_REPRESENTATION_CONTEXT(2) 
PARAMETRIC_REPRESENTATION_CONTEXT() REPRESENTATION_CONTEXT('2D SPACE',''
  ) );
#10527 = PCURVE('',#10423,#10528);
#10528 = DEFINITIONAL_REPRESENTATION('',(#10529),#10533);
#10529 = LINE('',#10530,#10531);
#10530 = CARTESIAN_POINT('',(1.065E+03,0.));
#10531 = VECTOR('',#10532,1.);
#10532 = DIRECTION('',(0.,1.));
#10533 = ( GEOMETRIC_REPRESENTATION_CONTEXT(2) 
PARAMETRIC_REPRESENTATION_CONTEXT() REPRESENTATION_CONTEXT('2D SPACE',''
  ) );
#10534 = ADVANCED_FACE('',(#10535),#10341,.F.);
#10535 = FACE_BOUND('',#10536,.F.);
#10536 = EDGE_LOOP('',(#10537,#10558,#10559,#10580));
#10537 = ORIENTED_EDGE('',*,*,#10538,.F.);
#10538 = EDGE_CURVE('',#10319,#10439,#10539,.T.);
#10539 = SURFACE_CURVE('',#10540,(#10544,#10551),.PCURVE_S1.);
#10540 = LINE('',#10541,#10542);
#10541 = CARTESIAN_POINT('',(-532.5,-826.5,0.));
#10542 = VECTOR('',#10543,1.);
#10543 = DIRECTION('',(1.,0.,-0.));
#10544 = PCURVE('',#10341,#10545);
#10545 = DEFINITIONAL_REPRESENTATION('',(#10546),#10550);
#10546 = LINE('',#10547,#10548);
#10547 = CARTESIAN_POINT('',(0.,0.));
#10548 = VECTOR('',#10549,1.);
#10549 = DIRECTION('',(0.,1.));
#10550 = ( GEOMETRIC_REPRESENTATION_CONTEXT(2) 
PARAMETRIC_REPRESENTATION_CONTEXT() REPRESENTATION_CONTEXT('2D SPACE',''
  ) );
#10551 = PCURVE('',#10369,#10552);
#10552 = DEFINITIONAL_REPRESENTATION('',(#10553),#10557);
#10553 = LINE('',#10554,#10555);
#10554 = CARTESIAN_POINT('',(0.,0.));
#10555 = VECTOR('',#10556,1.);
#10556 = DIRECTION('',(1.,0.));
#10557 = ( GEOMETRIC_REPRESENTATION_CONTEXT(2) 
PARAMETRIC_REPRESENTATION_CONTEXT() REPRESENTATION_CONTEXT('2D SPACE',''
  ) );
#10558 = ORIENTED_EDGE('',*,*,#10318,.T.);
#10559 = ORIENTED_EDGE('',*,*,#10560,.T.);
#10560 = EDGE_CURVE('',#10321,#10441,#10561,.T.);
#10561 = SURFACE_CURVE('',#10562,(#10566,#10573),.PCURVE_S1.);
#10562 = LINE('',#10563,#10564);
#10563 = CARTESIAN_POINT('',(-532.5,-826.5,4.));
#10564 = VECTOR('',#10565,1.);
#10565 = DIRECTION('',(1.,0.,-0.));
#10566 = PCURVE('',#10341,#10567);
#10567 = DEFINITIONAL_REPRESENTATION('',(#10568),#10572);
#10568 = LINE('',#10569,#10570);
#10569 = CARTESIAN_POINT('',(4.,0.));
#10570 = VECTOR('',#10571,1.);
#10571 = DIRECTION('',(0.,1.));
#10572 = ( GEOMETRIC_REPRESENTATION_CONTEXT(2) 
PARAMETRIC_REPRESENTATION_CONTEXT() REPRESENTATION_CONTEXT('2D SPACE',''
  ) );
#10573 = PCURVE('',#10423,#10574);
#10574 = DEFINITIONAL_REPRESENTATION('',(#10575),#10579);
#10575 = LINE('',#10576,#10577);
#10576 = CARTESIAN_POINT('',(0.,0.));
#10577 = VECTOR('',#10578,1.);
#10578 = DIRECTION('',(1.,0.));
#10579 = ( GEOMETRIC_REPRESENTATION_CONTEXT(2) 
PARAMETRIC_REPRESENTATION_CONTEXT() REPRESENTATION_CONTEXT('2D SPACE',''
  ) );
#10580 = ORIENTED_EDGE('',*,*,#10438,.F.);
#10581 = ADVANCED_FACE('',(#10582),#10397,.T.);
#10582 = FACE_BOUND('',#10583,.T.);
#10583 = EDGE_LOOP('',(#10584,#10605,#10606,#10627));
#10584 = ORIENTED_EDGE('',*,*,#10585,.F.);
#10585 = EDGE_CURVE('',#10354,#10469,#10586,.T.);
#10586 = SURFACE_CURVE('',#10587,(#10591,#10598),.PCURVE_S1.);
#10587 = LINE('',#10588,#10589);
#10588 = CARTESIAN_POINT('',(-532.5,826.5,0.));
#10589 = VECTOR('',#10590,1.);
#10590 = DIRECTION('',(1.,0.,-0.));
#10591 = PCURVE('',#10397,#10592);
#10592 = DEFINITIONAL_REPRESENTATION('',(#10593),#10597);
#10593 = LINE('',#10594,#10595);
#10594 = CARTESIAN_POINT('',(0.,0.));
#10595 = VECTOR('',#10596,1.);
#10596 = DIRECTION('',(0.,1.));
#10597 = ( GEOMETRIC_REPRESENTATION_CONTEXT(2) 
PARAMETRIC_REPRESENTATION_CONTEXT() REPRESENTATION_CONTEXT('2D SPACE',''
  ) );
#10598 = PCURVE('',#10369,#10599);
#10599 = DEFINITIONAL_REPRESENTATION('',(#10600),#10604);
#10600 = LINE('',#10601,#10602);
#10601 = CARTESIAN_POINT('',(0.,1.653E+03));
#10602 = VECTOR('',#10603,1.);
#10603 = DIRECTION('',(1.,0.));
#10604 = ( GEOMETRIC_REPRESENTATION_CONTEXT(2) 
PARAMETRIC_REPRESENTATION_CONTEXT() REPRESENTATION_CONTEXT('2D SPACE',''
  ) );
#10605 = ORIENTED_EDGE('',*,*,#10381,.T.);
#10606 = ORIENTED_EDGE('',*,*,#10607,.T.);
#10607 = EDGE_CURVE('',#10382,#10492,#10608,.T.);
#10608 = SURFACE_CURVE('',#10609,(#10613,#10620),.PCURVE_S1.);
#10609 = LINE('',#10610,#10611);
#10610 = CARTESIAN_POINT('',(-532.5,826.5,4.));
#10611 = VECTOR('',#10612,1.);
#10612 = DIRECTION('',(1.,0.,-0.));
#10613 = PCURVE('',#10397,#10614);
#10614 = DEFINITIONAL_REPRESENTATION('',(#10615),#10619);
#10615 = LINE('',#10616,#10617);
#10616 = CARTESIAN_POINT('',(4.,0.));
#10617 = VECTOR('',#10618,1.);
#10618 = DIRECTION('',(0.,1.));
#10619 = ( GEOMETRIC_REPRESENTATION_CONTEXT(2) 
PARAMETRIC_REPRESENTATION_CONTEXT() REPRESENTATION_CONTEXT('2D SPACE',''
  ) );
#10620 = PCURVE('',#10423,#10621);
#10621 = DEFINITIONAL_REPRESENTATION('',(#10622),#10626);
#10622 = LINE('',#10623,#10624);
#10623 = CARTESIAN_POINT('',(0.,1.653E+03));
#10624 = VECTOR('',#10625,1.);
#10625 = DIRECTION('',(1.,0.));
#10626 = ( GEOMETRIC_REPRESENTATION_CONTEXT(2) 
PARAMETRIC_REPRESENTATION_CONTEXT() REPRESENTATION_CONTEXT('2D SPACE',''
  ) );
#10627 = ORIENTED_EDGE('',*,*,#10491,.F.);
#10628 = ADVANCED_FACE('',(#10629),#10369,.F.);
#10629 = FACE_BOUND('',#10630,.F.);
#10630 = EDGE_LOOP('',(#10631,#10632,#10633,#10634));
#10631 = ORIENTED_EDGE('',*,*,#10353,.F.);
#10632 = ORIENTED_EDGE('',*,*,#10538,.T.);
#10633 = ORIENTED_EDGE('',*,*,#10468,.T.);
#10634 = ORIENTED_EDGE('',*,*,#10585,.F.);
#10635 = ADVANCED_FACE('',(#10636),#10423,.T.);
#10636 = FACE_BOUND('',#10637,.T.);
#10637 = EDGE_LOOP('',(#10638,#10639,#10640,#10641));
#10638 = ORIENTED_EDGE('',*,*,#10409,.F.);
#10639 = ORIENTED_EDGE('',*,*,#10560,.T.);
#10640 = ORIENTED_EDGE('',*,*,#10514,.T.);
#10641 = ORIENTED_EDGE('',*,*,#10607,.F.);
#10642 = ( GEOMETRIC_REPRESENTATION_CONTEXT(3) 
GLOBAL_UNCERTAINTY_ASSIGNED_CONTEXT((#10646)) 
GLOBAL_UNIT_ASSIGNED_CONTEXT((#10643,#10644,#10645)) 
REPRESENTATION_CONTEXT('Context #1',
  '3D Context with UNIT and UNCERTAINTY') );
#10643 = ( LENGTH_UNIT() NAMED_UNIT(*) SI_UNIT(.MILLI.,.METRE.) );
#10644 = ( NAMED_UNIT(*) PLANE_ANGLE_UNIT() SI_UNIT($,.RADIAN.) );
#10645 = ( NAMED_UNIT(*) SI_UNIT($,.STERADIAN.) SOLID_ANGLE_UNIT() );
#10646 = UNCERTAINTY_MEASURE_WITH_UNIT(LENGTH_MEASURE(1.E-07),#10643,
  'distance_accuracy_value','confusion accuracy');
#10647 = CONTEXT_DEPENDENT_SHAPE_REPRESENTATION(#10648,#10650);
#10648 = ( REPRESENTATION_RELATIONSHIP('','',#10311,#10) 
REPRESENTATION_RELATIONSHIP_WITH_TRANSFORMATION(#10649) 
SHAPE_REPRESENTATION_RELATIONSHIP() );
#10649 = ITEM_DEFINED_TRANSFORMATION('','',#11,#99);
#10650 = PRODUCT_DEFINITION_SHAPE('Placement','Placement of an item',
  #10651);
#10651 = NEXT_ASSEMBLY_USAGE_OCCURRENCE('56','cell.9','',#5,#10306,$);
#10652 = PRODUCT_RELATED_PRODUCT_CATEGORY('part',$,(#10308));
#10653 = SHAPE_DEFINITION_REPRESENTATION(#10654,#10660);
#10654 = PRODUCT_DEFINITION_SHAPE('','',#10655);
#10655 = PRODUCT_DEFINITION('design','',#10656,#10659);
#10656 = PRODUCT_DEFINITION_FORMATION('','',#10657);
#10657 = PRODUCT('metal.110','metal.110','',(#10658));
#10658 = PRODUCT_CONTEXT('',#2,'mechanical');
#10659 = PRODUCT_DEFINITION_CONTEXT('part definition',#2,'design');
#10660 = ADVANCED_BREP_SHAPE_REPRESENTATION('',(#11,#10661),#11305);
#10661 = MANIFOLD_SOLID_BREP('',#10662);
#10662 = CLOSED_SHELL('',(#10663,#10783,#10859,#11014,#11063,#11090,
    #11097,#11173,#11222,#11271,#11298));
#10663 = ADVANCED_FACE('',(#10664),#10678,.F.);
#10664 = FACE_BOUND('',#10665,.F.);
#10665 = EDGE_LOOP('',(#10666,#10701,#10729,#10757));
#10666 = ORIENTED_EDGE('',*,*,#10667,.F.);
#10667 = EDGE_CURVE('',#10668,#10670,#10672,.T.);
#10668 = VERTEX_POINT('',#10669);
#10669 = CARTESIAN_POINT('',(-567.,-861.,0.));
#10670 = VERTEX_POINT('',#10671);
#10671 = CARTESIAN_POINT('',(-567.,-861.,30.));
#10672 = SURFACE_CURVE('',#10673,(#10677,#10689),.PCURVE_S1.);
#10673 = LINE('',#10674,#10675);
#10674 = CARTESIAN_POINT('',(-567.,-861.,0.));
#10675 = VECTOR('',#10676,1.);
#10676 = DIRECTION('',(0.,0.,1.));
#10677 = PCURVE('',#10678,#10683);
#10678 = PLANE('',#10679);
#10679 = AXIS2_PLACEMENT_3D('',#10680,#10681,#10682);
#10680 = CARTESIAN_POINT('',(-567.,-861.,0.));
#10681 = DIRECTION('',(1.,0.,-0.));
#10682 = DIRECTION('',(0.,0.,1.));
#10683 = DEFINITIONAL_REPRESENTATION('',(#10684),#10688);
#10684 = LINE('',#10685,#10686);
#10685 = CARTESIAN_POINT('',(0.,0.));
#10686 = VECTOR('',#10687,1.);
#10687 = DIRECTION('',(1.,0.));
#10688 = ( GEOMETRIC_REPRESENTATION_CONTEXT(2) 
PARAMETRIC_REPRESENTATION_CONTEXT() REPRESENTATION_CONTEXT('2D SPACE',''
  ) );
#10689 = PCURVE('',#10690,#10695);
#10690 = PLANE('',#10691);
#10691 = AXIS2_PLACEMENT_3D('',#10692,#10693,#10694);
#10692 = CARTESIAN_POINT('',(-567.,-861.,0.));
#10693 = DIRECTION('',(-0.,1.,0.));
#10694 = DIRECTION('',(0.,0.,1.));
#10695 = DEFINITIONAL_REPRESENTATION('',(#10696),#10700);
#10696 = LINE('',#10697,#10698);
#10697 = CARTESIAN_POINT('',(0.,0.));
#10698 = VECTOR('',#10699,1.);
#10699 = DIRECTION('',(1.,0.));
#10700 = ( GEOMETRIC_REPRESENTATION_CONTEXT(2) 
PARAMETRIC_REPRESENTATION_CONTEXT() REPRESENTATION_CONTEXT('2D SPACE',''
  ) );
#10701 = ORIENTED_EDGE('',*,*,#10702,.T.);
#10702 = EDGE_CURVE('',#10668,#10703,#10705,.T.);
#10703 = VERTEX_POINT('',#10704);
#10704 = CARTESIAN_POINT('',(-567.,861.,0.));
#10705 = SURFACE_CURVE('',#10706,(#10710,#10717),.PCURVE_S1.);
#10706 = LINE('',#10707,#10708);
#10707 = CARTESIAN_POINT('',(-567.,-861.,0.));
#10708 = VECTOR('',#10709,1.);
#10709 = DIRECTION('',(-0.,1.,0.));
#10710 = PCURVE('',#10678,#10711);
#10711 = DEFINITIONAL_REPRESENTATION('',(#10712),#10716);
#10712 = LINE('',#10713,#10714);
#10713 = CARTESIAN_POINT('',(0.,0.));
#10714 = VECTOR('',#10715,1.);
#10715 = DIRECTION('',(0.,-1.));
#10716 = ( GEOMETRIC_REPRESENTATION_CONTEXT(2) 
PARAMETRIC_REPRESENTATION_CONTEXT() REPRESENTATION_CONTEXT('2D SPACE',''
  ) );
#10717 = PCURVE('',#10718,#10723);
#10718 = PLANE('',#10719);
#10719 = AXIS2_PLACEMENT_3D('',#10720,#10721,#10722);
#10720 = CARTESIAN_POINT('',(-567.,-861.,0.));
#10721 = DIRECTION('',(0.,0.,1.));
#10722 = DIRECTION('',(1.,0.,-0.));
#10723 = DEFINITIONAL_REPRESENTATION('',(#10724),#10728);
#10724 = LINE('',#10725,#10726);
#10725 = CARTESIAN_POINT('',(0.,0.));
#10726 = VECTOR('',#10727,1.);
#10727 = DIRECTION('',(0.,1.));
#10728 = ( GEOMETRIC_REPRESENTATION_CONTEXT(2) 
PARAMETRIC_REPRESENTATION_CONTEXT() REPRESENTATION_CONTEXT('2D SPACE',''
  ) );
#10729 = ORIENTED_EDGE('',*,*,#10730,.T.);
#10730 = EDGE_CURVE('',#10703,#10731,#10733,.T.);
#10731 = VERTEX_POINT('',#10732);
#10732 = CARTESIAN_POINT('',(-567.,861.,30.));
#10733 = SURFACE_CURVE('',#10734,(#10738,#10745),.PCURVE_S1.);
#10734 = LINE('',#10735,#10736);
#10735 = CARTESIAN_POINT('',(-567.,861.,0.));
#10736 = VECTOR('',#10737,1.);
#10737 = DIRECTION('',(0.,0.,1.));
#10738 = PCURVE('',#10678,#10739);
#10739 = DEFINITIONAL_REPRESENTATION('',(#10740),#10744);
#10740 = LINE('',#10741,#10742);
#10741 = CARTESIAN_POINT('',(0.,-1.722E+03));
#10742 = VECTOR('',#10743,1.);
#10743 = DIRECTION('',(1.,0.));
#10744 = ( GEOMETRIC_REPRESENTATION_CONTEXT(2) 
PARAMETRIC_REPRESENTATION_CONTEXT() REPRESENTATION_CONTEXT('2D SPACE',''
  ) );
#10745 = PCURVE('',#10746,#10751);
#10746 = PLANE('',#10747);
#10747 = AXIS2_PLACEMENT_3D('',#10748,#10749,#10750);
#10748 = CARTESIAN_POINT('',(-567.,861.,0.));
#10749 = DIRECTION('',(-0.,1.,0.));
#10750 = DIRECTION('',(0.,0.,1.));
#10751 = DEFINITIONAL_REPRESENTATION('',(#10752),#10756);
#10752 = LINE('',#10753,#10754);
#10753 = CARTESIAN_POINT('',(0.,0.));
#10754 = VECTOR('',#10755,1.);
#10755 = DIRECTION('',(1.,0.));
#10756 = ( GEOMETRIC_REPRESENTATION_CONTEXT(2) 
PARAMETRIC_REPRESENTATION_CONTEXT() REPRESENTATION_CONTEXT('2D SPACE',''
  ) );
#10757 = ORIENTED_EDGE('',*,*,#10758,.F.);
#10758 = EDGE_CURVE('',#10670,#10731,#10759,.T.);
#10759 = SURFACE_CURVE('',#10760,(#10764,#10771),.PCURVE_S1.);
#10760 = LINE('',#10761,#10762);
#10761 = CARTESIAN_POINT('',(-567.,-861.,30.));
#10762 = VECTOR('',#10763,1.);
#10763 = DIRECTION('',(-0.,1.,0.));
#10764 = PCURVE('',#10678,#10765);
#10765 = DEFINITIONAL_REPRESENTATION('',(#10766),#10770);
#10766 = LINE('',#10767,#10768);
#10767 = CARTESIAN_POINT('',(30.,0.));
#10768 = VECTOR('',#10769,1.);
#10769 = DIRECTION('',(0.,-1.));
#10770 = ( GEOMETRIC_REPRESENTATION_CONTEXT(2) 
PARAMETRIC_REPRESENTATION_CONTEXT() REPRESENTATION_CONTEXT('2D SPACE',''
  ) );
#10771 = PCURVE('',#10772,#10777);
#10772 = PLANE('',#10773);
#10773 = AXIS2_PLACEMENT_3D('',#10774,#10775,#10776);
#10774 = CARTESIAN_POINT('',(-567.,-861.,30.));
#10775 = DIRECTION('',(0.,0.,1.));
#10776 = DIRECTION('',(1.,0.,-0.));
#10777 = DEFINITIONAL_REPRESENTATION('',(#10778),#10782);
#10778 = LINE('',#10779,#10780);
#10779 = CARTESIAN_POINT('',(0.,0.));
#10780 = VECTOR('',#10781,1.);
#10781 = DIRECTION('',(0.,1.));
#10782 = ( GEOMETRIC_REPRESENTATION_CONTEXT(2) 
PARAMETRIC_REPRESENTATION_CONTEXT() REPRESENTATION_CONTEXT('2D SPACE',''
  ) );
#10783 = ADVANCED_FACE('',(#10784),#10690,.F.);
#10784 = FACE_BOUND('',#10785,.F.);
#10785 = EDGE_LOOP('',(#10786,#10809,#10810,#10833));
#10786 = ORIENTED_EDGE('',*,*,#10787,.F.);
#10787 = EDGE_CURVE('',#10668,#10788,#10790,.T.);
#10788 = VERTEX_POINT('',#10789);
#10789 = CARTESIAN_POINT('',(567.,-861.,0.));
#10790 = SURFACE_CURVE('',#10791,(#10795,#10802),.PCURVE_S1.);
#10791 = LINE('',#10792,#10793);
#10792 = CARTESIAN_POINT('',(-567.,-861.,0.));
#10793 = VECTOR('',#10794,1.);
#10794 = DIRECTION('',(1.,0.,-0.));
#10795 = PCURVE('',#10690,#10796);
#10796 = DEFINITIONAL_REPRESENTATION('',(#10797),#10801);
#10797 = LINE('',#10798,#10799);
#10798 = CARTESIAN_POINT('',(0.,0.));
#10799 = VECTOR('',#10800,1.);
#10800 = DIRECTION('',(0.,1.));
#10801 = ( GEOMETRIC_REPRESENTATION_CONTEXT(2) 
PARAMETRIC_REPRESENTATION_CONTEXT() REPRESENTATION_CONTEXT('2D SPACE',''
  ) );
#10802 = PCURVE('',#10718,#10803);
#10803 = DEFINITIONAL_REPRESENTATION('',(#10804),#10808);
#10804 = LINE('',#10805,#10806);
#10805 = CARTESIAN_POINT('',(0.,0.));
#10806 = VECTOR('',#10807,1.);
#10807 = DIRECTION('',(1.,0.));
#10808 = ( GEOMETRIC_REPRESENTATION_CONTEXT(2) 
PARAMETRIC_REPRESENTATION_CONTEXT() REPRESENTATION_CONTEXT('2D SPACE',''
  ) );
#10809 = ORIENTED_EDGE('',*,*,#10667,.T.);
#10810 = ORIENTED_EDGE('',*,*,#10811,.T.);
#10811 = EDGE_CURVE('',#10670,#10812,#10814,.T.);
#10812 = VERTEX_POINT('',#10813);
#10813 = CARTESIAN_POINT('',(567.,-861.,30.));
#10814 = SURFACE_CURVE('',#10815,(#10819,#10826),.PCURVE_S1.);
#10815 = LINE('',#10816,#10817);
#10816 = CARTESIAN_POINT('',(-567.,-861.,30.));
#10817 = VECTOR('',#10818,1.);
#10818 = DIRECTION('',(1.,0.,-0.));
#10819 = PCURVE('',#10690,#10820);
#10820 = DEFINITIONAL_REPRESENTATION('',(#10821),#10825);
#10821 = LINE('',#10822,#10823);
#10822 = CARTESIAN_POINT('',(30.,0.));
#10823 = VECTOR('',#10824,1.);
#10824 = DIRECTION('',(0.,1.));
#10825 = ( GEOMETRIC_REPRESENTATION_CONTEXT(2) 
PARAMETRIC_REPRESENTATION_CONTEXT() REPRESENTATION_CONTEXT('2D SPACE',''
  ) );
#10826 = PCURVE('',#10772,#10827);
#10827 = DEFINITIONAL_REPRESENTATION('',(#10828),#10832);
#10828 = LINE('',#10829,#10830);
#10829 = CARTESIAN_POINT('',(0.,0.));
#10830 = VECTOR('',#10831,1.);
#10831 = DIRECTION('',(1.,0.));
#10832 = ( GEOMETRIC_REPRESENTATION_CONTEXT(2) 
PARAMETRIC_REPRESENTATION_CONTEXT() REPRESENTATION_CONTEXT('2D SPACE',''
  ) );
#10833 = ORIENTED_EDGE('',*,*,#10834,.F.);
#10834 = EDGE_CURVE('',#10788,#10812,#10835,.T.);
#10835 = SURFACE_CURVE('',#10836,(#10840,#10847),.PCURVE_S1.);
#10836 = LINE('',#10837,#10838);
#10837 = CARTESIAN_POINT('',(567.,-861.,0.));
#10838 = VECTOR('',#10839,1.);
#10839 = DIRECTION('',(0.,0.,1.));
#10840 = PCURVE('',#10690,#10841);
#10841 = DEFINITIONAL_REPRESENTATION('',(#10842),#10846);
#10842 = LINE('',#10843,#10844);
#10843 = CARTESIAN_POINT('',(0.,1.134E+03));
#10844 = VECTOR('',#10845,1.);
#10845 = DIRECTION('',(1.,0.));
#10846 = ( GEOMETRIC_REPRESENTATION_CONTEXT(2) 
PARAMETRIC_REPRESENTATION_CONTEXT() REPRESENTATION_CONTEXT('2D SPACE',''
  ) );
#10847 = PCURVE('',#10848,#10853);
#10848 = PLANE('',#10849);
#10849 = AXIS2_PLACEMENT_3D('',#10850,#10851,#10852);
#10850 = CARTESIAN_POINT('',(567.,-861.,0.));
#10851 = DIRECTION('',(1.,0.,-0.));
#10852 = DIRECTION('',(0.,0.,1.));
#10853 = DEFINITIONAL_REPRESENTATION('',(#10854),#10858);
#10854 = LINE('',#10855,#10856);
#10855 = CARTESIAN_POINT('',(0.,0.));
#10856 = VECTOR('',#10857,1.);
#10857 = DIRECTION('',(1.,0.));
#10858 = ( GEOMETRIC_REPRESENTATION_CONTEXT(2) 
PARAMETRIC_REPRESENTATION_CONTEXT() REPRESENTATION_CONTEXT('2D SPACE',''
  ) );
#10859 = ADVANCED_FACE('',(#10860,#10908),#10772,.T.);
#10860 = FACE_BOUND('',#10861,.T.);
#10861 = EDGE_LOOP('',(#10862,#10863,#10864,#10887));
#10862 = ORIENTED_EDGE('',*,*,#10758,.F.);
#10863 = ORIENTED_EDGE('',*,*,#10811,.T.);
#10864 = ORIENTED_EDGE('',*,*,#10865,.T.);
#10865 = EDGE_CURVE('',#10812,#10866,#10868,.T.);
#10866 = VERTEX_POINT('',#10867);
#10867 = CARTESIAN_POINT('',(567.,861.,30.));
#10868 = SURFACE_CURVE('',#10869,(#10873,#10880),.PCURVE_S1.);
#10869 = LINE('',#10870,#10871);
#10870 = CARTESIAN_POINT('',(567.,-861.,30.));
#10871 = VECTOR('',#10872,1.);
#10872 = DIRECTION('',(-0.,1.,0.));
#10873 = PCURVE('',#10772,#10874);
#10874 = DEFINITIONAL_REPRESENTATION('',(#10875),#10879);
#10875 = LINE('',#10876,#10877);
#10876 = CARTESIAN_POINT('',(1.134E+03,0.));
#10877 = VECTOR('',#10878,1.);
#10878 = DIRECTION('',(0.,1.));
#10879 = ( GEOMETRIC_REPRESENTATION_CONTEXT(2) 
PARAMETRIC_REPRESENTATION_CONTEXT() REPRESENTATION_CONTEXT('2D SPACE',''
  ) );
#10880 = PCURVE('',#10848,#10881);
#10881 = DEFINITIONAL_REPRESENTATION('',(#10882),#10886);
#10882 = LINE('',#10883,#10884);
#10883 = CARTESIAN_POINT('',(30.,0.));
#10884 = VECTOR('',#10885,1.);
#10885 = DIRECTION('',(0.,-1.));
#10886 = ( GEOMETRIC_REPRESENTATION_CONTEXT(2) 
PARAMETRIC_REPRESENTATION_CONTEXT() REPRESENTATION_CONTEXT('2D SPACE',''
  ) );
#10887 = ORIENTED_EDGE('',*,*,#10888,.F.);
#10888 = EDGE_CURVE('',#10731,#10866,#10889,.T.);
#10889 = SURFACE_CURVE('',#10890,(#10894,#10901),.PCURVE_S1.);
#10890 = LINE('',#10891,#10892);
#10891 = CARTESIAN_POINT('',(-567.,861.,30.));
#10892 = VECTOR('',#10893,1.);
#10893 = DIRECTION('',(1.,0.,-0.));
#10894 = PCURVE('',#10772,#10895);
#10895 = DEFINITIONAL_REPRESENTATION('',(#10896),#10900);
#10896 = LINE('',#10897,#10898);
#10897 = CARTESIAN_POINT('',(0.,1.722E+03));
#10898 = VECTOR('',#10899,1.);
#10899 = DIRECTION('',(1.,0.));
#10900 = ( GEOMETRIC_REPRESENTATION_CONTEXT(2) 
PARAMETRIC_REPRESENTATION_CONTEXT() REPRESENTATION_CONTEXT('2D SPACE',''
  ) );
#10901 = PCURVE('',#10746,#10902);
#10902 = DEFINITIONAL_REPRESENTATION('',(#10903),#10907);
#10903 = LINE('',#10904,#10905);
#10904 = CARTESIAN_POINT('',(30.,0.));
#10905 = VECTOR('',#10906,1.);
#10906 = DIRECTION('',(0.,1.));
#10907 = ( GEOMETRIC_REPRESENTATION_CONTEXT(2) 
PARAMETRIC_REPRESENTATION_CONTEXT() REPRESENTATION_CONTEXT('2D SPACE',''
  ) );
#10908 = FACE_BOUND('',#10909,.T.);
#10909 = EDGE_LOOP('',(#10910,#10938,#10964,#10990));
#10910 = ORIENTED_EDGE('',*,*,#10911,.T.);
#10911 = EDGE_CURVE('',#10912,#10914,#10916,.T.);
#10912 = VERTEX_POINT('',#10913);
#10913 = CARTESIAN_POINT('',(532.,-826.,30.));
#10914 = VERTEX_POINT('',#10915);
#10915 = CARTESIAN_POINT('',(-532.,-826.,30.));
#10916 = SURFACE_CURVE('',#10917,(#10921,#10927),.PCURVE_S1.);
#10917 = LINE('',#10918,#10919);
#10918 = CARTESIAN_POINT('',(-549.5,-826.,30.));
#10919 = VECTOR('',#10920,1.);
#10920 = DIRECTION('',(-1.,-0.,0.));
#10921 = PCURVE('',#10772,#10922);
#10922 = DEFINITIONAL_REPRESENTATION('',(#10923),#10926);
#10923 = B_SPLINE_CURVE_WITH_KNOTS('',1,(#10924,#10925),.UNSPECIFIED.,
  .F.,.F.,(2,2),(-1.0815E+03,-17.5),.PIECEWISE_BEZIER_KNOTS.);
#10924 = CARTESIAN_POINT('',(1.099E+03,35.));
#10925 = CARTESIAN_POINT('',(35.,35.));
#10926 = ( GEOMETRIC_REPRESENTATION_CONTEXT(2) 
PARAMETRIC_REPRESENTATION_CONTEXT() REPRESENTATION_CONTEXT('2D SPACE',''
  ) );
#10927 = PCURVE('',#10928,#10933);
#10928 = PLANE('',#10929);
#10929 = AXIS2_PLACEMENT_3D('',#10930,#10931,#10932);
#10930 = CARTESIAN_POINT('',(-532.,-826.,4.));
#10931 = DIRECTION('',(-0.,1.,0.));
#10932 = DIRECTION('',(0.,0.,1.));
#10933 = DEFINITIONAL_REPRESENTATION('',(#10934),#10937);
#10934 = B_SPLINE_CURVE_WITH_KNOTS('',1,(#10935,#10936),.UNSPECIFIED.,
  .F.,.F.,(2,2),(-1.0815E+03,-17.5),.PIECEWISE_BEZIER_KNOTS.);
#10935 = CARTESIAN_POINT('',(26.,1.064E+03));
#10936 = CARTESIAN_POINT('',(26.,0.));
#10937 = ( GEOMETRIC_REPRESENTATION_CONTEXT(2) 
PARAMETRIC_REPRESENTATION_CONTEXT() REPRESENTATION_CONTEXT('2D SPACE',''
  ) );
#10938 = ORIENTED_EDGE('',*,*,#10939,.T.);
#10939 = EDGE_CURVE('',#10914,#10940,#10942,.T.);
#10940 = VERTEX_POINT('',#10941);
#10941 = CARTESIAN_POINT('',(-532.,826.,30.));
#10942 = SURFACE_CURVE('',#10943,(#10947,#10953),.PCURVE_S1.);
#10943 = LINE('',#10944,#10945);
#10944 = CARTESIAN_POINT('',(-532.,-843.5,30.));
#10945 = VECTOR('',#10946,1.);
#10946 = DIRECTION('',(-0.,1.,0.));
#10947 = PCURVE('',#10772,#10948);
#10948 = DEFINITIONAL_REPRESENTATION('',(#10949),#10952);
#10949 = B_SPLINE_CURVE_WITH_KNOTS('',1,(#10950,#10951),.UNSPECIFIED.,
  .F.,.F.,(2,2),(17.5,1.6695E+03),.PIECEWISE_BEZIER_KNOTS.);
#10950 = CARTESIAN_POINT('',(35.,35.));
#10951 = CARTESIAN_POINT('',(35.,1.687E+03));
#10952 = ( GEOMETRIC_REPRESENTATION_CONTEXT(2) 
PARAMETRIC_REPRESENTATION_CONTEXT() REPRESENTATION_CONTEXT('2D SPACE',''
  ) );
#10953 = PCURVE('',#10954,#10959);
#10954 = PLANE('',#10955);
#10955 = AXIS2_PLACEMENT_3D('',#10956,#10957,#10958);
#10956 = CARTESIAN_POINT('',(-532.,-826.,4.));
#10957 = DIRECTION('',(1.,0.,-0.));
#10958 = DIRECTION('',(0.,0.,1.));
#10959 = DEFINITIONAL_REPRESENTATION('',(#10960),#10963);
#10960 = B_SPLINE_CURVE_WITH_KNOTS('',1,(#10961,#10962),.UNSPECIFIED.,
  .F.,.F.,(2,2),(17.5,1.6695E+03),.PIECEWISE_BEZIER_KNOTS.);
#10961 = CARTESIAN_POINT('',(26.,0.));
#10962 = CARTESIAN_POINT('',(26.,-1.652E+03));
#10963 = ( GEOMETRIC_REPRESENTATION_CONTEXT(2) 
PARAMETRIC_REPRESENTATION_CONTEXT() REPRESENTATION_CONTEXT('2D SPACE',''
  ) );
#10964 = ORIENTED_EDGE('',*,*,#10965,.F.);
#10965 = EDGE_CURVE('',#10966,#10940,#10968,.T.);
#10966 = VERTEX_POINT('',#10967);
#10967 = CARTESIAN_POINT('',(532.,826.,30.));
#10968 = SURFACE_CURVE('',#10969,(#10973,#10979),.PCURVE_S1.);
#10969 = LINE('',#10970,#10971);
#10970 = CARTESIAN_POINT('',(-549.5,826.,30.));
#10971 = VECTOR('',#10972,1.);
#10972 = DIRECTION('',(-1.,-0.,0.));
#10973 = PCURVE('',#10772,#10974);
#10974 = DEFINITIONAL_REPRESENTATION('',(#10975),#10978);
#10975 = B_SPLINE_CURVE_WITH_KNOTS('',1,(#10976,#10977),.UNSPECIFIED.,
  .F.,.F.,(2,2),(-1.0815E+03,-17.5),.PIECEWISE_BEZIER_KNOTS.);
#10976 = CARTESIAN_POINT('',(1.099E+03,1.687E+03));
#10977 = CARTESIAN_POINT('',(35.,1.687E+03));
#10978 = ( GEOMETRIC_REPRESENTATION_CONTEXT(2) 
PARAMETRIC_REPRESENTATION_CONTEXT() REPRESENTATION_CONTEXT('2D SPACE',''
  ) );
#10979 = PCURVE('',#10980,#10985);
#10980 = PLANE('',#10981);
#10981 = AXIS2_PLACEMENT_3D('',#10982,#10983,#10984);
#10982 = CARTESIAN_POINT('',(-532.,826.,4.));
#10983 = DIRECTION('',(-0.,1.,0.));
#10984 = DIRECTION('',(0.,0.,1.));
#10985 = DEFINITIONAL_REPRESENTATION('',(#10986),#10989);
#10986 = B_SPLINE_CURVE_WITH_KNOTS('',1,(#10987,#10988),.UNSPECIFIED.,
  .F.,.F.,(2,2),(-1.0815E+03,-17.5),.PIECEWISE_BEZIER_KNOTS.);
#10987 = CARTESIAN_POINT('',(26.,1.064E+03));
#10988 = CARTESIAN_POINT('',(26.,0.));
#10989 = ( GEOMETRIC_REPRESENTATION_CONTEXT(2) 
PARAMETRIC_REPRESENTATION_CONTEXT() REPRESENTATION_CONTEXT('2D SPACE',''
  ) );
#10990 = ORIENTED_EDGE('',*,*,#10991,.F.);
#10991 = EDGE_CURVE('',#10912,#10966,#10992,.T.);
#10992 = SURFACE_CURVE('',#10993,(#10997,#11003),.PCURVE_S1.);
#10993 = LINE('',#10994,#10995);
#10994 = CARTESIAN_POINT('',(532.,-843.5,30.));
#10995 = VECTOR('',#10996,1.);
#10996 = DIRECTION('',(-0.,1.,0.));
#10997 = PCURVE('',#10772,#10998);
#10998 = DEFINITIONAL_REPRESENTATION('',(#10999),#11002);
#10999 = B_SPLINE_CURVE_WITH_KNOTS('',1,(#11000,#11001),.UNSPECIFIED.,
  .F.,.F.,(2,2),(17.5,1.6695E+03),.PIECEWISE_BEZIER_KNOTS.);
#11000 = CARTESIAN_POINT('',(1.099E+03,35.));
#11001 = CARTESIAN_POINT('',(1.099E+03,1.687E+03));
#11002 = ( GEOMETRIC_REPRESENTATION_CONTEXT(2) 
PARAMETRIC_REPRESENTATION_CONTEXT() REPRESENTATION_CONTEXT('2D SPACE',''
  ) );
#11003 = PCURVE('',#11004,#11009);
#11004 = PLANE('',#11005);
#11005 = AXIS2_PLACEMENT_3D('',#11006,#11007,#11008);
#11006 = CARTESIAN_POINT('',(532.,-826.,4.));
#11007 = DIRECTION('',(1.,0.,-0.));
#11008 = DIRECTION('',(0.,0.,1.));
#11009 = DEFINITIONAL_REPRESENTATION('',(#11010),#11013);
#11010 = B_SPLINE_CURVE_WITH_KNOTS('',1,(#11011,#11012),.UNSPECIFIED.,
  .F.,.F.,(2,2),(17.5,1.6695E+03),.PIECEWISE_BEZIER_KNOTS.);
#11011 = CARTESIAN_POINT('',(26.,0.));
#11012 = CARTESIAN_POINT('',(26.,-1.652E+03));
#11013 = ( GEOMETRIC_REPRESENTATION_CONTEXT(2) 
PARAMETRIC_REPRESENTATION_CONTEXT() REPRESENTATION_CONTEXT('2D SPACE',''
  ) );
#11014 = ADVANCED_FACE('',(#11015),#10746,.T.);
#11015 = FACE_BOUND('',#11016,.T.);
#11016 = EDGE_LOOP('',(#11017,#11040,#11041,#11042));
#11017 = ORIENTED_EDGE('',*,*,#11018,.F.);
#11018 = EDGE_CURVE('',#10703,#11019,#11021,.T.);
#11019 = VERTEX_POINT('',#11020);
#11020 = CARTESIAN_POINT('',(567.,861.,0.));
#11021 = SURFACE_CURVE('',#11022,(#11026,#11033),.PCURVE_S1.);
#11022 = LINE('',#11023,#11024);
#11023 = CARTESIAN_POINT('',(-567.,861.,0.));
#11024 = VECTOR('',#11025,1.);
#11025 = DIRECTION('',(1.,0.,-0.));
#11026 = PCURVE('',#10746,#11027);
#11027 = DEFINITIONAL_REPRESENTATION('',(#11028),#11032);
#11028 = LINE('',#11029,#11030);
#11029 = CARTESIAN_POINT('',(0.,0.));
#11030 = VECTOR('',#11031,1.);
#11031 = DIRECTION('',(0.,1.));
#11032 = ( GEOMETRIC_REPRESENTATION_CONTEXT(2) 
PARAMETRIC_REPRESENTATION_CONTEXT() REPRESENTATION_CONTEXT('2D SPACE',''
  ) );
#11033 = PCURVE('',#10718,#11034);
#11034 = DEFINITIONAL_REPRESENTATION('',(#11035),#11039);
#11035 = LINE('',#11036,#11037);
#11036 = CARTESIAN_POINT('',(0.,1.722E+03));
#11037 = VECTOR('',#11038,1.);
#11038 = DIRECTION('',(1.,0.));
#11039 = ( GEOMETRIC_REPRESENTATION_CONTEXT(2) 
PARAMETRIC_REPRESENTATION_CONTEXT() REPRESENTATION_CONTEXT('2D SPACE',''
  ) );
#11040 = ORIENTED_EDGE('',*,*,#10730,.T.);
#11041 = ORIENTED_EDGE('',*,*,#10888,.T.);
#11042 = ORIENTED_EDGE('',*,*,#11043,.F.);
#11043 = EDGE_CURVE('',#11019,#10866,#11044,.T.);
#11044 = SURFACE_CURVE('',#11045,(#11049,#11056),.PCURVE_S1.);
#11045 = LINE('',#11046,#11047);
#11046 = CARTESIAN_POINT('',(567.,861.,0.));
#11047 = VECTOR('',#11048,1.);
#11048 = DIRECTION('',(0.,0.,1.));
#11049 = PCURVE('',#10746,#11050);
#11050 = DEFINITIONAL_REPRESENTATION('',(#11051),#11055);
#11051 = LINE('',#11052,#11053);
#11052 = CARTESIAN_POINT('',(0.,1.134E+03));
#11053 = VECTOR('',#11054,1.);
#11054 = DIRECTION('',(1.,0.));
#11055 = ( GEOMETRIC_REPRESENTATION_CONTEXT(2) 
PARAMETRIC_REPRESENTATION_CONTEXT() REPRESENTATION_CONTEXT('2D SPACE',''
  ) );
#11056 = PCURVE('',#10848,#11057);
#11057 = DEFINITIONAL_REPRESENTATION('',(#11058),#11062);
#11058 = LINE('',#11059,#11060);
#11059 = CARTESIAN_POINT('',(0.,-1.722E+03));
#11060 = VECTOR('',#11061,1.);
#11061 = DIRECTION('',(1.,0.));
#11062 = ( GEOMETRIC_REPRESENTATION_CONTEXT(2) 
PARAMETRIC_REPRESENTATION_CONTEXT() REPRESENTATION_CONTEXT('2D SPACE',''
  ) );
#11063 = ADVANCED_FACE('',(#11064),#10718,.F.);
#11064 = FACE_BOUND('',#11065,.F.);
#11065 = EDGE_LOOP('',(#11066,#11067,#11068,#11089));
#11066 = ORIENTED_EDGE('',*,*,#10702,.F.);
#11067 = ORIENTED_EDGE('',*,*,#10787,.T.);
#11068 = ORIENTED_EDGE('',*,*,#11069,.T.);
#11069 = EDGE_CURVE('',#10788,#11019,#11070,.T.);
#11070 = SURFACE_CURVE('',#11071,(#11075,#11082),.PCURVE_S1.);
#11071 = LINE('',#11072,#11073);
#11072 = CARTESIAN_POINT('',(567.,-861.,0.));
#11073 = VECTOR('',#11074,1.);
#11074 = DIRECTION('',(-0.,1.,0.));
#11075 = PCURVE('',#10718,#11076);
#11076 = DEFINITIONAL_REPRESENTATION('',(#11077),#11081);
#11077 = LINE('',#11078,#11079);
#11078 = CARTESIAN_POINT('',(1.134E+03,0.));
#11079 = VECTOR('',#11080,1.);
#11080 = DIRECTION('',(0.,1.));
#11081 = ( GEOMETRIC_REPRESENTATION_CONTEXT(2) 
PARAMETRIC_REPRESENTATION_CONTEXT() REPRESENTATION_CONTEXT('2D SPACE',''
  ) );
#11082 = PCURVE('',#10848,#11083);
#11083 = DEFINITIONAL_REPRESENTATION('',(#11084),#11088);
#11084 = LINE('',#11085,#11086);
#11085 = CARTESIAN_POINT('',(0.,0.));
#11086 = VECTOR('',#11087,1.);
#11087 = DIRECTION('',(0.,-1.));
#11088 = ( GEOMETRIC_REPRESENTATION_CONTEXT(2) 
PARAMETRIC_REPRESENTATION_CONTEXT() REPRESENTATION_CONTEXT('2D SPACE',''
  ) );
#11089 = ORIENTED_EDGE('',*,*,#11018,.F.);
#11090 = ADVANCED_FACE('',(#11091),#10848,.T.);
#11091 = FACE_BOUND('',#11092,.T.);
#11092 = EDGE_LOOP('',(#11093,#11094,#11095,#11096));
#11093 = ORIENTED_EDGE('',*,*,#10834,.F.);
#11094 = ORIENTED_EDGE('',*,*,#11069,.T.);
#11095 = ORIENTED_EDGE('',*,*,#11043,.T.);
#11096 = ORIENTED_EDGE('',*,*,#10865,.F.);
#11097 = ADVANCED_FACE('',(#11098),#10928,.T.);
#11098 = FACE_BOUND('',#11099,.T.);
#11099 = EDGE_LOOP('',(#11100,#11123,#11151,#11172));
#11100 = ORIENTED_EDGE('',*,*,#11101,.F.);
#11101 = EDGE_CURVE('',#11102,#10912,#11104,.T.);
#11102 = VERTEX_POINT('',#11103);
#11103 = CARTESIAN_POINT('',(532.,-826.,4.));
#11104 = SURFACE_CURVE('',#11105,(#11109,#11116),.PCURVE_S1.);
#11105 = LINE('',#11106,#11107);
#11106 = CARTESIAN_POINT('',(532.,-826.,4.));
#11107 = VECTOR('',#11108,1.);
#11108 = DIRECTION('',(0.,0.,1.));
#11109 = PCURVE('',#10928,#11110);
#11110 = DEFINITIONAL_REPRESENTATION('',(#11111),#11115);
#11111 = LINE('',#11112,#11113);
#11112 = CARTESIAN_POINT('',(0.,1.064E+03));
#11113 = VECTOR('',#11114,1.);
#11114 = DIRECTION('',(1.,0.));
#11115 = ( GEOMETRIC_REPRESENTATION_CONTEXT(2) 
PARAMETRIC_REPRESENTATION_CONTEXT() REPRESENTATION_CONTEXT('2D SPACE',''
  ) );
#11116 = PCURVE('',#11004,#11117);
#11117 = DEFINITIONAL_REPRESENTATION('',(#11118),#11122);
#11118 = LINE('',#11119,#11120);
#11119 = CARTESIAN_POINT('',(0.,0.));
#11120 = VECTOR('',#11121,1.);
#11121 = DIRECTION('',(1.,0.));
#11122 = ( GEOMETRIC_REPRESENTATION_CONTEXT(2) 
PARAMETRIC_REPRESENTATION_CONTEXT() REPRESENTATION_CONTEXT('2D SPACE',''
  ) );
#11123 = ORIENTED_EDGE('',*,*,#11124,.F.);
#11124 = EDGE_CURVE('',#11125,#11102,#11127,.T.);
#11125 = VERTEX_POINT('',#11126);
#11126 = CARTESIAN_POINT('',(-532.,-826.,4.));
#11127 = SURFACE_CURVE('',#11128,(#11132,#11139),.PCURVE_S1.);
#11128 = LINE('',#11129,#11130);
#11129 = CARTESIAN_POINT('',(-532.,-826.,4.));
#11130 = VECTOR('',#11131,1.);
#11131 = DIRECTION('',(1.,0.,-0.));
#11132 = PCURVE('',#10928,#11133);
#11133 = DEFINITIONAL_REPRESENTATION('',(#11134),#11138);
#11134 = LINE('',#11135,#11136);
#11135 = CARTESIAN_POINT('',(0.,0.));
#11136 = VECTOR('',#11137,1.);
#11137 = DIRECTION('',(0.,1.));
#11138 = ( GEOMETRIC_REPRESENTATION_CONTEXT(2) 
PARAMETRIC_REPRESENTATION_CONTEXT() REPRESENTATION_CONTEXT('2D SPACE',''
  ) );
#11139 = PCURVE('',#11140,#11145);
#11140 = PLANE('',#11141);
#11141 = AXIS2_PLACEMENT_3D('',#11142,#11143,#11144);
#11142 = CARTESIAN_POINT('',(-532.,-826.,4.));
#11143 = DIRECTION('',(0.,0.,1.));
#11144 = DIRECTION('',(1.,0.,-0.));
#11145 = DEFINITIONAL_REPRESENTATION('',(#11146),#11150);
#11146 = LINE('',#11147,#11148);
#11147 = CARTESIAN_POINT('',(0.,0.));
#11148 = VECTOR('',#11149,1.);
#11149 = DIRECTION('',(1.,0.));
#11150 = ( GEOMETRIC_REPRESENTATION_CONTEXT(2) 
PARAMETRIC_REPRESENTATION_CONTEXT() REPRESENTATION_CONTEXT('2D SPACE',''
  ) );
#11151 = ORIENTED_EDGE('',*,*,#11152,.T.);
#11152 = EDGE_CURVE('',#11125,#10914,#11153,.T.);
#11153 = SURFACE_CURVE('',#11154,(#11158,#11165),.PCURVE_S1.);
#11154 = LINE('',#11155,#11156);
#11155 = CARTESIAN_POINT('',(-532.,-826.,4.));
#11156 = VECTOR('',#11157,1.);
#11157 = DIRECTION('',(0.,0.,1.));
#11158 = PCURVE('',#10928,#11159);
#11159 = DEFINITIONAL_REPRESENTATION('',(#11160),#11164);
#11160 = LINE('',#11161,#11162);
#11161 = CARTESIAN_POINT('',(0.,0.));
#11162 = VECTOR('',#11163,1.);
#11163 = DIRECTION('',(1.,0.));
#11164 = ( GEOMETRIC_REPRESENTATION_CONTEXT(2) 
PARAMETRIC_REPRESENTATION_CONTEXT() REPRESENTATION_CONTEXT('2D SPACE',''
  ) );
#11165 = PCURVE('',#10954,#11166);
#11166 = DEFINITIONAL_REPRESENTATION('',(#11167),#11171);
#11167 = LINE('',#11168,#11169);
#11168 = CARTESIAN_POINT('',(0.,0.));
#11169 = VECTOR('',#11170,1.);
#11170 = DIRECTION('',(1.,0.));
#11171 = ( GEOMETRIC_REPRESENTATION_CONTEXT(2) 
PARAMETRIC_REPRESENTATION_CONTEXT() REPRESENTATION_CONTEXT('2D SPACE',''
  ) );
#11172 = ORIENTED_EDGE('',*,*,#10911,.F.);
#11173 = ADVANCED_FACE('',(#11174),#11004,.F.);
#11174 = FACE_BOUND('',#11175,.F.);
#11175 = EDGE_LOOP('',(#11176,#11177,#11200,#11221));
#11176 = ORIENTED_EDGE('',*,*,#11101,.F.);
#11177 = ORIENTED_EDGE('',*,*,#11178,.T.);
#11178 = EDGE_CURVE('',#11102,#11179,#11181,.T.);
#11179 = VERTEX_POINT('',#11180);
#11180 = CARTESIAN_POINT('',(532.,826.,4.));
#11181 = SURFACE_CURVE('',#11182,(#11186,#11193),.PCURVE_S1.);
#11182 = LINE('',#11183,#11184);
#11183 = CARTESIAN_POINT('',(532.,-826.,4.));
#11184 = VECTOR('',#11185,1.);
#11185 = DIRECTION('',(-0.,1.,0.));
#11186 = PCURVE('',#11004,#11187);
#11187 = DEFINITIONAL_REPRESENTATION('',(#11188),#11192);
#11188 = LINE('',#11189,#11190);
#11189 = CARTESIAN_POINT('',(0.,0.));
#11190 = VECTOR('',#11191,1.);
#11191 = DIRECTION('',(0.,-1.));
#11192 = ( GEOMETRIC_REPRESENTATION_CONTEXT(2) 
PARAMETRIC_REPRESENTATION_CONTEXT() REPRESENTATION_CONTEXT('2D SPACE',''
  ) );
#11193 = PCURVE('',#11140,#11194);
#11194 = DEFINITIONAL_REPRESENTATION('',(#11195),#11199);
#11195 = LINE('',#11196,#11197);
#11196 = CARTESIAN_POINT('',(1.064E+03,0.));
#11197 = VECTOR('',#11198,1.);
#11198 = DIRECTION('',(0.,1.));
#11199 = ( GEOMETRIC_REPRESENTATION_CONTEXT(2) 
PARAMETRIC_REPRESENTATION_CONTEXT() REPRESENTATION_CONTEXT('2D SPACE',''
  ) );
#11200 = ORIENTED_EDGE('',*,*,#11201,.T.);
#11201 = EDGE_CURVE('',#11179,#10966,#11202,.T.);
#11202 = SURFACE_CURVE('',#11203,(#11207,#11214),.PCURVE_S1.);
#11203 = LINE('',#11204,#11205);
#11204 = CARTESIAN_POINT('',(532.,826.,4.));
#11205 = VECTOR('',#11206,1.);
#11206 = DIRECTION('',(0.,0.,1.));
#11207 = PCURVE('',#11004,#11208);
#11208 = DEFINITIONAL_REPRESENTATION('',(#11209),#11213);
#11209 = LINE('',#11210,#11211);
#11210 = CARTESIAN_POINT('',(0.,-1.652E+03));
#11211 = VECTOR('',#11212,1.);
#11212 = DIRECTION('',(1.,0.));
#11213 = ( GEOMETRIC_REPRESENTATION_CONTEXT(2) 
PARAMETRIC_REPRESENTATION_CONTEXT() REPRESENTATION_CONTEXT('2D SPACE',''
  ) );
#11214 = PCURVE('',#10980,#11215);
#11215 = DEFINITIONAL_REPRESENTATION('',(#11216),#11220);
#11216 = LINE('',#11217,#11218);
#11217 = CARTESIAN_POINT('',(0.,1.064E+03));
#11218 = VECTOR('',#11219,1.);
#11219 = DIRECTION('',(1.,0.));
#11220 = ( GEOMETRIC_REPRESENTATION_CONTEXT(2) 
PARAMETRIC_REPRESENTATION_CONTEXT() REPRESENTATION_CONTEXT('2D SPACE',''
  ) );
#11221 = ORIENTED_EDGE('',*,*,#10991,.F.);
#11222 = ADVANCED_FACE('',(#11223),#10980,.F.);
#11223 = FACE_BOUND('',#11224,.F.);
#11224 = EDGE_LOOP('',(#11225,#11226,#11249,#11270));
#11225 = ORIENTED_EDGE('',*,*,#11201,.F.);
#11226 = ORIENTED_EDGE('',*,*,#11227,.F.);
#11227 = EDGE_CURVE('',#11228,#11179,#11230,.T.);
#11228 = VERTEX_POINT('',#11229);
#11229 = CARTESIAN_POINT('',(-532.,826.,4.));
#11230 = SURFACE_CURVE('',#11231,(#11235,#11242),.PCURVE_S1.);
#11231 = LINE('',#11232,#11233);
#11232 = CARTESIAN_POINT('',(-532.,826.,4.));
#11233 = VECTOR('',#11234,1.);
#11234 = DIRECTION('',(1.,0.,-0.));
#11235 = PCURVE('',#10980,#11236);
#11236 = DEFINITIONAL_REPRESENTATION('',(#11237),#11241);
#11237 = LINE('',#11238,#11239);
#11238 = CARTESIAN_POINT('',(0.,0.));
#11239 = VECTOR('',#11240,1.);
#11240 = DIRECTION('',(0.,1.));
#11241 = ( GEOMETRIC_REPRESENTATION_CONTEXT(2) 
PARAMETRIC_REPRESENTATION_CONTEXT() REPRESENTATION_CONTEXT('2D SPACE',''
  ) );
#11242 = PCURVE('',#11140,#11243);
#11243 = DEFINITIONAL_REPRESENTATION('',(#11244),#11248);
#11244 = LINE('',#11245,#11246);
#11245 = CARTESIAN_POINT('',(0.,1.652E+03));
#11246 = VECTOR('',#11247,1.);
#11247 = DIRECTION('',(1.,0.));
#11248 = ( GEOMETRIC_REPRESENTATION_CONTEXT(2) 
PARAMETRIC_REPRESENTATION_CONTEXT() REPRESENTATION_CONTEXT('2D SPACE',''
  ) );
#11249 = ORIENTED_EDGE('',*,*,#11250,.T.);
#11250 = EDGE_CURVE('',#11228,#10940,#11251,.T.);
#11251 = SURFACE_CURVE('',#11252,(#11256,#11263),.PCURVE_S1.);
#11252 = LINE('',#11253,#11254);
#11253 = CARTESIAN_POINT('',(-532.,826.,4.));
#11254 = VECTOR('',#11255,1.);
#11255 = DIRECTION('',(0.,0.,1.));
#11256 = PCURVE('',#10980,#11257);
#11257 = DEFINITIONAL_REPRESENTATION('',(#11258),#11262);
#11258 = LINE('',#11259,#11260);
#11259 = CARTESIAN_POINT('',(0.,0.));
#11260 = VECTOR('',#11261,1.);
#11261 = DIRECTION('',(1.,0.));
#11262 = ( GEOMETRIC_REPRESENTATION_CONTEXT(2) 
PARAMETRIC_REPRESENTATION_CONTEXT() REPRESENTATION_CONTEXT('2D SPACE',''
  ) );
#11263 = PCURVE('',#10954,#11264);
#11264 = DEFINITIONAL_REPRESENTATION('',(#11265),#11269);
#11265 = LINE('',#11266,#11267);
#11266 = CARTESIAN_POINT('',(0.,-1.652E+03));
#11267 = VECTOR('',#11268,1.);
#11268 = DIRECTION('',(1.,0.));
#11269 = ( GEOMETRIC_REPRESENTATION_CONTEXT(2) 
PARAMETRIC_REPRESENTATION_CONTEXT() REPRESENTATION_CONTEXT('2D SPACE',''
  ) );
#11270 = ORIENTED_EDGE('',*,*,#10965,.F.);
#11271 = ADVANCED_FACE('',(#11272),#10954,.T.);
#11272 = FACE_BOUND('',#11273,.T.);
#11273 = EDGE_LOOP('',(#11274,#11275,#11296,#11297));
#11274 = ORIENTED_EDGE('',*,*,#11152,.F.);
#11275 = ORIENTED_EDGE('',*,*,#11276,.T.);
#11276 = EDGE_CURVE('',#11125,#11228,#11277,.T.);
#11277 = SURFACE_CURVE('',#11278,(#11282,#11289),.PCURVE_S1.);
#11278 = LINE('',#11279,#11280);
#11279 = CARTESIAN_POINT('',(-532.,-826.,4.));
#11280 = VECTOR('',#11281,1.);
#11281 = DIRECTION('',(-0.,1.,0.));
#11282 = PCURVE('',#10954,#11283);
#11283 = DEFINITIONAL_REPRESENTATION('',(#11284),#11288);
#11284 = LINE('',#11285,#11286);
#11285 = CARTESIAN_POINT('',(0.,0.));
#11286 = VECTOR('',#11287,1.);
#11287 = DIRECTION('',(0.,-1.));
#11288 = ( GEOMETRIC_REPRESENTATION_CONTEXT(2) 
PARAMETRIC_REPRESENTATION_CONTEXT() REPRESENTATION_CONTEXT('2D SPACE',''
  ) );
#11289 = PCURVE('',#11140,#11290);
#11290 = DEFINITIONAL_REPRESENTATION('',(#11291),#11295);
#11291 = LINE('',#11292,#11293);
#11292 = CARTESIAN_POINT('',(0.,0.));
#11293 = VECTOR('',#11294,1.);
#11294 = DIRECTION('',(0.,1.));
#11295 = ( GEOMETRIC_REPRESENTATION_CONTEXT(2) 
PARAMETRIC_REPRESENTATION_CONTEXT() REPRESENTATION_CONTEXT('2D SPACE',''
  ) );
#11296 = ORIENTED_EDGE('',*,*,#11250,.T.);
#11297 = ORIENTED_EDGE('',*,*,#10939,.F.);
#11298 = ADVANCED_FACE('',(#11299),#11140,.T.);
#11299 = FACE_BOUND('',#11300,.T.);
#11300 = EDGE_LOOP('',(#11301,#11302,#11303,#11304));
#11301 = ORIENTED_EDGE('',*,*,#11276,.F.);
#11302 = ORIENTED_EDGE('',*,*,#11124,.T.);
#11303 = ORIENTED_EDGE('',*,*,#11178,.T.);
#11304 = ORIENTED_EDGE('',*,*,#11227,.F.);
#11305 = ( GEOMETRIC_REPRESENTATION_CONTEXT(3) 
GLOBAL_UNCERTAINTY_ASSIGNED_CONTEXT((#11309)) 
GLOBAL_UNIT_ASSIGNED_CONTEXT((#11306,#11307,#11308)) 
REPRESENTATION_CONTEXT('Context #1',
  '3D Context with UNIT and UNCERTAINTY') );
#11306 = ( LENGTH_UNIT() NAMED_UNIT(*) SI_UNIT(.MILLI.,.METRE.) );
#11307 = ( NAMED_UNIT(*) PLANE_ANGLE_UNIT() SI_UNIT($,.RADIAN.) );
#11308 = ( NAMED_UNIT(*) SI_UNIT($,.STERADIAN.) SOLID_ANGLE_UNIT() );
#11309 = UNCERTAINTY_MEASURE_WITH_UNIT(LENGTH_MEASURE(1.E-07),#11306,
  'distance_accuracy_value','confusion accuracy');
#11310 = CONTEXT_DEPENDENT_SHAPE_REPRESENTATION(#11311,#11313);
#11311 = ( REPRESENTATION_RELATIONSHIP('','',#10660,#10) 
REPRESENTATION_RELATIONSHIP_WITH_TRANSFORMATION(#11312) 
SHAPE_REPRESENTATION_RELATIONSHIP() );
#11312 = ITEM_DEFINED_TRANSFORMATION('','',#11,#103);
#11313 = PRODUCT_DEFINITION_SHAPE('Placement','Placement of an item',
  #11314);
#11314 = NEXT_ASSEMBLY_USAGE_OCCURRENCE('57','metal.110','',#5,#10655,$
  );
#11315 = PRODUCT_RELATED_PRODUCT_CATEGORY('part',$,(#10657));
#11316 = SHAPE_DEFINITION_REPRESENTATION(#11317,#11323);
#11317 = PRODUCT_DEFINITION_SHAPE('','',#11318);
#11318 = PRODUCT_DEFINITION('design','',#11319,#11322);
#11319 = PRODUCT_DEFINITION_FORMATION('','',#11320);
#11320 = PRODUCT('cell.10','cell.10','',(#11321));
#11321 = PRODUCT_CONTEXT('',#2,'mechanical');
#11322 = PRODUCT_DEFINITION_CONTEXT('part definition',#2,'design');
#11323 = ADVANCED_BREP_SHAPE_REPRESENTATION('',(#11,#11324),#11654);
#11324 = MANIFOLD_SOLID_BREP('',#11325);
#11325 = CLOSED_SHELL('',(#11326,#11446,#11546,#11593,#11640,#11647));
#11326 = ADVANCED_FACE('',(#11327),#11341,.F.);
#11327 = FACE_BOUND('',#11328,.F.);
#11328 = EDGE_LOOP('',(#11329,#11364,#11392,#11420));
#11329 = ORIENTED_EDGE('',*,*,#11330,.F.);
#11330 = EDGE_CURVE('',#11331,#11333,#11335,.T.);
#11331 = VERTEX_POINT('',#11332);
#11332 = CARTESIAN_POINT('',(-532.5,-826.5,0.));
#11333 = VERTEX_POINT('',#11334);
#11334 = CARTESIAN_POINT('',(-532.5,-826.5,4.));
#11335 = SURFACE_CURVE('',#11336,(#11340,#11352),.PCURVE_S1.);
#11336 = LINE('',#11337,#11338);
#11337 = CARTESIAN_POINT('',(-532.5,-826.5,0.));
#11338 = VECTOR('',#11339,1.);
#11339 = DIRECTION('',(0.,0.,1.));
#11340 = PCURVE('',#11341,#11346);
#11341 = PLANE('',#11342);
#11342 = AXIS2_PLACEMENT_3D('',#11343,#11344,#11345);
#11343 = CARTESIAN_POINT('',(-532.5,-826.5,0.));
#11344 = DIRECTION('',(1.,0.,-0.));
#11345 = DIRECTION('',(0.,0.,1.));
#11346 = DEFINITIONAL_REPRESENTATION('',(#11347),#11351);
#11347 = LINE('',#11348,#11349);
#11348 = CARTESIAN_POINT('',(0.,0.));
#11349 = VECTOR('',#11350,1.);
#11350 = DIRECTION('',(1.,0.));
#11351 = ( GEOMETRIC_REPRESENTATION_CONTEXT(2) 
PARAMETRIC_REPRESENTATION_CONTEXT() REPRESENTATION_CONTEXT('2D SPACE',''
  ) );
#11352 = PCURVE('',#11353,#11358);
#11353 = PLANE('',#11354);
#11354 = AXIS2_PLACEMENT_3D('',#11355,#11356,#11357);
#11355 = CARTESIAN_POINT('',(-532.5,-826.5,0.));
#11356 = DIRECTION('',(-0.,1.,0.));
#11357 = DIRECTION('',(0.,0.,1.));
#11358 = DEFINITIONAL_REPRESENTATION('',(#11359),#11363);
#11359 = LINE('',#11360,#11361);
#11360 = CARTESIAN_POINT('',(0.,0.));
#11361 = VECTOR('',#11362,1.);
#11362 = DIRECTION('',(1.,0.));
#11363 = ( GEOMETRIC_REPRESENTATION_CONTEXT(2) 
PARAMETRIC_REPRESENTATION_CONTEXT() REPRESENTATION_CONTEXT('2D SPACE',''
  ) );
#11364 = ORIENTED_EDGE('',*,*,#11365,.T.);
#11365 = EDGE_CURVE('',#11331,#11366,#11368,.T.);
#11366 = VERTEX_POINT('',#11367);
#11367 = CARTESIAN_POINT('',(-532.5,826.5,0.));
#11368 = SURFACE_CURVE('',#11369,(#11373,#11380),.PCURVE_S1.);
#11369 = LINE('',#11370,#11371);
#11370 = CARTESIAN_POINT('',(-532.5,-826.5,0.));
#11371 = VECTOR('',#11372,1.);
#11372 = DIRECTION('',(-0.,1.,0.));
#11373 = PCURVE('',#11341,#11374);
#11374 = DEFINITIONAL_REPRESENTATION('',(#11375),#11379);
#11375 = LINE('',#11376,#11377);
#11376 = CARTESIAN_POINT('',(0.,0.));
#11377 = VECTOR('',#11378,1.);
#11378 = DIRECTION('',(0.,-1.));
#11379 = ( GEOMETRIC_REPRESENTATION_CONTEXT(2) 
PARAMETRIC_REPRESENTATION_CONTEXT() REPRESENTATION_CONTEXT('2D SPACE',''
  ) );
#11380 = PCURVE('',#11381,#11386);
#11381 = PLANE('',#11382);
#11382 = AXIS2_PLACEMENT_3D('',#11383,#11384,#11385);
#11383 = CARTESIAN_POINT('',(-532.5,-826.5,0.));
#11384 = DIRECTION('',(0.,0.,1.));
#11385 = DIRECTION('',(1.,0.,-0.));
#11386 = DEFINITIONAL_REPRESENTATION('',(#11387),#11391);
#11387 = LINE('',#11388,#11389);
#11388 = CARTESIAN_POINT('',(0.,0.));
#11389 = VECTOR('',#11390,1.);
#11390 = DIRECTION('',(0.,1.));
#11391 = ( GEOMETRIC_REPRESENTATION_CONTEXT(2) 
PARAMETRIC_REPRESENTATION_CONTEXT() REPRESENTATION_CONTEXT('2D SPACE',''
  ) );
#11392 = ORIENTED_EDGE('',*,*,#11393,.T.);
#11393 = EDGE_CURVE('',#11366,#11394,#11396,.T.);
#11394 = VERTEX_POINT('',#11395);
#11395 = CARTESIAN_POINT('',(-532.5,826.5,4.));
#11396 = SURFACE_CURVE('',#11397,(#11401,#11408),.PCURVE_S1.);
#11397 = LINE('',#11398,#11399);
#11398 = CARTESIAN_POINT('',(-532.5,826.5,0.));
#11399 = VECTOR('',#11400,1.);
#11400 = DIRECTION('',(0.,0.,1.));
#11401 = PCURVE('',#11341,#11402);
#11402 = DEFINITIONAL_REPRESENTATION('',(#11403),#11407);
#11403 = LINE('',#11404,#11405);
#11404 = CARTESIAN_POINT('',(0.,-1.653E+03));
#11405 = VECTOR('',#11406,1.);
#11406 = DIRECTION('',(1.,0.));
#11407 = ( GEOMETRIC_REPRESENTATION_CONTEXT(2) 
PARAMETRIC_REPRESENTATION_CONTEXT() REPRESENTATION_CONTEXT('2D SPACE',''
  ) );
#11408 = PCURVE('',#11409,#11414);
#11409 = PLANE('',#11410);
#11410 = AXIS2_PLACEMENT_3D('',#11411,#11412,#11413);
#11411 = CARTESIAN_POINT('',(-532.5,826.5,0.));
#11412 = DIRECTION('',(-0.,1.,0.));
#11413 = DIRECTION('',(0.,0.,1.));
#11414 = DEFINITIONAL_REPRESENTATION('',(#11415),#11419);
#11415 = LINE('',#11416,#11417);
#11416 = CARTESIAN_POINT('',(0.,0.));
#11417 = VECTOR('',#11418,1.);
#11418 = DIRECTION('',(1.,0.));
#11419 = ( GEOMETRIC_REPRESENTATION_CONTEXT(2) 
PARAMETRIC_REPRESENTATION_CONTEXT() REPRESENTATION_CONTEXT('2D SPACE',''
  ) );
#11420 = ORIENTED_EDGE('',*,*,#11421,.F.);
#11421 = EDGE_CURVE('',#11333,#11394,#11422,.T.);
#11422 = SURFACE_CURVE('',#11423,(#11427,#11434),.PCURVE_S1.);
#11423 = LINE('',#11424,#11425);
#11424 = CARTESIAN_POINT('',(-532.5,-826.5,4.));
#11425 = VECTOR('',#11426,1.);
#11426 = DIRECTION('',(-0.,1.,0.));
#11427 = PCURVE('',#11341,#11428);
#11428 = DEFINITIONAL_REPRESENTATION('',(#11429),#11433);
#11429 = LINE('',#11430,#11431);
#11430 = CARTESIAN_POINT('',(4.,0.));
#11431 = VECTOR('',#11432,1.);
#11432 = DIRECTION('',(0.,-1.));
#11433 = ( GEOMETRIC_REPRESENTATION_CONTEXT(2) 
PARAMETRIC_REPRESENTATION_CONTEXT() REPRESENTATION_CONTEXT('2D SPACE',''
  ) );
#11434 = PCURVE('',#11435,#11440);
#11435 = PLANE('',#11436);
#11436 = AXIS2_PLACEMENT_3D('',#11437,#11438,#11439);
#11437 = CARTESIAN_POINT('',(-532.5,-826.5,4.));
#11438 = DIRECTION('',(0.,0.,1.));
#11439 = DIRECTION('',(1.,0.,-0.));
#11440 = DEFINITIONAL_REPRESENTATION('',(#11441),#11445);
#11441 = LINE('',#11442,#11443);
#11442 = CARTESIAN_POINT('',(0.,0.));
#11443 = VECTOR('',#11444,1.);
#11444 = DIRECTION('',(0.,1.));
#11445 = ( GEOMETRIC_REPRESENTATION_CONTEXT(2) 
PARAMETRIC_REPRESENTATION_CONTEXT() REPRESENTATION_CONTEXT('2D SPACE',''
  ) );
#11446 = ADVANCED_FACE('',(#11447),#11461,.T.);
#11447 = FACE_BOUND('',#11448,.T.);
#11448 = EDGE_LOOP('',(#11449,#11479,#11502,#11525));
#11449 = ORIENTED_EDGE('',*,*,#11450,.F.);
#11450 = EDGE_CURVE('',#11451,#11453,#11455,.T.);
#11451 = VERTEX_POINT('',#11452);
#11452 = CARTESIAN_POINT('',(532.5,-826.5,0.));
#11453 = VERTEX_POINT('',#11454);
#11454 = CARTESIAN_POINT('',(532.5,-826.5,4.));
#11455 = SURFACE_CURVE('',#11456,(#11460,#11472),.PCURVE_S1.);
#11456 = LINE('',#11457,#11458);
#11457 = CARTESIAN_POINT('',(532.5,-826.5,0.));
#11458 = VECTOR('',#11459,1.);
#11459 = DIRECTION('',(0.,0.,1.));
#11460 = PCURVE('',#11461,#11466);
#11461 = PLANE('',#11462);
#11462 = AXIS2_PLACEMENT_3D('',#11463,#11464,#11465);
#11463 = CARTESIAN_POINT('',(532.5,-826.5,0.));
#11464 = DIRECTION('',(1.,0.,-0.));
#11465 = DIRECTION('',(0.,0.,1.));
#11466 = DEFINITIONAL_REPRESENTATION('',(#11467),#11471);
#11467 = LINE('',#11468,#11469);
#11468 = CARTESIAN_POINT('',(0.,0.));
#11469 = VECTOR('',#11470,1.);
#11470 = DIRECTION('',(1.,0.));
#11471 = ( GEOMETRIC_REPRESENTATION_CONTEXT(2) 
PARAMETRIC_REPRESENTATION_CONTEXT() REPRESENTATION_CONTEXT('2D SPACE',''
  ) );
#11472 = PCURVE('',#11353,#11473);
#11473 = DEFINITIONAL_REPRESENTATION('',(#11474),#11478);
#11474 = LINE('',#11475,#11476);
#11475 = CARTESIAN_POINT('',(0.,1.065E+03));
#11476 = VECTOR('',#11477,1.);
#11477 = DIRECTION('',(1.,0.));
#11478 = ( GEOMETRIC_REPRESENTATION_CONTEXT(2) 
PARAMETRIC_REPRESENTATION_CONTEXT() REPRESENTATION_CONTEXT('2D SPACE',''
  ) );
#11479 = ORIENTED_EDGE('',*,*,#11480,.T.);
#11480 = EDGE_CURVE('',#11451,#11481,#11483,.T.);
#11481 = VERTEX_POINT('',#11482);
#11482 = CARTESIAN_POINT('',(532.5,826.5,0.));
#11483 = SURFACE_CURVE('',#11484,(#11488,#11495),.PCURVE_S1.);
#11484 = LINE('',#11485,#11486);
#11485 = CARTESIAN_POINT('',(532.5,-826.5,0.));
#11486 = VECTOR('',#11487,1.);
#11487 = DIRECTION('',(-0.,1.,0.));
#11488 = PCURVE('',#11461,#11489);
#11489 = DEFINITIONAL_REPRESENTATION('',(#11490),#11494);
#11490 = LINE('',#11491,#11492);
#11491 = CARTESIAN_POINT('',(0.,0.));
#11492 = VECTOR('',#11493,1.);
#11493 = DIRECTION('',(0.,-1.));
#11494 = ( GEOMETRIC_REPRESENTATION_CONTEXT(2) 
PARAMETRIC_REPRESENTATION_CONTEXT() REPRESENTATION_CONTEXT('2D SPACE',''
  ) );
#11495 = PCURVE('',#11381,#11496);
#11496 = DEFINITIONAL_REPRESENTATION('',(#11497),#11501);
#11497 = LINE('',#11498,#11499);
#11498 = CARTESIAN_POINT('',(1.065E+03,0.));
#11499 = VECTOR('',#11500,1.);
#11500 = DIRECTION('',(0.,1.));
#11501 = ( GEOMETRIC_REPRESENTATION_CONTEXT(2) 
PARAMETRIC_REPRESENTATION_CONTEXT() REPRESENTATION_CONTEXT('2D SPACE',''
  ) );
#11502 = ORIENTED_EDGE('',*,*,#11503,.T.);
#11503 = EDGE_CURVE('',#11481,#11504,#11506,.T.);
#11504 = VERTEX_POINT('',#11505);
#11505 = CARTESIAN_POINT('',(532.5,826.5,4.));
#11506 = SURFACE_CURVE('',#11507,(#11511,#11518),.PCURVE_S1.);
#11507 = LINE('',#11508,#11509);
#11508 = CARTESIAN_POINT('',(532.5,826.5,0.));
#11509 = VECTOR('',#11510,1.);
#11510 = DIRECTION('',(0.,0.,1.));
#11511 = PCURVE('',#11461,#11512);
#11512 = DEFINITIONAL_REPRESENTATION('',(#11513),#11517);
#11513 = LINE('',#11514,#11515);
#11514 = CARTESIAN_POINT('',(0.,-1.653E+03));
#11515 = VECTOR('',#11516,1.);
#11516 = DIRECTION('',(1.,0.));
#11517 = ( GEOMETRIC_REPRESENTATION_CONTEXT(2) 
PARAMETRIC_REPRESENTATION_CONTEXT() REPRESENTATION_CONTEXT('2D SPACE',''
  ) );
#11518 = PCURVE('',#11409,#11519);
#11519 = DEFINITIONAL_REPRESENTATION('',(#11520),#11524);
#11520 = LINE('',#11521,#11522);
#11521 = CARTESIAN_POINT('',(0.,1.065E+03));
#11522 = VECTOR('',#11523,1.);
#11523 = DIRECTION('',(1.,0.));
#11524 = ( GEOMETRIC_REPRESENTATION_CONTEXT(2) 
PARAMETRIC_REPRESENTATION_CONTEXT() REPRESENTATION_CONTEXT('2D SPACE',''
  ) );
#11525 = ORIENTED_EDGE('',*,*,#11526,.F.);
#11526 = EDGE_CURVE('',#11453,#11504,#11527,.T.);
#11527 = SURFACE_CURVE('',#11528,(#11532,#11539),.PCURVE_S1.);
#11528 = LINE('',#11529,#11530);
#11529 = CARTESIAN_POINT('',(532.5,-826.5,4.));
#11530 = VECTOR('',#11531,1.);
#11531 = DIRECTION('',(-0.,1.,0.));
#11532 = PCURVE('',#11461,#11533);
#11533 = DEFINITIONAL_REPRESENTATION('',(#11534),#11538);
#11534 = LINE('',#11535,#11536);
#11535 = CARTESIAN_POINT('',(4.,0.));
#11536 = VECTOR('',#11537,1.);
#11537 = DIRECTION('',(0.,-1.));
#11538 = ( GEOMETRIC_REPRESENTATION_CONTEXT(2) 
PARAMETRIC_REPRESENTATION_CONTEXT() REPRESENTATION_CONTEXT('2D SPACE',''
  ) );
#11539 = PCURVE('',#11435,#11540);
#11540 = DEFINITIONAL_REPRESENTATION('',(#11541),#11545);
#11541 = LINE('',#11542,#11543);
#11542 = CARTESIAN_POINT('',(1.065E+03,0.));
#11543 = VECTOR('',#11544,1.);
#11544 = DIRECTION('',(0.,1.));
#11545 = ( GEOMETRIC_REPRESENTATION_CONTEXT(2) 
PARAMETRIC_REPRESENTATION_CONTEXT() REPRESENTATION_CONTEXT('2D SPACE',''
  ) );
#11546 = ADVANCED_FACE('',(#11547),#11353,.F.);
#11547 = FACE_BOUND('',#11548,.F.);
#11548 = EDGE_LOOP('',(#11549,#11570,#11571,#11592));
#11549 = ORIENTED_EDGE('',*,*,#11550,.F.);
#11550 = EDGE_CURVE('',#11331,#11451,#11551,.T.);
#11551 = SURFACE_CURVE('',#11552,(#11556,#11563),.PCURVE_S1.);
#11552 = LINE('',#11553,#11554);
#11553 = CARTESIAN_POINT('',(-532.5,-826.5,0.));
#11554 = VECTOR('',#11555,1.);
#11555 = DIRECTION('',(1.,0.,-0.));
#11556 = PCURVE('',#11353,#11557);
#11557 = DEFINITIONAL_REPRESENTATION('',(#11558),#11562);
#11558 = LINE('',#11559,#11560);
#11559 = CARTESIAN_POINT('',(0.,0.));
#11560 = VECTOR('',#11561,1.);
#11561 = DIRECTION('',(0.,1.));
#11562 = ( GEOMETRIC_REPRESENTATION_CONTEXT(2) 
PARAMETRIC_REPRESENTATION_CONTEXT() REPRESENTATION_CONTEXT('2D SPACE',''
  ) );
#11563 = PCURVE('',#11381,#11564);
#11564 = DEFINITIONAL_REPRESENTATION('',(#11565),#11569);
#11565 = LINE('',#11566,#11567);
#11566 = CARTESIAN_POINT('',(0.,0.));
#11567 = VECTOR('',#11568,1.);
#11568 = DIRECTION('',(1.,0.));
#11569 = ( GEOMETRIC_REPRESENTATION_CONTEXT(2) 
PARAMETRIC_REPRESENTATION_CONTEXT() REPRESENTATION_CONTEXT('2D SPACE',''
  ) );
#11570 = ORIENTED_EDGE('',*,*,#11330,.T.);
#11571 = ORIENTED_EDGE('',*,*,#11572,.T.);
#11572 = EDGE_CURVE('',#11333,#11453,#11573,.T.);
#11573 = SURFACE_CURVE('',#11574,(#11578,#11585),.PCURVE_S1.);
#11574 = LINE('',#11575,#11576);
#11575 = CARTESIAN_POINT('',(-532.5,-826.5,4.));
#11576 = VECTOR('',#11577,1.);
#11577 = DIRECTION('',(1.,0.,-0.));
#11578 = PCURVE('',#11353,#11579);
#11579 = DEFINITIONAL_REPRESENTATION('',(#11580),#11584);
#11580 = LINE('',#11581,#11582);
#11581 = CARTESIAN_POINT('',(4.,0.));
#11582 = VECTOR('',#11583,1.);
#11583 = DIRECTION('',(0.,1.));
#11584 = ( GEOMETRIC_REPRESENTATION_CONTEXT(2) 
PARAMETRIC_REPRESENTATION_CONTEXT() REPRESENTATION_CONTEXT('2D SPACE',''
  ) );
#11585 = PCURVE('',#11435,#11586);
#11586 = DEFINITIONAL_REPRESENTATION('',(#11587),#11591);
#11587 = LINE('',#11588,#11589);
#11588 = CARTESIAN_POINT('',(0.,0.));
#11589 = VECTOR('',#11590,1.);
#11590 = DIRECTION('',(1.,0.));
#11591 = ( GEOMETRIC_REPRESENTATION_CONTEXT(2) 
PARAMETRIC_REPRESENTATION_CONTEXT() REPRESENTATION_CONTEXT('2D SPACE',''
  ) );
#11592 = ORIENTED_EDGE('',*,*,#11450,.F.);
#11593 = ADVANCED_FACE('',(#11594),#11409,.T.);
#11594 = FACE_BOUND('',#11595,.T.);
#11595 = EDGE_LOOP('',(#11596,#11617,#11618,#11639));
#11596 = ORIENTED_EDGE('',*,*,#11597,.F.);
#11597 = EDGE_CURVE('',#11366,#11481,#11598,.T.);
#11598 = SURFACE_CURVE('',#11599,(#11603,#11610),.PCURVE_S1.);
#11599 = LINE('',#11600,#11601);
#11600 = CARTESIAN_POINT('',(-532.5,826.5,0.));
#11601 = VECTOR('',#11602,1.);
#11602 = DIRECTION('',(1.,0.,-0.));
#11603 = PCURVE('',#11409,#11604);
#11604 = DEFINITIONAL_REPRESENTATION('',(#11605),#11609);
#11605 = LINE('',#11606,#11607);
#11606 = CARTESIAN_POINT('',(0.,0.));
#11607 = VECTOR('',#11608,1.);
#11608 = DIRECTION('',(0.,1.));
#11609 = ( GEOMETRIC_REPRESENTATION_CONTEXT(2) 
PARAMETRIC_REPRESENTATION_CONTEXT() REPRESENTATION_CONTEXT('2D SPACE',''
  ) );
#11610 = PCURVE('',#11381,#11611);
#11611 = DEFINITIONAL_REPRESENTATION('',(#11612),#11616);
#11612 = LINE('',#11613,#11614);
#11613 = CARTESIAN_POINT('',(0.,1.653E+03));
#11614 = VECTOR('',#11615,1.);
#11615 = DIRECTION('',(1.,0.));
#11616 = ( GEOMETRIC_REPRESENTATION_CONTEXT(2) 
PARAMETRIC_REPRESENTATION_CONTEXT() REPRESENTATION_CONTEXT('2D SPACE',''
  ) );
#11617 = ORIENTED_EDGE('',*,*,#11393,.T.);
#11618 = ORIENTED_EDGE('',*,*,#11619,.T.);
#11619 = EDGE_CURVE('',#11394,#11504,#11620,.T.);
#11620 = SURFACE_CURVE('',#11621,(#11625,#11632),.PCURVE_S1.);
#11621 = LINE('',#11622,#11623);
#11622 = CARTESIAN_POINT('',(-532.5,826.5,4.));
#11623 = VECTOR('',#11624,1.);
#11624 = DIRECTION('',(1.,0.,-0.));
#11625 = PCURVE('',#11409,#11626);
#11626 = DEFINITIONAL_REPRESENTATION('',(#11627),#11631);
#11627 = LINE('',#11628,#11629);
#11628 = CARTESIAN_POINT('',(4.,0.));
#11629 = VECTOR('',#11630,1.);
#11630 = DIRECTION('',(0.,1.));
#11631 = ( GEOMETRIC_REPRESENTATION_CONTEXT(2) 
PARAMETRIC_REPRESENTATION_CONTEXT() REPRESENTATION_CONTEXT('2D SPACE',''
  ) );
#11632 = PCURVE('',#11435,#11633);
#11633 = DEFINITIONAL_REPRESENTATION('',(#11634),#11638);
#11634 = LINE('',#11635,#11636);
#11635 = CARTESIAN_POINT('',(0.,1.653E+03));
#11636 = VECTOR('',#11637,1.);
#11637 = DIRECTION('',(1.,0.));
#11638 = ( GEOMETRIC_REPRESENTATION_CONTEXT(2) 
PARAMETRIC_REPRESENTATION_CONTEXT() REPRESENTATION_CONTEXT('2D SPACE',''
  ) );
#11639 = ORIENTED_EDGE('',*,*,#11503,.F.);
#11640 = ADVANCED_FACE('',(#11641),#11381,.F.);
#11641 = FACE_BOUND('',#11642,.F.);
#11642 = EDGE_LOOP('',(#11643,#11644,#11645,#11646));
#11643 = ORIENTED_EDGE('',*,*,#11365,.F.);
#11644 = ORIENTED_EDGE('',*,*,#11550,.T.);
#11645 = ORIENTED_EDGE('',*,*,#11480,.T.);
#11646 = ORIENTED_EDGE('',*,*,#11597,.F.);
#11647 = ADVANCED_FACE('',(#11648),#11435,.T.);
#11648 = FACE_BOUND('',#11649,.T.);
#11649 = EDGE_LOOP('',(#11650,#11651,#11652,#11653));
#11650 = ORIENTED_EDGE('',*,*,#11421,.F.);
#11651 = ORIENTED_EDGE('',*,*,#11572,.T.);
#11652 = ORIENTED_EDGE('',*,*,#11526,.T.);
#11653 = ORIENTED_EDGE('',*,*,#11619,.F.);
#11654 = ( GEOMETRIC_REPRESENTATION_CONTEXT(3) 
GLOBAL_UNCERTAINTY_ASSIGNED_CONTEXT((#11658)) 
GLOBAL_UNIT_ASSIGNED_CONTEXT((#11655,#11656,#11657)) 
REPRESENTATION_CONTEXT('Context #1',
  '3D Context with UNIT and UNCERTAINTY') );
#11655 = ( LENGTH_UNIT() NAMED_UNIT(*) SI_UNIT(.MILLI.,.METRE.) );
#11656 = ( NAMED_UNIT(*) PLANE_ANGLE_UNIT() SI_UNIT($,.RADIAN.) );
#11657 = ( NAMED_UNIT(*) SI_UNIT($,.STERADIAN.) SOLID_ANGLE_UNIT() );
#11658 = UNCERTAINTY_MEASURE_WITH_UNIT(LENGTH_MEASURE(1.E-07),#11655,
  'distance_accuracy_value','confusion accuracy');
#11659 = CONTEXT_DEPENDENT_SHAPE_REPRESENTATION(#11660,#11662);
#11660 = ( REPRESENTATION_RELATIONSHIP('','',#11323,#10) 
REPRESENTATION_RELATIONSHIP_WITH_TRANSFORMATION(#11661) 
SHAPE_REPRESENTATION_RELATIONSHIP() );
#11661 = ITEM_DEFINED_TRANSFORMATION('','',#11,#107);
#11662 = PRODUCT_DEFINITION_SHAPE('Placement','Placement of an item',
  #11663);
#11663 = NEXT_ASSEMBLY_USAGE_OCCURRENCE('58','cell.10','',#5,#11318,$);
#11664 = PRODUCT_RELATED_PRODUCT_CATEGORY('part',$,(#11320));
#11665 = SHAPE_DEFINITION_REPRESENTATION(#11666,#11672);
#11666 = PRODUCT_DEFINITION_SHAPE('','',#11667);
#11667 = PRODUCT_DEFINITION('design','',#11668,#11671);
#11668 = PRODUCT_DEFINITION_FORMATION('','',#11669);
#11669 = PRODUCT('metal.111','metal.111','',(#11670));
#11670 = PRODUCT_CONTEXT('',#2,'mechanical');
#11671 = PRODUCT_DEFINITION_CONTEXT('part definition',#2,'design');
#11672 = ADVANCED_BREP_SHAPE_REPRESENTATION('',(#11,#11673),#12317);
#11673 = MANIFOLD_SOLID_BREP('',#11674);
#11674 = CLOSED_SHELL('',(#11675,#11795,#11871,#12026,#12075,#12102,
    #12109,#12185,#12234,#12283,#12310));
#11675 = ADVANCED_FACE('',(#11676),#11690,.F.);
#11676 = FACE_BOUND('',#11677,.F.);
#11677 = EDGE_LOOP('',(#11678,#11713,#11741,#11769));
#11678 = ORIENTED_EDGE('',*,*,#11679,.F.);
#11679 = EDGE_CURVE('',#11680,#11682,#11684,.T.);
#11680 = VERTEX_POINT('',#11681);
#11681 = CARTESIAN_POINT('',(-567.,-861.,0.));
#11682 = VERTEX_POINT('',#11683);
#11683 = CARTESIAN_POINT('',(-567.,-861.,30.));
#11684 = SURFACE_CURVE('',#11685,(#11689,#11701),.PCURVE_S1.);
#11685 = LINE('',#11686,#11687);
#11686 = CARTESIAN_POINT('',(-567.,-861.,0.));
#11687 = VECTOR('',#11688,1.);
#11688 = DIRECTION('',(0.,0.,1.));
#11689 = PCURVE('',#11690,#11695);
#11690 = PLANE('',#11691);
#11691 = AXIS2_PLACEMENT_3D('',#11692,#11693,#11694);
#11692 = CARTESIAN_POINT('',(-567.,-861.,0.));
#11693 = DIRECTION('',(1.,0.,-0.));
#11694 = DIRECTION('',(0.,0.,1.));
#11695 = DEFINITIONAL_REPRESENTATION('',(#11696),#11700);
#11696 = LINE('',#11697,#11698);
#11697 = CARTESIAN_POINT('',(0.,0.));
#11698 = VECTOR('',#11699,1.);
#11699 = DIRECTION('',(1.,0.));
#11700 = ( GEOMETRIC_REPRESENTATION_CONTEXT(2) 
PARAMETRIC_REPRESENTATION_CONTEXT() REPRESENTATION_CONTEXT('2D SPACE',''
  ) );
#11701 = PCURVE('',#11702,#11707);
#11702 = PLANE('',#11703);
#11703 = AXIS2_PLACEMENT_3D('',#11704,#11705,#11706);
#11704 = CARTESIAN_POINT('',(-567.,-861.,0.));
#11705 = DIRECTION('',(-0.,1.,0.));
#11706 = DIRECTION('',(0.,0.,1.));
#11707 = DEFINITIONAL_REPRESENTATION('',(#11708),#11712);
#11708 = LINE('',#11709,#11710);
#11709 = CARTESIAN_POINT('',(0.,0.));
#11710 = VECTOR('',#11711,1.);
#11711 = DIRECTION('',(1.,0.));
#11712 = ( GEOMETRIC_REPRESENTATION_CONTEXT(2) 
PARAMETRIC_REPRESENTATION_CONTEXT() REPRESENTATION_CONTEXT('2D SPACE',''
  ) );
#11713 = ORIENTED_EDGE('',*,*,#11714,.T.);
#11714 = EDGE_CURVE('',#11680,#11715,#11717,.T.);
#11715 = VERTEX_POINT('',#11716);
#11716 = CARTESIAN_POINT('',(-567.,861.,0.));
#11717 = SURFACE_CURVE('',#11718,(#11722,#11729),.PCURVE_S1.);
#11718 = LINE('',#11719,#11720);
#11719 = CARTESIAN_POINT('',(-567.,-861.,0.));
#11720 = VECTOR('',#11721,1.);
#11721 = DIRECTION('',(-0.,1.,0.));
#11722 = PCURVE('',#11690,#11723);
#11723 = DEFINITIONAL_REPRESENTATION('',(#11724),#11728);
#11724 = LINE('',#11725,#11726);
#11725 = CARTESIAN_POINT('',(0.,0.));
#11726 = VECTOR('',#11727,1.);
#11727 = DIRECTION('',(0.,-1.));
#11728 = ( GEOMETRIC_REPRESENTATION_CONTEXT(2) 
PARAMETRIC_REPRESENTATION_CONTEXT() REPRESENTATION_CONTEXT('2D SPACE',''
  ) );
#11729 = PCURVE('',#11730,#11735);
#11730 = PLANE('',#11731);
#11731 = AXIS2_PLACEMENT_3D('',#11732,#11733,#11734);
#11732 = CARTESIAN_POINT('',(-567.,-861.,0.));
#11733 = DIRECTION('',(0.,0.,1.));
#11734 = DIRECTION('',(1.,0.,-0.));
#11735 = DEFINITIONAL_REPRESENTATION('',(#11736),#11740);
#11736 = LINE('',#11737,#11738);
#11737 = CARTESIAN_POINT('',(0.,0.));
#11738 = VECTOR('',#11739,1.);
#11739 = DIRECTION('',(0.,1.));
#11740 = ( GEOMETRIC_REPRESENTATION_CONTEXT(2) 
PARAMETRIC_REPRESENTATION_CONTEXT() REPRESENTATION_CONTEXT('2D SPACE',''
  ) );
#11741 = ORIENTED_EDGE('',*,*,#11742,.T.);
#11742 = EDGE_CURVE('',#11715,#11743,#11745,.T.);
#11743 = VERTEX_POINT('',#11744);
#11744 = CARTESIAN_POINT('',(-567.,861.,30.));
#11745 = SURFACE_CURVE('',#11746,(#11750,#11757),.PCURVE_S1.);
#11746 = LINE('',#11747,#11748);
#11747 = CARTESIAN_POINT('',(-567.,861.,0.));
#11748 = VECTOR('',#11749,1.);
#11749 = DIRECTION('',(0.,0.,1.));
#11750 = PCURVE('',#11690,#11751);
#11751 = DEFINITIONAL_REPRESENTATION('',(#11752),#11756);
#11752 = LINE('',#11753,#11754);
#11753 = CARTESIAN_POINT('',(0.,-1.722E+03));
#11754 = VECTOR('',#11755,1.);
#11755 = DIRECTION('',(1.,0.));
#11756 = ( GEOMETRIC_REPRESENTATION_CONTEXT(2) 
PARAMETRIC_REPRESENTATION_CONTEXT() REPRESENTATION_CONTEXT('2D SPACE',''
  ) );
#11757 = PCURVE('',#11758,#11763);
#11758 = PLANE('',#11759);
#11759 = AXIS2_PLACEMENT_3D('',#11760,#11761,#11762);
#11760 = CARTESIAN_POINT('',(-567.,861.,0.));
#11761 = DIRECTION('',(-0.,1.,0.));
#11762 = DIRECTION('',(0.,0.,1.));
#11763 = DEFINITIONAL_REPRESENTATION('',(#11764),#11768);
#11764 = LINE('',#11765,#11766);
#11765 = CARTESIAN_POINT('',(0.,0.));
#11766 = VECTOR('',#11767,1.);
#11767 = DIRECTION('',(1.,0.));
#11768 = ( GEOMETRIC_REPRESENTATION_CONTEXT(2) 
PARAMETRIC_REPRESENTATION_CONTEXT() REPRESENTATION_CONTEXT('2D SPACE',''
  ) );
#11769 = ORIENTED_EDGE('',*,*,#11770,.F.);
#11770 = EDGE_CURVE('',#11682,#11743,#11771,.T.);
#11771 = SURFACE_CURVE('',#11772,(#11776,#11783),.PCURVE_S1.);
#11772 = LINE('',#11773,#11774);
#11773 = CARTESIAN_POINT('',(-567.,-861.,30.));
#11774 = VECTOR('',#11775,1.);
#11775 = DIRECTION('',(-0.,1.,0.));
#11776 = PCURVE('',#11690,#11777);
#11777 = DEFINITIONAL_REPRESENTATION('',(#11778),#11782);
#11778 = LINE('',#11779,#11780);
#11779 = CARTESIAN_POINT('',(30.,0.));
#11780 = VECTOR('',#11781,1.);
#11781 = DIRECTION('',(0.,-1.));
#11782 = ( GEOMETRIC_REPRESENTATION_CONTEXT(2) 
PARAMETRIC_REPRESENTATION_CONTEXT() REPRESENTATION_CONTEXT('2D SPACE',''
  ) );
#11783 = PCURVE('',#11784,#11789);
#11784 = PLANE('',#11785);
#11785 = AXIS2_PLACEMENT_3D('',#11786,#11787,#11788);
#11786 = CARTESIAN_POINT('',(-567.,-861.,30.));
#11787 = DIRECTION('',(0.,0.,1.));
#11788 = DIRECTION('',(1.,0.,-0.));
#11789 = DEFINITIONAL_REPRESENTATION('',(#11790),#11794);
#11790 = LINE('',#11791,#11792);
#11791 = CARTESIAN_POINT('',(0.,0.));
#11792 = VECTOR('',#11793,1.);
#11793 = DIRECTION('',(0.,1.));
#11794 = ( GEOMETRIC_REPRESENTATION_CONTEXT(2) 
PARAMETRIC_REPRESENTATION_CONTEXT() REPRESENTATION_CONTEXT('2D SPACE',''
  ) );
#11795 = ADVANCED_FACE('',(#11796),#11702,.F.);
#11796 = FACE_BOUND('',#11797,.F.);
#11797 = EDGE_LOOP('',(#11798,#11821,#11822,#11845));
#11798 = ORIENTED_EDGE('',*,*,#11799,.F.);
#11799 = EDGE_CURVE('',#11680,#11800,#11802,.T.);
#11800 = VERTEX_POINT('',#11801);
#11801 = CARTESIAN_POINT('',(567.,-861.,0.));
#11802 = SURFACE_CURVE('',#11803,(#11807,#11814),.PCURVE_S1.);
#11803 = LINE('',#11804,#11805);
#11804 = CARTESIAN_POINT('',(-567.,-861.,0.));
#11805 = VECTOR('',#11806,1.);
#11806 = DIRECTION('',(1.,0.,-0.));
#11807 = PCURVE('',#11702,#11808);
#11808 = DEFINITIONAL_REPRESENTATION('',(#11809),#11813);
#11809 = LINE('',#11810,#11811);
#11810 = CARTESIAN_POINT('',(0.,0.));
#11811 = VECTOR('',#11812,1.);
#11812 = DIRECTION('',(0.,1.));
#11813 = ( GEOMETRIC_REPRESENTATION_CONTEXT(2) 
PARAMETRIC_REPRESENTATION_CONTEXT() REPRESENTATION_CONTEXT('2D SPACE',''
  ) );
#11814 = PCURVE('',#11730,#11815);
#11815 = DEFINITIONAL_REPRESENTATION('',(#11816),#11820);
#11816 = LINE('',#11817,#11818);
#11817 = CARTESIAN_POINT('',(0.,0.));
#11818 = VECTOR('',#11819,1.);
#11819 = DIRECTION('',(1.,0.));
#11820 = ( GEOMETRIC_REPRESENTATION_CONTEXT(2) 
PARAMETRIC_REPRESENTATION_CONTEXT() REPRESENTATION_CONTEXT('2D SPACE',''
  ) );
#11821 = ORIENTED_EDGE('',*,*,#11679,.T.);
#11822 = ORIENTED_EDGE('',*,*,#11823,.T.);
#11823 = EDGE_CURVE('',#11682,#11824,#11826,.T.);
#11824 = VERTEX_POINT('',#11825);
#11825 = CARTESIAN_POINT('',(567.,-861.,30.));
#11826 = SURFACE_CURVE('',#11827,(#11831,#11838),.PCURVE_S1.);
#11827 = LINE('',#11828,#11829);
#11828 = CARTESIAN_POINT('',(-567.,-861.,30.));
#11829 = VECTOR('',#11830,1.);
#11830 = DIRECTION('',(1.,0.,-0.));
#11831 = PCURVE('',#11702,#11832);
#11832 = DEFINITIONAL_REPRESENTATION('',(#11833),#11837);
#11833 = LINE('',#11834,#11835);
#11834 = CARTESIAN_POINT('',(30.,0.));
#11835 = VECTOR('',#11836,1.);
#11836 = DIRECTION('',(0.,1.));
#11837 = ( GEOMETRIC_REPRESENTATION_CONTEXT(2) 
PARAMETRIC_REPRESENTATION_CONTEXT() REPRESENTATION_CONTEXT('2D SPACE',''
  ) );
#11838 = PCURVE('',#11784,#11839);
#11839 = DEFINITIONAL_REPRESENTATION('',(#11840),#11844);
#11840 = LINE('',#11841,#11842);
#11841 = CARTESIAN_POINT('',(0.,0.));
#11842 = VECTOR('',#11843,1.);
#11843 = DIRECTION('',(1.,0.));
#11844 = ( GEOMETRIC_REPRESENTATION_CONTEXT(2) 
PARAMETRIC_REPRESENTATION_CONTEXT() REPRESENTATION_CONTEXT('2D SPACE',''
  ) );
#11845 = ORIENTED_EDGE('',*,*,#11846,.F.);
#11846 = EDGE_CURVE('',#11800,#11824,#11847,.T.);
#11847 = SURFACE_CURVE('',#11848,(#11852,#11859),.PCURVE_S1.);
#11848 = LINE('',#11849,#11850);
#11849 = CARTESIAN_POINT('',(567.,-861.,0.));
#11850 = VECTOR('',#11851,1.);
#11851 = DIRECTION('',(0.,0.,1.));
#11852 = PCURVE('',#11702,#11853);
#11853 = DEFINITIONAL_REPRESENTATION('',(#11854),#11858);
#11854 = LINE('',#11855,#11856);
#11855 = CARTESIAN_POINT('',(0.,1.134E+03));
#11856 = VECTOR('',#11857,1.);
#11857 = DIRECTION('',(1.,0.));
#11858 = ( GEOMETRIC_REPRESENTATION_CONTEXT(2) 
PARAMETRIC_REPRESENTATION_CONTEXT() REPRESENTATION_CONTEXT('2D SPACE',''
  ) );
#11859 = PCURVE('',#11860,#11865);
#11860 = PLANE('',#11861);
#11861 = AXIS2_PLACEMENT_3D('',#11862,#11863,#11864);
#11862 = CARTESIAN_POINT('',(567.,-861.,0.));
#11863 = DIRECTION('',(1.,0.,-0.));
#11864 = DIRECTION('',(0.,0.,1.));
#11865 = DEFINITIONAL_REPRESENTATION('',(#11866),#11870);
#11866 = LINE('',#11867,#11868);
#11867 = CARTESIAN_POINT('',(0.,0.));
#11868 = VECTOR('',#11869,1.);
#11869 = DIRECTION('',(1.,0.));
#11870 = ( GEOMETRIC_REPRESENTATION_CONTEXT(2) 
PARAMETRIC_REPRESENTATION_CONTEXT() REPRESENTATION_CONTEXT('2D SPACE',''
  ) );
#11871 = ADVANCED_FACE('',(#11872,#11920),#11784,.T.);
#11872 = FACE_BOUND('',#11873,.T.);
#11873 = EDGE_LOOP('',(#11874,#11875,#11876,#11899));
#11874 = ORIENTED_EDGE('',*,*,#11770,.F.);
#11875 = ORIENTED_EDGE('',*,*,#11823,.T.);
#11876 = ORIENTED_EDGE('',*,*,#11877,.T.);
#11877 = EDGE_CURVE('',#11824,#11878,#11880,.T.);
#11878 = VERTEX_POINT('',#11879);
#11879 = CARTESIAN_POINT('',(567.,861.,30.));
#11880 = SURFACE_CURVE('',#11881,(#11885,#11892),.PCURVE_S1.);
#11881 = LINE('',#11882,#11883);
#11882 = CARTESIAN_POINT('',(567.,-861.,30.));
#11883 = VECTOR('',#11884,1.);
#11884 = DIRECTION('',(-0.,1.,0.));
#11885 = PCURVE('',#11784,#11886);
#11886 = DEFINITIONAL_REPRESENTATION('',(#11887),#11891);
#11887 = LINE('',#11888,#11889);
#11888 = CARTESIAN_POINT('',(1.134E+03,0.));
#11889 = VECTOR('',#11890,1.);
#11890 = DIRECTION('',(0.,1.));
#11891 = ( GEOMETRIC_REPRESENTATION_CONTEXT(2) 
PARAMETRIC_REPRESENTATION_CONTEXT() REPRESENTATION_CONTEXT('2D SPACE',''
  ) );
#11892 = PCURVE('',#11860,#11893);
#11893 = DEFINITIONAL_REPRESENTATION('',(#11894),#11898);
#11894 = LINE('',#11895,#11896);
#11895 = CARTESIAN_POINT('',(30.,0.));
#11896 = VECTOR('',#11897,1.);
#11897 = DIRECTION('',(0.,-1.));
#11898 = ( GEOMETRIC_REPRESENTATION_CONTEXT(2) 
PARAMETRIC_REPRESENTATION_CONTEXT() REPRESENTATION_CONTEXT('2D SPACE',''
  ) );
#11899 = ORIENTED_EDGE('',*,*,#11900,.F.);
#11900 = EDGE_CURVE('',#11743,#11878,#11901,.T.);
#11901 = SURFACE_CURVE('',#11902,(#11906,#11913),.PCURVE_S1.);
#11902 = LINE('',#11903,#11904);
#11903 = CARTESIAN_POINT('',(-567.,861.,30.));
#11904 = VECTOR('',#11905,1.);
#11905 = DIRECTION('',(1.,0.,-0.));
#11906 = PCURVE('',#11784,#11907);
#11907 = DEFINITIONAL_REPRESENTATION('',(#11908),#11912);
#11908 = LINE('',#11909,#11910);
#11909 = CARTESIAN_POINT('',(0.,1.722E+03));
#11910 = VECTOR('',#11911,1.);
#11911 = DIRECTION('',(1.,0.));
#11912 = ( GEOMETRIC_REPRESENTATION_CONTEXT(2) 
PARAMETRIC_REPRESENTATION_CONTEXT() REPRESENTATION_CONTEXT('2D SPACE',''
  ) );
#11913 = PCURVE('',#11758,#11914);
#11914 = DEFINITIONAL_REPRESENTATION('',(#11915),#11919);
#11915 = LINE('',#11916,#11917);
#11916 = CARTESIAN_POINT('',(30.,0.));
#11917 = VECTOR('',#11918,1.);
#11918 = DIRECTION('',(0.,1.));
#11919 = ( GEOMETRIC_REPRESENTATION_CONTEXT(2) 
PARAMETRIC_REPRESENTATION_CONTEXT() REPRESENTATION_CONTEXT('2D SPACE',''
  ) );
#11920 = FACE_BOUND('',#11921,.T.);
#11921 = EDGE_LOOP('',(#11922,#11950,#11976,#12002));
#11922 = ORIENTED_EDGE('',*,*,#11923,.T.);
#11923 = EDGE_CURVE('',#11924,#11926,#11928,.T.);
#11924 = VERTEX_POINT('',#11925);
#11925 = CARTESIAN_POINT('',(532.,-826.,30.));
#11926 = VERTEX_POINT('',#11927);
#11927 = CARTESIAN_POINT('',(-532.,-826.,30.));
#11928 = SURFACE_CURVE('',#11929,(#11933,#11939),.PCURVE_S1.);
#11929 = LINE('',#11930,#11931);
#11930 = CARTESIAN_POINT('',(-549.5,-826.,30.));
#11931 = VECTOR('',#11932,1.);
#11932 = DIRECTION('',(-1.,-0.,0.));
#11933 = PCURVE('',#11784,#11934);
#11934 = DEFINITIONAL_REPRESENTATION('',(#11935),#11938);
#11935 = B_SPLINE_CURVE_WITH_KNOTS('',1,(#11936,#11937),.UNSPECIFIED.,
  .F.,.F.,(2,2),(-1.0815E+03,-17.5),.PIECEWISE_BEZIER_KNOTS.);
#11936 = CARTESIAN_POINT('',(1.099E+03,35.));
#11937 = CARTESIAN_POINT('',(35.,35.));
#11938 = ( GEOMETRIC_REPRESENTATION_CONTEXT(2) 
PARAMETRIC_REPRESENTATION_CONTEXT() REPRESENTATION_CONTEXT('2D SPACE',''
  ) );
#11939 = PCURVE('',#11940,#11945);
#11940 = PLANE('',#11941);
#11941 = AXIS2_PLACEMENT_3D('',#11942,#11943,#11944);
#11942 = CARTESIAN_POINT('',(-532.,-826.,4.));
#11943 = DIRECTION('',(-0.,1.,0.));
#11944 = DIRECTION('',(0.,0.,1.));
#11945 = DEFINITIONAL_REPRESENTATION('',(#11946),#11949);
#11946 = B_SPLINE_CURVE_WITH_KNOTS('',1,(#11947,#11948),.UNSPECIFIED.,
  .F.,.F.,(2,2),(-1.0815E+03,-17.5),.PIECEWISE_BEZIER_KNOTS.);
#11947 = CARTESIAN_POINT('',(26.,1.064E+03));
#11948 = CARTESIAN_POINT('',(26.,0.));
#11949 = ( GEOMETRIC_REPRESENTATION_CONTEXT(2) 
PARAMETRIC_REPRESENTATION_CONTEXT() REPRESENTATION_CONTEXT('2D SPACE',''
  ) );
#11950 = ORIENTED_EDGE('',*,*,#11951,.T.);
#11951 = EDGE_CURVE('',#11926,#11952,#11954,.T.);
#11952 = VERTEX_POINT('',#11953);
#11953 = CARTESIAN_POINT('',(-532.,826.,30.));
#11954 = SURFACE_CURVE('',#11955,(#11959,#11965),.PCURVE_S1.);
#11955 = LINE('',#11956,#11957);
#11956 = CARTESIAN_POINT('',(-532.,-843.5,30.));
#11957 = VECTOR('',#11958,1.);
#11958 = DIRECTION('',(-0.,1.,0.));
#11959 = PCURVE('',#11784,#11960);
#11960 = DEFINITIONAL_REPRESENTATION('',(#11961),#11964);
#11961 = B_SPLINE_CURVE_WITH_KNOTS('',1,(#11962,#11963),.UNSPECIFIED.,
  .F.,.F.,(2,2),(17.5,1.6695E+03),.PIECEWISE_BEZIER_KNOTS.);
#11962 = CARTESIAN_POINT('',(35.,35.));
#11963 = CARTESIAN_POINT('',(35.,1.687E+03));
#11964 = ( GEOMETRIC_REPRESENTATION_CONTEXT(2) 
PARAMETRIC_REPRESENTATION_CONTEXT() REPRESENTATION_CONTEXT('2D SPACE',''
  ) );
#11965 = PCURVE('',#11966,#11971);
#11966 = PLANE('',#11967);
#11967 = AXIS2_PLACEMENT_3D('',#11968,#11969,#11970);
#11968 = CARTESIAN_POINT('',(-532.,-826.,4.));
#11969 = DIRECTION('',(1.,0.,-0.));
#11970 = DIRECTION('',(0.,0.,1.));
#11971 = DEFINITIONAL_REPRESENTATION('',(#11972),#11975);
#11972 = B_SPLINE_CURVE_WITH_KNOTS('',1,(#11973,#11974),.UNSPECIFIED.,
  .F.,.F.,(2,2),(17.5,1.6695E+03),.PIECEWISE_BEZIER_KNOTS.);
#11973 = CARTESIAN_POINT('',(26.,0.));
#11974 = CARTESIAN_POINT('',(26.,-1.652E+03));
#11975 = ( GEOMETRIC_REPRESENTATION_CONTEXT(2) 
PARAMETRIC_REPRESENTATION_CONTEXT() REPRESENTATION_CONTEXT('2D SPACE',''
  ) );
#11976 = ORIENTED_EDGE('',*,*,#11977,.F.);
#11977 = EDGE_CURVE('',#11978,#11952,#11980,.T.);
#11978 = VERTEX_POINT('',#11979);
#11979 = CARTESIAN_POINT('',(532.,826.,30.));
#11980 = SURFACE_CURVE('',#11981,(#11985,#11991),.PCURVE_S1.);
#11981 = LINE('',#11982,#11983);
#11982 = CARTESIAN_POINT('',(-549.5,826.,30.));
#11983 = VECTOR('',#11984,1.);
#11984 = DIRECTION('',(-1.,-0.,0.));
#11985 = PCURVE('',#11784,#11986);
#11986 = DEFINITIONAL_REPRESENTATION('',(#11987),#11990);
#11987 = B_SPLINE_CURVE_WITH_KNOTS('',1,(#11988,#11989),.UNSPECIFIED.,
  .F.,.F.,(2,2),(-1.0815E+03,-17.5),.PIECEWISE_BEZIER_KNOTS.);
#11988 = CARTESIAN_POINT('',(1.099E+03,1.687E+03));
#11989 = CARTESIAN_POINT('',(35.,1.687E+03));
#11990 = ( GEOMETRIC_REPRESENTATION_CONTEXT(2) 
PARAMETRIC_REPRESENTATION_CONTEXT() REPRESENTATION_CONTEXT('2D SPACE',''
  ) );
#11991 = PCURVE('',#11992,#11997);
#11992 = PLANE('',#11993);
#11993 = AXIS2_PLACEMENT_3D('',#11994,#11995,#11996);
#11994 = CARTESIAN_POINT('',(-532.,826.,4.));
#11995 = DIRECTION('',(-0.,1.,0.));
#11996 = DIRECTION('',(0.,0.,1.));
#11997 = DEFINITIONAL_REPRESENTATION('',(#11998),#12001);
#11998 = B_SPLINE_CURVE_WITH_KNOTS('',1,(#11999,#12000),.UNSPECIFIED.,
  .F.,.F.,(2,2),(-1.0815E+03,-17.5),.PIECEWISE_BEZIER_KNOTS.);
#11999 = CARTESIAN_POINT('',(26.,1.064E+03));
#12000 = CARTESIAN_POINT('',(26.,0.));
#12001 = ( GEOMETRIC_REPRESENTATION_CONTEXT(2) 
PARAMETRIC_REPRESENTATION_CONTEXT() REPRESENTATION_CONTEXT('2D SPACE',''
  ) );
#12002 = ORIENTED_EDGE('',*,*,#12003,.F.);
#12003 = EDGE_CURVE('',#11924,#11978,#12004,.T.);
#12004 = SURFACE_CURVE('',#12005,(#12009,#12015),.PCURVE_S1.);
#12005 = LINE('',#12006,#12007);
#12006 = CARTESIAN_POINT('',(532.,-843.5,30.));
#12007 = VECTOR('',#12008,1.);
#12008 = DIRECTION('',(-0.,1.,0.));
#12009 = PCURVE('',#11784,#12010);
#12010 = DEFINITIONAL_REPRESENTATION('',(#12011),#12014);
#12011 = B_SPLINE_CURVE_WITH_KNOTS('',1,(#12012,#12013),.UNSPECIFIED.,
  .F.,.F.,(2,2),(17.5,1.6695E+03),.PIECEWISE_BEZIER_KNOTS.);
#12012 = CARTESIAN_POINT('',(1.099E+03,35.));
#12013 = CARTESIAN_POINT('',(1.099E+03,1.687E+03));
#12014 = ( GEOMETRIC_REPRESENTATION_CONTEXT(2) 
PARAMETRIC_REPRESENTATION_CONTEXT() REPRESENTATION_CONTEXT('2D SPACE',''
  ) );
#12015 = PCURVE('',#12016,#12021);
#12016 = PLANE('',#12017);
#12017 = AXIS2_PLACEMENT_3D('',#12018,#12019,#12020);
#12018 = CARTESIAN_POINT('',(532.,-826.,4.));
#12019 = DIRECTION('',(1.,0.,-0.));
#12020 = DIRECTION('',(0.,0.,1.));
#12021 = DEFINITIONAL_REPRESENTATION('',(#12022),#12025);
#12022 = B_SPLINE_CURVE_WITH_KNOTS('',1,(#12023,#12024),.UNSPECIFIED.,
  .F.,.F.,(2,2),(17.5,1.6695E+03),.PIECEWISE_BEZIER_KNOTS.);
#12023 = CARTESIAN_POINT('',(26.,0.));
#12024 = CARTESIAN_POINT('',(26.,-1.652E+03));
#12025 = ( GEOMETRIC_REPRESENTATION_CONTEXT(2) 
PARAMETRIC_REPRESENTATION_CONTEXT() REPRESENTATION_CONTEXT('2D SPACE',''
  ) );
#12026 = ADVANCED_FACE('',(#12027),#11758,.T.);
#12027 = FACE_BOUND('',#12028,.T.);
#12028 = EDGE_LOOP('',(#12029,#12052,#12053,#12054));
#12029 = ORIENTED_EDGE('',*,*,#12030,.F.);
#12030 = EDGE_CURVE('',#11715,#12031,#12033,.T.);
#12031 = VERTEX_POINT('',#12032);
#12032 = CARTESIAN_POINT('',(567.,861.,0.));
#12033 = SURFACE_CURVE('',#12034,(#12038,#12045),.PCURVE_S1.);
#12034 = LINE('',#12035,#12036);
#12035 = CARTESIAN_POINT('',(-567.,861.,0.));
#12036 = VECTOR('',#12037,1.);
#12037 = DIRECTION('',(1.,0.,-0.));
#12038 = PCURVE('',#11758,#12039);
#12039 = DEFINITIONAL_REPRESENTATION('',(#12040),#12044);
#12040 = LINE('',#12041,#12042);
#12041 = CARTESIAN_POINT('',(0.,0.));
#12042 = VECTOR('',#12043,1.);
#12043 = DIRECTION('',(0.,1.));
#12044 = ( GEOMETRIC_REPRESENTATION_CONTEXT(2) 
PARAMETRIC_REPRESENTATION_CONTEXT() REPRESENTATION_CONTEXT('2D SPACE',''
  ) );
#12045 = PCURVE('',#11730,#12046);
#12046 = DEFINITIONAL_REPRESENTATION('',(#12047),#12051);
#12047 = LINE('',#12048,#12049);
#12048 = CARTESIAN_POINT('',(0.,1.722E+03));
#12049 = VECTOR('',#12050,1.);
#12050 = DIRECTION('',(1.,0.));
#12051 = ( GEOMETRIC_REPRESENTATION_CONTEXT(2) 
PARAMETRIC_REPRESENTATION_CONTEXT() REPRESENTATION_CONTEXT('2D SPACE',''
  ) );
#12052 = ORIENTED_EDGE('',*,*,#11742,.T.);
#12053 = ORIENTED_EDGE('',*,*,#11900,.T.);
#12054 = ORIENTED_EDGE('',*,*,#12055,.F.);
#12055 = EDGE_CURVE('',#12031,#11878,#12056,.T.);
#12056 = SURFACE_CURVE('',#12057,(#12061,#12068),.PCURVE_S1.);
#12057 = LINE('',#12058,#12059);
#12058 = CARTESIAN_POINT('',(567.,861.,0.));
#12059 = VECTOR('',#12060,1.);
#12060 = DIRECTION('',(0.,0.,1.));
#12061 = PCURVE('',#11758,#12062);
#12062 = DEFINITIONAL_REPRESENTATION('',(#12063),#12067);
#12063 = LINE('',#12064,#12065);
#12064 = CARTESIAN_POINT('',(0.,1.134E+03));
#12065 = VECTOR('',#12066,1.);
#12066 = DIRECTION('',(1.,0.));
#12067 = ( GEOMETRIC_REPRESENTATION_CONTEXT(2) 
PARAMETRIC_REPRESENTATION_CONTEXT() REPRESENTATION_CONTEXT('2D SPACE',''
  ) );
#12068 = PCURVE('',#11860,#12069);
#12069 = DEFINITIONAL_REPRESENTATION('',(#12070),#12074);
#12070 = LINE('',#12071,#12072);
#12071 = CARTESIAN_POINT('',(0.,-1.722E+03));
#12072 = VECTOR('',#12073,1.);
#12073 = DIRECTION('',(1.,0.));
#12074 = ( GEOMETRIC_REPRESENTATION_CONTEXT(2) 
PARAMETRIC_REPRESENTATION_CONTEXT() REPRESENTATION_CONTEXT('2D SPACE',''
  ) );
#12075 = ADVANCED_FACE('',(#12076),#11730,.F.);
#12076 = FACE_BOUND('',#12077,.F.);
#12077 = EDGE_LOOP('',(#12078,#12079,#12080,#12101));
#12078 = ORIENTED_EDGE('',*,*,#11714,.F.);
#12079 = ORIENTED_EDGE('',*,*,#11799,.T.);
#12080 = ORIENTED_EDGE('',*,*,#12081,.T.);
#12081 = EDGE_CURVE('',#11800,#12031,#12082,.T.);
#12082 = SURFACE_CURVE('',#12083,(#12087,#12094),.PCURVE_S1.);
#12083 = LINE('',#12084,#12085);
#12084 = CARTESIAN_POINT('',(567.,-861.,0.));
#12085 = VECTOR('',#12086,1.);
#12086 = DIRECTION('',(-0.,1.,0.));
#12087 = PCURVE('',#11730,#12088);
#12088 = DEFINITIONAL_REPRESENTATION('',(#12089),#12093);
#12089 = LINE('',#12090,#12091);
#12090 = CARTESIAN_POINT('',(1.134E+03,0.));
#12091 = VECTOR('',#12092,1.);
#12092 = DIRECTION('',(0.,1.));
#12093 = ( GEOMETRIC_REPRESENTATION_CONTEXT(2) 
PARAMETRIC_REPRESENTATION_CONTEXT() REPRESENTATION_CONTEXT('2D SPACE',''
  ) );
#12094 = PCURVE('',#11860,#12095);
#12095 = DEFINITIONAL_REPRESENTATION('',(#12096),#12100);
#12096 = LINE('',#12097,#12098);
#12097 = CARTESIAN_POINT('',(0.,0.));
#12098 = VECTOR('',#12099,1.);
#12099 = DIRECTION('',(0.,-1.));
#12100 = ( GEOMETRIC_REPRESENTATION_CONTEXT(2) 
PARAMETRIC_REPRESENTATION_CONTEXT() REPRESENTATION_CONTEXT('2D SPACE',''
  ) );
#12101 = ORIENTED_EDGE('',*,*,#12030,.F.);
#12102 = ADVANCED_FACE('',(#12103),#11860,.T.);
#12103 = FACE_BOUND('',#12104,.T.);
#12104 = EDGE_LOOP('',(#12105,#12106,#12107,#12108));
#12105 = ORIENTED_EDGE('',*,*,#11846,.F.);
#12106 = ORIENTED_EDGE('',*,*,#12081,.T.);
#12107 = ORIENTED_EDGE('',*,*,#12055,.T.);
#12108 = ORIENTED_EDGE('',*,*,#11877,.F.);
#12109 = ADVANCED_FACE('',(#12110),#11940,.T.);
#12110 = FACE_BOUND('',#12111,.T.);
#12111 = EDGE_LOOP('',(#12112,#12135,#12163,#12184));
#12112 = ORIENTED_EDGE('',*,*,#12113,.F.);
#12113 = EDGE_CURVE('',#12114,#11924,#12116,.T.);
#12114 = VERTEX_POINT('',#12115);
#12115 = CARTESIAN_POINT('',(532.,-826.,4.));
#12116 = SURFACE_CURVE('',#12117,(#12121,#12128),.PCURVE_S1.);
#12117 = LINE('',#12118,#12119);
#12118 = CARTESIAN_POINT('',(532.,-826.,4.));
#12119 = VECTOR('',#12120,1.);
#12120 = DIRECTION('',(0.,0.,1.));
#12121 = PCURVE('',#11940,#12122);
#12122 = DEFINITIONAL_REPRESENTATION('',(#12123),#12127);
#12123 = LINE('',#12124,#12125);
#12124 = CARTESIAN_POINT('',(0.,1.064E+03));
#12125 = VECTOR('',#12126,1.);
#12126 = DIRECTION('',(1.,0.));
#12127 = ( GEOMETRIC_REPRESENTATION_CONTEXT(2) 
PARAMETRIC_REPRESENTATION_CONTEXT() REPRESENTATION_CONTEXT('2D SPACE',''
  ) );
#12128 = PCURVE('',#12016,#12129);
#12129 = DEFINITIONAL_REPRESENTATION('',(#12130),#12134);
#12130 = LINE('',#12131,#12132);
#12131 = CARTESIAN_POINT('',(0.,0.));
#12132 = VECTOR('',#12133,1.);
#12133 = DIRECTION('',(1.,0.));
#12134 = ( GEOMETRIC_REPRESENTATION_CONTEXT(2) 
PARAMETRIC_REPRESENTATION_CONTEXT() REPRESENTATION_CONTEXT('2D SPACE',''
  ) );
#12135 = ORIENTED_EDGE('',*,*,#12136,.F.);
#12136 = EDGE_CURVE('',#12137,#12114,#12139,.T.);
#12137 = VERTEX_POINT('',#12138);
#12138 = CARTESIAN_POINT('',(-532.,-826.,4.));
#12139 = SURFACE_CURVE('',#12140,(#12144,#12151),.PCURVE_S1.);
#12140 = LINE('',#12141,#12142);
#12141 = CARTESIAN_POINT('',(-532.,-826.,4.));
#12142 = VECTOR('',#12143,1.);
#12143 = DIRECTION('',(1.,0.,-0.));
#12144 = PCURVE('',#11940,#12145);
#12145 = DEFINITIONAL_REPRESENTATION('',(#12146),#12150);
#12146 = LINE('',#12147,#12148);
#12147 = CARTESIAN_POINT('',(0.,0.));
#12148 = VECTOR('',#12149,1.);
#12149 = DIRECTION('',(0.,1.));
#12150 = ( GEOMETRIC_REPRESENTATION_CONTEXT(2) 
PARAMETRIC_REPRESENTATION_CONTEXT() REPRESENTATION_CONTEXT('2D SPACE',''
  ) );
#12151 = PCURVE('',#12152,#12157);
#12152 = PLANE('',#12153);
#12153 = AXIS2_PLACEMENT_3D('',#12154,#12155,#12156);
#12154 = CARTESIAN_POINT('',(-532.,-826.,4.));
#12155 = DIRECTION('',(0.,0.,1.));
#12156 = DIRECTION('',(1.,0.,-0.));
#12157 = DEFINITIONAL_REPRESENTATION('',(#12158),#12162);
#12158 = LINE('',#12159,#12160);
#12159 = CARTESIAN_POINT('',(0.,0.));
#12160 = VECTOR('',#12161,1.);
#12161 = DIRECTION('',(1.,0.));
#12162 = ( GEOMETRIC_REPRESENTATION_CONTEXT(2) 
PARAMETRIC_REPRESENTATION_CONTEXT() REPRESENTATION_CONTEXT('2D SPACE',''
  ) );
#12163 = ORIENTED_EDGE('',*,*,#12164,.T.);
#12164 = EDGE_CURVE('',#12137,#11926,#12165,.T.);
#12165 = SURFACE_CURVE('',#12166,(#12170,#12177),.PCURVE_S1.);
#12166 = LINE('',#12167,#12168);
#12167 = CARTESIAN_POINT('',(-532.,-826.,4.));
#12168 = VECTOR('',#12169,1.);
#12169 = DIRECTION('',(0.,0.,1.));
#12170 = PCURVE('',#11940,#12171);
#12171 = DEFINITIONAL_REPRESENTATION('',(#12172),#12176);
#12172 = LINE('',#12173,#12174);
#12173 = CARTESIAN_POINT('',(0.,0.));
#12174 = VECTOR('',#12175,1.);
#12175 = DIRECTION('',(1.,0.));
#12176 = ( GEOMETRIC_REPRESENTATION_CONTEXT(2) 
PARAMETRIC_REPRESENTATION_CONTEXT() REPRESENTATION_CONTEXT('2D SPACE',''
  ) );
#12177 = PCURVE('',#11966,#12178);
#12178 = DEFINITIONAL_REPRESENTATION('',(#12179),#12183);
#12179 = LINE('',#12180,#12181);
#12180 = CARTESIAN_POINT('',(0.,0.));
#12181 = VECTOR('',#12182,1.);
#12182 = DIRECTION('',(1.,0.));
#12183 = ( GEOMETRIC_REPRESENTATION_CONTEXT(2) 
PARAMETRIC_REPRESENTATION_CONTEXT() REPRESENTATION_CONTEXT('2D SPACE',''
  ) );
#12184 = ORIENTED_EDGE('',*,*,#11923,.F.);
#12185 = ADVANCED_FACE('',(#12186),#12016,.F.);
#12186 = FACE_BOUND('',#12187,.F.);
#12187 = EDGE_LOOP('',(#12188,#12189,#12212,#12233));
#12188 = ORIENTED_EDGE('',*,*,#12113,.F.);
#12189 = ORIENTED_EDGE('',*,*,#12190,.T.);
#12190 = EDGE_CURVE('',#12114,#12191,#12193,.T.);
#12191 = VERTEX_POINT('',#12192);
#12192 = CARTESIAN_POINT('',(532.,826.,4.));
#12193 = SURFACE_CURVE('',#12194,(#12198,#12205),.PCURVE_S1.);
#12194 = LINE('',#12195,#12196);
#12195 = CARTESIAN_POINT('',(532.,-826.,4.));
#12196 = VECTOR('',#12197,1.);
#12197 = DIRECTION('',(-0.,1.,0.));
#12198 = PCURVE('',#12016,#12199);
#12199 = DEFINITIONAL_REPRESENTATION('',(#12200),#12204);
#12200 = LINE('',#12201,#12202);
#12201 = CARTESIAN_POINT('',(0.,0.));
#12202 = VECTOR('',#12203,1.);
#12203 = DIRECTION('',(0.,-1.));
#12204 = ( GEOMETRIC_REPRESENTATION_CONTEXT(2) 
PARAMETRIC_REPRESENTATION_CONTEXT() REPRESENTATION_CONTEXT('2D SPACE',''
  ) );
#12205 = PCURVE('',#12152,#12206);
#12206 = DEFINITIONAL_REPRESENTATION('',(#12207),#12211);
#12207 = LINE('',#12208,#12209);
#12208 = CARTESIAN_POINT('',(1.064E+03,0.));
#12209 = VECTOR('',#12210,1.);
#12210 = DIRECTION('',(0.,1.));
#12211 = ( GEOMETRIC_REPRESENTATION_CONTEXT(2) 
PARAMETRIC_REPRESENTATION_CONTEXT() REPRESENTATION_CONTEXT('2D SPACE',''
  ) );
#12212 = ORIENTED_EDGE('',*,*,#12213,.T.);
#12213 = EDGE_CURVE('',#12191,#11978,#12214,.T.);
#12214 = SURFACE_CURVE('',#12215,(#12219,#12226),.PCURVE_S1.);
#12215 = LINE('',#12216,#12217);
#12216 = CARTESIAN_POINT('',(532.,826.,4.));
#12217 = VECTOR('',#12218,1.);
#12218 = DIRECTION('',(0.,0.,1.));
#12219 = PCURVE('',#12016,#12220);
#12220 = DEFINITIONAL_REPRESENTATION('',(#12221),#12225);
#12221 = LINE('',#12222,#12223);
#12222 = CARTESIAN_POINT('',(0.,-1.652E+03));
#12223 = VECTOR('',#12224,1.);
#12224 = DIRECTION('',(1.,0.));
#12225 = ( GEOMETRIC_REPRESENTATION_CONTEXT(2) 
PARAMETRIC_REPRESENTATION_CONTEXT() REPRESENTATION_CONTEXT('2D SPACE',''
  ) );
#12226 = PCURVE('',#11992,#12227);
#12227 = DEFINITIONAL_REPRESENTATION('',(#12228),#12232);
#12228 = LINE('',#12229,#12230);
#12229 = CARTESIAN_POINT('',(0.,1.064E+03));
#12230 = VECTOR('',#12231,1.);
#12231 = DIRECTION('',(1.,0.));
#12232 = ( GEOMETRIC_REPRESENTATION_CONTEXT(2) 
PARAMETRIC_REPRESENTATION_CONTEXT() REPRESENTATION_CONTEXT('2D SPACE',''
  ) );
#12233 = ORIENTED_EDGE('',*,*,#12003,.F.);
#12234 = ADVANCED_FACE('',(#12235),#11992,.F.);
#12235 = FACE_BOUND('',#12236,.F.);
#12236 = EDGE_LOOP('',(#12237,#12238,#12261,#12282));
#12237 = ORIENTED_EDGE('',*,*,#12213,.F.);
#12238 = ORIENTED_EDGE('',*,*,#12239,.F.);
#12239 = EDGE_CURVE('',#12240,#12191,#12242,.T.);
#12240 = VERTEX_POINT('',#12241);
#12241 = CARTESIAN_POINT('',(-532.,826.,4.));
#12242 = SURFACE_CURVE('',#12243,(#12247,#12254),.PCURVE_S1.);
#12243 = LINE('',#12244,#12245);
#12244 = CARTESIAN_POINT('',(-532.,826.,4.));
#12245 = VECTOR('',#12246,1.);
#12246 = DIRECTION('',(1.,0.,-0.));
#12247 = PCURVE('',#11992,#12248);
#12248 = DEFINITIONAL_REPRESENTATION('',(#12249),#12253);
#12249 = LINE('',#12250,#12251);
#12250 = CARTESIAN_POINT('',(0.,0.));
#12251 = VECTOR('',#12252,1.);
#12252 = DIRECTION('',(0.,1.));
#12253 = ( GEOMETRIC_REPRESENTATION_CONTEXT(2) 
PARAMETRIC_REPRESENTATION_CONTEXT() REPRESENTATION_CONTEXT('2D SPACE',''
  ) );
#12254 = PCURVE('',#12152,#12255);
#12255 = DEFINITIONAL_REPRESENTATION('',(#12256),#12260);
#12256 = LINE('',#12257,#12258);
#12257 = CARTESIAN_POINT('',(0.,1.652E+03));
#12258 = VECTOR('',#12259,1.);
#12259 = DIRECTION('',(1.,0.));
#12260 = ( GEOMETRIC_REPRESENTATION_CONTEXT(2) 
PARAMETRIC_REPRESENTATION_CONTEXT() REPRESENTATION_CONTEXT('2D SPACE',''
  ) );
#12261 = ORIENTED_EDGE('',*,*,#12262,.T.);
#12262 = EDGE_CURVE('',#12240,#11952,#12263,.T.);
#12263 = SURFACE_CURVE('',#12264,(#12268,#12275),.PCURVE_S1.);
#12264 = LINE('',#12265,#12266);
#12265 = CARTESIAN_POINT('',(-532.,826.,4.));
#12266 = VECTOR('',#12267,1.);
#12267 = DIRECTION('',(0.,0.,1.));
#12268 = PCURVE('',#11992,#12269);
#12269 = DEFINITIONAL_REPRESENTATION('',(#12270),#12274);
#12270 = LINE('',#12271,#12272);
#12271 = CARTESIAN_POINT('',(0.,0.));
#12272 = VECTOR('',#12273,1.);
#12273 = DIRECTION('',(1.,0.));
#12274 = ( GEOMETRIC_REPRESENTATION_CONTEXT(2) 
PARAMETRIC_REPRESENTATION_CONTEXT() REPRESENTATION_CONTEXT('2D SPACE',''
  ) );
#12275 = PCURVE('',#11966,#12276);
#12276 = DEFINITIONAL_REPRESENTATION('',(#12277),#12281);
#12277 = LINE('',#12278,#12279);
#12278 = CARTESIAN_POINT('',(0.,-1.652E+03));
#12279 = VECTOR('',#12280,1.);
#12280 = DIRECTION('',(1.,0.));
#12281 = ( GEOMETRIC_REPRESENTATION_CONTEXT(2) 
PARAMETRIC_REPRESENTATION_CONTEXT() REPRESENTATION_CONTEXT('2D SPACE',''
  ) );
#12282 = ORIENTED_EDGE('',*,*,#11977,.F.);
#12283 = ADVANCED_FACE('',(#12284),#11966,.T.);
#12284 = FACE_BOUND('',#12285,.T.);
#12285 = EDGE_LOOP('',(#12286,#12287,#12308,#12309));
#12286 = ORIENTED_EDGE('',*,*,#12164,.F.);
#12287 = ORIENTED_EDGE('',*,*,#12288,.T.);
#12288 = EDGE_CURVE('',#12137,#12240,#12289,.T.);
#12289 = SURFACE_CURVE('',#12290,(#12294,#12301),.PCURVE_S1.);
#12290 = LINE('',#12291,#12292);
#12291 = CARTESIAN_POINT('',(-532.,-826.,4.));
#12292 = VECTOR('',#12293,1.);
#12293 = DIRECTION('',(-0.,1.,0.));
#12294 = PCURVE('',#11966,#12295);
#12295 = DEFINITIONAL_REPRESENTATION('',(#12296),#12300);
#12296 = LINE('',#12297,#12298);
#12297 = CARTESIAN_POINT('',(0.,0.));
#12298 = VECTOR('',#12299,1.);
#12299 = DIRECTION('',(0.,-1.));
#12300 = ( GEOMETRIC_REPRESENTATION_CONTEXT(2) 
PARAMETRIC_REPRESENTATION_CONTEXT() REPRESENTATION_CONTEXT('2D SPACE',''
  ) );
#12301 = PCURVE('',#12152,#12302);
#12302 = DEFINITIONAL_REPRESENTATION('',(#12303),#12307);
#12303 = LINE('',#12304,#12305);
#12304 = CARTESIAN_POINT('',(0.,0.));
#12305 = VECTOR('',#12306,1.);
#12306 = DIRECTION('',(0.,1.));
#12307 = ( GEOMETRIC_REPRESENTATION_CONTEXT(2) 
PARAMETRIC_REPRESENTATION_CONTEXT() REPRESENTATION_CONTEXT('2D SPACE',''
  ) );
#12308 = ORIENTED_EDGE('',*,*,#12262,.T.);
#12309 = ORIENTED_EDGE('',*,*,#11951,.F.);
#12310 = ADVANCED_FACE('',(#12311),#12152,.T.);
#12311 = FACE_BOUND('',#12312,.T.);
#12312 = EDGE_LOOP('',(#12313,#12314,#12315,#12316));
#12313 = ORIENTED_EDGE('',*,*,#12288,.F.);
#12314 = ORIENTED_EDGE('',*,*,#12136,.T.);
#12315 = ORIENTED_EDGE('',*,*,#12190,.T.);
#12316 = ORIENTED_EDGE('',*,*,#12239,.F.);
#12317 = ( GEOMETRIC_REPRESENTATION_CONTEXT(3) 
GLOBAL_UNCERTAINTY_ASSIGNED_CONTEXT((#12321)) 
GLOBAL_UNIT_ASSIGNED_CONTEXT((#12318,#12319,#12320)) 
REPRESENTATION_CONTEXT('Context #1',
  '3D Context with UNIT and UNCERTAINTY') );
#12318 = ( LENGTH_UNIT() NAMED_UNIT(*) SI_UNIT(.MILLI.,.METRE.) );
#12319 = ( NAMED_UNIT(*) PLANE_ANGLE_UNIT() SI_UNIT($,.RADIAN.) );
#12320 = ( NAMED_UNIT(*) SI_UNIT($,.STERADIAN.) SOLID_ANGLE_UNIT() );
#12321 = UNCERTAINTY_MEASURE_WITH_UNIT(LENGTH_MEASURE(1.E-07),#12318,
  'distance_accuracy_value','confusion accuracy');
#12322 = CONTEXT_DEPENDENT_SHAPE_REPRESENTATION(#12323,#12325);
#12323 = ( REPRESENTATION_RELATIONSHIP('','',#11672,#10) 
REPRESENTATION_RELATIONSHIP_WITH_TRANSFORMATION(#12324) 
SHAPE_REPRESENTATION_RELATIONSHIP() );
#12324 = ITEM_DEFINED_TRANSFORMATION('','',#11,#111);
#12325 = PRODUCT_DEFINITION_SHAPE('Placement','Placement of an item',
  #12326);
#12326 = NEXT_ASSEMBLY_USAGE_OCCURRENCE('59','metal.111','',#5,#11667,$
  );
#12327 = PRODUCT_RELATED_PRODUCT_CATEGORY('part',$,(#11669));
#12328 = SHAPE_DEFINITION_REPRESENTATION(#12329,#12335);
#12329 = PRODUCT_DEFINITION_SHAPE('','',#12330);
#12330 = PRODUCT_DEFINITION('design','',#12331,#12334);
#12331 = PRODUCT_DEFINITION_FORMATION('','',#12332);
#12332 = PRODUCT('cell.11','cell.11','',(#12333));
#12333 = PRODUCT_CONTEXT('',#2,'mechanical');
#12334 = PRODUCT_DEFINITION_CONTEXT('part definition',#2,'design');
#12335 = ADVANCED_BREP_SHAPE_REPRESENTATION('',(#11,#12336),#12666);
#12336 = MANIFOLD_SOLID_BREP('',#12337);
#12337 = CLOSED_SHELL('',(#12338,#12458,#12558,#12605,#12652,#12659));
#12338 = ADVANCED_FACE('',(#12339),#12353,.F.);
#12339 = FACE_BOUND('',#12340,.F.);
#12340 = EDGE_LOOP('',(#12341,#12376,#12404,#12432));
#12341 = ORIENTED_EDGE('',*,*,#12342,.F.);
#12342 = EDGE_CURVE('',#12343,#12345,#12347,.T.);
#12343 = VERTEX_POINT('',#12344);
#12344 = CARTESIAN_POINT('',(-532.5,-826.5,0.));
#12345 = VERTEX_POINT('',#12346);
#12346 = CARTESIAN_POINT('',(-532.5,-826.5,4.));
#12347 = SURFACE_CURVE('',#12348,(#12352,#12364),.PCURVE_S1.);
#12348 = LINE('',#12349,#12350);
#12349 = CARTESIAN_POINT('',(-532.5,-826.5,0.));
#12350 = VECTOR('',#12351,1.);
#12351 = DIRECTION('',(0.,0.,1.));
#12352 = PCURVE('',#12353,#12358);
#12353 = PLANE('',#12354);
#12354 = AXIS2_PLACEMENT_3D('',#12355,#12356,#12357);
#12355 = CARTESIAN_POINT('',(-532.5,-826.5,0.));
#12356 = DIRECTION('',(1.,0.,-0.));
#12357 = DIRECTION('',(0.,0.,1.));
#12358 = DEFINITIONAL_REPRESENTATION('',(#12359),#12363);
#12359 = LINE('',#12360,#12361);
#12360 = CARTESIAN_POINT('',(0.,0.));
#12361 = VECTOR('',#12362,1.);
#12362 = DIRECTION('',(1.,0.));
#12363 = ( GEOMETRIC_REPRESENTATION_CONTEXT(2) 
PARAMETRIC_REPRESENTATION_CONTEXT() REPRESENTATION_CONTEXT('2D SPACE',''
  ) );
#12364 = PCURVE('',#12365,#12370);
#12365 = PLANE('',#12366);
#12366 = AXIS2_PLACEMENT_3D('',#12367,#12368,#12369);
#12367 = CARTESIAN_POINT('',(-532.5,-826.5,0.));
#12368 = DIRECTION('',(-0.,1.,0.));
#12369 = DIRECTION('',(0.,0.,1.));
#12370 = DEFINITIONAL_REPRESENTATION('',(#12371),#12375);
#12371 = LINE('',#12372,#12373);
#12372 = CARTESIAN_POINT('',(0.,0.));
#12373 = VECTOR('',#12374,1.);
#12374 = DIRECTION('',(1.,0.));
#12375 = ( GEOMETRIC_REPRESENTATION_CONTEXT(2) 
PARAMETRIC_REPRESENTATION_CONTEXT() REPRESENTATION_CONTEXT('2D SPACE',''
  ) );
#12376 = ORIENTED_EDGE('',*,*,#12377,.T.);
#12377 = EDGE_CURVE('',#12343,#12378,#12380,.T.);
#12378 = VERTEX_POINT('',#12379);
#12379 = CARTESIAN_POINT('',(-532.5,826.5,0.));
#12380 = SURFACE_CURVE('',#12381,(#12385,#12392),.PCURVE_S1.);
#12381 = LINE('',#12382,#12383);
#12382 = CARTESIAN_POINT('',(-532.5,-826.5,0.));
#12383 = VECTOR('',#12384,1.);
#12384 = DIRECTION('',(-0.,1.,0.));
#12385 = PCURVE('',#12353,#12386);
#12386 = DEFINITIONAL_REPRESENTATION('',(#12387),#12391);
#12387 = LINE('',#12388,#12389);
#12388 = CARTESIAN_POINT('',(0.,0.));
#12389 = VECTOR('',#12390,1.);
#12390 = DIRECTION('',(0.,-1.));
#12391 = ( GEOMETRIC_REPRESENTATION_CONTEXT(2) 
PARAMETRIC_REPRESENTATION_CONTEXT() REPRESENTATION_CONTEXT('2D SPACE',''
  ) );
#12392 = PCURVE('',#12393,#12398);
#12393 = PLANE('',#12394);
#12394 = AXIS2_PLACEMENT_3D('',#12395,#12396,#12397);
#12395 = CARTESIAN_POINT('',(-532.5,-826.5,0.));
#12396 = DIRECTION('',(0.,0.,1.));
#12397 = DIRECTION('',(1.,0.,-0.));
#12398 = DEFINITIONAL_REPRESENTATION('',(#12399),#12403);
#12399 = LINE('',#12400,#12401);
#12400 = CARTESIAN_POINT('',(0.,0.));
#12401 = VECTOR('',#12402,1.);
#12402 = DIRECTION('',(0.,1.));
#12403 = ( GEOMETRIC_REPRESENTATION_CONTEXT(2) 
PARAMETRIC_REPRESENTATION_CONTEXT() REPRESENTATION_CONTEXT('2D SPACE',''
  ) );
#12404 = ORIENTED_EDGE('',*,*,#12405,.T.);
#12405 = EDGE_CURVE('',#12378,#12406,#12408,.T.);
#12406 = VERTEX_POINT('',#12407);
#12407 = CARTESIAN_POINT('',(-532.5,826.5,4.));
#12408 = SURFACE_CURVE('',#12409,(#12413,#12420),.PCURVE_S1.);
#12409 = LINE('',#12410,#12411);
#12410 = CARTESIAN_POINT('',(-532.5,826.5,0.));
#12411 = VECTOR('',#12412,1.);
#12412 = DIRECTION('',(0.,0.,1.));
#12413 = PCURVE('',#12353,#12414);
#12414 = DEFINITIONAL_REPRESENTATION('',(#12415),#12419);
#12415 = LINE('',#12416,#12417);
#12416 = CARTESIAN_POINT('',(0.,-1.653E+03));
#12417 = VECTOR('',#12418,1.);
#12418 = DIRECTION('',(1.,0.));
#12419 = ( GEOMETRIC_REPRESENTATION_CONTEXT(2) 
PARAMETRIC_REPRESENTATION_CONTEXT() REPRESENTATION_CONTEXT('2D SPACE',''
  ) );
#12420 = PCURVE('',#12421,#12426);
#12421 = PLANE('',#12422);
#12422 = AXIS2_PLACEMENT_3D('',#12423,#12424,#12425);
#12423 = CARTESIAN_POINT('',(-532.5,826.5,0.));
#12424 = DIRECTION('',(-0.,1.,0.));
#12425 = DIRECTION('',(0.,0.,1.));
#12426 = DEFINITIONAL_REPRESENTATION('',(#12427),#12431);
#12427 = LINE('',#12428,#12429);
#12428 = CARTESIAN_POINT('',(0.,0.));
#12429 = VECTOR('',#12430,1.);
#12430 = DIRECTION('',(1.,0.));
#12431 = ( GEOMETRIC_REPRESENTATION_CONTEXT(2) 
PARAMETRIC_REPRESENTATION_CONTEXT() REPRESENTATION_CONTEXT('2D SPACE',''
  ) );
#12432 = ORIENTED_EDGE('',*,*,#12433,.F.);
#12433 = EDGE_CURVE('',#12345,#12406,#12434,.T.);
#12434 = SURFACE_CURVE('',#12435,(#12439,#12446),.PCURVE_S1.);
#12435 = LINE('',#12436,#12437);
#12436 = CARTESIAN_POINT('',(-532.5,-826.5,4.));
#12437 = VECTOR('',#12438,1.);
#12438 = DIRECTION('',(-0.,1.,0.));
#12439 = PCURVE('',#12353,#12440);
#12440 = DEFINITIONAL_REPRESENTATION('',(#12441),#12445);
#12441 = LINE('',#12442,#12443);
#12442 = CARTESIAN_POINT('',(4.,0.));
#12443 = VECTOR('',#12444,1.);
#12444 = DIRECTION('',(0.,-1.));
#12445 = ( GEOMETRIC_REPRESENTATION_CONTEXT(2) 
PARAMETRIC_REPRESENTATION_CONTEXT() REPRESENTATION_CONTEXT('2D SPACE',''
  ) );
#12446 = PCURVE('',#12447,#12452);
#12447 = PLANE('',#12448);
#12448 = AXIS2_PLACEMENT_3D('',#12449,#12450,#12451);
#12449 = CARTESIAN_POINT('',(-532.5,-826.5,4.));
#12450 = DIRECTION('',(0.,0.,1.));
#12451 = DIRECTION('',(1.,0.,-0.));
#12452 = DEFINITIONAL_REPRESENTATION('',(#12453),#12457);
#12453 = LINE('',#12454,#12455);
#12454 = CARTESIAN_POINT('',(0.,0.));
#12455 = VECTOR('',#12456,1.);
#12456 = DIRECTION('',(0.,1.));
#12457 = ( GEOMETRIC_REPRESENTATION_CONTEXT(2) 
PARAMETRIC_REPRESENTATION_CONTEXT() REPRESENTATION_CONTEXT('2D SPACE',''
  ) );
#12458 = ADVANCED_FACE('',(#12459),#12473,.T.);
#12459 = FACE_BOUND('',#12460,.T.);
#12460 = EDGE_LOOP('',(#12461,#12491,#12514,#12537));
#12461 = ORIENTED_EDGE('',*,*,#12462,.F.);
#12462 = EDGE_CURVE('',#12463,#12465,#12467,.T.);
#12463 = VERTEX_POINT('',#12464);
#12464 = CARTESIAN_POINT('',(532.5,-826.5,0.));
#12465 = VERTEX_POINT('',#12466);
#12466 = CARTESIAN_POINT('',(532.5,-826.5,4.));
#12467 = SURFACE_CURVE('',#12468,(#12472,#12484),.PCURVE_S1.);
#12468 = LINE('',#12469,#12470);
#12469 = CARTESIAN_POINT('',(532.5,-826.5,0.));
#12470 = VECTOR('',#12471,1.);
#12471 = DIRECTION('',(0.,0.,1.));
#12472 = PCURVE('',#12473,#12478);
#12473 = PLANE('',#12474);
#12474 = AXIS2_PLACEMENT_3D('',#12475,#12476,#12477);
#12475 = CARTESIAN_POINT('',(532.5,-826.5,0.));
#12476 = DIRECTION('',(1.,0.,-0.));
#12477 = DIRECTION('',(0.,0.,1.));
#12478 = DEFINITIONAL_REPRESENTATION('',(#12479),#12483);
#12479 = LINE('',#12480,#12481);
#12480 = CARTESIAN_POINT('',(0.,0.));
#12481 = VECTOR('',#12482,1.);
#12482 = DIRECTION('',(1.,0.));
#12483 = ( GEOMETRIC_REPRESENTATION_CONTEXT(2) 
PARAMETRIC_REPRESENTATION_CONTEXT() REPRESENTATION_CONTEXT('2D SPACE',''
  ) );
#12484 = PCURVE('',#12365,#12485);
#12485 = DEFINITIONAL_REPRESENTATION('',(#12486),#12490);
#12486 = LINE('',#12487,#12488);
#12487 = CARTESIAN_POINT('',(0.,1.065E+03));
#12488 = VECTOR('',#12489,1.);
#12489 = DIRECTION('',(1.,0.));
#12490 = ( GEOMETRIC_REPRESENTATION_CONTEXT(2) 
PARAMETRIC_REPRESENTATION_CONTEXT() REPRESENTATION_CONTEXT('2D SPACE',''
  ) );
#12491 = ORIENTED_EDGE('',*,*,#12492,.T.);
#12492 = EDGE_CURVE('',#12463,#12493,#12495,.T.);
#12493 = VERTEX_POINT('',#12494);
#12494 = CARTESIAN_POINT('',(532.5,826.5,0.));
#12495 = SURFACE_CURVE('',#12496,(#12500,#12507),.PCURVE_S1.);
#12496 = LINE('',#12497,#12498);
#12497 = CARTESIAN_POINT('',(532.5,-826.5,0.));
#12498 = VECTOR('',#12499,1.);
#12499 = DIRECTION('',(-0.,1.,0.));
#12500 = PCURVE('',#12473,#12501);
#12501 = DEFINITIONAL_REPRESENTATION('',(#12502),#12506);
#12502 = LINE('',#12503,#12504);
#12503 = CARTESIAN_POINT('',(0.,0.));
#12504 = VECTOR('',#12505,1.);
#12505 = DIRECTION('',(0.,-1.));
#12506 = ( GEOMETRIC_REPRESENTATION_CONTEXT(2) 
PARAMETRIC_REPRESENTATION_CONTEXT() REPRESENTATION_CONTEXT('2D SPACE',''
  ) );
#12507 = PCURVE('',#12393,#12508);
#12508 = DEFINITIONAL_REPRESENTATION('',(#12509),#12513);
#12509 = LINE('',#12510,#12511);
#12510 = CARTESIAN_POINT('',(1.065E+03,0.));
#12511 = VECTOR('',#12512,1.);
#12512 = DIRECTION('',(0.,1.));
#12513 = ( GEOMETRIC_REPRESENTATION_CONTEXT(2) 
PARAMETRIC_REPRESENTATION_CONTEXT() REPRESENTATION_CONTEXT('2D SPACE',''
  ) );
#12514 = ORIENTED_EDGE('',*,*,#12515,.T.);
#12515 = EDGE_CURVE('',#12493,#12516,#12518,.T.);
#12516 = VERTEX_POINT('',#12517);
#12517 = CARTESIAN_POINT('',(532.5,826.5,4.));
#12518 = SURFACE_CURVE('',#12519,(#12523,#12530),.PCURVE_S1.);
#12519 = LINE('',#12520,#12521);
#12520 = CARTESIAN_POINT('',(532.5,826.5,0.));
#12521 = VECTOR('',#12522,1.);
#12522 = DIRECTION('',(0.,0.,1.));
#12523 = PCURVE('',#12473,#12524);
#12524 = DEFINITIONAL_REPRESENTATION('',(#12525),#12529);
#12525 = LINE('',#12526,#12527);
#12526 = CARTESIAN_POINT('',(0.,-1.653E+03));
#12527 = VECTOR('',#12528,1.);
#12528 = DIRECTION('',(1.,0.));
#12529 = ( GEOMETRIC_REPRESENTATION_CONTEXT(2) 
PARAMETRIC_REPRESENTATION_CONTEXT() REPRESENTATION_CONTEXT('2D SPACE',''
  ) );
#12530 = PCURVE('',#12421,#12531);
#12531 = DEFINITIONAL_REPRESENTATION('',(#12532),#12536);
#12532 = LINE('',#12533,#12534);
#12533 = CARTESIAN_POINT('',(0.,1.065E+03));
#12534 = VECTOR('',#12535,1.);
#12535 = DIRECTION('',(1.,0.));
#12536 = ( GEOMETRIC_REPRESENTATION_CONTEXT(2) 
PARAMETRIC_REPRESENTATION_CONTEXT() REPRESENTATION_CONTEXT('2D SPACE',''
  ) );
#12537 = ORIENTED_EDGE('',*,*,#12538,.F.);
#12538 = EDGE_CURVE('',#12465,#12516,#12539,.T.);
#12539 = SURFACE_CURVE('',#12540,(#12544,#12551),.PCURVE_S1.);
#12540 = LINE('',#12541,#12542);
#12541 = CARTESIAN_POINT('',(532.5,-826.5,4.));
#12542 = VECTOR('',#12543,1.);
#12543 = DIRECTION('',(-0.,1.,0.));
#12544 = PCURVE('',#12473,#12545);
#12545 = DEFINITIONAL_REPRESENTATION('',(#12546),#12550);
#12546 = LINE('',#12547,#12548);
#12547 = CARTESIAN_POINT('',(4.,0.));
#12548 = VECTOR('',#12549,1.);
#12549 = DIRECTION('',(0.,-1.));
#12550 = ( GEOMETRIC_REPRESENTATION_CONTEXT(2) 
PARAMETRIC_REPRESENTATION_CONTEXT() REPRESENTATION_CONTEXT('2D SPACE',''
  ) );
#12551 = PCURVE('',#12447,#12552);
#12552 = DEFINITIONAL_REPRESENTATION('',(#12553),#12557);
#12553 = LINE('',#12554,#12555);
#12554 = CARTESIAN_POINT('',(1.065E+03,0.));
#12555 = VECTOR('',#12556,1.);
#12556 = DIRECTION('',(0.,1.));
#12557 = ( GEOMETRIC_REPRESENTATION_CONTEXT(2) 
PARAMETRIC_REPRESENTATION_CONTEXT() REPRESENTATION_CONTEXT('2D SPACE',''
  ) );
#12558 = ADVANCED_FACE('',(#12559),#12365,.F.);
#12559 = FACE_BOUND('',#12560,.F.);
#12560 = EDGE_LOOP('',(#12561,#12582,#12583,#12604));
#12561 = ORIENTED_EDGE('',*,*,#12562,.F.);
#12562 = EDGE_CURVE('',#12343,#12463,#12563,.T.);
#12563 = SURFACE_CURVE('',#12564,(#12568,#12575),.PCURVE_S1.);
#12564 = LINE('',#12565,#12566);
#12565 = CARTESIAN_POINT('',(-532.5,-826.5,0.));
#12566 = VECTOR('',#12567,1.);
#12567 = DIRECTION('',(1.,0.,-0.));
#12568 = PCURVE('',#12365,#12569);
#12569 = DEFINITIONAL_REPRESENTATION('',(#12570),#12574);
#12570 = LINE('',#12571,#12572);
#12571 = CARTESIAN_POINT('',(0.,0.));
#12572 = VECTOR('',#12573,1.);
#12573 = DIRECTION('',(0.,1.));
#12574 = ( GEOMETRIC_REPRESENTATION_CONTEXT(2) 
PARAMETRIC_REPRESENTATION_CONTEXT() REPRESENTATION_CONTEXT('2D SPACE',''
  ) );
#12575 = PCURVE('',#12393,#12576);
#12576 = DEFINITIONAL_REPRESENTATION('',(#12577),#12581);
#12577 = LINE('',#12578,#12579);
#12578 = CARTESIAN_POINT('',(0.,0.));
#12579 = VECTOR('',#12580,1.);
#12580 = DIRECTION('',(1.,0.));
#12581 = ( GEOMETRIC_REPRESENTATION_CONTEXT(2) 
PARAMETRIC_REPRESENTATION_CONTEXT() REPRESENTATION_CONTEXT('2D SPACE',''
  ) );
#12582 = ORIENTED_EDGE('',*,*,#12342,.T.);
#12583 = ORIENTED_EDGE('',*,*,#12584,.T.);
#12584 = EDGE_CURVE('',#12345,#12465,#12585,.T.);
#12585 = SURFACE_CURVE('',#12586,(#12590,#12597),.PCURVE_S1.);
#12586 = LINE('',#12587,#12588);
#12587 = CARTESIAN_POINT('',(-532.5,-826.5,4.));
#12588 = VECTOR('',#12589,1.);
#12589 = DIRECTION('',(1.,0.,-0.));
#12590 = PCURVE('',#12365,#12591);
#12591 = DEFINITIONAL_REPRESENTATION('',(#12592),#12596);
#12592 = LINE('',#12593,#12594);
#12593 = CARTESIAN_POINT('',(4.,0.));
#12594 = VECTOR('',#12595,1.);
#12595 = DIRECTION('',(0.,1.));
#12596 = ( GEOMETRIC_REPRESENTATION_CONTEXT(2) 
PARAMETRIC_REPRESENTATION_CONTEXT() REPRESENTATION_CONTEXT('2D SPACE',''
  ) );
#12597 = PCURVE('',#12447,#12598);
#12598 = DEFINITIONAL_REPRESENTATION('',(#12599),#12603);
#12599 = LINE('',#12600,#12601);
#12600 = CARTESIAN_POINT('',(0.,0.));
#12601 = VECTOR('',#12602,1.);
#12602 = DIRECTION('',(1.,0.));
#12603 = ( GEOMETRIC_REPRESENTATION_CONTEXT(2) 
PARAMETRIC_REPRESENTATION_CONTEXT() REPRESENTATION_CONTEXT('2D SPACE',''
  ) );
#12604 = ORIENTED_EDGE('',*,*,#12462,.F.);
#12605 = ADVANCED_FACE('',(#12606),#12421,.T.);
#12606 = FACE_BOUND('',#12607,.T.);
#12607 = EDGE_LOOP('',(#12608,#12629,#12630,#12651));
#12608 = ORIENTED_EDGE('',*,*,#12609,.F.);
#12609 = EDGE_CURVE('',#12378,#12493,#12610,.T.);
#12610 = SURFACE_CURVE('',#12611,(#12615,#12622),.PCURVE_S1.);
#12611 = LINE('',#12612,#12613);
#12612 = CARTESIAN_POINT('',(-532.5,826.5,0.));
#12613 = VECTOR('',#12614,1.);
#12614 = DIRECTION('',(1.,0.,-0.));
#12615 = PCURVE('',#12421,#12616);
#12616 = DEFINITIONAL_REPRESENTATION('',(#12617),#12621);
#12617 = LINE('',#12618,#12619);
#12618 = CARTESIAN_POINT('',(0.,0.));
#12619 = VECTOR('',#12620,1.);
#12620 = DIRECTION('',(0.,1.));
#12621 = ( GEOMETRIC_REPRESENTATION_CONTEXT(2) 
PARAMETRIC_REPRESENTATION_CONTEXT() REPRESENTATION_CONTEXT('2D SPACE',''
  ) );
#12622 = PCURVE('',#12393,#12623);
#12623 = DEFINITIONAL_REPRESENTATION('',(#12624),#12628);
#12624 = LINE('',#12625,#12626);
#12625 = CARTESIAN_POINT('',(0.,1.653E+03));
#12626 = VECTOR('',#12627,1.);
#12627 = DIRECTION('',(1.,0.));
#12628 = ( GEOMETRIC_REPRESENTATION_CONTEXT(2) 
PARAMETRIC_REPRESENTATION_CONTEXT() REPRESENTATION_CONTEXT('2D SPACE',''
  ) );
#12629 = ORIENTED_EDGE('',*,*,#12405,.T.);
#12630 = ORIENTED_EDGE('',*,*,#12631,.T.);
#12631 = EDGE_CURVE('',#12406,#12516,#12632,.T.);
#12632 = SURFACE_CURVE('',#12633,(#12637,#12644),.PCURVE_S1.);
#12633 = LINE('',#12634,#12635);
#12634 = CARTESIAN_POINT('',(-532.5,826.5,4.));
#12635 = VECTOR('',#12636,1.);
#12636 = DIRECTION('',(1.,0.,-0.));
#12637 = PCURVE('',#12421,#12638);
#12638 = DEFINITIONAL_REPRESENTATION('',(#12639),#12643);
#12639 = LINE('',#12640,#12641);
#12640 = CARTESIAN_POINT('',(4.,0.));
#12641 = VECTOR('',#12642,1.);
#12642 = DIRECTION('',(0.,1.));
#12643 = ( GEOMETRIC_REPRESENTATION_CONTEXT(2) 
PARAMETRIC_REPRESENTATION_CONTEXT() REPRESENTATION_CONTEXT('2D SPACE',''
  ) );
#12644 = PCURVE('',#12447,#12645);
#12645 = DEFINITIONAL_REPRESENTATION('',(#12646),#12650);
#12646 = LINE('',#12647,#12648);
#12647 = CARTESIAN_POINT('',(0.,1.653E+03));
#12648 = VECTOR('',#12649,1.);
#12649 = DIRECTION('',(1.,0.));
#12650 = ( GEOMETRIC_REPRESENTATION_CONTEXT(2) 
PARAMETRIC_REPRESENTATION_CONTEXT() REPRESENTATION_CONTEXT('2D SPACE',''
  ) );
#12651 = ORIENTED_EDGE('',*,*,#12515,.F.);
#12652 = ADVANCED_FACE('',(#12653),#12393,.F.);
#12653 = FACE_BOUND('',#12654,.F.);
#12654 = EDGE_LOOP('',(#12655,#12656,#12657,#12658));
#12655 = ORIENTED_EDGE('',*,*,#12377,.F.);
#12656 = ORIENTED_EDGE('',*,*,#12562,.T.);
#12657 = ORIENTED_EDGE('',*,*,#12492,.T.);
#12658 = ORIENTED_EDGE('',*,*,#12609,.F.);
#12659 = ADVANCED_FACE('',(#12660),#12447,.T.);
#12660 = FACE_BOUND('',#12661,.T.);
#12661 = EDGE_LOOP('',(#12662,#12663,#12664,#12665));
#12662 = ORIENTED_EDGE('',*,*,#12433,.F.);
#12663 = ORIENTED_EDGE('',*,*,#12584,.T.);
#12664 = ORIENTED_EDGE('',*,*,#12538,.T.);
#12665 = ORIENTED_EDGE('',*,*,#12631,.F.);
#12666 = ( GEOMETRIC_REPRESENTATION_CONTEXT(3) 
GLOBAL_UNCERTAINTY_ASSIGNED_CONTEXT((#12670)) 
GLOBAL_UNIT_ASSIGNED_CONTEXT((#12667,#12668,#12669)) 
REPRESENTATION_CONTEXT('Context #1',
  '3D Context with UNIT and UNCERTAINTY') );
#12667 = ( LENGTH_UNIT() NAMED_UNIT(*) SI_UNIT(.MILLI.,.METRE.) );
#12668 = ( NAMED_UNIT(*) PLANE_ANGLE_UNIT() SI_UNIT($,.RADIAN.) );
#12669 = ( NAMED_UNIT(*) SI_UNIT($,.STERADIAN.) SOLID_ANGLE_UNIT() );
#12670 = UNCERTAINTY_MEASURE_WITH_UNIT(LENGTH_MEASURE(1.E-07),#12667,
  'distance_accuracy_value','confusion accuracy');
#12671 = CONTEXT_DEPENDENT_SHAPE_REPRESENTATION(#12672,#12674);
#12672 = ( REPRESENTATION_RELATIONSHIP('','',#12335,#10) 
REPRESENTATION_RELATIONSHIP_WITH_TRANSFORMATION(#12673) 
SHAPE_REPRESENTATION_RELATIONSHIP() );
#12673 = ITEM_DEFINED_TRANSFORMATION('','',#11,#115);
#12674 = PRODUCT_DEFINITION_SHAPE('Placement','Placement of an item',
  #12675);
#12675 = NEXT_ASSEMBLY_USAGE_OCCURRENCE('60','cell.11','',#5,#12330,$);
#12676 = PRODUCT_RELATED_PRODUCT_CATEGORY('part',$,(#12332));
#12677 = SHAPE_DEFINITION_REPRESENTATION(#12678,#12684);
#12678 = PRODUCT_DEFINITION_SHAPE('','',#12679);
#12679 = PRODUCT_DEFINITION('design','',#12680,#12683);
#12680 = PRODUCT_DEFINITION_FORMATION('','',#12681);
#12681 = PRODUCT('metal.112','metal.112','',(#12682));
#12682 = PRODUCT_CONTEXT('',#2,'mechanical');
#12683 = PRODUCT_DEFINITION_CONTEXT('part definition',#2,'design');
#12684 = ADVANCED_BREP_SHAPE_REPRESENTATION('',(#11,#12685),#13329);
#12685 = MANIFOLD_SOLID_BREP('',#12686);
#12686 = CLOSED_SHELL('',(#12687,#12807,#12883,#13038,#13087,#13114,
    #13121,#13197,#13246,#13295,#13322));
#12687 = ADVANCED_FACE('',(#12688),#12702,.F.);
#12688 = FACE_BOUND('',#12689,.F.);
#12689 = EDGE_LOOP('',(#12690,#12725,#12753,#12781));
#12690 = ORIENTED_EDGE('',*,*,#12691,.F.);
#12691 = EDGE_CURVE('',#12692,#12694,#12696,.T.);
#12692 = VERTEX_POINT('',#12693);
#12693 = CARTESIAN_POINT('',(-567.,-861.,0.));
#12694 = VERTEX_POINT('',#12695);
#12695 = CARTESIAN_POINT('',(-567.,-861.,30.));
#12696 = SURFACE_CURVE('',#12697,(#12701,#12713),.PCURVE_S1.);
#12697 = LINE('',#12698,#12699);
#12698 = CARTESIAN_POINT('',(-567.,-861.,0.));
#12699 = VECTOR('',#12700,1.);
#12700 = DIRECTION('',(0.,0.,1.));
#12701 = PCURVE('',#12702,#12707);
#12702 = PLANE('',#12703);
#12703 = AXIS2_PLACEMENT_3D('',#12704,#12705,#12706);
#12704 = CARTESIAN_POINT('',(-567.,-861.,0.));
#12705 = DIRECTION('',(1.,0.,-0.));
#12706 = DIRECTION('',(0.,0.,1.));
#12707 = DEFINITIONAL_REPRESENTATION('',(#12708),#12712);
#12708 = LINE('',#12709,#12710);
#12709 = CARTESIAN_POINT('',(0.,0.));
#12710 = VECTOR('',#12711,1.);
#12711 = DIRECTION('',(1.,0.));
#12712 = ( GEOMETRIC_REPRESENTATION_CONTEXT(2) 
PARAMETRIC_REPRESENTATION_CONTEXT() REPRESENTATION_CONTEXT('2D SPACE',''
  ) );
#12713 = PCURVE('',#12714,#12719);
#12714 = PLANE('',#12715);
#12715 = AXIS2_PLACEMENT_3D('',#12716,#12717,#12718);
#12716 = CARTESIAN_POINT('',(-567.,-861.,0.));
#12717 = DIRECTION('',(-0.,1.,0.));
#12718 = DIRECTION('',(0.,0.,1.));
#12719 = DEFINITIONAL_REPRESENTATION('',(#12720),#12724);
#12720 = LINE('',#12721,#12722);
#12721 = CARTESIAN_POINT('',(0.,0.));
#12722 = VECTOR('',#12723,1.);
#12723 = DIRECTION('',(1.,0.));
#12724 = ( GEOMETRIC_REPRESENTATION_CONTEXT(2) 
PARAMETRIC_REPRESENTATION_CONTEXT() REPRESENTATION_CONTEXT('2D SPACE',''
  ) );
#12725 = ORIENTED_EDGE('',*,*,#12726,.T.);
#12726 = EDGE_CURVE('',#12692,#12727,#12729,.T.);
#12727 = VERTEX_POINT('',#12728);
#12728 = CARTESIAN_POINT('',(-567.,861.,0.));
#12729 = SURFACE_CURVE('',#12730,(#12734,#12741),.PCURVE_S1.);
#12730 = LINE('',#12731,#12732);
#12731 = CARTESIAN_POINT('',(-567.,-861.,0.));
#12732 = VECTOR('',#12733,1.);
#12733 = DIRECTION('',(-0.,1.,0.));
#12734 = PCURVE('',#12702,#12735);
#12735 = DEFINITIONAL_REPRESENTATION('',(#12736),#12740);
#12736 = LINE('',#12737,#12738);
#12737 = CARTESIAN_POINT('',(0.,0.));
#12738 = VECTOR('',#12739,1.);
#12739 = DIRECTION('',(0.,-1.));
#12740 = ( GEOMETRIC_REPRESENTATION_CONTEXT(2) 
PARAMETRIC_REPRESENTATION_CONTEXT() REPRESENTATION_CONTEXT('2D SPACE',''
  ) );
#12741 = PCURVE('',#12742,#12747);
#12742 = PLANE('',#12743);
#12743 = AXIS2_PLACEMENT_3D('',#12744,#12745,#12746);
#12744 = CARTESIAN_POINT('',(-567.,-861.,0.));
#12745 = DIRECTION('',(0.,0.,1.));
#12746 = DIRECTION('',(1.,0.,-0.));
#12747 = DEFINITIONAL_REPRESENTATION('',(#12748),#12752);
#12748 = LINE('',#12749,#12750);
#12749 = CARTESIAN_POINT('',(0.,0.));
#12750 = VECTOR('',#12751,1.);
#12751 = DIRECTION('',(0.,1.));
#12752 = ( GEOMETRIC_REPRESENTATION_CONTEXT(2) 
PARAMETRIC_REPRESENTATION_CONTEXT() REPRESENTATION_CONTEXT('2D SPACE',''
  ) );
#12753 = ORIENTED_EDGE('',*,*,#12754,.T.);
#12754 = EDGE_CURVE('',#12727,#12755,#12757,.T.);
#12755 = VERTEX_POINT('',#12756);
#12756 = CARTESIAN_POINT('',(-567.,861.,30.));
#12757 = SURFACE_CURVE('',#12758,(#12762,#12769),.PCURVE_S1.);
#12758 = LINE('',#12759,#12760);
#12759 = CARTESIAN_POINT('',(-567.,861.,0.));
#12760 = VECTOR('',#12761,1.);
#12761 = DIRECTION('',(0.,0.,1.));
#12762 = PCURVE('',#12702,#12763);
#12763 = DEFINITIONAL_REPRESENTATION('',(#12764),#12768);
#12764 = LINE('',#12765,#12766);
#12765 = CARTESIAN_POINT('',(0.,-1.722E+03));
#12766 = VECTOR('',#12767,1.);
#12767 = DIRECTION('',(1.,0.));
#12768 = ( GEOMETRIC_REPRESENTATION_CONTEXT(2) 
PARAMETRIC_REPRESENTATION_CONTEXT() REPRESENTATION_CONTEXT('2D SPACE',''
  ) );
#12769 = PCURVE('',#12770,#12775);
#12770 = PLANE('',#12771);
#12771 = AXIS2_PLACEMENT_3D('',#12772,#12773,#12774);
#12772 = CARTESIAN_POINT('',(-567.,861.,0.));
#12773 = DIRECTION('',(-0.,1.,0.));
#12774 = DIRECTION('',(0.,0.,1.));
#12775 = DEFINITIONAL_REPRESENTATION('',(#12776),#12780);
#12776 = LINE('',#12777,#12778);
#12777 = CARTESIAN_POINT('',(0.,0.));
#12778 = VECTOR('',#12779,1.);
#12779 = DIRECTION('',(1.,0.));
#12780 = ( GEOMETRIC_REPRESENTATION_CONTEXT(2) 
PARAMETRIC_REPRESENTATION_CONTEXT() REPRESENTATION_CONTEXT('2D SPACE',''
  ) );
#12781 = ORIENTED_EDGE('',*,*,#12782,.F.);
#12782 = EDGE_CURVE('',#12694,#12755,#12783,.T.);
#12783 = SURFACE_CURVE('',#12784,(#12788,#12795),.PCURVE_S1.);
#12784 = LINE('',#12785,#12786);
#12785 = CARTESIAN_POINT('',(-567.,-861.,30.));
#12786 = VECTOR('',#12787,1.);
#12787 = DIRECTION('',(-0.,1.,0.));
#12788 = PCURVE('',#12702,#12789);
#12789 = DEFINITIONAL_REPRESENTATION('',(#12790),#12794);
#12790 = LINE('',#12791,#12792);
#12791 = CARTESIAN_POINT('',(30.,0.));
#12792 = VECTOR('',#12793,1.);
#12793 = DIRECTION('',(0.,-1.));
#12794 = ( GEOMETRIC_REPRESENTATION_CONTEXT(2) 
PARAMETRIC_REPRESENTATION_CONTEXT() REPRESENTATION_CONTEXT('2D SPACE',''
  ) );
#12795 = PCURVE('',#12796,#12801);
#12796 = PLANE('',#12797);
#12797 = AXIS2_PLACEMENT_3D('',#12798,#12799,#12800);
#12798 = CARTESIAN_POINT('',(-567.,-861.,30.));
#12799 = DIRECTION('',(0.,0.,1.));
#12800 = DIRECTION('',(1.,0.,-0.));
#12801 = DEFINITIONAL_REPRESENTATION('',(#12802),#12806);
#12802 = LINE('',#12803,#12804);
#12803 = CARTESIAN_POINT('',(0.,0.));
#12804 = VECTOR('',#12805,1.);
#12805 = DIRECTION('',(0.,1.));
#12806 = ( GEOMETRIC_REPRESENTATION_CONTEXT(2) 
PARAMETRIC_REPRESENTATION_CONTEXT() REPRESENTATION_CONTEXT('2D SPACE',''
  ) );
#12807 = ADVANCED_FACE('',(#12808),#12714,.F.);
#12808 = FACE_BOUND('',#12809,.F.);
#12809 = EDGE_LOOP('',(#12810,#12833,#12834,#12857));
#12810 = ORIENTED_EDGE('',*,*,#12811,.F.);
#12811 = EDGE_CURVE('',#12692,#12812,#12814,.T.);
#12812 = VERTEX_POINT('',#12813);
#12813 = CARTESIAN_POINT('',(567.,-861.,0.));
#12814 = SURFACE_CURVE('',#12815,(#12819,#12826),.PCURVE_S1.);
#12815 = LINE('',#12816,#12817);
#12816 = CARTESIAN_POINT('',(-567.,-861.,0.));
#12817 = VECTOR('',#12818,1.);
#12818 = DIRECTION('',(1.,0.,-0.));
#12819 = PCURVE('',#12714,#12820);
#12820 = DEFINITIONAL_REPRESENTATION('',(#12821),#12825);
#12821 = LINE('',#12822,#12823);
#12822 = CARTESIAN_POINT('',(0.,0.));
#12823 = VECTOR('',#12824,1.);
#12824 = DIRECTION('',(0.,1.));
#12825 = ( GEOMETRIC_REPRESENTATION_CONTEXT(2) 
PARAMETRIC_REPRESENTATION_CONTEXT() REPRESENTATION_CONTEXT('2D SPACE',''
  ) );
#12826 = PCURVE('',#12742,#12827);
#12827 = DEFINITIONAL_REPRESENTATION('',(#12828),#12832);
#12828 = LINE('',#12829,#12830);
#12829 = CARTESIAN_POINT('',(0.,0.));
#12830 = VECTOR('',#12831,1.);
#12831 = DIRECTION('',(1.,0.));
#12832 = ( GEOMETRIC_REPRESENTATION_CONTEXT(2) 
PARAMETRIC_REPRESENTATION_CONTEXT() REPRESENTATION_CONTEXT('2D SPACE',''
  ) );
#12833 = ORIENTED_EDGE('',*,*,#12691,.T.);
#12834 = ORIENTED_EDGE('',*,*,#12835,.T.);
#12835 = EDGE_CURVE('',#12694,#12836,#12838,.T.);
#12836 = VERTEX_POINT('',#12837);
#12837 = CARTESIAN_POINT('',(567.,-861.,30.));
#12838 = SURFACE_CURVE('',#12839,(#12843,#12850),.PCURVE_S1.);
#12839 = LINE('',#12840,#12841);
#12840 = CARTESIAN_POINT('',(-567.,-861.,30.));
#12841 = VECTOR('',#12842,1.);
#12842 = DIRECTION('',(1.,0.,-0.));
#12843 = PCURVE('',#12714,#12844);
#12844 = DEFINITIONAL_REPRESENTATION('',(#12845),#12849);
#12845 = LINE('',#12846,#12847);
#12846 = CARTESIAN_POINT('',(30.,0.));
#12847 = VECTOR('',#12848,1.);
#12848 = DIRECTION('',(0.,1.));
#12849 = ( GEOMETRIC_REPRESENTATION_CONTEXT(2) 
PARAMETRIC_REPRESENTATION_CONTEXT() REPRESENTATION_CONTEXT('2D SPACE',''
  ) );
#12850 = PCURVE('',#12796,#12851);
#12851 = DEFINITIONAL_REPRESENTATION('',(#12852),#12856);
#12852 = LINE('',#12853,#12854);
#12853 = CARTESIAN_POINT('',(0.,0.));
#12854 = VECTOR('',#12855,1.);
#12855 = DIRECTION('',(1.,0.));
#12856 = ( GEOMETRIC_REPRESENTATION_CONTEXT(2) 
PARAMETRIC_REPRESENTATION_CONTEXT() REPRESENTATION_CONTEXT('2D SPACE',''
  ) );
#12857 = ORIENTED_EDGE('',*,*,#12858,.F.);
#12858 = EDGE_CURVE('',#12812,#12836,#12859,.T.);
#12859 = SURFACE_CURVE('',#12860,(#12864,#12871),.PCURVE_S1.);
#12860 = LINE('',#12861,#12862);
#12861 = CARTESIAN_POINT('',(567.,-861.,0.));
#12862 = VECTOR('',#12863,1.);
#12863 = DIRECTION('',(0.,0.,1.));
#12864 = PCURVE('',#12714,#12865);
#12865 = DEFINITIONAL_REPRESENTATION('',(#12866),#12870);
#12866 = LINE('',#12867,#12868);
#12867 = CARTESIAN_POINT('',(0.,1.134E+03));
#12868 = VECTOR('',#12869,1.);
#12869 = DIRECTION('',(1.,0.));
#12870 = ( GEOMETRIC_REPRESENTATION_CONTEXT(2) 
PARAMETRIC_REPRESENTATION_CONTEXT() REPRESENTATION_CONTEXT('2D SPACE',''
  ) );
#12871 = PCURVE('',#12872,#12877);
#12872 = PLANE('',#12873);
#12873 = AXIS2_PLACEMENT_3D('',#12874,#12875,#12876);
#12874 = CARTESIAN_POINT('',(567.,-861.,0.));
#12875 = DIRECTION('',(1.,0.,-0.));
#12876 = DIRECTION('',(0.,0.,1.));
#12877 = DEFINITIONAL_REPRESENTATION('',(#12878),#12882);
#12878 = LINE('',#12879,#12880);
#12879 = CARTESIAN_POINT('',(0.,0.));
#12880 = VECTOR('',#12881,1.);
#12881 = DIRECTION('',(1.,0.));
#12882 = ( GEOMETRIC_REPRESENTATION_CONTEXT(2) 
PARAMETRIC_REPRESENTATION_CONTEXT() REPRESENTATION_CONTEXT('2D SPACE',''
  ) );
#12883 = ADVANCED_FACE('',(#12884,#12932),#12796,.T.);
#12884 = FACE_BOUND('',#12885,.T.);
#12885 = EDGE_LOOP('',(#12886,#12887,#12888,#12911));
#12886 = ORIENTED_EDGE('',*,*,#12782,.F.);
#12887 = ORIENTED_EDGE('',*,*,#12835,.T.);
#12888 = ORIENTED_EDGE('',*,*,#12889,.T.);
#12889 = EDGE_CURVE('',#12836,#12890,#12892,.T.);
#12890 = VERTEX_POINT('',#12891);
#12891 = CARTESIAN_POINT('',(567.,861.,30.));
#12892 = SURFACE_CURVE('',#12893,(#12897,#12904),.PCURVE_S1.);
#12893 = LINE('',#12894,#12895);
#12894 = CARTESIAN_POINT('',(567.,-861.,30.));
#12895 = VECTOR('',#12896,1.);
#12896 = DIRECTION('',(-0.,1.,0.));
#12897 = PCURVE('',#12796,#12898);
#12898 = DEFINITIONAL_REPRESENTATION('',(#12899),#12903);
#12899 = LINE('',#12900,#12901);
#12900 = CARTESIAN_POINT('',(1.134E+03,0.));
#12901 = VECTOR('',#12902,1.);
#12902 = DIRECTION('',(0.,1.));
#12903 = ( GEOMETRIC_REPRESENTATION_CONTEXT(2) 
PARAMETRIC_REPRESENTATION_CONTEXT() REPRESENTATION_CONTEXT('2D SPACE',''
  ) );
#12904 = PCURVE('',#12872,#12905);
#12905 = DEFINITIONAL_REPRESENTATION('',(#12906),#12910);
#12906 = LINE('',#12907,#12908);
#12907 = CARTESIAN_POINT('',(30.,0.));
#12908 = VECTOR('',#12909,1.);
#12909 = DIRECTION('',(0.,-1.));
#12910 = ( GEOMETRIC_REPRESENTATION_CONTEXT(2) 
PARAMETRIC_REPRESENTATION_CONTEXT() REPRESENTATION_CONTEXT('2D SPACE',''
  ) );
#12911 = ORIENTED_EDGE('',*,*,#12912,.F.);
#12912 = EDGE_CURVE('',#12755,#12890,#12913,.T.);
#12913 = SURFACE_CURVE('',#12914,(#12918,#12925),.PCURVE_S1.);
#12914 = LINE('',#12915,#12916);
#12915 = CARTESIAN_POINT('',(-567.,861.,30.));
#12916 = VECTOR('',#12917,1.);
#12917 = DIRECTION('',(1.,0.,-0.));
#12918 = PCURVE('',#12796,#12919);
#12919 = DEFINITIONAL_REPRESENTATION('',(#12920),#12924);
#12920 = LINE('',#12921,#12922);
#12921 = CARTESIAN_POINT('',(0.,1.722E+03));
#12922 = VECTOR('',#12923,1.);
#12923 = DIRECTION('',(1.,0.));
#12924 = ( GEOMETRIC_REPRESENTATION_CONTEXT(2) 
PARAMETRIC_REPRESENTATION_CONTEXT() REPRESENTATION_CONTEXT('2D SPACE',''
  ) );
#12925 = PCURVE('',#12770,#12926);
#12926 = DEFINITIONAL_REPRESENTATION('',(#12927),#12931);
#12927 = LINE('',#12928,#12929);
#12928 = CARTESIAN_POINT('',(30.,0.));
#12929 = VECTOR('',#12930,1.);
#12930 = DIRECTION('',(0.,1.));
#12931 = ( GEOMETRIC_REPRESENTATION_CONTEXT(2) 
PARAMETRIC_REPRESENTATION_CONTEXT() REPRESENTATION_CONTEXT('2D SPACE',''
  ) );
#12932 = FACE_BOUND('',#12933,.T.);
#12933 = EDGE_LOOP('',(#12934,#12962,#12988,#13014));
#12934 = ORIENTED_EDGE('',*,*,#12935,.T.);
#12935 = EDGE_CURVE('',#12936,#12938,#12940,.T.);
#12936 = VERTEX_POINT('',#12937);
#12937 = CARTESIAN_POINT('',(532.,-826.,30.));
#12938 = VERTEX_POINT('',#12939);
#12939 = CARTESIAN_POINT('',(-532.,-826.,30.));
#12940 = SURFACE_CURVE('',#12941,(#12945,#12951),.PCURVE_S1.);
#12941 = LINE('',#12942,#12943);
#12942 = CARTESIAN_POINT('',(-549.5,-826.,30.));
#12943 = VECTOR('',#12944,1.);
#12944 = DIRECTION('',(-1.,-0.,0.));
#12945 = PCURVE('',#12796,#12946);
#12946 = DEFINITIONAL_REPRESENTATION('',(#12947),#12950);
#12947 = B_SPLINE_CURVE_WITH_KNOTS('',1,(#12948,#12949),.UNSPECIFIED.,
  .F.,.F.,(2,2),(-1.0815E+03,-17.5),.PIECEWISE_BEZIER_KNOTS.);
#12948 = CARTESIAN_POINT('',(1.099E+03,35.));
#12949 = CARTESIAN_POINT('',(35.,35.));
#12950 = ( GEOMETRIC_REPRESENTATION_CONTEXT(2) 
PARAMETRIC_REPRESENTATION_CONTEXT() REPRESENTATION_CONTEXT('2D SPACE',''
  ) );
#12951 = PCURVE('',#12952,#12957);
#12952 = PLANE('',#12953);
#12953 = AXIS2_PLACEMENT_3D('',#12954,#12955,#12956);
#12954 = CARTESIAN_POINT('',(-532.,-826.,4.));
#12955 = DIRECTION('',(-0.,1.,0.));
#12956 = DIRECTION('',(0.,0.,1.));
#12957 = DEFINITIONAL_REPRESENTATION('',(#12958),#12961);
#12958 = B_SPLINE_CURVE_WITH_KNOTS('',1,(#12959,#12960),.UNSPECIFIED.,
  .F.,.F.,(2,2),(-1.0815E+03,-17.5),.PIECEWISE_BEZIER_KNOTS.);
#12959 = CARTESIAN_POINT('',(26.,1.064E+03));
#12960 = CARTESIAN_POINT('',(26.,0.));
#12961 = ( GEOMETRIC_REPRESENTATION_CONTEXT(2) 
PARAMETRIC_REPRESENTATION_CONTEXT() REPRESENTATION_CONTEXT('2D SPACE',''
  ) );
#12962 = ORIENTED_EDGE('',*,*,#12963,.T.);
#12963 = EDGE_CURVE('',#12938,#12964,#12966,.T.);
#12964 = VERTEX_POINT('',#12965);
#12965 = CARTESIAN_POINT('',(-532.,826.,30.));
#12966 = SURFACE_CURVE('',#12967,(#12971,#12977),.PCURVE_S1.);
#12967 = LINE('',#12968,#12969);
#12968 = CARTESIAN_POINT('',(-532.,-843.5,30.));
#12969 = VECTOR('',#12970,1.);
#12970 = DIRECTION('',(-0.,1.,0.));
#12971 = PCURVE('',#12796,#12972);
#12972 = DEFINITIONAL_REPRESENTATION('',(#12973),#12976);
#12973 = B_SPLINE_CURVE_WITH_KNOTS('',1,(#12974,#12975),.UNSPECIFIED.,
  .F.,.F.,(2,2),(17.5,1.6695E+03),.PIECEWISE_BEZIER_KNOTS.);
#12974 = CARTESIAN_POINT('',(35.,35.));
#12975 = CARTESIAN_POINT('',(35.,1.687E+03));
#12976 = ( GEOMETRIC_REPRESENTATION_CONTEXT(2) 
PARAMETRIC_REPRESENTATION_CONTEXT() REPRESENTATION_CONTEXT('2D SPACE',''
  ) );
#12977 = PCURVE('',#12978,#12983);
#12978 = PLANE('',#12979);
#12979 = AXIS2_PLACEMENT_3D('',#12980,#12981,#12982);
#12980 = CARTESIAN_POINT('',(-532.,-826.,4.));
#12981 = DIRECTION('',(1.,0.,-0.));
#12982 = DIRECTION('',(0.,0.,1.));
#12983 = DEFINITIONAL_REPRESENTATION('',(#12984),#12987);
#12984 = B_SPLINE_CURVE_WITH_KNOTS('',1,(#12985,#12986),.UNSPECIFIED.,
  .F.,.F.,(2,2),(17.5,1.6695E+03),.PIECEWISE_BEZIER_KNOTS.);
#12985 = CARTESIAN_POINT('',(26.,0.));
#12986 = CARTESIAN_POINT('',(26.,-1.652E+03));
#12987 = ( GEOMETRIC_REPRESENTATION_CONTEXT(2) 
PARAMETRIC_REPRESENTATION_CONTEXT() REPRESENTATION_CONTEXT('2D SPACE',''
  ) );
#12988 = ORIENTED_EDGE('',*,*,#12989,.F.);
#12989 = EDGE_CURVE('',#12990,#12964,#12992,.T.);
#12990 = VERTEX_POINT('',#12991);
#12991 = CARTESIAN_POINT('',(532.,826.,30.));
#12992 = SURFACE_CURVE('',#12993,(#12997,#13003),.PCURVE_S1.);
#12993 = LINE('',#12994,#12995);
#12994 = CARTESIAN_POINT('',(-549.5,826.,30.));
#12995 = VECTOR('',#12996,1.);
#12996 = DIRECTION('',(-1.,-0.,0.));
#12997 = PCURVE('',#12796,#12998);
#12998 = DEFINITIONAL_REPRESENTATION('',(#12999),#13002);
#12999 = B_SPLINE_CURVE_WITH_KNOTS('',1,(#13000,#13001),.UNSPECIFIED.,
  .F.,.F.,(2,2),(-1.0815E+03,-17.5),.PIECEWISE_BEZIER_KNOTS.);
#13000 = CARTESIAN_POINT('',(1.099E+03,1.687E+03));
#13001 = CARTESIAN_POINT('',(35.,1.687E+03));
#13002 = ( GEOMETRIC_REPRESENTATION_CONTEXT(2) 
PARAMETRIC_REPRESENTATION_CONTEXT() REPRESENTATION_CONTEXT('2D SPACE',''
  ) );
#13003 = PCURVE('',#13004,#13009);
#13004 = PLANE('',#13005);
#13005 = AXIS2_PLACEMENT_3D('',#13006,#13007,#13008);
#13006 = CARTESIAN_POINT('',(-532.,826.,4.));
#13007 = DIRECTION('',(-0.,1.,0.));
#13008 = DIRECTION('',(0.,0.,1.));
#13009 = DEFINITIONAL_REPRESENTATION('',(#13010),#13013);
#13010 = B_SPLINE_CURVE_WITH_KNOTS('',1,(#13011,#13012),.UNSPECIFIED.,
  .F.,.F.,(2,2),(-1.0815E+03,-17.5),.PIECEWISE_BEZIER_KNOTS.);
#13011 = CARTESIAN_POINT('',(26.,1.064E+03));
#13012 = CARTESIAN_POINT('',(26.,0.));
#13013 = ( GEOMETRIC_REPRESENTATION_CONTEXT(2) 
PARAMETRIC_REPRESENTATION_CONTEXT() REPRESENTATION_CONTEXT('2D SPACE',''
  ) );
#13014 = ORIENTED_EDGE('',*,*,#13015,.F.);
#13015 = EDGE_CURVE('',#12936,#12990,#13016,.T.);
#13016 = SURFACE_CURVE('',#13017,(#13021,#13027),.PCURVE_S1.);
#13017 = LINE('',#13018,#13019);
#13018 = CARTESIAN_POINT('',(532.,-843.5,30.));
#13019 = VECTOR('',#13020,1.);
#13020 = DIRECTION('',(-0.,1.,0.));
#13021 = PCURVE('',#12796,#13022);
#13022 = DEFINITIONAL_REPRESENTATION('',(#13023),#13026);
#13023 = B_SPLINE_CURVE_WITH_KNOTS('',1,(#13024,#13025),.UNSPECIFIED.,
  .F.,.F.,(2,2),(17.5,1.6695E+03),.PIECEWISE_BEZIER_KNOTS.);
#13024 = CARTESIAN_POINT('',(1.099E+03,35.));
#13025 = CARTESIAN_POINT('',(1.099E+03,1.687E+03));
#13026 = ( GEOMETRIC_REPRESENTATION_CONTEXT(2) 
PARAMETRIC_REPRESENTATION_CONTEXT() REPRESENTATION_CONTEXT('2D SPACE',''
  ) );
#13027 = PCURVE('',#13028,#13033);
#13028 = PLANE('',#13029);
#13029 = AXIS2_PLACEMENT_3D('',#13030,#13031,#13032);
#13030 = CARTESIAN_POINT('',(532.,-826.,4.));
#13031 = DIRECTION('',(1.,0.,-0.));
#13032 = DIRECTION('',(0.,0.,1.));
#13033 = DEFINITIONAL_REPRESENTATION('',(#13034),#13037);
#13034 = B_SPLINE_CURVE_WITH_KNOTS('',1,(#13035,#13036),.UNSPECIFIED.,
  .F.,.F.,(2,2),(17.5,1.6695E+03),.PIECEWISE_BEZIER_KNOTS.);
#13035 = CARTESIAN_POINT('',(26.,0.));
#13036 = CARTESIAN_POINT('',(26.,-1.652E+03));
#13037 = ( GEOMETRIC_REPRESENTATION_CONTEXT(2) 
PARAMETRIC_REPRESENTATION_CONTEXT() REPRESENTATION_CONTEXT('2D SPACE',''
  ) );
#13038 = ADVANCED_FACE('',(#13039),#12770,.T.);
#13039 = FACE_BOUND('',#13040,.T.);
#13040 = EDGE_LOOP('',(#13041,#13064,#13065,#13066));
#13041 = ORIENTED_EDGE('',*,*,#13042,.F.);
#13042 = EDGE_CURVE('',#12727,#13043,#13045,.T.);
#13043 = VERTEX_POINT('',#13044);
#13044 = CARTESIAN_POINT('',(567.,861.,0.));
#13045 = SURFACE_CURVE('',#13046,(#13050,#13057),.PCURVE_S1.);
#13046 = LINE('',#13047,#13048);
#13047 = CARTESIAN_POINT('',(-567.,861.,0.));
#13048 = VECTOR('',#13049,1.);
#13049 = DIRECTION('',(1.,0.,-0.));
#13050 = PCURVE('',#12770,#13051);
#13051 = DEFINITIONAL_REPRESENTATION('',(#13052),#13056);
#13052 = LINE('',#13053,#13054);
#13053 = CARTESIAN_POINT('',(0.,0.));
#13054 = VECTOR('',#13055,1.);
#13055 = DIRECTION('',(0.,1.));
#13056 = ( GEOMETRIC_REPRESENTATION_CONTEXT(2) 
PARAMETRIC_REPRESENTATION_CONTEXT() REPRESENTATION_CONTEXT('2D SPACE',''
  ) );
#13057 = PCURVE('',#12742,#13058);
#13058 = DEFINITIONAL_REPRESENTATION('',(#13059),#13063);
#13059 = LINE('',#13060,#13061);
#13060 = CARTESIAN_POINT('',(0.,1.722E+03));
#13061 = VECTOR('',#13062,1.);
#13062 = DIRECTION('',(1.,0.));
#13063 = ( GEOMETRIC_REPRESENTATION_CONTEXT(2) 
PARAMETRIC_REPRESENTATION_CONTEXT() REPRESENTATION_CONTEXT('2D SPACE',''
  ) );
#13064 = ORIENTED_EDGE('',*,*,#12754,.T.);
#13065 = ORIENTED_EDGE('',*,*,#12912,.T.);
#13066 = ORIENTED_EDGE('',*,*,#13067,.F.);
#13067 = EDGE_CURVE('',#13043,#12890,#13068,.T.);
#13068 = SURFACE_CURVE('',#13069,(#13073,#13080),.PCURVE_S1.);
#13069 = LINE('',#13070,#13071);
#13070 = CARTESIAN_POINT('',(567.,861.,0.));
#13071 = VECTOR('',#13072,1.);
#13072 = DIRECTION('',(0.,0.,1.));
#13073 = PCURVE('',#12770,#13074);
#13074 = DEFINITIONAL_REPRESENTATION('',(#13075),#13079);
#13075 = LINE('',#13076,#13077);
#13076 = CARTESIAN_POINT('',(0.,1.134E+03));
#13077 = VECTOR('',#13078,1.);
#13078 = DIRECTION('',(1.,0.));
#13079 = ( GEOMETRIC_REPRESENTATION_CONTEXT(2) 
PARAMETRIC_REPRESENTATION_CONTEXT() REPRESENTATION_CONTEXT('2D SPACE',''
  ) );
#13080 = PCURVE('',#12872,#13081);
#13081 = DEFINITIONAL_REPRESENTATION('',(#13082),#13086);
#13082 = LINE('',#13083,#13084);
#13083 = CARTESIAN_POINT('',(0.,-1.722E+03));
#13084 = VECTOR('',#13085,1.);
#13085 = DIRECTION('',(1.,0.));
#13086 = ( GEOMETRIC_REPRESENTATION_CONTEXT(2) 
PARAMETRIC_REPRESENTATION_CONTEXT() REPRESENTATION_CONTEXT('2D SPACE',''
  ) );
#13087 = ADVANCED_FACE('',(#13088),#12742,.F.);
#13088 = FACE_BOUND('',#13089,.F.);
#13089 = EDGE_LOOP('',(#13090,#13091,#13092,#13113));
#13090 = ORIENTED_EDGE('',*,*,#12726,.F.);
#13091 = ORIENTED_EDGE('',*,*,#12811,.T.);
#13092 = ORIENTED_EDGE('',*,*,#13093,.T.);
#13093 = EDGE_CURVE('',#12812,#13043,#13094,.T.);
#13094 = SURFACE_CURVE('',#13095,(#13099,#13106),.PCURVE_S1.);
#13095 = LINE('',#13096,#13097);
#13096 = CARTESIAN_POINT('',(567.,-861.,0.));
#13097 = VECTOR('',#13098,1.);
#13098 = DIRECTION('',(-0.,1.,0.));
#13099 = PCURVE('',#12742,#13100);
#13100 = DEFINITIONAL_REPRESENTATION('',(#13101),#13105);
#13101 = LINE('',#13102,#13103);
#13102 = CARTESIAN_POINT('',(1.134E+03,0.));
#13103 = VECTOR('',#13104,1.);
#13104 = DIRECTION('',(0.,1.));
#13105 = ( GEOMETRIC_REPRESENTATION_CONTEXT(2) 
PARAMETRIC_REPRESENTATION_CONTEXT() REPRESENTATION_CONTEXT('2D SPACE',''
  ) );
#13106 = PCURVE('',#12872,#13107);
#13107 = DEFINITIONAL_REPRESENTATION('',(#13108),#13112);
#13108 = LINE('',#13109,#13110);
#13109 = CARTESIAN_POINT('',(0.,0.));
#13110 = VECTOR('',#13111,1.);
#13111 = DIRECTION('',(0.,-1.));
#13112 = ( GEOMETRIC_REPRESENTATION_CONTEXT(2) 
PARAMETRIC_REPRESENTATION_CONTEXT() REPRESENTATION_CONTEXT('2D SPACE',''
  ) );
#13113 = ORIENTED_EDGE('',*,*,#13042,.F.);
#13114 = ADVANCED_FACE('',(#13115),#12872,.T.);
#13115 = FACE_BOUND('',#13116,.T.);
#13116 = EDGE_LOOP('',(#13117,#13118,#13119,#13120));
#13117 = ORIENTED_EDGE('',*,*,#12858,.F.);
#13118 = ORIENTED_EDGE('',*,*,#13093,.T.);
#13119 = ORIENTED_EDGE('',*,*,#13067,.T.);
#13120 = ORIENTED_EDGE('',*,*,#12889,.F.);
#13121 = ADVANCED_FACE('',(#13122),#12952,.T.);
#13122 = FACE_BOUND('',#13123,.T.);
#13123 = EDGE_LOOP('',(#13124,#13147,#13175,#13196));
#13124 = ORIENTED_EDGE('',*,*,#13125,.F.);
#13125 = EDGE_CURVE('',#13126,#12936,#13128,.T.);
#13126 = VERTEX_POINT('',#13127);
#13127 = CARTESIAN_POINT('',(532.,-826.,4.));
#13128 = SURFACE_CURVE('',#13129,(#13133,#13140),.PCURVE_S1.);
#13129 = LINE('',#13130,#13131);
#13130 = CARTESIAN_POINT('',(532.,-826.,4.));
#13131 = VECTOR('',#13132,1.);
#13132 = DIRECTION('',(0.,0.,1.));
#13133 = PCURVE('',#12952,#13134);
#13134 = DEFINITIONAL_REPRESENTATION('',(#13135),#13139);
#13135 = LINE('',#13136,#13137);
#13136 = CARTESIAN_POINT('',(0.,1.064E+03));
#13137 = VECTOR('',#13138,1.);
#13138 = DIRECTION('',(1.,0.));
#13139 = ( GEOMETRIC_REPRESENTATION_CONTEXT(2) 
PARAMETRIC_REPRESENTATION_CONTEXT() REPRESENTATION_CONTEXT('2D SPACE',''
  ) );
#13140 = PCURVE('',#13028,#13141);
#13141 = DEFINITIONAL_REPRESENTATION('',(#13142),#13146);
#13142 = LINE('',#13143,#13144);
#13143 = CARTESIAN_POINT('',(0.,0.));
#13144 = VECTOR('',#13145,1.);
#13145 = DIRECTION('',(1.,0.));
#13146 = ( GEOMETRIC_REPRESENTATION_CONTEXT(2) 
PARAMETRIC_REPRESENTATION_CONTEXT() REPRESENTATION_CONTEXT('2D SPACE',''
  ) );
#13147 = ORIENTED_EDGE('',*,*,#13148,.F.);
#13148 = EDGE_CURVE('',#13149,#13126,#13151,.T.);
#13149 = VERTEX_POINT('',#13150);
#13150 = CARTESIAN_POINT('',(-532.,-826.,4.));
#13151 = SURFACE_CURVE('',#13152,(#13156,#13163),.PCURVE_S1.);
#13152 = LINE('',#13153,#13154);
#13153 = CARTESIAN_POINT('',(-532.,-826.,4.));
#13154 = VECTOR('',#13155,1.);
#13155 = DIRECTION('',(1.,0.,-0.));
#13156 = PCURVE('',#12952,#13157);
#13157 = DEFINITIONAL_REPRESENTATION('',(#13158),#13162);
#13158 = LINE('',#13159,#13160);
#13159 = CARTESIAN_POINT('',(0.,0.));
#13160 = VECTOR('',#13161,1.);
#13161 = DIRECTION('',(0.,1.));
#13162 = ( GEOMETRIC_REPRESENTATION_CONTEXT(2) 
PARAMETRIC_REPRESENTATION_CONTEXT() REPRESENTATION_CONTEXT('2D SPACE',''
  ) );
#13163 = PCURVE('',#13164,#13169);
#13164 = PLANE('',#13165);
#13165 = AXIS2_PLACEMENT_3D('',#13166,#13167,#13168);
#13166 = CARTESIAN_POINT('',(-532.,-826.,4.));
#13167 = DIRECTION('',(0.,0.,1.));
#13168 = DIRECTION('',(1.,0.,-0.));
#13169 = DEFINITIONAL_REPRESENTATION('',(#13170),#13174);
#13170 = LINE('',#13171,#13172);
#13171 = CARTESIAN_POINT('',(0.,0.));
#13172 = VECTOR('',#13173,1.);
#13173 = DIRECTION('',(1.,0.));
#13174 = ( GEOMETRIC_REPRESENTATION_CONTEXT(2) 
PARAMETRIC_REPRESENTATION_CONTEXT() REPRESENTATION_CONTEXT('2D SPACE',''
  ) );
#13175 = ORIENTED_EDGE('',*,*,#13176,.T.);
#13176 = EDGE_CURVE('',#13149,#12938,#13177,.T.);
#13177 = SURFACE_CURVE('',#13178,(#13182,#13189),.PCURVE_S1.);
#13178 = LINE('',#13179,#13180);
#13179 = CARTESIAN_POINT('',(-532.,-826.,4.));
#13180 = VECTOR('',#13181,1.);
#13181 = DIRECTION('',(0.,0.,1.));
#13182 = PCURVE('',#12952,#13183);
#13183 = DEFINITIONAL_REPRESENTATION('',(#13184),#13188);
#13184 = LINE('',#13185,#13186);
#13185 = CARTESIAN_POINT('',(0.,0.));
#13186 = VECTOR('',#13187,1.);
#13187 = DIRECTION('',(1.,0.));
#13188 = ( GEOMETRIC_REPRESENTATION_CONTEXT(2) 
PARAMETRIC_REPRESENTATION_CONTEXT() REPRESENTATION_CONTEXT('2D SPACE',''
  ) );
#13189 = PCURVE('',#12978,#13190);
#13190 = DEFINITIONAL_REPRESENTATION('',(#13191),#13195);
#13191 = LINE('',#13192,#13193);
#13192 = CARTESIAN_POINT('',(0.,0.));
#13193 = VECTOR('',#13194,1.);
#13194 = DIRECTION('',(1.,0.));
#13195 = ( GEOMETRIC_REPRESENTATION_CONTEXT(2) 
PARAMETRIC_REPRESENTATION_CONTEXT() REPRESENTATION_CONTEXT('2D SPACE',''
  ) );
#13196 = ORIENTED_EDGE('',*,*,#12935,.F.);
#13197 = ADVANCED_FACE('',(#13198),#13028,.F.);
#13198 = FACE_BOUND('',#13199,.F.);
#13199 = EDGE_LOOP('',(#13200,#13201,#13224,#13245));
#13200 = ORIENTED_EDGE('',*,*,#13125,.F.);
#13201 = ORIENTED_EDGE('',*,*,#13202,.T.);
#13202 = EDGE_CURVE('',#13126,#13203,#13205,.T.);
#13203 = VERTEX_POINT('',#13204);
#13204 = CARTESIAN_POINT('',(532.,826.,4.));
#13205 = SURFACE_CURVE('',#13206,(#13210,#13217),.PCURVE_S1.);
#13206 = LINE('',#13207,#13208);
#13207 = CARTESIAN_POINT('',(532.,-826.,4.));
#13208 = VECTOR('',#13209,1.);
#13209 = DIRECTION('',(-0.,1.,0.));
#13210 = PCURVE('',#13028,#13211);
#13211 = DEFINITIONAL_REPRESENTATION('',(#13212),#13216);
#13212 = LINE('',#13213,#13214);
#13213 = CARTESIAN_POINT('',(0.,0.));
#13214 = VECTOR('',#13215,1.);
#13215 = DIRECTION('',(0.,-1.));
#13216 = ( GEOMETRIC_REPRESENTATION_CONTEXT(2) 
PARAMETRIC_REPRESENTATION_CONTEXT() REPRESENTATION_CONTEXT('2D SPACE',''
  ) );
#13217 = PCURVE('',#13164,#13218);
#13218 = DEFINITIONAL_REPRESENTATION('',(#13219),#13223);
#13219 = LINE('',#13220,#13221);
#13220 = CARTESIAN_POINT('',(1.064E+03,0.));
#13221 = VECTOR('',#13222,1.);
#13222 = DIRECTION('',(0.,1.));
#13223 = ( GEOMETRIC_REPRESENTATION_CONTEXT(2) 
PARAMETRIC_REPRESENTATION_CONTEXT() REPRESENTATION_CONTEXT('2D SPACE',''
  ) );
#13224 = ORIENTED_EDGE('',*,*,#13225,.T.);
#13225 = EDGE_CURVE('',#13203,#12990,#13226,.T.);
#13226 = SURFACE_CURVE('',#13227,(#13231,#13238),.PCURVE_S1.);
#13227 = LINE('',#13228,#13229);
#13228 = CARTESIAN_POINT('',(532.,826.,4.));
#13229 = VECTOR('',#13230,1.);
#13230 = DIRECTION('',(0.,0.,1.));
#13231 = PCURVE('',#13028,#13232);
#13232 = DEFINITIONAL_REPRESENTATION('',(#13233),#13237);
#13233 = LINE('',#13234,#13235);
#13234 = CARTESIAN_POINT('',(0.,-1.652E+03));
#13235 = VECTOR('',#13236,1.);
#13236 = DIRECTION('',(1.,0.));
#13237 = ( GEOMETRIC_REPRESENTATION_CONTEXT(2) 
PARAMETRIC_REPRESENTATION_CONTEXT() REPRESENTATION_CONTEXT('2D SPACE',''
  ) );
#13238 = PCURVE('',#13004,#13239);
#13239 = DEFINITIONAL_REPRESENTATION('',(#13240),#13244);
#13240 = LINE('',#13241,#13242);
#13241 = CARTESIAN_POINT('',(0.,1.064E+03));
#13242 = VECTOR('',#13243,1.);
#13243 = DIRECTION('',(1.,0.));
#13244 = ( GEOMETRIC_REPRESENTATION_CONTEXT(2) 
PARAMETRIC_REPRESENTATION_CONTEXT() REPRESENTATION_CONTEXT('2D SPACE',''
  ) );
#13245 = ORIENTED_EDGE('',*,*,#13015,.F.);
#13246 = ADVANCED_FACE('',(#13247),#13004,.F.);
#13247 = FACE_BOUND('',#13248,.F.);
#13248 = EDGE_LOOP('',(#13249,#13250,#13273,#13294));
#13249 = ORIENTED_EDGE('',*,*,#13225,.F.);
#13250 = ORIENTED_EDGE('',*,*,#13251,.F.);
#13251 = EDGE_CURVE('',#13252,#13203,#13254,.T.);
#13252 = VERTEX_POINT('',#13253);
#13253 = CARTESIAN_POINT('',(-532.,826.,4.));
#13254 = SURFACE_CURVE('',#13255,(#13259,#13266),.PCURVE_S1.);
#13255 = LINE('',#13256,#13257);
#13256 = CARTESIAN_POINT('',(-532.,826.,4.));
#13257 = VECTOR('',#13258,1.);
#13258 = DIRECTION('',(1.,0.,-0.));
#13259 = PCURVE('',#13004,#13260);
#13260 = DEFINITIONAL_REPRESENTATION('',(#13261),#13265);
#13261 = LINE('',#13262,#13263);
#13262 = CARTESIAN_POINT('',(0.,0.));
#13263 = VECTOR('',#13264,1.);
#13264 = DIRECTION('',(0.,1.));
#13265 = ( GEOMETRIC_REPRESENTATION_CONTEXT(2) 
PARAMETRIC_REPRESENTATION_CONTEXT() REPRESENTATION_CONTEXT('2D SPACE',''
  ) );
#13266 = PCURVE('',#13164,#13267);
#13267 = DEFINITIONAL_REPRESENTATION('',(#13268),#13272);
#13268 = LINE('',#13269,#13270);
#13269 = CARTESIAN_POINT('',(0.,1.652E+03));
#13270 = VECTOR('',#13271,1.);
#13271 = DIRECTION('',(1.,0.));
#13272 = ( GEOMETRIC_REPRESENTATION_CONTEXT(2) 
PARAMETRIC_REPRESENTATION_CONTEXT() REPRESENTATION_CONTEXT('2D SPACE',''
  ) );
#13273 = ORIENTED_EDGE('',*,*,#13274,.T.);
#13274 = EDGE_CURVE('',#13252,#12964,#13275,.T.);
#13275 = SURFACE_CURVE('',#13276,(#13280,#13287),.PCURVE_S1.);
#13276 = LINE('',#13277,#13278);
#13277 = CARTESIAN_POINT('',(-532.,826.,4.));
#13278 = VECTOR('',#13279,1.);
#13279 = DIRECTION('',(0.,0.,1.));
#13280 = PCURVE('',#13004,#13281);
#13281 = DEFINITIONAL_REPRESENTATION('',(#13282),#13286);
#13282 = LINE('',#13283,#13284);
#13283 = CARTESIAN_POINT('',(0.,0.));
#13284 = VECTOR('',#13285,1.);
#13285 = DIRECTION('',(1.,0.));
#13286 = ( GEOMETRIC_REPRESENTATION_CONTEXT(2) 
PARAMETRIC_REPRESENTATION_CONTEXT() REPRESENTATION_CONTEXT('2D SPACE',''
  ) );
#13287 = PCURVE('',#12978,#13288);
#13288 = DEFINITIONAL_REPRESENTATION('',(#13289),#13293);
#13289 = LINE('',#13290,#13291);
#13290 = CARTESIAN_POINT('',(0.,-1.652E+03));
#13291 = VECTOR('',#13292,1.);
#13292 = DIRECTION('',(1.,0.));
#13293 = ( GEOMETRIC_REPRESENTATION_CONTEXT(2) 
PARAMETRIC_REPRESENTATION_CONTEXT() REPRESENTATION_CONTEXT('2D SPACE',''
  ) );
#13294 = ORIENTED_EDGE('',*,*,#12989,.F.);
#13295 = ADVANCED_FACE('',(#13296),#12978,.T.);
#13296 = FACE_BOUND('',#13297,.T.);
#13297 = EDGE_LOOP('',(#13298,#13299,#13320,#13321));
#13298 = ORIENTED_EDGE('',*,*,#13176,.F.);
#13299 = ORIENTED_EDGE('',*,*,#13300,.T.);
#13300 = EDGE_CURVE('',#13149,#13252,#13301,.T.);
#13301 = SURFACE_CURVE('',#13302,(#13306,#13313),.PCURVE_S1.);
#13302 = LINE('',#13303,#13304);
#13303 = CARTESIAN_POINT('',(-532.,-826.,4.));
#13304 = VECTOR('',#13305,1.);
#13305 = DIRECTION('',(-0.,1.,0.));
#13306 = PCURVE('',#12978,#13307);
#13307 = DEFINITIONAL_REPRESENTATION('',(#13308),#13312);
#13308 = LINE('',#13309,#13310);
#13309 = CARTESIAN_POINT('',(0.,0.));
#13310 = VECTOR('',#13311,1.);
#13311 = DIRECTION('',(0.,-1.));
#13312 = ( GEOMETRIC_REPRESENTATION_CONTEXT(2) 
PARAMETRIC_REPRESENTATION_CONTEXT() REPRESENTATION_CONTEXT('2D SPACE',''
  ) );
#13313 = PCURVE('',#13164,#13314);
#13314 = DEFINITIONAL_REPRESENTATION('',(#13315),#13319);
#13315 = LINE('',#13316,#13317);
#13316 = CARTESIAN_POINT('',(0.,0.));
#13317 = VECTOR('',#13318,1.);
#13318 = DIRECTION('',(0.,1.));
#13319 = ( GEOMETRIC_REPRESENTATION_CONTEXT(2) 
PARAMETRIC_REPRESENTATION_CONTEXT() REPRESENTATION_CONTEXT('2D SPACE',''
  ) );
#13320 = ORIENTED_EDGE('',*,*,#13274,.T.);
#13321 = ORIENTED_EDGE('',*,*,#12963,.F.);
#13322 = ADVANCED_FACE('',(#13323),#13164,.T.);
#13323 = FACE_BOUND('',#13324,.T.);
#13324 = EDGE_LOOP('',(#13325,#13326,#13327,#13328));
#13325 = ORIENTED_EDGE('',*,*,#13300,.F.);
#13326 = ORIENTED_EDGE('',*,*,#13148,.T.);
#13327 = ORIENTED_EDGE('',*,*,#13202,.T.);
#13328 = ORIENTED_EDGE('',*,*,#13251,.F.);
#13329 = ( GEOMETRIC_REPRESENTATION_CONTEXT(3) 
GLOBAL_UNCERTAINTY_ASSIGNED_CONTEXT((#13333)) 
GLOBAL_UNIT_ASSIGNED_CONTEXT((#13330,#13331,#13332)) 
REPRESENTATION_CONTEXT('Context #1',
  '3D Context with UNIT and UNCERTAINTY') );
#13330 = ( LENGTH_UNIT() NAMED_UNIT(*) SI_UNIT(.MILLI.,.METRE.) );
#13331 = ( NAMED_UNIT(*) PLANE_ANGLE_UNIT() SI_UNIT($,.RADIAN.) );
#13332 = ( NAMED_UNIT(*) SI_UNIT($,.STERADIAN.) SOLID_ANGLE_UNIT() );
#13333 = UNCERTAINTY_MEASURE_WITH_UNIT(LENGTH_MEASURE(1.E-07),#13330,
  'distance_accuracy_value','confusion accuracy');
#13334 = CONTEXT_DEPENDENT_SHAPE_REPRESENTATION(#13335,#13337);
#13335 = ( REPRESENTATION_RELATIONSHIP('','',#12684,#10) 
REPRESENTATION_RELATIONSHIP_WITH_TRANSFORMATION(#13336) 
SHAPE_REPRESENTATION_RELATIONSHIP() );
#13336 = ITEM_DEFINED_TRANSFORMATION('','',#11,#119);
#13337 = PRODUCT_DEFINITION_SHAPE('Placement','Placement of an item',
  #13338);
#13338 = NEXT_ASSEMBLY_USAGE_OCCURRENCE('61','metal.112','',#5,#12679,$
  );
#13339 = PRODUCT_RELATED_PRODUCT_CATEGORY('part',$,(#12681));
#13340 = SHAPE_DEFINITION_REPRESENTATION(#13341,#13347);
#13341 = PRODUCT_DEFINITION_SHAPE('','',#13342);
#13342 = PRODUCT_DEFINITION('design','',#13343,#13346);
#13343 = PRODUCT_DEFINITION_FORMATION('','',#13344);
#13344 = PRODUCT('cell.12','cell.12','',(#13345));
#13345 = PRODUCT_CONTEXT('',#2,'mechanical');
#13346 = PRODUCT_DEFINITION_CONTEXT('part definition',#2,'design');
#13347 = ADVANCED_BREP_SHAPE_REPRESENTATION('',(#11,#13348),#13678);
#13348 = MANIFOLD_SOLID_BREP('',#13349);
#13349 = CLOSED_SHELL('',(#13350,#13470,#13570,#13617,#13664,#13671));
#13350 = ADVANCED_FACE('',(#13351),#13365,.F.);
#13351 = FACE_BOUND('',#13352,.F.);
#13352 = EDGE_LOOP('',(#13353,#13388,#13416,#13444));
#13353 = ORIENTED_EDGE('',*,*,#13354,.F.);
#13354 = EDGE_CURVE('',#13355,#13357,#13359,.T.);
#13355 = VERTEX_POINT('',#13356);
#13356 = CARTESIAN_POINT('',(-532.5,-826.5,0.));
#13357 = VERTEX_POINT('',#13358);
#13358 = CARTESIAN_POINT('',(-532.5,-826.5,4.));
#13359 = SURFACE_CURVE('',#13360,(#13364,#13376),.PCURVE_S1.);
#13360 = LINE('',#13361,#13362);
#13361 = CARTESIAN_POINT('',(-532.5,-826.5,0.));
#13362 = VECTOR('',#13363,1.);
#13363 = DIRECTION('',(0.,0.,1.));
#13364 = PCURVE('',#13365,#13370);
#13365 = PLANE('',#13366);
#13366 = AXIS2_PLACEMENT_3D('',#13367,#13368,#13369);
#13367 = CARTESIAN_POINT('',(-532.5,-826.5,0.));
#13368 = DIRECTION('',(1.,0.,-0.));
#13369 = DIRECTION('',(0.,0.,1.));
#13370 = DEFINITIONAL_REPRESENTATION('',(#13371),#13375);
#13371 = LINE('',#13372,#13373);
#13372 = CARTESIAN_POINT('',(0.,0.));
#13373 = VECTOR('',#13374,1.);
#13374 = DIRECTION('',(1.,0.));
#13375 = ( GEOMETRIC_REPRESENTATION_CONTEXT(2) 
PARAMETRIC_REPRESENTATION_CONTEXT() REPRESENTATION_CONTEXT('2D SPACE',''
  ) );
#13376 = PCURVE('',#13377,#13382);
#13377 = PLANE('',#13378);
#13378 = AXIS2_PLACEMENT_3D('',#13379,#13380,#13381);
#13379 = CARTESIAN_POINT('',(-532.5,-826.5,0.));
#13380 = DIRECTION('',(-0.,1.,0.));
#13381 = DIRECTION('',(0.,0.,1.));
#13382 = DEFINITIONAL_REPRESENTATION('',(#13383),#13387);
#13383 = LINE('',#13384,#13385);
#13384 = CARTESIAN_POINT('',(0.,0.));
#13385 = VECTOR('',#13386,1.);
#13386 = DIRECTION('',(1.,0.));
#13387 = ( GEOMETRIC_REPRESENTATION_CONTEXT(2) 
PARAMETRIC_REPRESENTATION_CONTEXT() REPRESENTATION_CONTEXT('2D SPACE',''
  ) );
#13388 = ORIENTED_EDGE('',*,*,#13389,.T.);
#13389 = EDGE_CURVE('',#13355,#13390,#13392,.T.);
#13390 = VERTEX_POINT('',#13391);
#13391 = CARTESIAN_POINT('',(-532.5,826.5,0.));
#13392 = SURFACE_CURVE('',#13393,(#13397,#13404),.PCURVE_S1.);
#13393 = LINE('',#13394,#13395);
#13394 = CARTESIAN_POINT('',(-532.5,-826.5,0.));
#13395 = VECTOR('',#13396,1.);
#13396 = DIRECTION('',(-0.,1.,0.));
#13397 = PCURVE('',#13365,#13398);
#13398 = DEFINITIONAL_REPRESENTATION('',(#13399),#13403);
#13399 = LINE('',#13400,#13401);
#13400 = CARTESIAN_POINT('',(0.,0.));
#13401 = VECTOR('',#13402,1.);
#13402 = DIRECTION('',(0.,-1.));
#13403 = ( GEOMETRIC_REPRESENTATION_CONTEXT(2) 
PARAMETRIC_REPRESENTATION_CONTEXT() REPRESENTATION_CONTEXT('2D SPACE',''
  ) );
#13404 = PCURVE('',#13405,#13410);
#13405 = PLANE('',#13406);
#13406 = AXIS2_PLACEMENT_3D('',#13407,#13408,#13409);
#13407 = CARTESIAN_POINT('',(-532.5,-826.5,0.));
#13408 = DIRECTION('',(0.,0.,1.));
#13409 = DIRECTION('',(1.,0.,-0.));
#13410 = DEFINITIONAL_REPRESENTATION('',(#13411),#13415);
#13411 = LINE('',#13412,#13413);
#13412 = CARTESIAN_POINT('',(0.,0.));
#13413 = VECTOR('',#13414,1.);
#13414 = DIRECTION('',(0.,1.));
#13415 = ( GEOMETRIC_REPRESENTATION_CONTEXT(2) 
PARAMETRIC_REPRESENTATION_CONTEXT() REPRESENTATION_CONTEXT('2D SPACE',''
  ) );
#13416 = ORIENTED_EDGE('',*,*,#13417,.T.);
#13417 = EDGE_CURVE('',#13390,#13418,#13420,.T.);
#13418 = VERTEX_POINT('',#13419);
#13419 = CARTESIAN_POINT('',(-532.5,826.5,4.));
#13420 = SURFACE_CURVE('',#13421,(#13425,#13432),.PCURVE_S1.);
#13421 = LINE('',#13422,#13423);
#13422 = CARTESIAN_POINT('',(-532.5,826.5,0.));
#13423 = VECTOR('',#13424,1.);
#13424 = DIRECTION('',(0.,0.,1.));
#13425 = PCURVE('',#13365,#13426);
#13426 = DEFINITIONAL_REPRESENTATION('',(#13427),#13431);
#13427 = LINE('',#13428,#13429);
#13428 = CARTESIAN_POINT('',(0.,-1.653E+03));
#13429 = VECTOR('',#13430,1.);
#13430 = DIRECTION('',(1.,0.));
#13431 = ( GEOMETRIC_REPRESENTATION_CONTEXT(2) 
PARAMETRIC_REPRESENTATION_CONTEXT() REPRESENTATION_CONTEXT('2D SPACE',''
  ) );
#13432 = PCURVE('',#13433,#13438);
#13433 = PLANE('',#13434);
#13434 = AXIS2_PLACEMENT_3D('',#13435,#13436,#13437);
#13435 = CARTESIAN_POINT('',(-532.5,826.5,0.));
#13436 = DIRECTION('',(-0.,1.,0.));
#13437 = DIRECTION('',(0.,0.,1.));
#13438 = DEFINITIONAL_REPRESENTATION('',(#13439),#13443);
#13439 = LINE('',#13440,#13441);
#13440 = CARTESIAN_POINT('',(0.,0.));
#13441 = VECTOR('',#13442,1.);
#13442 = DIRECTION('',(1.,0.));
#13443 = ( GEOMETRIC_REPRESENTATION_CONTEXT(2) 
PARAMETRIC_REPRESENTATION_CONTEXT() REPRESENTATION_CONTEXT('2D SPACE',''
  ) );
#13444 = ORIENTED_EDGE('',*,*,#13445,.F.);
#13445 = EDGE_CURVE('',#13357,#13418,#13446,.T.);
#13446 = SURFACE_CURVE('',#13447,(#13451,#13458),.PCURVE_S1.);
#13447 = LINE('',#13448,#13449);
#13448 = CARTESIAN_POINT('',(-532.5,-826.5,4.));
#13449 = VECTOR('',#13450,1.);
#13450 = DIRECTION('',(-0.,1.,0.));
#13451 = PCURVE('',#13365,#13452);
#13452 = DEFINITIONAL_REPRESENTATION('',(#13453),#13457);
#13453 = LINE('',#13454,#13455);
#13454 = CARTESIAN_POINT('',(4.,0.));
#13455 = VECTOR('',#13456,1.);
#13456 = DIRECTION('',(0.,-1.));
#13457 = ( GEOMETRIC_REPRESENTATION_CONTEXT(2) 
PARAMETRIC_REPRESENTATION_CONTEXT() REPRESENTATION_CONTEXT('2D SPACE',''
  ) );
#13458 = PCURVE('',#13459,#13464);
#13459 = PLANE('',#13460);
#13460 = AXIS2_PLACEMENT_3D('',#13461,#13462,#13463);
#13461 = CARTESIAN_POINT('',(-532.5,-826.5,4.));
#13462 = DIRECTION('',(0.,0.,1.));
#13463 = DIRECTION('',(1.,0.,-0.));
#13464 = DEFINITIONAL_REPRESENTATION('',(#13465),#13469);
#13465 = LINE('',#13466,#13467);
#13466 = CARTESIAN_POINT('',(0.,0.));
#13467 = VECTOR('',#13468,1.);
#13468 = DIRECTION('',(0.,1.));
#13469 = ( GEOMETRIC_REPRESENTATION_CONTEXT(2) 
PARAMETRIC_REPRESENTATION_CONTEXT() REPRESENTATION_CONTEXT('2D SPACE',''
  ) );
#13470 = ADVANCED_FACE('',(#13471),#13485,.T.);
#13471 = FACE_BOUND('',#13472,.T.);
#13472 = EDGE_LOOP('',(#13473,#13503,#13526,#13549));
#13473 = ORIENTED_EDGE('',*,*,#13474,.F.);
#13474 = EDGE_CURVE('',#13475,#13477,#13479,.T.);
#13475 = VERTEX_POINT('',#13476);
#13476 = CARTESIAN_POINT('',(532.5,-826.5,0.));
#13477 = VERTEX_POINT('',#13478);
#13478 = CARTESIAN_POINT('',(532.5,-826.5,4.));
#13479 = SURFACE_CURVE('',#13480,(#13484,#13496),.PCURVE_S1.);
#13480 = LINE('',#13481,#13482);
#13481 = CARTESIAN_POINT('',(532.5,-826.5,0.));
#13482 = VECTOR('',#13483,1.);
#13483 = DIRECTION('',(0.,0.,1.));
#13484 = PCURVE('',#13485,#13490);
#13485 = PLANE('',#13486);
#13486 = AXIS2_PLACEMENT_3D('',#13487,#13488,#13489);
#13487 = CARTESIAN_POINT('',(532.5,-826.5,0.));
#13488 = DIRECTION('',(1.,0.,-0.));
#13489 = DIRECTION('',(0.,0.,1.));
#13490 = DEFINITIONAL_REPRESENTATION('',(#13491),#13495);
#13491 = LINE('',#13492,#13493);
#13492 = CARTESIAN_POINT('',(0.,0.));
#13493 = VECTOR('',#13494,1.);
#13494 = DIRECTION('',(1.,0.));
#13495 = ( GEOMETRIC_REPRESENTATION_CONTEXT(2) 
PARAMETRIC_REPRESENTATION_CONTEXT() REPRESENTATION_CONTEXT('2D SPACE',''
  ) );
#13496 = PCURVE('',#13377,#13497);
#13497 = DEFINITIONAL_REPRESENTATION('',(#13498),#13502);
#13498 = LINE('',#13499,#13500);
#13499 = CARTESIAN_POINT('',(0.,1.065E+03));
#13500 = VECTOR('',#13501,1.);
#13501 = DIRECTION('',(1.,0.));
#13502 = ( GEOMETRIC_REPRESENTATION_CONTEXT(2) 
PARAMETRIC_REPRESENTATION_CONTEXT() REPRESENTATION_CONTEXT('2D SPACE',''
  ) );
#13503 = ORIENTED_EDGE('',*,*,#13504,.T.);
#13504 = EDGE_CURVE('',#13475,#13505,#13507,.T.);
#13505 = VERTEX_POINT('',#13506);
#13506 = CARTESIAN_POINT('',(532.5,826.5,0.));
#13507 = SURFACE_CURVE('',#13508,(#13512,#13519),.PCURVE_S1.);
#13508 = LINE('',#13509,#13510);
#13509 = CARTESIAN_POINT('',(532.5,-826.5,0.));
#13510 = VECTOR('',#13511,1.);
#13511 = DIRECTION('',(-0.,1.,0.));
#13512 = PCURVE('',#13485,#13513);
#13513 = DEFINITIONAL_REPRESENTATION('',(#13514),#13518);
#13514 = LINE('',#13515,#13516);
#13515 = CARTESIAN_POINT('',(0.,0.));
#13516 = VECTOR('',#13517,1.);
#13517 = DIRECTION('',(0.,-1.));
#13518 = ( GEOMETRIC_REPRESENTATION_CONTEXT(2) 
PARAMETRIC_REPRESENTATION_CONTEXT() REPRESENTATION_CONTEXT('2D SPACE',''
  ) );
#13519 = PCURVE('',#13405,#13520);
#13520 = DEFINITIONAL_REPRESENTATION('',(#13521),#13525);
#13521 = LINE('',#13522,#13523);
#13522 = CARTESIAN_POINT('',(1.065E+03,0.));
#13523 = VECTOR('',#13524,1.);
#13524 = DIRECTION('',(0.,1.));
#13525 = ( GEOMETRIC_REPRESENTATION_CONTEXT(2) 
PARAMETRIC_REPRESENTATION_CONTEXT() REPRESENTATION_CONTEXT('2D SPACE',''
  ) );
#13526 = ORIENTED_EDGE('',*,*,#13527,.T.);
#13527 = EDGE_CURVE('',#13505,#13528,#13530,.T.);
#13528 = VERTEX_POINT('',#13529);
#13529 = CARTESIAN_POINT('',(532.5,826.5,4.));
#13530 = SURFACE_CURVE('',#13531,(#13535,#13542),.PCURVE_S1.);
#13531 = LINE('',#13532,#13533);
#13532 = CARTESIAN_POINT('',(532.5,826.5,0.));
#13533 = VECTOR('',#13534,1.);
#13534 = DIRECTION('',(0.,0.,1.));
#13535 = PCURVE('',#13485,#13536);
#13536 = DEFINITIONAL_REPRESENTATION('',(#13537),#13541);
#13537 = LINE('',#13538,#13539);
#13538 = CARTESIAN_POINT('',(0.,-1.653E+03));
#13539 = VECTOR('',#13540,1.);
#13540 = DIRECTION('',(1.,0.));
#13541 = ( GEOMETRIC_REPRESENTATION_CONTEXT(2) 
PARAMETRIC_REPRESENTATION_CONTEXT() REPRESENTATION_CONTEXT('2D SPACE',''
  ) );
#13542 = PCURVE('',#13433,#13543);
#13543 = DEFINITIONAL_REPRESENTATION('',(#13544),#13548);
#13544 = LINE('',#13545,#13546);
#13545 = CARTESIAN_POINT('',(0.,1.065E+03));
#13546 = VECTOR('',#13547,1.);
#13547 = DIRECTION('',(1.,0.));
#13548 = ( GEOMETRIC_REPRESENTATION_CONTEXT(2) 
PARAMETRIC_REPRESENTATION_CONTEXT() REPRESENTATION_CONTEXT('2D SPACE',''
  ) );
#13549 = ORIENTED_EDGE('',*,*,#13550,.F.);
#13550 = EDGE_CURVE('',#13477,#13528,#13551,.T.);
#13551 = SURFACE_CURVE('',#13552,(#13556,#13563),.PCURVE_S1.);
#13552 = LINE('',#13553,#13554);
#13553 = CARTESIAN_POINT('',(532.5,-826.5,4.));
#13554 = VECTOR('',#13555,1.);
#13555 = DIRECTION('',(-0.,1.,0.));
#13556 = PCURVE('',#13485,#13557);
#13557 = DEFINITIONAL_REPRESENTATION('',(#13558),#13562);
#13558 = LINE('',#13559,#13560);
#13559 = CARTESIAN_POINT('',(4.,0.));
#13560 = VECTOR('',#13561,1.);
#13561 = DIRECTION('',(0.,-1.));
#13562 = ( GEOMETRIC_REPRESENTATION_CONTEXT(2) 
PARAMETRIC_REPRESENTATION_CONTEXT() REPRESENTATION_CONTEXT('2D SPACE',''
  ) );
#13563 = PCURVE('',#13459,#13564);
#13564 = DEFINITIONAL_REPRESENTATION('',(#13565),#13569);
#13565 = LINE('',#13566,#13567);
#13566 = CARTESIAN_POINT('',(1.065E+03,0.));
#13567 = VECTOR('',#13568,1.);
#13568 = DIRECTION('',(0.,1.));
#13569 = ( GEOMETRIC_REPRESENTATION_CONTEXT(2) 
PARAMETRIC_REPRESENTATION_CONTEXT() REPRESENTATION_CONTEXT('2D SPACE',''
  ) );
#13570 = ADVANCED_FACE('',(#13571),#13377,.F.);
#13571 = FACE_BOUND('',#13572,.F.);
#13572 = EDGE_LOOP('',(#13573,#13594,#13595,#13616));
#13573 = ORIENTED_EDGE('',*,*,#13574,.F.);
#13574 = EDGE_CURVE('',#13355,#13475,#13575,.T.);
#13575 = SURFACE_CURVE('',#13576,(#13580,#13587),.PCURVE_S1.);
#13576 = LINE('',#13577,#13578);
#13577 = CARTESIAN_POINT('',(-532.5,-826.5,0.));
#13578 = VECTOR('',#13579,1.);
#13579 = DIRECTION('',(1.,0.,-0.));
#13580 = PCURVE('',#13377,#13581);
#13581 = DEFINITIONAL_REPRESENTATION('',(#13582),#13586);
#13582 = LINE('',#13583,#13584);
#13583 = CARTESIAN_POINT('',(0.,0.));
#13584 = VECTOR('',#13585,1.);
#13585 = DIRECTION('',(0.,1.));
#13586 = ( GEOMETRIC_REPRESENTATION_CONTEXT(2) 
PARAMETRIC_REPRESENTATION_CONTEXT() REPRESENTATION_CONTEXT('2D SPACE',''
  ) );
#13587 = PCURVE('',#13405,#13588);
#13588 = DEFINITIONAL_REPRESENTATION('',(#13589),#13593);
#13589 = LINE('',#13590,#13591);
#13590 = CARTESIAN_POINT('',(0.,0.));
#13591 = VECTOR('',#13592,1.);
#13592 = DIRECTION('',(1.,0.));
#13593 = ( GEOMETRIC_REPRESENTATION_CONTEXT(2) 
PARAMETRIC_REPRESENTATION_CONTEXT() REPRESENTATION_CONTEXT('2D SPACE',''
  ) );
#13594 = ORIENTED_EDGE('',*,*,#13354,.T.);
#13595 = ORIENTED_EDGE('',*,*,#13596,.T.);
#13596 = EDGE_CURVE('',#13357,#13477,#13597,.T.);
#13597 = SURFACE_CURVE('',#13598,(#13602,#13609),.PCURVE_S1.);
#13598 = LINE('',#13599,#13600);
#13599 = CARTESIAN_POINT('',(-532.5,-826.5,4.));
#13600 = VECTOR('',#13601,1.);
#13601 = DIRECTION('',(1.,0.,-0.));
#13602 = PCURVE('',#13377,#13603);
#13603 = DEFINITIONAL_REPRESENTATION('',(#13604),#13608);
#13604 = LINE('',#13605,#13606);
#13605 = CARTESIAN_POINT('',(4.,0.));
#13606 = VECTOR('',#13607,1.);
#13607 = DIRECTION('',(0.,1.));
#13608 = ( GEOMETRIC_REPRESENTATION_CONTEXT(2) 
PARAMETRIC_REPRESENTATION_CONTEXT() REPRESENTATION_CONTEXT('2D SPACE',''
  ) );
#13609 = PCURVE('',#13459,#13610);
#13610 = DEFINITIONAL_REPRESENTATION('',(#13611),#13615);
#13611 = LINE('',#13612,#13613);
#13612 = CARTESIAN_POINT('',(0.,0.));
#13613 = VECTOR('',#13614,1.);
#13614 = DIRECTION('',(1.,0.));
#13615 = ( GEOMETRIC_REPRESENTATION_CONTEXT(2) 
PARAMETRIC_REPRESENTATION_CONTEXT() REPRESENTATION_CONTEXT('2D SPACE',''
  ) );
#13616 = ORIENTED_EDGE('',*,*,#13474,.F.);
#13617 = ADVANCED_FACE('',(#13618),#13433,.T.);
#13618 = FACE_BOUND('',#13619,.T.);
#13619 = EDGE_LOOP('',(#13620,#13641,#13642,#13663));
#13620 = ORIENTED_EDGE('',*,*,#13621,.F.);
#13621 = EDGE_CURVE('',#13390,#13505,#13622,.T.);
#13622 = SURFACE_CURVE('',#13623,(#13627,#13634),.PCURVE_S1.);
#13623 = LINE('',#13624,#13625);
#13624 = CARTESIAN_POINT('',(-532.5,826.5,0.));
#13625 = VECTOR('',#13626,1.);
#13626 = DIRECTION('',(1.,0.,-0.));
#13627 = PCURVE('',#13433,#13628);
#13628 = DEFINITIONAL_REPRESENTATION('',(#13629),#13633);
#13629 = LINE('',#13630,#13631);
#13630 = CARTESIAN_POINT('',(0.,0.));
#13631 = VECTOR('',#13632,1.);
#13632 = DIRECTION('',(0.,1.));
#13633 = ( GEOMETRIC_REPRESENTATION_CONTEXT(2) 
PARAMETRIC_REPRESENTATION_CONTEXT() REPRESENTATION_CONTEXT('2D SPACE',''
  ) );
#13634 = PCURVE('',#13405,#13635);
#13635 = DEFINITIONAL_REPRESENTATION('',(#13636),#13640);
#13636 = LINE('',#13637,#13638);
#13637 = CARTESIAN_POINT('',(0.,1.653E+03));
#13638 = VECTOR('',#13639,1.);
#13639 = DIRECTION('',(1.,0.));
#13640 = ( GEOMETRIC_REPRESENTATION_CONTEXT(2) 
PARAMETRIC_REPRESENTATION_CONTEXT() REPRESENTATION_CONTEXT('2D SPACE',''
  ) );
#13641 = ORIENTED_EDGE('',*,*,#13417,.T.);
#13642 = ORIENTED_EDGE('',*,*,#13643,.T.);
#13643 = EDGE_CURVE('',#13418,#13528,#13644,.T.);
#13644 = SURFACE_CURVE('',#13645,(#13649,#13656),.PCURVE_S1.);
#13645 = LINE('',#13646,#13647);
#13646 = CARTESIAN_POINT('',(-532.5,826.5,4.));
#13647 = VECTOR('',#13648,1.);
#13648 = DIRECTION('',(1.,0.,-0.));
#13649 = PCURVE('',#13433,#13650);
#13650 = DEFINITIONAL_REPRESENTATION('',(#13651),#13655);
#13651 = LINE('',#13652,#13653);
#13652 = CARTESIAN_POINT('',(4.,0.));
#13653 = VECTOR('',#13654,1.);
#13654 = DIRECTION('',(0.,1.));
#13655 = ( GEOMETRIC_REPRESENTATION_CONTEXT(2) 
PARAMETRIC_REPRESENTATION_CONTEXT() REPRESENTATION_CONTEXT('2D SPACE',''
  ) );
#13656 = PCURVE('',#13459,#13657);
#13657 = DEFINITIONAL_REPRESENTATION('',(#13658),#13662);
#13658 = LINE('',#13659,#13660);
#13659 = CARTESIAN_POINT('',(0.,1.653E+03));
#13660 = VECTOR('',#13661,1.);
#13661 = DIRECTION('',(1.,0.));
#13662 = ( GEOMETRIC_REPRESENTATION_CONTEXT(2) 
PARAMETRIC_REPRESENTATION_CONTEXT() REPRESENTATION_CONTEXT('2D SPACE',''
  ) );
#13663 = ORIENTED_EDGE('',*,*,#13527,.F.);
#13664 = ADVANCED_FACE('',(#13665),#13405,.F.);
#13665 = FACE_BOUND('',#13666,.F.);
#13666 = EDGE_LOOP('',(#13667,#13668,#13669,#13670));
#13667 = ORIENTED_EDGE('',*,*,#13389,.F.);
#13668 = ORIENTED_EDGE('',*,*,#13574,.T.);
#13669 = ORIENTED_EDGE('',*,*,#13504,.T.);
#13670 = ORIENTED_EDGE('',*,*,#13621,.F.);
#13671 = ADVANCED_FACE('',(#13672),#13459,.T.);
#13672 = FACE_BOUND('',#13673,.T.);
#13673 = EDGE_LOOP('',(#13674,#13675,#13676,#13677));
#13674 = ORIENTED_EDGE('',*,*,#13445,.F.);
#13675 = ORIENTED_EDGE('',*,*,#13596,.T.);
#13676 = ORIENTED_EDGE('',*,*,#13550,.T.);
#13677 = ORIENTED_EDGE('',*,*,#13643,.F.);
#13678 = ( GEOMETRIC_REPRESENTATION_CONTEXT(3) 
GLOBAL_UNCERTAINTY_ASSIGNED_CONTEXT((#13682)) 
GLOBAL_UNIT_ASSIGNED_CONTEXT((#13679,#13680,#13681)) 
REPRESENTATION_CONTEXT('Context #1',
  '3D Context with UNIT and UNCERTAINTY') );
#13679 = ( LENGTH_UNIT() NAMED_UNIT(*) SI_UNIT(.MILLI.,.METRE.) );
#13680 = ( NAMED_UNIT(*) PLANE_ANGLE_UNIT() SI_UNIT($,.RADIAN.) );
#13681 = ( NAMED_UNIT(*) SI_UNIT($,.STERADIAN.) SOLID_ANGLE_UNIT() );
#13682 = UNCERTAINTY_MEASURE_WITH_UNIT(LENGTH_MEASURE(1.E-07),#13679,
  'distance_accuracy_value','confusion accuracy');
#13683 = CONTEXT_DEPENDENT_SHAPE_REPRESENTATION(#13684,#13686);
#13684 = ( REPRESENTATION_RELATIONSHIP('','',#13347,#10) 
REPRESENTATION_RELATIONSHIP_WITH_TRANSFORMATION(#13685) 
SHAPE_REPRESENTATION_RELATIONSHIP() );
#13685 = ITEM_DEFINED_TRANSFORMATION('','',#11,#123);
#13686 = PRODUCT_DEFINITION_SHAPE('Placement','Placement of an item',
  #13687);
#13687 = NEXT_ASSEMBLY_USAGE_OCCURRENCE('62','cell.12','',#5,#13342,$);
#13688 = PRODUCT_RELATED_PRODUCT_CATEGORY('part',$,(#13344));
#13689 = SHAPE_DEFINITION_REPRESENTATION(#13690,#13696);
#13690 = PRODUCT_DEFINITION_SHAPE('','',#13691);
#13691 = PRODUCT_DEFINITION('design','',#13692,#13695);
#13692 = PRODUCT_DEFINITION_FORMATION('','',#13693);
#13693 = PRODUCT('metal.113','metal.113','',(#13694));
#13694 = PRODUCT_CONTEXT('',#2,'mechanical');
#13695 = PRODUCT_DEFINITION_CONTEXT('part definition',#2,'design');
#13696 = ADVANCED_BREP_SHAPE_REPRESENTATION('',(#11,#13697),#14341);
#13697 = MANIFOLD_SOLID_BREP('',#13698);
#13698 = CLOSED_SHELL('',(#13699,#13819,#13895,#14050,#14099,#14126,
    #14133,#14209,#14258,#14307,#14334));
#13699 = ADVANCED_FACE('',(#13700),#13714,.F.);
#13700 = FACE_BOUND('',#13701,.F.);
#13701 = EDGE_LOOP('',(#13702,#13737,#13765,#13793));
#13702 = ORIENTED_EDGE('',*,*,#13703,.F.);
#13703 = EDGE_CURVE('',#13704,#13706,#13708,.T.);
#13704 = VERTEX_POINT('',#13705);
#13705 = CARTESIAN_POINT('',(-567.,-861.,0.));
#13706 = VERTEX_POINT('',#13707);
#13707 = CARTESIAN_POINT('',(-567.,-861.,30.));
#13708 = SURFACE_CURVE('',#13709,(#13713,#13725),.PCURVE_S1.);
#13709 = LINE('',#13710,#13711);
#13710 = CARTESIAN_POINT('',(-567.,-861.,0.));
#13711 = VECTOR('',#13712,1.);
#13712 = DIRECTION('',(0.,0.,1.));
#13713 = PCURVE('',#13714,#13719);
#13714 = PLANE('',#13715);
#13715 = AXIS2_PLACEMENT_3D('',#13716,#13717,#13718);
#13716 = CARTESIAN_POINT('',(-567.,-861.,0.));
#13717 = DIRECTION('',(1.,0.,-0.));
#13718 = DIRECTION('',(0.,0.,1.));
#13719 = DEFINITIONAL_REPRESENTATION('',(#13720),#13724);
#13720 = LINE('',#13721,#13722);
#13721 = CARTESIAN_POINT('',(0.,0.));
#13722 = VECTOR('',#13723,1.);
#13723 = DIRECTION('',(1.,0.));
#13724 = ( GEOMETRIC_REPRESENTATION_CONTEXT(2) 
PARAMETRIC_REPRESENTATION_CONTEXT() REPRESENTATION_CONTEXT('2D SPACE',''
  ) );
#13725 = PCURVE('',#13726,#13731);
#13726 = PLANE('',#13727);
#13727 = AXIS2_PLACEMENT_3D('',#13728,#13729,#13730);
#13728 = CARTESIAN_POINT('',(-567.,-861.,0.));
#13729 = DIRECTION('',(-0.,1.,0.));
#13730 = DIRECTION('',(0.,0.,1.));
#13731 = DEFINITIONAL_REPRESENTATION('',(#13732),#13736);
#13732 = LINE('',#13733,#13734);
#13733 = CARTESIAN_POINT('',(0.,0.));
#13734 = VECTOR('',#13735,1.);
#13735 = DIRECTION('',(1.,0.));
#13736 = ( GEOMETRIC_REPRESENTATION_CONTEXT(2) 
PARAMETRIC_REPRESENTATION_CONTEXT() REPRESENTATION_CONTEXT('2D SPACE',''
  ) );
#13737 = ORIENTED_EDGE('',*,*,#13738,.T.);
#13738 = EDGE_CURVE('',#13704,#13739,#13741,.T.);
#13739 = VERTEX_POINT('',#13740);
#13740 = CARTESIAN_POINT('',(-567.,861.,0.));
#13741 = SURFACE_CURVE('',#13742,(#13746,#13753),.PCURVE_S1.);
#13742 = LINE('',#13743,#13744);
#13743 = CARTESIAN_POINT('',(-567.,-861.,0.));
#13744 = VECTOR('',#13745,1.);
#13745 = DIRECTION('',(-0.,1.,0.));
#13746 = PCURVE('',#13714,#13747);
#13747 = DEFINITIONAL_REPRESENTATION('',(#13748),#13752);
#13748 = LINE('',#13749,#13750);
#13749 = CARTESIAN_POINT('',(0.,0.));
#13750 = VECTOR('',#13751,1.);
#13751 = DIRECTION('',(0.,-1.));
#13752 = ( GEOMETRIC_REPRESENTATION_CONTEXT(2) 
PARAMETRIC_REPRESENTATION_CONTEXT() REPRESENTATION_CONTEXT('2D SPACE',''
  ) );
#13753 = PCURVE('',#13754,#13759);
#13754 = PLANE('',#13755);
#13755 = AXIS2_PLACEMENT_3D('',#13756,#13757,#13758);
#13756 = CARTESIAN_POINT('',(-567.,-861.,0.));
#13757 = DIRECTION('',(0.,0.,1.));
#13758 = DIRECTION('',(1.,0.,-0.));
#13759 = DEFINITIONAL_REPRESENTATION('',(#13760),#13764);
#13760 = LINE('',#13761,#13762);
#13761 = CARTESIAN_POINT('',(0.,0.));
#13762 = VECTOR('',#13763,1.);
#13763 = DIRECTION('',(0.,1.));
#13764 = ( GEOMETRIC_REPRESENTATION_CONTEXT(2) 
PARAMETRIC_REPRESENTATION_CONTEXT() REPRESENTATION_CONTEXT('2D SPACE',''
  ) );
#13765 = ORIENTED_EDGE('',*,*,#13766,.T.);
#13766 = EDGE_CURVE('',#13739,#13767,#13769,.T.);
#13767 = VERTEX_POINT('',#13768);
#13768 = CARTESIAN_POINT('',(-567.,861.,30.));
#13769 = SURFACE_CURVE('',#13770,(#13774,#13781),.PCURVE_S1.);
#13770 = LINE('',#13771,#13772);
#13771 = CARTESIAN_POINT('',(-567.,861.,0.));
#13772 = VECTOR('',#13773,1.);
#13773 = DIRECTION('',(0.,0.,1.));
#13774 = PCURVE('',#13714,#13775);
#13775 = DEFINITIONAL_REPRESENTATION('',(#13776),#13780);
#13776 = LINE('',#13777,#13778);
#13777 = CARTESIAN_POINT('',(0.,-1.722E+03));
#13778 = VECTOR('',#13779,1.);
#13779 = DIRECTION('',(1.,0.));
#13780 = ( GEOMETRIC_REPRESENTATION_CONTEXT(2) 
PARAMETRIC_REPRESENTATION_CONTEXT() REPRESENTATION_CONTEXT('2D SPACE',''
  ) );
#13781 = PCURVE('',#13782,#13787);
#13782 = PLANE('',#13783);
#13783 = AXIS2_PLACEMENT_3D('',#13784,#13785,#13786);
#13784 = CARTESIAN_POINT('',(-567.,861.,0.));
#13785 = DIRECTION('',(-0.,1.,0.));
#13786 = DIRECTION('',(0.,0.,1.));
#13787 = DEFINITIONAL_REPRESENTATION('',(#13788),#13792);
#13788 = LINE('',#13789,#13790);
#13789 = CARTESIAN_POINT('',(0.,0.));
#13790 = VECTOR('',#13791,1.);
#13791 = DIRECTION('',(1.,0.));
#13792 = ( GEOMETRIC_REPRESENTATION_CONTEXT(2) 
PARAMETRIC_REPRESENTATION_CONTEXT() REPRESENTATION_CONTEXT('2D SPACE',''
  ) );
#13793 = ORIENTED_EDGE('',*,*,#13794,.F.);
#13794 = EDGE_CURVE('',#13706,#13767,#13795,.T.);
#13795 = SURFACE_CURVE('',#13796,(#13800,#13807),.PCURVE_S1.);
#13796 = LINE('',#13797,#13798);
#13797 = CARTESIAN_POINT('',(-567.,-861.,30.));
#13798 = VECTOR('',#13799,1.);
#13799 = DIRECTION('',(-0.,1.,0.));
#13800 = PCURVE('',#13714,#13801);
#13801 = DEFINITIONAL_REPRESENTATION('',(#13802),#13806);
#13802 = LINE('',#13803,#13804);
#13803 = CARTESIAN_POINT('',(30.,0.));
#13804 = VECTOR('',#13805,1.);
#13805 = DIRECTION('',(0.,-1.));
#13806 = ( GEOMETRIC_REPRESENTATION_CONTEXT(2) 
PARAMETRIC_REPRESENTATION_CONTEXT() REPRESENTATION_CONTEXT('2D SPACE',''
  ) );
#13807 = PCURVE('',#13808,#13813);
#13808 = PLANE('',#13809);
#13809 = AXIS2_PLACEMENT_3D('',#13810,#13811,#13812);
#13810 = CARTESIAN_POINT('',(-567.,-861.,30.));
#13811 = DIRECTION('',(0.,0.,1.));
#13812 = DIRECTION('',(1.,0.,-0.));
#13813 = DEFINITIONAL_REPRESENTATION('',(#13814),#13818);
#13814 = LINE('',#13815,#13816);
#13815 = CARTESIAN_POINT('',(0.,0.));
#13816 = VECTOR('',#13817,1.);
#13817 = DIRECTION('',(0.,1.));
#13818 = ( GEOMETRIC_REPRESENTATION_CONTEXT(2) 
PARAMETRIC_REPRESENTATION_CONTEXT() REPRESENTATION_CONTEXT('2D SPACE',''
  ) );
#13819 = ADVANCED_FACE('',(#13820),#13726,.F.);
#13820 = FACE_BOUND('',#13821,.F.);
#13821 = EDGE_LOOP('',(#13822,#13845,#13846,#13869));
#13822 = ORIENTED_EDGE('',*,*,#13823,.F.);
#13823 = EDGE_CURVE('',#13704,#13824,#13826,.T.);
#13824 = VERTEX_POINT('',#13825);
#13825 = CARTESIAN_POINT('',(567.,-861.,0.));
#13826 = SURFACE_CURVE('',#13827,(#13831,#13838),.PCURVE_S1.);
#13827 = LINE('',#13828,#13829);
#13828 = CARTESIAN_POINT('',(-567.,-861.,0.));
#13829 = VECTOR('',#13830,1.);
#13830 = DIRECTION('',(1.,0.,-0.));
#13831 = PCURVE('',#13726,#13832);
#13832 = DEFINITIONAL_REPRESENTATION('',(#13833),#13837);
#13833 = LINE('',#13834,#13835);
#13834 = CARTESIAN_POINT('',(0.,0.));
#13835 = VECTOR('',#13836,1.);
#13836 = DIRECTION('',(0.,1.));
#13837 = ( GEOMETRIC_REPRESENTATION_CONTEXT(2) 
PARAMETRIC_REPRESENTATION_CONTEXT() REPRESENTATION_CONTEXT('2D SPACE',''
  ) );
#13838 = PCURVE('',#13754,#13839);
#13839 = DEFINITIONAL_REPRESENTATION('',(#13840),#13844);
#13840 = LINE('',#13841,#13842);
#13841 = CARTESIAN_POINT('',(0.,0.));
#13842 = VECTOR('',#13843,1.);
#13843 = DIRECTION('',(1.,0.));
#13844 = ( GEOMETRIC_REPRESENTATION_CONTEXT(2) 
PARAMETRIC_REPRESENTATION_CONTEXT() REPRESENTATION_CONTEXT('2D SPACE',''
  ) );
#13845 = ORIENTED_EDGE('',*,*,#13703,.T.);
#13846 = ORIENTED_EDGE('',*,*,#13847,.T.);
#13847 = EDGE_CURVE('',#13706,#13848,#13850,.T.);
#13848 = VERTEX_POINT('',#13849);
#13849 = CARTESIAN_POINT('',(567.,-861.,30.));
#13850 = SURFACE_CURVE('',#13851,(#13855,#13862),.PCURVE_S1.);
#13851 = LINE('',#13852,#13853);
#13852 = CARTESIAN_POINT('',(-567.,-861.,30.));
#13853 = VECTOR('',#13854,1.);
#13854 = DIRECTION('',(1.,0.,-0.));
#13855 = PCURVE('',#13726,#13856);
#13856 = DEFINITIONAL_REPRESENTATION('',(#13857),#13861);
#13857 = LINE('',#13858,#13859);
#13858 = CARTESIAN_POINT('',(30.,0.));
#13859 = VECTOR('',#13860,1.);
#13860 = DIRECTION('',(0.,1.));
#13861 = ( GEOMETRIC_REPRESENTATION_CONTEXT(2) 
PARAMETRIC_REPRESENTATION_CONTEXT() REPRESENTATION_CONTEXT('2D SPACE',''
  ) );
#13862 = PCURVE('',#13808,#13863);
#13863 = DEFINITIONAL_REPRESENTATION('',(#13864),#13868);
#13864 = LINE('',#13865,#13866);
#13865 = CARTESIAN_POINT('',(0.,0.));
#13866 = VECTOR('',#13867,1.);
#13867 = DIRECTION('',(1.,0.));
#13868 = ( GEOMETRIC_REPRESENTATION_CONTEXT(2) 
PARAMETRIC_REPRESENTATION_CONTEXT() REPRESENTATION_CONTEXT('2D SPACE',''
  ) );
#13869 = ORIENTED_EDGE('',*,*,#13870,.F.);
#13870 = EDGE_CURVE('',#13824,#13848,#13871,.T.);
#13871 = SURFACE_CURVE('',#13872,(#13876,#13883),.PCURVE_S1.);
#13872 = LINE('',#13873,#13874);
#13873 = CARTESIAN_POINT('',(567.,-861.,0.));
#13874 = VECTOR('',#13875,1.);
#13875 = DIRECTION('',(0.,0.,1.));
#13876 = PCURVE('',#13726,#13877);
#13877 = DEFINITIONAL_REPRESENTATION('',(#13878),#13882);
#13878 = LINE('',#13879,#13880);
#13879 = CARTESIAN_POINT('',(0.,1.134E+03));
#13880 = VECTOR('',#13881,1.);
#13881 = DIRECTION('',(1.,0.));
#13882 = ( GEOMETRIC_REPRESENTATION_CONTEXT(2) 
PARAMETRIC_REPRESENTATION_CONTEXT() REPRESENTATION_CONTEXT('2D SPACE',''
  ) );
#13883 = PCURVE('',#13884,#13889);
#13884 = PLANE('',#13885);
#13885 = AXIS2_PLACEMENT_3D('',#13886,#13887,#13888);
#13886 = CARTESIAN_POINT('',(567.,-861.,0.));
#13887 = DIRECTION('',(1.,0.,-0.));
#13888 = DIRECTION('',(0.,0.,1.));
#13889 = DEFINITIONAL_REPRESENTATION('',(#13890),#13894);
#13890 = LINE('',#13891,#13892);
#13891 = CARTESIAN_POINT('',(0.,0.));
#13892 = VECTOR('',#13893,1.);
#13893 = DIRECTION('',(1.,0.));
#13894 = ( GEOMETRIC_REPRESENTATION_CONTEXT(2) 
PARAMETRIC_REPRESENTATION_CONTEXT() REPRESENTATION_CONTEXT('2D SPACE',''
  ) );
#13895 = ADVANCED_FACE('',(#13896,#13944),#13808,.T.);
#13896 = FACE_BOUND('',#13897,.T.);
#13897 = EDGE_LOOP('',(#13898,#13899,#13900,#13923));
#13898 = ORIENTED_EDGE('',*,*,#13794,.F.);
#13899 = ORIENTED_EDGE('',*,*,#13847,.T.);
#13900 = ORIENTED_EDGE('',*,*,#13901,.T.);
#13901 = EDGE_CURVE('',#13848,#13902,#13904,.T.);
#13902 = VERTEX_POINT('',#13903);
#13903 = CARTESIAN_POINT('',(567.,861.,30.));
#13904 = SURFACE_CURVE('',#13905,(#13909,#13916),.PCURVE_S1.);
#13905 = LINE('',#13906,#13907);
#13906 = CARTESIAN_POINT('',(567.,-861.,30.));
#13907 = VECTOR('',#13908,1.);
#13908 = DIRECTION('',(-0.,1.,0.));
#13909 = PCURVE('',#13808,#13910);
#13910 = DEFINITIONAL_REPRESENTATION('',(#13911),#13915);
#13911 = LINE('',#13912,#13913);
#13912 = CARTESIAN_POINT('',(1.134E+03,0.));
#13913 = VECTOR('',#13914,1.);
#13914 = DIRECTION('',(0.,1.));
#13915 = ( GEOMETRIC_REPRESENTATION_CONTEXT(2) 
PARAMETRIC_REPRESENTATION_CONTEXT() REPRESENTATION_CONTEXT('2D SPACE',''
  ) );
#13916 = PCURVE('',#13884,#13917);
#13917 = DEFINITIONAL_REPRESENTATION('',(#13918),#13922);
#13918 = LINE('',#13919,#13920);
#13919 = CARTESIAN_POINT('',(30.,0.));
#13920 = VECTOR('',#13921,1.);
#13921 = DIRECTION('',(0.,-1.));
#13922 = ( GEOMETRIC_REPRESENTATION_CONTEXT(2) 
PARAMETRIC_REPRESENTATION_CONTEXT() REPRESENTATION_CONTEXT('2D SPACE',''
  ) );
#13923 = ORIENTED_EDGE('',*,*,#13924,.F.);
#13924 = EDGE_CURVE('',#13767,#13902,#13925,.T.);
#13925 = SURFACE_CURVE('',#13926,(#13930,#13937),.PCURVE_S1.);
#13926 = LINE('',#13927,#13928);
#13927 = CARTESIAN_POINT('',(-567.,861.,30.));
#13928 = VECTOR('',#13929,1.);
#13929 = DIRECTION('',(1.,0.,-0.));
#13930 = PCURVE('',#13808,#13931);
#13931 = DEFINITIONAL_REPRESENTATION('',(#13932),#13936);
#13932 = LINE('',#13933,#13934);
#13933 = CARTESIAN_POINT('',(0.,1.722E+03));
#13934 = VECTOR('',#13935,1.);
#13935 = DIRECTION('',(1.,0.));
#13936 = ( GEOMETRIC_REPRESENTATION_CONTEXT(2) 
PARAMETRIC_REPRESENTATION_CONTEXT() REPRESENTATION_CONTEXT('2D SPACE',''
  ) );
#13937 = PCURVE('',#13782,#13938);
#13938 = DEFINITIONAL_REPRESENTATION('',(#13939),#13943);
#13939 = LINE('',#13940,#13941);
#13940 = CARTESIAN_POINT('',(30.,0.));
#13941 = VECTOR('',#13942,1.);
#13942 = DIRECTION('',(0.,1.));
#13943 = ( GEOMETRIC_REPRESENTATION_CONTEXT(2) 
PARAMETRIC_REPRESENTATION_CONTEXT() REPRESENTATION_CONTEXT('2D SPACE',''
  ) );
#13944 = FACE_BOUND('',#13945,.T.);
#13945 = EDGE_LOOP('',(#13946,#13974,#14000,#14026));
#13946 = ORIENTED_EDGE('',*,*,#13947,.T.);
#13947 = EDGE_CURVE('',#13948,#13950,#13952,.T.);
#13948 = VERTEX_POINT('',#13949);
#13949 = CARTESIAN_POINT('',(532.,-826.,30.));
#13950 = VERTEX_POINT('',#13951);
#13951 = CARTESIAN_POINT('',(-532.,-826.,30.));
#13952 = SURFACE_CURVE('',#13953,(#13957,#13963),.PCURVE_S1.);
#13953 = LINE('',#13954,#13955);
#13954 = CARTESIAN_POINT('',(-549.5,-826.,30.));
#13955 = VECTOR('',#13956,1.);
#13956 = DIRECTION('',(-1.,-0.,0.));
#13957 = PCURVE('',#13808,#13958);
#13958 = DEFINITIONAL_REPRESENTATION('',(#13959),#13962);
#13959 = B_SPLINE_CURVE_WITH_KNOTS('',1,(#13960,#13961),.UNSPECIFIED.,
  .F.,.F.,(2,2),(-1.0815E+03,-17.5),.PIECEWISE_BEZIER_KNOTS.);
#13960 = CARTESIAN_POINT('',(1.099E+03,35.));
#13961 = CARTESIAN_POINT('',(35.,35.));
#13962 = ( GEOMETRIC_REPRESENTATION_CONTEXT(2) 
PARAMETRIC_REPRESENTATION_CONTEXT() REPRESENTATION_CONTEXT('2D SPACE',''
  ) );
#13963 = PCURVE('',#13964,#13969);
#13964 = PLANE('',#13965);
#13965 = AXIS2_PLACEMENT_3D('',#13966,#13967,#13968);
#13966 = CARTESIAN_POINT('',(-532.,-826.,4.));
#13967 = DIRECTION('',(-0.,1.,0.));
#13968 = DIRECTION('',(0.,0.,1.));
#13969 = DEFINITIONAL_REPRESENTATION('',(#13970),#13973);
#13970 = B_SPLINE_CURVE_WITH_KNOTS('',1,(#13971,#13972),.UNSPECIFIED.,
  .F.,.F.,(2,2),(-1.0815E+03,-17.5),.PIECEWISE_BEZIER_KNOTS.);
#13971 = CARTESIAN_POINT('',(26.,1.064E+03));
#13972 = CARTESIAN_POINT('',(26.,0.));
#13973 = ( GEOMETRIC_REPRESENTATION_CONTEXT(2) 
PARAMETRIC_REPRESENTATION_CONTEXT() REPRESENTATION_CONTEXT('2D SPACE',''
  ) );
#13974 = ORIENTED_EDGE('',*,*,#13975,.T.);
#13975 = EDGE_CURVE('',#13950,#13976,#13978,.T.);
#13976 = VERTEX_POINT('',#13977);
#13977 = CARTESIAN_POINT('',(-532.,826.,30.));
#13978 = SURFACE_CURVE('',#13979,(#13983,#13989),.PCURVE_S1.);
#13979 = LINE('',#13980,#13981);
#13980 = CARTESIAN_POINT('',(-532.,-843.5,30.));
#13981 = VECTOR('',#13982,1.);
#13982 = DIRECTION('',(-0.,1.,0.));
#13983 = PCURVE('',#13808,#13984);
#13984 = DEFINITIONAL_REPRESENTATION('',(#13985),#13988);
#13985 = B_SPLINE_CURVE_WITH_KNOTS('',1,(#13986,#13987),.UNSPECIFIED.,
  .F.,.F.,(2,2),(17.5,1.6695E+03),.PIECEWISE_BEZIER_KNOTS.);
#13986 = CARTESIAN_POINT('',(35.,35.));
#13987 = CARTESIAN_POINT('',(35.,1.687E+03));
#13988 = ( GEOMETRIC_REPRESENTATION_CONTEXT(2) 
PARAMETRIC_REPRESENTATION_CONTEXT() REPRESENTATION_CONTEXT('2D SPACE',''
  ) );
#13989 = PCURVE('',#13990,#13995);
#13990 = PLANE('',#13991);
#13991 = AXIS2_PLACEMENT_3D('',#13992,#13993,#13994);
#13992 = CARTESIAN_POINT('',(-532.,-826.,4.));
#13993 = DIRECTION('',(1.,0.,-0.));
#13994 = DIRECTION('',(0.,0.,1.));
#13995 = DEFINITIONAL_REPRESENTATION('',(#13996),#13999);
#13996 = B_SPLINE_CURVE_WITH_KNOTS('',1,(#13997,#13998),.UNSPECIFIED.,
  .F.,.F.,(2,2),(17.5,1.6695E+03),.PIECEWISE_BEZIER_KNOTS.);
#13997 = CARTESIAN_POINT('',(26.,0.));
#13998 = CARTESIAN_POINT('',(26.,-1.652E+03));
#13999 = ( GEOMETRIC_REPRESENTATION_CONTEXT(2) 
PARAMETRIC_REPRESENTATION_CONTEXT() REPRESENTATION_CONTEXT('2D SPACE',''
  ) );
#14000 = ORIENTED_EDGE('',*,*,#14001,.F.);
#14001 = EDGE_CURVE('',#14002,#13976,#14004,.T.);
#14002 = VERTEX_POINT('',#14003);
#14003 = CARTESIAN_POINT('',(532.,826.,30.));
#14004 = SURFACE_CURVE('',#14005,(#14009,#14015),.PCURVE_S1.);
#14005 = LINE('',#14006,#14007);
#14006 = CARTESIAN_POINT('',(-549.5,826.,30.));
#14007 = VECTOR('',#14008,1.);
#14008 = DIRECTION('',(-1.,-0.,0.));
#14009 = PCURVE('',#13808,#14010);
#14010 = DEFINITIONAL_REPRESENTATION('',(#14011),#14014);
#14011 = B_SPLINE_CURVE_WITH_KNOTS('',1,(#14012,#14013),.UNSPECIFIED.,
  .F.,.F.,(2,2),(-1.0815E+03,-17.5),.PIECEWISE_BEZIER_KNOTS.);
#14012 = CARTESIAN_POINT('',(1.099E+03,1.687E+03));
#14013 = CARTESIAN_POINT('',(35.,1.687E+03));
#14014 = ( GEOMETRIC_REPRESENTATION_CONTEXT(2) 
PARAMETRIC_REPRESENTATION_CONTEXT() REPRESENTATION_CONTEXT('2D SPACE',''
  ) );
#14015 = PCURVE('',#14016,#14021);
#14016 = PLANE('',#14017);
#14017 = AXIS2_PLACEMENT_3D('',#14018,#14019,#14020);
#14018 = CARTESIAN_POINT('',(-532.,826.,4.));
#14019 = DIRECTION('',(-0.,1.,0.));
#14020 = DIRECTION('',(0.,0.,1.));
#14021 = DEFINITIONAL_REPRESENTATION('',(#14022),#14025);
#14022 = B_SPLINE_CURVE_WITH_KNOTS('',1,(#14023,#14024),.UNSPECIFIED.,
  .F.,.F.,(2,2),(-1.0815E+03,-17.5),.PIECEWISE_BEZIER_KNOTS.);
#14023 = CARTESIAN_POINT('',(26.,1.064E+03));
#14024 = CARTESIAN_POINT('',(26.,0.));
#14025 = ( GEOMETRIC_REPRESENTATION_CONTEXT(2) 
PARAMETRIC_REPRESENTATION_CONTEXT() REPRESENTATION_CONTEXT('2D SPACE',''
  ) );
#14026 = ORIENTED_EDGE('',*,*,#14027,.F.);
#14027 = EDGE_CURVE('',#13948,#14002,#14028,.T.);
#14028 = SURFACE_CURVE('',#14029,(#14033,#14039),.PCURVE_S1.);
#14029 = LINE('',#14030,#14031);
#14030 = CARTESIAN_POINT('',(532.,-843.5,30.));
#14031 = VECTOR('',#14032,1.);
#14032 = DIRECTION('',(-0.,1.,0.));
#14033 = PCURVE('',#13808,#14034);
#14034 = DEFINITIONAL_REPRESENTATION('',(#14035),#14038);
#14035 = B_SPLINE_CURVE_WITH_KNOTS('',1,(#14036,#14037),.UNSPECIFIED.,
  .F.,.F.,(2,2),(17.5,1.6695E+03),.PIECEWISE_BEZIER_KNOTS.);
#14036 = CARTESIAN_POINT('',(1.099E+03,35.));
#14037 = CARTESIAN_POINT('',(1.099E+03,1.687E+03));
#14038 = ( GEOMETRIC_REPRESENTATION_CONTEXT(2) 
PARAMETRIC_REPRESENTATION_CONTEXT() REPRESENTATION_CONTEXT('2D SPACE',''
  ) );
#14039 = PCURVE('',#14040,#14045);
#14040 = PLANE('',#14041);
#14041 = AXIS2_PLACEMENT_3D('',#14042,#14043,#14044);
#14042 = CARTESIAN_POINT('',(532.,-826.,4.));
#14043 = DIRECTION('',(1.,0.,-0.));
#14044 = DIRECTION('',(0.,0.,1.));
#14045 = DEFINITIONAL_REPRESENTATION('',(#14046),#14049);
#14046 = B_SPLINE_CURVE_WITH_KNOTS('',1,(#14047,#14048),.UNSPECIFIED.,
  .F.,.F.,(2,2),(17.5,1.6695E+03),.PIECEWISE_BEZIER_KNOTS.);
#14047 = CARTESIAN_POINT('',(26.,0.));
#14048 = CARTESIAN_POINT('',(26.,-1.652E+03));
#14049 = ( GEOMETRIC_REPRESENTATION_CONTEXT(2) 
PARAMETRIC_REPRESENTATION_CONTEXT() REPRESENTATION_CONTEXT('2D SPACE',''
  ) );
#14050 = ADVANCED_FACE('',(#14051),#13782,.T.);
#14051 = FACE_BOUND('',#14052,.T.);
#14052 = EDGE_LOOP('',(#14053,#14076,#14077,#14078));
#14053 = ORIENTED_EDGE('',*,*,#14054,.F.);
#14054 = EDGE_CURVE('',#13739,#14055,#14057,.T.);
#14055 = VERTEX_POINT('',#14056);
#14056 = CARTESIAN_POINT('',(567.,861.,0.));
#14057 = SURFACE_CURVE('',#14058,(#14062,#14069),.PCURVE_S1.);
#14058 = LINE('',#14059,#14060);
#14059 = CARTESIAN_POINT('',(-567.,861.,0.));
#14060 = VECTOR('',#14061,1.);
#14061 = DIRECTION('',(1.,0.,-0.));
#14062 = PCURVE('',#13782,#14063);
#14063 = DEFINITIONAL_REPRESENTATION('',(#14064),#14068);
#14064 = LINE('',#14065,#14066);
#14065 = CARTESIAN_POINT('',(0.,0.));
#14066 = VECTOR('',#14067,1.);
#14067 = DIRECTION('',(0.,1.));
#14068 = ( GEOMETRIC_REPRESENTATION_CONTEXT(2) 
PARAMETRIC_REPRESENTATION_CONTEXT() REPRESENTATION_CONTEXT('2D SPACE',''
  ) );
#14069 = PCURVE('',#13754,#14070);
#14070 = DEFINITIONAL_REPRESENTATION('',(#14071),#14075);
#14071 = LINE('',#14072,#14073);
#14072 = CARTESIAN_POINT('',(0.,1.722E+03));
#14073 = VECTOR('',#14074,1.);
#14074 = DIRECTION('',(1.,0.));
#14075 = ( GEOMETRIC_REPRESENTATION_CONTEXT(2) 
PARAMETRIC_REPRESENTATION_CONTEXT() REPRESENTATION_CONTEXT('2D SPACE',''
  ) );
#14076 = ORIENTED_EDGE('',*,*,#13766,.T.);
#14077 = ORIENTED_EDGE('',*,*,#13924,.T.);
#14078 = ORIENTED_EDGE('',*,*,#14079,.F.);
#14079 = EDGE_CURVE('',#14055,#13902,#14080,.T.);
#14080 = SURFACE_CURVE('',#14081,(#14085,#14092),.PCURVE_S1.);
#14081 = LINE('',#14082,#14083);
#14082 = CARTESIAN_POINT('',(567.,861.,0.));
#14083 = VECTOR('',#14084,1.);
#14084 = DIRECTION('',(0.,0.,1.));
#14085 = PCURVE('',#13782,#14086);
#14086 = DEFINITIONAL_REPRESENTATION('',(#14087),#14091);
#14087 = LINE('',#14088,#14089);
#14088 = CARTESIAN_POINT('',(0.,1.134E+03));
#14089 = VECTOR('',#14090,1.);
#14090 = DIRECTION('',(1.,0.));
#14091 = ( GEOMETRIC_REPRESENTATION_CONTEXT(2) 
PARAMETRIC_REPRESENTATION_CONTEXT() REPRESENTATION_CONTEXT('2D SPACE',''
  ) );
#14092 = PCURVE('',#13884,#14093);
#14093 = DEFINITIONAL_REPRESENTATION('',(#14094),#14098);
#14094 = LINE('',#14095,#14096);
#14095 = CARTESIAN_POINT('',(0.,-1.722E+03));
#14096 = VECTOR('',#14097,1.);
#14097 = DIRECTION('',(1.,0.));
#14098 = ( GEOMETRIC_REPRESENTATION_CONTEXT(2) 
PARAMETRIC_REPRESENTATION_CONTEXT() REPRESENTATION_CONTEXT('2D SPACE',''
  ) );
#14099 = ADVANCED_FACE('',(#14100),#13754,.F.);
#14100 = FACE_BOUND('',#14101,.F.);
#14101 = EDGE_LOOP('',(#14102,#14103,#14104,#14125));
#14102 = ORIENTED_EDGE('',*,*,#13738,.F.);
#14103 = ORIENTED_EDGE('',*,*,#13823,.T.);
#14104 = ORIENTED_EDGE('',*,*,#14105,.T.);
#14105 = EDGE_CURVE('',#13824,#14055,#14106,.T.);
#14106 = SURFACE_CURVE('',#14107,(#14111,#14118),.PCURVE_S1.);
#14107 = LINE('',#14108,#14109);
#14108 = CARTESIAN_POINT('',(567.,-861.,0.));
#14109 = VECTOR('',#14110,1.);
#14110 = DIRECTION('',(-0.,1.,0.));
#14111 = PCURVE('',#13754,#14112);
#14112 = DEFINITIONAL_REPRESENTATION('',(#14113),#14117);
#14113 = LINE('',#14114,#14115);
#14114 = CARTESIAN_POINT('',(1.134E+03,0.));
#14115 = VECTOR('',#14116,1.);
#14116 = DIRECTION('',(0.,1.));
#14117 = ( GEOMETRIC_REPRESENTATION_CONTEXT(2) 
PARAMETRIC_REPRESENTATION_CONTEXT() REPRESENTATION_CONTEXT('2D SPACE',''
  ) );
#14118 = PCURVE('',#13884,#14119);
#14119 = DEFINITIONAL_REPRESENTATION('',(#14120),#14124);
#14120 = LINE('',#14121,#14122);
#14121 = CARTESIAN_POINT('',(0.,0.));
#14122 = VECTOR('',#14123,1.);
#14123 = DIRECTION('',(0.,-1.));
#14124 = ( GEOMETRIC_REPRESENTATION_CONTEXT(2) 
PARAMETRIC_REPRESENTATION_CONTEXT() REPRESENTATION_CONTEXT('2D SPACE',''
  ) );
#14125 = ORIENTED_EDGE('',*,*,#14054,.F.);
#14126 = ADVANCED_FACE('',(#14127),#13884,.T.);
#14127 = FACE_BOUND('',#14128,.T.);
#14128 = EDGE_LOOP('',(#14129,#14130,#14131,#14132));
#14129 = ORIENTED_EDGE('',*,*,#13870,.F.);
#14130 = ORIENTED_EDGE('',*,*,#14105,.T.);
#14131 = ORIENTED_EDGE('',*,*,#14079,.T.);
#14132 = ORIENTED_EDGE('',*,*,#13901,.F.);
#14133 = ADVANCED_FACE('',(#14134),#13964,.T.);
#14134 = FACE_BOUND('',#14135,.T.);
#14135 = EDGE_LOOP('',(#14136,#14159,#14187,#14208));
#14136 = ORIENTED_EDGE('',*,*,#14137,.F.);
#14137 = EDGE_CURVE('',#14138,#13948,#14140,.T.);
#14138 = VERTEX_POINT('',#14139);
#14139 = CARTESIAN_POINT('',(532.,-826.,4.));
#14140 = SURFACE_CURVE('',#14141,(#14145,#14152),.PCURVE_S1.);
#14141 = LINE('',#14142,#14143);
#14142 = CARTESIAN_POINT('',(532.,-826.,4.));
#14143 = VECTOR('',#14144,1.);
#14144 = DIRECTION('',(0.,0.,1.));
#14145 = PCURVE('',#13964,#14146);
#14146 = DEFINITIONAL_REPRESENTATION('',(#14147),#14151);
#14147 = LINE('',#14148,#14149);
#14148 = CARTESIAN_POINT('',(0.,1.064E+03));
#14149 = VECTOR('',#14150,1.);
#14150 = DIRECTION('',(1.,0.));
#14151 = ( GEOMETRIC_REPRESENTATION_CONTEXT(2) 
PARAMETRIC_REPRESENTATION_CONTEXT() REPRESENTATION_CONTEXT('2D SPACE',''
  ) );
#14152 = PCURVE('',#14040,#14153);
#14153 = DEFINITIONAL_REPRESENTATION('',(#14154),#14158);
#14154 = LINE('',#14155,#14156);
#14155 = CARTESIAN_POINT('',(0.,0.));
#14156 = VECTOR('',#14157,1.);
#14157 = DIRECTION('',(1.,0.));
#14158 = ( GEOMETRIC_REPRESENTATION_CONTEXT(2) 
PARAMETRIC_REPRESENTATION_CONTEXT() REPRESENTATION_CONTEXT('2D SPACE',''
  ) );
#14159 = ORIENTED_EDGE('',*,*,#14160,.F.);
#14160 = EDGE_CURVE('',#14161,#14138,#14163,.T.);
#14161 = VERTEX_POINT('',#14162);
#14162 = CARTESIAN_POINT('',(-532.,-826.,4.));
#14163 = SURFACE_CURVE('',#14164,(#14168,#14175),.PCURVE_S1.);
#14164 = LINE('',#14165,#14166);
#14165 = CARTESIAN_POINT('',(-532.,-826.,4.));
#14166 = VECTOR('',#14167,1.);
#14167 = DIRECTION('',(1.,0.,-0.));
#14168 = PCURVE('',#13964,#14169);
#14169 = DEFINITIONAL_REPRESENTATION('',(#14170),#14174);
#14170 = LINE('',#14171,#14172);
#14171 = CARTESIAN_POINT('',(0.,0.));
#14172 = VECTOR('',#14173,1.);
#14173 = DIRECTION('',(0.,1.));
#14174 = ( GEOMETRIC_REPRESENTATION_CONTEXT(2) 
PARAMETRIC_REPRESENTATION_CONTEXT() REPRESENTATION_CONTEXT('2D SPACE',''
  ) );
#14175 = PCURVE('',#14176,#14181);
#14176 = PLANE('',#14177);
#14177 = AXIS2_PLACEMENT_3D('',#14178,#14179,#14180);
#14178 = CARTESIAN_POINT('',(-532.,-826.,4.));
#14179 = DIRECTION('',(0.,0.,1.));
#14180 = DIRECTION('',(1.,0.,-0.));
#14181 = DEFINITIONAL_REPRESENTATION('',(#14182),#14186);
#14182 = LINE('',#14183,#14184);
#14183 = CARTESIAN_POINT('',(0.,0.));
#14184 = VECTOR('',#14185,1.);
#14185 = DIRECTION('',(1.,0.));
#14186 = ( GEOMETRIC_REPRESENTATION_CONTEXT(2) 
PARAMETRIC_REPRESENTATION_CONTEXT() REPRESENTATION_CONTEXT('2D SPACE',''
  ) );
#14187 = ORIENTED_EDGE('',*,*,#14188,.T.);
#14188 = EDGE_CURVE('',#14161,#13950,#14189,.T.);
#14189 = SURFACE_CURVE('',#14190,(#14194,#14201),.PCURVE_S1.);
#14190 = LINE('',#14191,#14192);
#14191 = CARTESIAN_POINT('',(-532.,-826.,4.));
#14192 = VECTOR('',#14193,1.);
#14193 = DIRECTION('',(0.,0.,1.));
#14194 = PCURVE('',#13964,#14195);
#14195 = DEFINITIONAL_REPRESENTATION('',(#14196),#14200);
#14196 = LINE('',#14197,#14198);
#14197 = CARTESIAN_POINT('',(0.,0.));
#14198 = VECTOR('',#14199,1.);
#14199 = DIRECTION('',(1.,0.));
#14200 = ( GEOMETRIC_REPRESENTATION_CONTEXT(2) 
PARAMETRIC_REPRESENTATION_CONTEXT() REPRESENTATION_CONTEXT('2D SPACE',''
  ) );
#14201 = PCURVE('',#13990,#14202);
#14202 = DEFINITIONAL_REPRESENTATION('',(#14203),#14207);
#14203 = LINE('',#14204,#14205);
#14204 = CARTESIAN_POINT('',(0.,0.));
#14205 = VECTOR('',#14206,1.);
#14206 = DIRECTION('',(1.,0.));
#14207 = ( GEOMETRIC_REPRESENTATION_CONTEXT(2) 
PARAMETRIC_REPRESENTATION_CONTEXT() REPRESENTATION_CONTEXT('2D SPACE',''
  ) );
#14208 = ORIENTED_EDGE('',*,*,#13947,.F.);
#14209 = ADVANCED_FACE('',(#14210),#14040,.F.);
#14210 = FACE_BOUND('',#14211,.F.);
#14211 = EDGE_LOOP('',(#14212,#14213,#14236,#14257));
#14212 = ORIENTED_EDGE('',*,*,#14137,.F.);
#14213 = ORIENTED_EDGE('',*,*,#14214,.T.);
#14214 = EDGE_CURVE('',#14138,#14215,#14217,.T.);
#14215 = VERTEX_POINT('',#14216);
#14216 = CARTESIAN_POINT('',(532.,826.,4.));
#14217 = SURFACE_CURVE('',#14218,(#14222,#14229),.PCURVE_S1.);
#14218 = LINE('',#14219,#14220);
#14219 = CARTESIAN_POINT('',(532.,-826.,4.));
#14220 = VECTOR('',#14221,1.);
#14221 = DIRECTION('',(-0.,1.,0.));
#14222 = PCURVE('',#14040,#14223);
#14223 = DEFINITIONAL_REPRESENTATION('',(#14224),#14228);
#14224 = LINE('',#14225,#14226);
#14225 = CARTESIAN_POINT('',(0.,0.));
#14226 = VECTOR('',#14227,1.);
#14227 = DIRECTION('',(0.,-1.));
#14228 = ( GEOMETRIC_REPRESENTATION_CONTEXT(2) 
PARAMETRIC_REPRESENTATION_CONTEXT() REPRESENTATION_CONTEXT('2D SPACE',''
  ) );
#14229 = PCURVE('',#14176,#14230);
#14230 = DEFINITIONAL_REPRESENTATION('',(#14231),#14235);
#14231 = LINE('',#14232,#14233);
#14232 = CARTESIAN_POINT('',(1.064E+03,0.));
#14233 = VECTOR('',#14234,1.);
#14234 = DIRECTION('',(0.,1.));
#14235 = ( GEOMETRIC_REPRESENTATION_CONTEXT(2) 
PARAMETRIC_REPRESENTATION_CONTEXT() REPRESENTATION_CONTEXT('2D SPACE',''
  ) );
#14236 = ORIENTED_EDGE('',*,*,#14237,.T.);
#14237 = EDGE_CURVE('',#14215,#14002,#14238,.T.);
#14238 = SURFACE_CURVE('',#14239,(#14243,#14250),.PCURVE_S1.);
#14239 = LINE('',#14240,#14241);
#14240 = CARTESIAN_POINT('',(532.,826.,4.));
#14241 = VECTOR('',#14242,1.);
#14242 = DIRECTION('',(0.,0.,1.));
#14243 = PCURVE('',#14040,#14244);
#14244 = DEFINITIONAL_REPRESENTATION('',(#14245),#14249);
#14245 = LINE('',#14246,#14247);
#14246 = CARTESIAN_POINT('',(0.,-1.652E+03));
#14247 = VECTOR('',#14248,1.);
#14248 = DIRECTION('',(1.,0.));
#14249 = ( GEOMETRIC_REPRESENTATION_CONTEXT(2) 
PARAMETRIC_REPRESENTATION_CONTEXT() REPRESENTATION_CONTEXT('2D SPACE',''
  ) );
#14250 = PCURVE('',#14016,#14251);
#14251 = DEFINITIONAL_REPRESENTATION('',(#14252),#14256);
#14252 = LINE('',#14253,#14254);
#14253 = CARTESIAN_POINT('',(0.,1.064E+03));
#14254 = VECTOR('',#14255,1.);
#14255 = DIRECTION('',(1.,0.));
#14256 = ( GEOMETRIC_REPRESENTATION_CONTEXT(2) 
PARAMETRIC_REPRESENTATION_CONTEXT() REPRESENTATION_CONTEXT('2D SPACE',''
  ) );
#14257 = ORIENTED_EDGE('',*,*,#14027,.F.);
#14258 = ADVANCED_FACE('',(#14259),#14016,.F.);
#14259 = FACE_BOUND('',#14260,.F.);
#14260 = EDGE_LOOP('',(#14261,#14262,#14285,#14306));
#14261 = ORIENTED_EDGE('',*,*,#14237,.F.);
#14262 = ORIENTED_EDGE('',*,*,#14263,.F.);
#14263 = EDGE_CURVE('',#14264,#14215,#14266,.T.);
#14264 = VERTEX_POINT('',#14265);
#14265 = CARTESIAN_POINT('',(-532.,826.,4.));
#14266 = SURFACE_CURVE('',#14267,(#14271,#14278),.PCURVE_S1.);
#14267 = LINE('',#14268,#14269);
#14268 = CARTESIAN_POINT('',(-532.,826.,4.));
#14269 = VECTOR('',#14270,1.);
#14270 = DIRECTION('',(1.,0.,-0.));
#14271 = PCURVE('',#14016,#14272);
#14272 = DEFINITIONAL_REPRESENTATION('',(#14273),#14277);
#14273 = LINE('',#14274,#14275);
#14274 = CARTESIAN_POINT('',(0.,0.));
#14275 = VECTOR('',#14276,1.);
#14276 = DIRECTION('',(0.,1.));
#14277 = ( GEOMETRIC_REPRESENTATION_CONTEXT(2) 
PARAMETRIC_REPRESENTATION_CONTEXT() REPRESENTATION_CONTEXT('2D SPACE',''
  ) );
#14278 = PCURVE('',#14176,#14279);
#14279 = DEFINITIONAL_REPRESENTATION('',(#14280),#14284);
#14280 = LINE('',#14281,#14282);
#14281 = CARTESIAN_POINT('',(0.,1.652E+03));
#14282 = VECTOR('',#14283,1.);
#14283 = DIRECTION('',(1.,0.));
#14284 = ( GEOMETRIC_REPRESENTATION_CONTEXT(2) 
PARAMETRIC_REPRESENTATION_CONTEXT() REPRESENTATION_CONTEXT('2D SPACE',''
  ) );
#14285 = ORIENTED_EDGE('',*,*,#14286,.T.);
#14286 = EDGE_CURVE('',#14264,#13976,#14287,.T.);
#14287 = SURFACE_CURVE('',#14288,(#14292,#14299),.PCURVE_S1.);
#14288 = LINE('',#14289,#14290);
#14289 = CARTESIAN_POINT('',(-532.,826.,4.));
#14290 = VECTOR('',#14291,1.);
#14291 = DIRECTION('',(0.,0.,1.));
#14292 = PCURVE('',#14016,#14293);
#14293 = DEFINITIONAL_REPRESENTATION('',(#14294),#14298);
#14294 = LINE('',#14295,#14296);
#14295 = CARTESIAN_POINT('',(0.,0.));
#14296 = VECTOR('',#14297,1.);
#14297 = DIRECTION('',(1.,0.));
#14298 = ( GEOMETRIC_REPRESENTATION_CONTEXT(2) 
PARAMETRIC_REPRESENTATION_CONTEXT() REPRESENTATION_CONTEXT('2D SPACE',''
  ) );
#14299 = PCURVE('',#13990,#14300);
#14300 = DEFINITIONAL_REPRESENTATION('',(#14301),#14305);
#14301 = LINE('',#14302,#14303);
#14302 = CARTESIAN_POINT('',(0.,-1.652E+03));
#14303 = VECTOR('',#14304,1.);
#14304 = DIRECTION('',(1.,0.));
#14305 = ( GEOMETRIC_REPRESENTATION_CONTEXT(2) 
PARAMETRIC_REPRESENTATION_CONTEXT() REPRESENTATION_CONTEXT('2D SPACE',''
  ) );
#14306 = ORIENTED_EDGE('',*,*,#14001,.F.);
#14307 = ADVANCED_FACE('',(#14308),#13990,.T.);
#14308 = FACE_BOUND('',#14309,.T.);
#14309 = EDGE_LOOP('',(#14310,#14311,#14332,#14333));
#14310 = ORIENTED_EDGE('',*,*,#14188,.F.);
#14311 = ORIENTED_EDGE('',*,*,#14312,.T.);
#14312 = EDGE_CURVE('',#14161,#14264,#14313,.T.);
#14313 = SURFACE_CURVE('',#14314,(#14318,#14325),.PCURVE_S1.);
#14314 = LINE('',#14315,#14316);
#14315 = CARTESIAN_POINT('',(-532.,-826.,4.));
#14316 = VECTOR('',#14317,1.);
#14317 = DIRECTION('',(-0.,1.,0.));
#14318 = PCURVE('',#13990,#14319);
#14319 = DEFINITIONAL_REPRESENTATION('',(#14320),#14324);
#14320 = LINE('',#14321,#14322);
#14321 = CARTESIAN_POINT('',(0.,0.));
#14322 = VECTOR('',#14323,1.);
#14323 = DIRECTION('',(0.,-1.));
#14324 = ( GEOMETRIC_REPRESENTATION_CONTEXT(2) 
PARAMETRIC_REPRESENTATION_CONTEXT() REPRESENTATION_CONTEXT('2D SPACE',''
  ) );
#14325 = PCURVE('',#14176,#14326);
#14326 = DEFINITIONAL_REPRESENTATION('',(#14327),#14331);
#14327 = LINE('',#14328,#14329);
#14328 = CARTESIAN_POINT('',(0.,0.));
#14329 = VECTOR('',#14330,1.);
#14330 = DIRECTION('',(0.,1.));
#14331 = ( GEOMETRIC_REPRESENTATION_CONTEXT(2) 
PARAMETRIC_REPRESENTATION_CONTEXT() REPRESENTATION_CONTEXT('2D SPACE',''
  ) );
#14332 = ORIENTED_EDGE('',*,*,#14286,.T.);
#14333 = ORIENTED_EDGE('',*,*,#13975,.F.);
#14334 = ADVANCED_FACE('',(#14335),#14176,.T.);
#14335 = FACE_BOUND('',#14336,.T.);
#14336 = EDGE_LOOP('',(#14337,#14338,#14339,#14340));
#14337 = ORIENTED_EDGE('',*,*,#14312,.F.);
#14338 = ORIENTED_EDGE('',*,*,#14160,.T.);
#14339 = ORIENTED_EDGE('',*,*,#14214,.T.);
#14340 = ORIENTED_EDGE('',*,*,#14263,.F.);
#14341 = ( GEOMETRIC_REPRESENTATION_CONTEXT(3) 
GLOBAL_UNCERTAINTY_ASSIGNED_CONTEXT((#14345)) 
GLOBAL_UNIT_ASSIGNED_CONTEXT((#14342,#14343,#14344)) 
REPRESENTATION_CONTEXT('Context #1',
  '3D Context with UNIT and UNCERTAINTY') );
#14342 = ( LENGTH_UNIT() NAMED_UNIT(*) SI_UNIT(.MILLI.,.METRE.) );
#14343 = ( NAMED_UNIT(*) PLANE_ANGLE_UNIT() SI_UNIT($,.RADIAN.) );
#14344 = ( NAMED_UNIT(*) SI_UNIT($,.STERADIAN.) SOLID_ANGLE_UNIT() );
#14345 = UNCERTAINTY_MEASURE_WITH_UNIT(LENGTH_MEASURE(1.E-07),#14342,
  'distance_accuracy_value','confusion accuracy');
#14346 = CONTEXT_DEPENDENT_SHAPE_REPRESENTATION(#14347,#14349);
#14347 = ( REPRESENTATION_RELATIONSHIP('','',#13696,#10) 
REPRESENTATION_RELATIONSHIP_WITH_TRANSFORMATION(#14348) 
SHAPE_REPRESENTATION_RELATIONSHIP() );
#14348 = ITEM_DEFINED_TRANSFORMATION('','',#11,#127);
#14349 = PRODUCT_DEFINITION_SHAPE('Placement','Placement of an item',
  #14350);
#14350 = NEXT_ASSEMBLY_USAGE_OCCURRENCE('63','metal.113','',#5,#13691,$
  );
#14351 = PRODUCT_RELATED_PRODUCT_CATEGORY('part',$,(#13693));
#14352 = SHAPE_DEFINITION_REPRESENTATION(#14353,#14359);
#14353 = PRODUCT_DEFINITION_SHAPE('','',#14354);
#14354 = PRODUCT_DEFINITION('design','',#14355,#14358);
#14355 = PRODUCT_DEFINITION_FORMATION('','',#14356);
#14356 = PRODUCT('cell.13','cell.13','',(#14357));
#14357 = PRODUCT_CONTEXT('',#2,'mechanical');
#14358 = PRODUCT_DEFINITION_CONTEXT('part definition',#2,'design');
#14359 = ADVANCED_BREP_SHAPE_REPRESENTATION('',(#11,#14360),#14690);
#14360 = MANIFOLD_SOLID_BREP('',#14361);
#14361 = CLOSED_SHELL('',(#14362,#14482,#14582,#14629,#14676,#14683));
#14362 = ADVANCED_FACE('',(#14363),#14377,.F.);
#14363 = FACE_BOUND('',#14364,.F.);
#14364 = EDGE_LOOP('',(#14365,#14400,#14428,#14456));
#14365 = ORIENTED_EDGE('',*,*,#14366,.F.);
#14366 = EDGE_CURVE('',#14367,#14369,#14371,.T.);
#14367 = VERTEX_POINT('',#14368);
#14368 = CARTESIAN_POINT('',(-532.5,-826.5,0.));
#14369 = VERTEX_POINT('',#14370);
#14370 = CARTESIAN_POINT('',(-532.5,-826.5,4.));
#14371 = SURFACE_CURVE('',#14372,(#14376,#14388),.PCURVE_S1.);
#14372 = LINE('',#14373,#14374);
#14373 = CARTESIAN_POINT('',(-532.5,-826.5,0.));
#14374 = VECTOR('',#14375,1.);
#14375 = DIRECTION('',(0.,0.,1.));
#14376 = PCURVE('',#14377,#14382);
#14377 = PLANE('',#14378);
#14378 = AXIS2_PLACEMENT_3D('',#14379,#14380,#14381);
#14379 = CARTESIAN_POINT('',(-532.5,-826.5,0.));
#14380 = DIRECTION('',(1.,0.,-0.));
#14381 = DIRECTION('',(0.,0.,1.));
#14382 = DEFINITIONAL_REPRESENTATION('',(#14383),#14387);
#14383 = LINE('',#14384,#14385);
#14384 = CARTESIAN_POINT('',(0.,0.));
#14385 = VECTOR('',#14386,1.);
#14386 = DIRECTION('',(1.,0.));
#14387 = ( GEOMETRIC_REPRESENTATION_CONTEXT(2) 
PARAMETRIC_REPRESENTATION_CONTEXT() REPRESENTATION_CONTEXT('2D SPACE',''
  ) );
#14388 = PCURVE('',#14389,#14394);
#14389 = PLANE('',#14390);
#14390 = AXIS2_PLACEMENT_3D('',#14391,#14392,#14393);
#14391 = CARTESIAN_POINT('',(-532.5,-826.5,0.));
#14392 = DIRECTION('',(-0.,1.,0.));
#14393 = DIRECTION('',(0.,0.,1.));
#14394 = DEFINITIONAL_REPRESENTATION('',(#14395),#14399);
#14395 = LINE('',#14396,#14397);
#14396 = CARTESIAN_POINT('',(0.,0.));
#14397 = VECTOR('',#14398,1.);
#14398 = DIRECTION('',(1.,0.));
#14399 = ( GEOMETRIC_REPRESENTATION_CONTEXT(2) 
PARAMETRIC_REPRESENTATION_CONTEXT() REPRESENTATION_CONTEXT('2D SPACE',''
  ) );
#14400 = ORIENTED_EDGE('',*,*,#14401,.T.);
#14401 = EDGE_CURVE('',#14367,#14402,#14404,.T.);
#14402 = VERTEX_POINT('',#14403);
#14403 = CARTESIAN_POINT('',(-532.5,826.5,0.));
#14404 = SURFACE_CURVE('',#14405,(#14409,#14416),.PCURVE_S1.);
#14405 = LINE('',#14406,#14407);
#14406 = CARTESIAN_POINT('',(-532.5,-826.5,0.));
#14407 = VECTOR('',#14408,1.);
#14408 = DIRECTION('',(-0.,1.,0.));
#14409 = PCURVE('',#14377,#14410);
#14410 = DEFINITIONAL_REPRESENTATION('',(#14411),#14415);
#14411 = LINE('',#14412,#14413);
#14412 = CARTESIAN_POINT('',(0.,0.));
#14413 = VECTOR('',#14414,1.);
#14414 = DIRECTION('',(0.,-1.));
#14415 = ( GEOMETRIC_REPRESENTATION_CONTEXT(2) 
PARAMETRIC_REPRESENTATION_CONTEXT() REPRESENTATION_CONTEXT('2D SPACE',''
  ) );
#14416 = PCURVE('',#14417,#14422);
#14417 = PLANE('',#14418);
#14418 = AXIS2_PLACEMENT_3D('',#14419,#14420,#14421);
#14419 = CARTESIAN_POINT('',(-532.5,-826.5,0.));
#14420 = DIRECTION('',(0.,0.,1.));
#14421 = DIRECTION('',(1.,0.,-0.));
#14422 = DEFINITIONAL_REPRESENTATION('',(#14423),#14427);
#14423 = LINE('',#14424,#14425);
#14424 = CARTESIAN_POINT('',(0.,0.));
#14425 = VECTOR('',#14426,1.);
#14426 = DIRECTION('',(0.,1.));
#14427 = ( GEOMETRIC_REPRESENTATION_CONTEXT(2) 
PARAMETRIC_REPRESENTATION_CONTEXT() REPRESENTATION_CONTEXT('2D SPACE',''
  ) );
#14428 = ORIENTED_EDGE('',*,*,#14429,.T.);
#14429 = EDGE_CURVE('',#14402,#14430,#14432,.T.);
#14430 = VERTEX_POINT('',#14431);
#14431 = CARTESIAN_POINT('',(-532.5,826.5,4.));
#14432 = SURFACE_CURVE('',#14433,(#14437,#14444),.PCURVE_S1.);
#14433 = LINE('',#14434,#14435);
#14434 = CARTESIAN_POINT('',(-532.5,826.5,0.));
#14435 = VECTOR('',#14436,1.);
#14436 = DIRECTION('',(0.,0.,1.));
#14437 = PCURVE('',#14377,#14438);
#14438 = DEFINITIONAL_REPRESENTATION('',(#14439),#14443);
#14439 = LINE('',#14440,#14441);
#14440 = CARTESIAN_POINT('',(0.,-1.653E+03));
#14441 = VECTOR('',#14442,1.);
#14442 = DIRECTION('',(1.,0.));
#14443 = ( GEOMETRIC_REPRESENTATION_CONTEXT(2) 
PARAMETRIC_REPRESENTATION_CONTEXT() REPRESENTATION_CONTEXT('2D SPACE',''
  ) );
#14444 = PCURVE('',#14445,#14450);
#14445 = PLANE('',#14446);
#14446 = AXIS2_PLACEMENT_3D('',#14447,#14448,#14449);
#14447 = CARTESIAN_POINT('',(-532.5,826.5,0.));
#14448 = DIRECTION('',(-0.,1.,0.));
#14449 = DIRECTION('',(0.,0.,1.));
#14450 = DEFINITIONAL_REPRESENTATION('',(#14451),#14455);
#14451 = LINE('',#14452,#14453);
#14452 = CARTESIAN_POINT('',(0.,0.));
#14453 = VECTOR('',#14454,1.);
#14454 = DIRECTION('',(1.,0.));
#14455 = ( GEOMETRIC_REPRESENTATION_CONTEXT(2) 
PARAMETRIC_REPRESENTATION_CONTEXT() REPRESENTATION_CONTEXT('2D SPACE',''
  ) );
#14456 = ORIENTED_EDGE('',*,*,#14457,.F.);
#14457 = EDGE_CURVE('',#14369,#14430,#14458,.T.);
#14458 = SURFACE_CURVE('',#14459,(#14463,#14470),.PCURVE_S1.);
#14459 = LINE('',#14460,#14461);
#14460 = CARTESIAN_POINT('',(-532.5,-826.5,4.));
#14461 = VECTOR('',#14462,1.);
#14462 = DIRECTION('',(-0.,1.,0.));
#14463 = PCURVE('',#14377,#14464);
#14464 = DEFINITIONAL_REPRESENTATION('',(#14465),#14469);
#14465 = LINE('',#14466,#14467);
#14466 = CARTESIAN_POINT('',(4.,0.));
#14467 = VECTOR('',#14468,1.);
#14468 = DIRECTION('',(0.,-1.));
#14469 = ( GEOMETRIC_REPRESENTATION_CONTEXT(2) 
PARAMETRIC_REPRESENTATION_CONTEXT() REPRESENTATION_CONTEXT('2D SPACE',''
  ) );
#14470 = PCURVE('',#14471,#14476);
#14471 = PLANE('',#14472);
#14472 = AXIS2_PLACEMENT_3D('',#14473,#14474,#14475);
#14473 = CARTESIAN_POINT('',(-532.5,-826.5,4.));
#14474 = DIRECTION('',(0.,0.,1.));
#14475 = DIRECTION('',(1.,0.,-0.));
#14476 = DEFINITIONAL_REPRESENTATION('',(#14477),#14481);
#14477 = LINE('',#14478,#14479);
#14478 = CARTESIAN_POINT('',(0.,0.));
#14479 = VECTOR('',#14480,1.);
#14480 = DIRECTION('',(0.,1.));
#14481 = ( GEOMETRIC_REPRESENTATION_CONTEXT(2) 
PARAMETRIC_REPRESENTATION_CONTEXT() REPRESENTATION_CONTEXT('2D SPACE',''
  ) );
#14482 = ADVANCED_FACE('',(#14483),#14497,.T.);
#14483 = FACE_BOUND('',#14484,.T.);
#14484 = EDGE_LOOP('',(#14485,#14515,#14538,#14561));
#14485 = ORIENTED_EDGE('',*,*,#14486,.F.);
#14486 = EDGE_CURVE('',#14487,#14489,#14491,.T.);
#14487 = VERTEX_POINT('',#14488);
#14488 = CARTESIAN_POINT('',(532.5,-826.5,0.));
#14489 = VERTEX_POINT('',#14490);
#14490 = CARTESIAN_POINT('',(532.5,-826.5,4.));
#14491 = SURFACE_CURVE('',#14492,(#14496,#14508),.PCURVE_S1.);
#14492 = LINE('',#14493,#14494);
#14493 = CARTESIAN_POINT('',(532.5,-826.5,0.));
#14494 = VECTOR('',#14495,1.);
#14495 = DIRECTION('',(0.,0.,1.));
#14496 = PCURVE('',#14497,#14502);
#14497 = PLANE('',#14498);
#14498 = AXIS2_PLACEMENT_3D('',#14499,#14500,#14501);
#14499 = CARTESIAN_POINT('',(532.5,-826.5,0.));
#14500 = DIRECTION('',(1.,0.,-0.));
#14501 = DIRECTION('',(0.,0.,1.));
#14502 = DEFINITIONAL_REPRESENTATION('',(#14503),#14507);
#14503 = LINE('',#14504,#14505);
#14504 = CARTESIAN_POINT('',(0.,0.));
#14505 = VECTOR('',#14506,1.);
#14506 = DIRECTION('',(1.,0.));
#14507 = ( GEOMETRIC_REPRESENTATION_CONTEXT(2) 
PARAMETRIC_REPRESENTATION_CONTEXT() REPRESENTATION_CONTEXT('2D SPACE',''
  ) );
#14508 = PCURVE('',#14389,#14509);
#14509 = DEFINITIONAL_REPRESENTATION('',(#14510),#14514);
#14510 = LINE('',#14511,#14512);
#14511 = CARTESIAN_POINT('',(0.,1.065E+03));
#14512 = VECTOR('',#14513,1.);
#14513 = DIRECTION('',(1.,0.));
#14514 = ( GEOMETRIC_REPRESENTATION_CONTEXT(2) 
PARAMETRIC_REPRESENTATION_CONTEXT() REPRESENTATION_CONTEXT('2D SPACE',''
  ) );
#14515 = ORIENTED_EDGE('',*,*,#14516,.T.);
#14516 = EDGE_CURVE('',#14487,#14517,#14519,.T.);
#14517 = VERTEX_POINT('',#14518);
#14518 = CARTESIAN_POINT('',(532.5,826.5,0.));
#14519 = SURFACE_CURVE('',#14520,(#14524,#14531),.PCURVE_S1.);
#14520 = LINE('',#14521,#14522);
#14521 = CARTESIAN_POINT('',(532.5,-826.5,0.));
#14522 = VECTOR('',#14523,1.);
#14523 = DIRECTION('',(-0.,1.,0.));
#14524 = PCURVE('',#14497,#14525);
#14525 = DEFINITIONAL_REPRESENTATION('',(#14526),#14530);
#14526 = LINE('',#14527,#14528);
#14527 = CARTESIAN_POINT('',(0.,0.));
#14528 = VECTOR('',#14529,1.);
#14529 = DIRECTION('',(0.,-1.));
#14530 = ( GEOMETRIC_REPRESENTATION_CONTEXT(2) 
PARAMETRIC_REPRESENTATION_CONTEXT() REPRESENTATION_CONTEXT('2D SPACE',''
  ) );
#14531 = PCURVE('',#14417,#14532);
#14532 = DEFINITIONAL_REPRESENTATION('',(#14533),#14537);
#14533 = LINE('',#14534,#14535);
#14534 = CARTESIAN_POINT('',(1.065E+03,0.));
#14535 = VECTOR('',#14536,1.);
#14536 = DIRECTION('',(0.,1.));
#14537 = ( GEOMETRIC_REPRESENTATION_CONTEXT(2) 
PARAMETRIC_REPRESENTATION_CONTEXT() REPRESENTATION_CONTEXT('2D SPACE',''
  ) );
#14538 = ORIENTED_EDGE('',*,*,#14539,.T.);
#14539 = EDGE_CURVE('',#14517,#14540,#14542,.T.);
#14540 = VERTEX_POINT('',#14541);
#14541 = CARTESIAN_POINT('',(532.5,826.5,4.));
#14542 = SURFACE_CURVE('',#14543,(#14547,#14554),.PCURVE_S1.);
#14543 = LINE('',#14544,#14545);
#14544 = CARTESIAN_POINT('',(532.5,826.5,0.));
#14545 = VECTOR('',#14546,1.);
#14546 = DIRECTION('',(0.,0.,1.));
#14547 = PCURVE('',#14497,#14548);
#14548 = DEFINITIONAL_REPRESENTATION('',(#14549),#14553);
#14549 = LINE('',#14550,#14551);
#14550 = CARTESIAN_POINT('',(0.,-1.653E+03));
#14551 = VECTOR('',#14552,1.);
#14552 = DIRECTION('',(1.,0.));
#14553 = ( GEOMETRIC_REPRESENTATION_CONTEXT(2) 
PARAMETRIC_REPRESENTATION_CONTEXT() REPRESENTATION_CONTEXT('2D SPACE',''
  ) );
#14554 = PCURVE('',#14445,#14555);
#14555 = DEFINITIONAL_REPRESENTATION('',(#14556),#14560);
#14556 = LINE('',#14557,#14558);
#14557 = CARTESIAN_POINT('',(0.,1.065E+03));
#14558 = VECTOR('',#14559,1.);
#14559 = DIRECTION('',(1.,0.));
#14560 = ( GEOMETRIC_REPRESENTATION_CONTEXT(2) 
PARAMETRIC_REPRESENTATION_CONTEXT() REPRESENTATION_CONTEXT('2D SPACE',''
  ) );
#14561 = ORIENTED_EDGE('',*,*,#14562,.F.);
#14562 = EDGE_CURVE('',#14489,#14540,#14563,.T.);
#14563 = SURFACE_CURVE('',#14564,(#14568,#14575),.PCURVE_S1.);
#14564 = LINE('',#14565,#14566);
#14565 = CARTESIAN_POINT('',(532.5,-826.5,4.));
#14566 = VECTOR('',#14567,1.);
#14567 = DIRECTION('',(-0.,1.,0.));
#14568 = PCURVE('',#14497,#14569);
#14569 = DEFINITIONAL_REPRESENTATION('',(#14570),#14574);
#14570 = LINE('',#14571,#14572);
#14571 = CARTESIAN_POINT('',(4.,0.));
#14572 = VECTOR('',#14573,1.);
#14573 = DIRECTION('',(0.,-1.));
#14574 = ( GEOMETRIC_REPRESENTATION_CONTEXT(2) 
PARAMETRIC_REPRESENTATION_CONTEXT() REPRESENTATION_CONTEXT('2D SPACE',''
  ) );
#14575 = PCURVE('',#14471,#14576);
#14576 = DEFINITIONAL_REPRESENTATION('',(#14577),#14581);
#14577 = LINE('',#14578,#14579);
#14578 = CARTESIAN_POINT('',(1.065E+03,0.));
#14579 = VECTOR('',#14580,1.);
#14580 = DIRECTION('',(0.,1.));
#14581 = ( GEOMETRIC_REPRESENTATION_CONTEXT(2) 
PARAMETRIC_REPRESENTATION_CONTEXT() REPRESENTATION_CONTEXT('2D SPACE',''
  ) );
#14582 = ADVANCED_FACE('',(#14583),#14389,.F.);
#14583 = FACE_BOUND('',#14584,.F.);
#14584 = EDGE_LOOP('',(#14585,#14606,#14607,#14628));
#14585 = ORIENTED_EDGE('',*,*,#14586,.F.);
#14586 = EDGE_CURVE('',#14367,#14487,#14587,.T.);
#14587 = SURFACE_CURVE('',#14588,(#14592,#14599),.PCURVE_S1.);
#14588 = LINE('',#14589,#14590);
#14589 = CARTESIAN_POINT('',(-532.5,-826.5,0.));
#14590 = VECTOR('',#14591,1.);
#14591 = DIRECTION('',(1.,0.,-0.));
#14592 = PCURVE('',#14389,#14593);
#14593 = DEFINITIONAL_REPRESENTATION('',(#14594),#14598);
#14594 = LINE('',#14595,#14596);
#14595 = CARTESIAN_POINT('',(0.,0.));
#14596 = VECTOR('',#14597,1.);
#14597 = DIRECTION('',(0.,1.));
#14598 = ( GEOMETRIC_REPRESENTATION_CONTEXT(2) 
PARAMETRIC_REPRESENTATION_CONTEXT() REPRESENTATION_CONTEXT('2D SPACE',''
  ) );
#14599 = PCURVE('',#14417,#14600);
#14600 = DEFINITIONAL_REPRESENTATION('',(#14601),#14605);
#14601 = LINE('',#14602,#14603);
#14602 = CARTESIAN_POINT('',(0.,0.));
#14603 = VECTOR('',#14604,1.);
#14604 = DIRECTION('',(1.,0.));
#14605 = ( GEOMETRIC_REPRESENTATION_CONTEXT(2) 
PARAMETRIC_REPRESENTATION_CONTEXT() REPRESENTATION_CONTEXT('2D SPACE',''
  ) );
#14606 = ORIENTED_EDGE('',*,*,#14366,.T.);
#14607 = ORIENTED_EDGE('',*,*,#14608,.T.);
#14608 = EDGE_CURVE('',#14369,#14489,#14609,.T.);
#14609 = SURFACE_CURVE('',#14610,(#14614,#14621),.PCURVE_S1.);
#14610 = LINE('',#14611,#14612);
#14611 = CARTESIAN_POINT('',(-532.5,-826.5,4.));
#14612 = VECTOR('',#14613,1.);
#14613 = DIRECTION('',(1.,0.,-0.));
#14614 = PCURVE('',#14389,#14615);
#14615 = DEFINITIONAL_REPRESENTATION('',(#14616),#14620);
#14616 = LINE('',#14617,#14618);
#14617 = CARTESIAN_POINT('',(4.,0.));
#14618 = VECTOR('',#14619,1.);
#14619 = DIRECTION('',(0.,1.));
#14620 = ( GEOMETRIC_REPRESENTATION_CONTEXT(2) 
PARAMETRIC_REPRESENTATION_CONTEXT() REPRESENTATION_CONTEXT('2D SPACE',''
  ) );
#14621 = PCURVE('',#14471,#14622);
#14622 = DEFINITIONAL_REPRESENTATION('',(#14623),#14627);
#14623 = LINE('',#14624,#14625);
#14624 = CARTESIAN_POINT('',(0.,0.));
#14625 = VECTOR('',#14626,1.);
#14626 = DIRECTION('',(1.,0.));
#14627 = ( GEOMETRIC_REPRESENTATION_CONTEXT(2) 
PARAMETRIC_REPRESENTATION_CONTEXT() REPRESENTATION_CONTEXT('2D SPACE',''
  ) );
#14628 = ORIENTED_EDGE('',*,*,#14486,.F.);
#14629 = ADVANCED_FACE('',(#14630),#14445,.T.);
#14630 = FACE_BOUND('',#14631,.T.);
#14631 = EDGE_LOOP('',(#14632,#14653,#14654,#14675));
#14632 = ORIENTED_EDGE('',*,*,#14633,.F.);
#14633 = EDGE_CURVE('',#14402,#14517,#14634,.T.);
#14634 = SURFACE_CURVE('',#14635,(#14639,#14646),.PCURVE_S1.);
#14635 = LINE('',#14636,#14637);
#14636 = CARTESIAN_POINT('',(-532.5,826.5,0.));
#14637 = VECTOR('',#14638,1.);
#14638 = DIRECTION('',(1.,0.,-0.));
#14639 = PCURVE('',#14445,#14640);
#14640 = DEFINITIONAL_REPRESENTATION('',(#14641),#14645);
#14641 = LINE('',#14642,#14643);
#14642 = CARTESIAN_POINT('',(0.,0.));
#14643 = VECTOR('',#14644,1.);
#14644 = DIRECTION('',(0.,1.));
#14645 = ( GEOMETRIC_REPRESENTATION_CONTEXT(2) 
PARAMETRIC_REPRESENTATION_CONTEXT() REPRESENTATION_CONTEXT('2D SPACE',''
  ) );
#14646 = PCURVE('',#14417,#14647);
#14647 = DEFINITIONAL_REPRESENTATION('',(#14648),#14652);
#14648 = LINE('',#14649,#14650);
#14649 = CARTESIAN_POINT('',(0.,1.653E+03));
#14650 = VECTOR('',#14651,1.);
#14651 = DIRECTION('',(1.,0.));
#14652 = ( GEOMETRIC_REPRESENTATION_CONTEXT(2) 
PARAMETRIC_REPRESENTATION_CONTEXT() REPRESENTATION_CONTEXT('2D SPACE',''
  ) );
#14653 = ORIENTED_EDGE('',*,*,#14429,.T.);
#14654 = ORIENTED_EDGE('',*,*,#14655,.T.);
#14655 = EDGE_CURVE('',#14430,#14540,#14656,.T.);
#14656 = SURFACE_CURVE('',#14657,(#14661,#14668),.PCURVE_S1.);
#14657 = LINE('',#14658,#14659);
#14658 = CARTESIAN_POINT('',(-532.5,826.5,4.));
#14659 = VECTOR('',#14660,1.);
#14660 = DIRECTION('',(1.,0.,-0.));
#14661 = PCURVE('',#14445,#14662);
#14662 = DEFINITIONAL_REPRESENTATION('',(#14663),#14667);
#14663 = LINE('',#14664,#14665);
#14664 = CARTESIAN_POINT('',(4.,0.));
#14665 = VECTOR('',#14666,1.);
#14666 = DIRECTION('',(0.,1.));
#14667 = ( GEOMETRIC_REPRESENTATION_CONTEXT(2) 
PARAMETRIC_REPRESENTATION_CONTEXT() REPRESENTATION_CONTEXT('2D SPACE',''
  ) );
#14668 = PCURVE('',#14471,#14669);
#14669 = DEFINITIONAL_REPRESENTATION('',(#14670),#14674);
#14670 = LINE('',#14671,#14672);
#14671 = CARTESIAN_POINT('',(0.,1.653E+03));
#14672 = VECTOR('',#14673,1.);
#14673 = DIRECTION('',(1.,0.));
#14674 = ( GEOMETRIC_REPRESENTATION_CONTEXT(2) 
PARAMETRIC_REPRESENTATION_CONTEXT() REPRESENTATION_CONTEXT('2D SPACE',''
  ) );
#14675 = ORIENTED_EDGE('',*,*,#14539,.F.);
#14676 = ADVANCED_FACE('',(#14677),#14417,.F.);
#14677 = FACE_BOUND('',#14678,.F.);
#14678 = EDGE_LOOP('',(#14679,#14680,#14681,#14682));
#14679 = ORIENTED_EDGE('',*,*,#14401,.F.);
#14680 = ORIENTED_EDGE('',*,*,#14586,.T.);
#14681 = ORIENTED_EDGE('',*,*,#14516,.T.);
#14682 = ORIENTED_EDGE('',*,*,#14633,.F.);
#14683 = ADVANCED_FACE('',(#14684),#14471,.T.);
#14684 = FACE_BOUND('',#14685,.T.);
#14685 = EDGE_LOOP('',(#14686,#14687,#14688,#14689));
#14686 = ORIENTED_EDGE('',*,*,#14457,.F.);
#14687 = ORIENTED_EDGE('',*,*,#14608,.T.);
#14688 = ORIENTED_EDGE('',*,*,#14562,.T.);
#14689 = ORIENTED_EDGE('',*,*,#14655,.F.);
#14690 = ( GEOMETRIC_REPRESENTATION_CONTEXT(3) 
GLOBAL_UNCERTAINTY_ASSIGNED_CONTEXT((#14694)) 
GLOBAL_UNIT_ASSIGNED_CONTEXT((#14691,#14692,#14693)) 
REPRESENTATION_CONTEXT('Context #1',
  '3D Context with UNIT and UNCERTAINTY') );
#14691 = ( LENGTH_UNIT() NAMED_UNIT(*) SI_UNIT(.MILLI.,.METRE.) );
#14692 = ( NAMED_UNIT(*) PLANE_ANGLE_UNIT() SI_UNIT($,.RADIAN.) );
#14693 = ( NAMED_UNIT(*) SI_UNIT($,.STERADIAN.) SOLID_ANGLE_UNIT() );
#14694 = UNCERTAINTY_MEASURE_WITH_UNIT(LENGTH_MEASURE(1.E-07),#14691,
  'distance_accuracy_value','confusion accuracy');
#14695 = CONTEXT_DEPENDENT_SHAPE_REPRESENTATION(#14696,#14698);
#14696 = ( REPRESENTATION_RELATIONSHIP('','',#14359,#10) 
REPRESENTATION_RELATIONSHIP_WITH_TRANSFORMATION(#14697) 
SHAPE_REPRESENTATION_RELATIONSHIP() );
#14697 = ITEM_DEFINED_TRANSFORMATION('','',#11,#131);
#14698 = PRODUCT_DEFINITION_SHAPE('Placement','Placement of an item',
  #14699);
#14699 = NEXT_ASSEMBLY_USAGE_OCCURRENCE('64','cell.13','',#5,#14354,$);
#14700 = PRODUCT_RELATED_PRODUCT_CATEGORY('part',$,(#14356));
#14701 = SHAPE_DEFINITION_REPRESENTATION(#14702,#14708);
#14702 = PRODUCT_DEFINITION_SHAPE('','',#14703);
#14703 = PRODUCT_DEFINITION('design','',#14704,#14707);
#14704 = PRODUCT_DEFINITION_FORMATION('','',#14705);
#14705 = PRODUCT('metal.114','metal.114','',(#14706));
#14706 = PRODUCT_CONTEXT('',#2,'mechanical');
#14707 = PRODUCT_DEFINITION_CONTEXT('part definition',#2,'design');
#14708 = ADVANCED_BREP_SHAPE_REPRESENTATION('',(#11,#14709),#15353);
#14709 = MANIFOLD_SOLID_BREP('',#14710);
#14710 = CLOSED_SHELL('',(#14711,#14831,#14907,#15062,#15111,#15138,
    #15145,#15221,#15270,#15319,#15346));
#14711 = ADVANCED_FACE('',(#14712),#14726,.F.);
#14712 = FACE_BOUND('',#14713,.F.);
#14713 = EDGE_LOOP('',(#14714,#14749,#14777,#14805));
#14714 = ORIENTED_EDGE('',*,*,#14715,.F.);
#14715 = EDGE_CURVE('',#14716,#14718,#14720,.T.);
#14716 = VERTEX_POINT('',#14717);
#14717 = CARTESIAN_POINT('',(-567.,-861.,0.));
#14718 = VERTEX_POINT('',#14719);
#14719 = CARTESIAN_POINT('',(-567.,-861.,30.));
#14720 = SURFACE_CURVE('',#14721,(#14725,#14737),.PCURVE_S1.);
#14721 = LINE('',#14722,#14723);
#14722 = CARTESIAN_POINT('',(-567.,-861.,0.));
#14723 = VECTOR('',#14724,1.);
#14724 = DIRECTION('',(0.,0.,1.));
#14725 = PCURVE('',#14726,#14731);
#14726 = PLANE('',#14727);
#14727 = AXIS2_PLACEMENT_3D('',#14728,#14729,#14730);
#14728 = CARTESIAN_POINT('',(-567.,-861.,0.));
#14729 = DIRECTION('',(1.,0.,-0.));
#14730 = DIRECTION('',(0.,0.,1.));
#14731 = DEFINITIONAL_REPRESENTATION('',(#14732),#14736);
#14732 = LINE('',#14733,#14734);
#14733 = CARTESIAN_POINT('',(0.,0.));
#14734 = VECTOR('',#14735,1.);
#14735 = DIRECTION('',(1.,0.));
#14736 = ( GEOMETRIC_REPRESENTATION_CONTEXT(2) 
PARAMETRIC_REPRESENTATION_CONTEXT() REPRESENTATION_CONTEXT('2D SPACE',''
  ) );
#14737 = PCURVE('',#14738,#14743);
#14738 = PLANE('',#14739);
#14739 = AXIS2_PLACEMENT_3D('',#14740,#14741,#14742);
#14740 = CARTESIAN_POINT('',(-567.,-861.,0.));
#14741 = DIRECTION('',(-0.,1.,0.));
#14742 = DIRECTION('',(0.,0.,1.));
#14743 = DEFINITIONAL_REPRESENTATION('',(#14744),#14748);
#14744 = LINE('',#14745,#14746);
#14745 = CARTESIAN_POINT('',(0.,0.));
#14746 = VECTOR('',#14747,1.);
#14747 = DIRECTION('',(1.,0.));
#14748 = ( GEOMETRIC_REPRESENTATION_CONTEXT(2) 
PARAMETRIC_REPRESENTATION_CONTEXT() REPRESENTATION_CONTEXT('2D SPACE',''
  ) );
#14749 = ORIENTED_EDGE('',*,*,#14750,.T.);
#14750 = EDGE_CURVE('',#14716,#14751,#14753,.T.);
#14751 = VERTEX_POINT('',#14752);
#14752 = CARTESIAN_POINT('',(-567.,861.,0.));
#14753 = SURFACE_CURVE('',#14754,(#14758,#14765),.PCURVE_S1.);
#14754 = LINE('',#14755,#14756);
#14755 = CARTESIAN_POINT('',(-567.,-861.,0.));
#14756 = VECTOR('',#14757,1.);
#14757 = DIRECTION('',(-0.,1.,0.));
#14758 = PCURVE('',#14726,#14759);
#14759 = DEFINITIONAL_REPRESENTATION('',(#14760),#14764);
#14760 = LINE('',#14761,#14762);
#14761 = CARTESIAN_POINT('',(0.,0.));
#14762 = VECTOR('',#14763,1.);
#14763 = DIRECTION('',(0.,-1.));
#14764 = ( GEOMETRIC_REPRESENTATION_CONTEXT(2) 
PARAMETRIC_REPRESENTATION_CONTEXT() REPRESENTATION_CONTEXT('2D SPACE',''
  ) );
#14765 = PCURVE('',#14766,#14771);
#14766 = PLANE('',#14767);
#14767 = AXIS2_PLACEMENT_3D('',#14768,#14769,#14770);
#14768 = CARTESIAN_POINT('',(-567.,-861.,0.));
#14769 = DIRECTION('',(0.,0.,1.));
#14770 = DIRECTION('',(1.,0.,-0.));
#14771 = DEFINITIONAL_REPRESENTATION('',(#14772),#14776);
#14772 = LINE('',#14773,#14774);
#14773 = CARTESIAN_POINT('',(0.,0.));
#14774 = VECTOR('',#14775,1.);
#14775 = DIRECTION('',(0.,1.));
#14776 = ( GEOMETRIC_REPRESENTATION_CONTEXT(2) 
PARAMETRIC_REPRESENTATION_CONTEXT() REPRESENTATION_CONTEXT('2D SPACE',''
  ) );
#14777 = ORIENTED_EDGE('',*,*,#14778,.T.);
#14778 = EDGE_CURVE('',#14751,#14779,#14781,.T.);
#14779 = VERTEX_POINT('',#14780);
#14780 = CARTESIAN_POINT('',(-567.,861.,30.));
#14781 = SURFACE_CURVE('',#14782,(#14786,#14793),.PCURVE_S1.);
#14782 = LINE('',#14783,#14784);
#14783 = CARTESIAN_POINT('',(-567.,861.,0.));
#14784 = VECTOR('',#14785,1.);
#14785 = DIRECTION('',(0.,0.,1.));
#14786 = PCURVE('',#14726,#14787);
#14787 = DEFINITIONAL_REPRESENTATION('',(#14788),#14792);
#14788 = LINE('',#14789,#14790);
#14789 = CARTESIAN_POINT('',(0.,-1.722E+03));
#14790 = VECTOR('',#14791,1.);
#14791 = DIRECTION('',(1.,0.));
#14792 = ( GEOMETRIC_REPRESENTATION_CONTEXT(2) 
PARAMETRIC_REPRESENTATION_CONTEXT() REPRESENTATION_CONTEXT('2D SPACE',''
  ) );
#14793 = PCURVE('',#14794,#14799);
#14794 = PLANE('',#14795);
#14795 = AXIS2_PLACEMENT_3D('',#14796,#14797,#14798);
#14796 = CARTESIAN_POINT('',(-567.,861.,0.));
#14797 = DIRECTION('',(-0.,1.,0.));
#14798 = DIRECTION('',(0.,0.,1.));
#14799 = DEFINITIONAL_REPRESENTATION('',(#14800),#14804);
#14800 = LINE('',#14801,#14802);
#14801 = CARTESIAN_POINT('',(0.,0.));
#14802 = VECTOR('',#14803,1.);
#14803 = DIRECTION('',(1.,0.));
#14804 = ( GEOMETRIC_REPRESENTATION_CONTEXT(2) 
PARAMETRIC_REPRESENTATION_CONTEXT() REPRESENTATION_CONTEXT('2D SPACE',''
  ) );
#14805 = ORIENTED_EDGE('',*,*,#14806,.F.);
#14806 = EDGE_CURVE('',#14718,#14779,#14807,.T.);
#14807 = SURFACE_CURVE('',#14808,(#14812,#14819),.PCURVE_S1.);
#14808 = LINE('',#14809,#14810);
#14809 = CARTESIAN_POINT('',(-567.,-861.,30.));
#14810 = VECTOR('',#14811,1.);
#14811 = DIRECTION('',(-0.,1.,0.));
#14812 = PCURVE('',#14726,#14813);
#14813 = DEFINITIONAL_REPRESENTATION('',(#14814),#14818);
#14814 = LINE('',#14815,#14816);
#14815 = CARTESIAN_POINT('',(30.,0.));
#14816 = VECTOR('',#14817,1.);
#14817 = DIRECTION('',(0.,-1.));
#14818 = ( GEOMETRIC_REPRESENTATION_CONTEXT(2) 
PARAMETRIC_REPRESENTATION_CONTEXT() REPRESENTATION_CONTEXT('2D SPACE',''
  ) );
#14819 = PCURVE('',#14820,#14825);
#14820 = PLANE('',#14821);
#14821 = AXIS2_PLACEMENT_3D('',#14822,#14823,#14824);
#14822 = CARTESIAN_POINT('',(-567.,-861.,30.));
#14823 = DIRECTION('',(0.,0.,1.));
#14824 = DIRECTION('',(1.,0.,-0.));
#14825 = DEFINITIONAL_REPRESENTATION('',(#14826),#14830);
#14826 = LINE('',#14827,#14828);
#14827 = CARTESIAN_POINT('',(0.,0.));
#14828 = VECTOR('',#14829,1.);
#14829 = DIRECTION('',(0.,1.));
#14830 = ( GEOMETRIC_REPRESENTATION_CONTEXT(2) 
PARAMETRIC_REPRESENTATION_CONTEXT() REPRESENTATION_CONTEXT('2D SPACE',''
  ) );
#14831 = ADVANCED_FACE('',(#14832),#14738,.F.);
#14832 = FACE_BOUND('',#14833,.F.);
#14833 = EDGE_LOOP('',(#14834,#14857,#14858,#14881));
#14834 = ORIENTED_EDGE('',*,*,#14835,.F.);
#14835 = EDGE_CURVE('',#14716,#14836,#14838,.T.);
#14836 = VERTEX_POINT('',#14837);
#14837 = CARTESIAN_POINT('',(567.,-861.,0.));
#14838 = SURFACE_CURVE('',#14839,(#14843,#14850),.PCURVE_S1.);
#14839 = LINE('',#14840,#14841);
#14840 = CARTESIAN_POINT('',(-567.,-861.,0.));
#14841 = VECTOR('',#14842,1.);
#14842 = DIRECTION('',(1.,0.,-0.));
#14843 = PCURVE('',#14738,#14844);
#14844 = DEFINITIONAL_REPRESENTATION('',(#14845),#14849);
#14845 = LINE('',#14846,#14847);
#14846 = CARTESIAN_POINT('',(0.,0.));
#14847 = VECTOR('',#14848,1.);
#14848 = DIRECTION('',(0.,1.));
#14849 = ( GEOMETRIC_REPRESENTATION_CONTEXT(2) 
PARAMETRIC_REPRESENTATION_CONTEXT() REPRESENTATION_CONTEXT('2D SPACE',''
  ) );
#14850 = PCURVE('',#14766,#14851);
#14851 = DEFINITIONAL_REPRESENTATION('',(#14852),#14856);
#14852 = LINE('',#14853,#14854);
#14853 = CARTESIAN_POINT('',(0.,0.));
#14854 = VECTOR('',#14855,1.);
#14855 = DIRECTION('',(1.,0.));
#14856 = ( GEOMETRIC_REPRESENTATION_CONTEXT(2) 
PARAMETRIC_REPRESENTATION_CONTEXT() REPRESENTATION_CONTEXT('2D SPACE',''
  ) );
#14857 = ORIENTED_EDGE('',*,*,#14715,.T.);
#14858 = ORIENTED_EDGE('',*,*,#14859,.T.);
#14859 = EDGE_CURVE('',#14718,#14860,#14862,.T.);
#14860 = VERTEX_POINT('',#14861);
#14861 = CARTESIAN_POINT('',(567.,-861.,30.));
#14862 = SURFACE_CURVE('',#14863,(#14867,#14874),.PCURVE_S1.);
#14863 = LINE('',#14864,#14865);
#14864 = CARTESIAN_POINT('',(-567.,-861.,30.));
#14865 = VECTOR('',#14866,1.);
#14866 = DIRECTION('',(1.,0.,-0.));
#14867 = PCURVE('',#14738,#14868);
#14868 = DEFINITIONAL_REPRESENTATION('',(#14869),#14873);
#14869 = LINE('',#14870,#14871);
#14870 = CARTESIAN_POINT('',(30.,0.));
#14871 = VECTOR('',#14872,1.);
#14872 = DIRECTION('',(0.,1.));
#14873 = ( GEOMETRIC_REPRESENTATION_CONTEXT(2) 
PARAMETRIC_REPRESENTATION_CONTEXT() REPRESENTATION_CONTEXT('2D SPACE',''
  ) );
#14874 = PCURVE('',#14820,#14875);
#14875 = DEFINITIONAL_REPRESENTATION('',(#14876),#14880);
#14876 = LINE('',#14877,#14878);
#14877 = CARTESIAN_POINT('',(0.,0.));
#14878 = VECTOR('',#14879,1.);
#14879 = DIRECTION('',(1.,0.));
#14880 = ( GEOMETRIC_REPRESENTATION_CONTEXT(2) 
PARAMETRIC_REPRESENTATION_CONTEXT() REPRESENTATION_CONTEXT('2D SPACE',''
  ) );
#14881 = ORIENTED_EDGE('',*,*,#14882,.F.);
#14882 = EDGE_CURVE('',#14836,#14860,#14883,.T.);
#14883 = SURFACE_CURVE('',#14884,(#14888,#14895),.PCURVE_S1.);
#14884 = LINE('',#14885,#14886);
#14885 = CARTESIAN_POINT('',(567.,-861.,0.));
#14886 = VECTOR('',#14887,1.);
#14887 = DIRECTION('',(0.,0.,1.));
#14888 = PCURVE('',#14738,#14889);
#14889 = DEFINITIONAL_REPRESENTATION('',(#14890),#14894);
#14890 = LINE('',#14891,#14892);
#14891 = CARTESIAN_POINT('',(0.,1.134E+03));
#14892 = VECTOR('',#14893,1.);
#14893 = DIRECTION('',(1.,0.));
#14894 = ( GEOMETRIC_REPRESENTATION_CONTEXT(2) 
PARAMETRIC_REPRESENTATION_CONTEXT() REPRESENTATION_CONTEXT('2D SPACE',''
  ) );
#14895 = PCURVE('',#14896,#14901);
#14896 = PLANE('',#14897);
#14897 = AXIS2_PLACEMENT_3D('',#14898,#14899,#14900);
#14898 = CARTESIAN_POINT('',(567.,-861.,0.));
#14899 = DIRECTION('',(1.,0.,-0.));
#14900 = DIRECTION('',(0.,0.,1.));
#14901 = DEFINITIONAL_REPRESENTATION('',(#14902),#14906);
#14902 = LINE('',#14903,#14904);
#14903 = CARTESIAN_POINT('',(0.,0.));
#14904 = VECTOR('',#14905,1.);
#14905 = DIRECTION('',(1.,0.));
#14906 = ( GEOMETRIC_REPRESENTATION_CONTEXT(2) 
PARAMETRIC_REPRESENTATION_CONTEXT() REPRESENTATION_CONTEXT('2D SPACE',''
  ) );
#14907 = ADVANCED_FACE('',(#14908,#14956),#14820,.T.);
#14908 = FACE_BOUND('',#14909,.T.);
#14909 = EDGE_LOOP('',(#14910,#14911,#14912,#14935));
#14910 = ORIENTED_EDGE('',*,*,#14806,.F.);
#14911 = ORIENTED_EDGE('',*,*,#14859,.T.);
#14912 = ORIENTED_EDGE('',*,*,#14913,.T.);
#14913 = EDGE_CURVE('',#14860,#14914,#14916,.T.);
#14914 = VERTEX_POINT('',#14915);
#14915 = CARTESIAN_POINT('',(567.,861.,30.));
#14916 = SURFACE_CURVE('',#14917,(#14921,#14928),.PCURVE_S1.);
#14917 = LINE('',#14918,#14919);
#14918 = CARTESIAN_POINT('',(567.,-861.,30.));
#14919 = VECTOR('',#14920,1.);
#14920 = DIRECTION('',(-0.,1.,0.));
#14921 = PCURVE('',#14820,#14922);
#14922 = DEFINITIONAL_REPRESENTATION('',(#14923),#14927);
#14923 = LINE('',#14924,#14925);
#14924 = CARTESIAN_POINT('',(1.134E+03,0.));
#14925 = VECTOR('',#14926,1.);
#14926 = DIRECTION('',(0.,1.));
#14927 = ( GEOMETRIC_REPRESENTATION_CONTEXT(2) 
PARAMETRIC_REPRESENTATION_CONTEXT() REPRESENTATION_CONTEXT('2D SPACE',''
  ) );
#14928 = PCURVE('',#14896,#14929);
#14929 = DEFINITIONAL_REPRESENTATION('',(#14930),#14934);
#14930 = LINE('',#14931,#14932);
#14931 = CARTESIAN_POINT('',(30.,0.));
#14932 = VECTOR('',#14933,1.);
#14933 = DIRECTION('',(0.,-1.));
#14934 = ( GEOMETRIC_REPRESENTATION_CONTEXT(2) 
PARAMETRIC_REPRESENTATION_CONTEXT() REPRESENTATION_CONTEXT('2D SPACE',''
  ) );
#14935 = ORIENTED_EDGE('',*,*,#14936,.F.);
#14936 = EDGE_CURVE('',#14779,#14914,#14937,.T.);
#14937 = SURFACE_CURVE('',#14938,(#14942,#14949),.PCURVE_S1.);
#14938 = LINE('',#14939,#14940);
#14939 = CARTESIAN_POINT('',(-567.,861.,30.));
#14940 = VECTOR('',#14941,1.);
#14941 = DIRECTION('',(1.,0.,-0.));
#14942 = PCURVE('',#14820,#14943);
#14943 = DEFINITIONAL_REPRESENTATION('',(#14944),#14948);
#14944 = LINE('',#14945,#14946);
#14945 = CARTESIAN_POINT('',(0.,1.722E+03));
#14946 = VECTOR('',#14947,1.);
#14947 = DIRECTION('',(1.,0.));
#14948 = ( GEOMETRIC_REPRESENTATION_CONTEXT(2) 
PARAMETRIC_REPRESENTATION_CONTEXT() REPRESENTATION_CONTEXT('2D SPACE',''
  ) );
#14949 = PCURVE('',#14794,#14950);
#14950 = DEFINITIONAL_REPRESENTATION('',(#14951),#14955);
#14951 = LINE('',#14952,#14953);
#14952 = CARTESIAN_POINT('',(30.,0.));
#14953 = VECTOR('',#14954,1.);
#14954 = DIRECTION('',(0.,1.));
#14955 = ( GEOMETRIC_REPRESENTATION_CONTEXT(2) 
PARAMETRIC_REPRESENTATION_CONTEXT() REPRESENTATION_CONTEXT('2D SPACE',''
  ) );
#14956 = FACE_BOUND('',#14957,.T.);
#14957 = EDGE_LOOP('',(#14958,#14986,#15012,#15038));
#14958 = ORIENTED_EDGE('',*,*,#14959,.T.);
#14959 = EDGE_CURVE('',#14960,#14962,#14964,.T.);
#14960 = VERTEX_POINT('',#14961);
#14961 = CARTESIAN_POINT('',(532.,-826.,30.));
#14962 = VERTEX_POINT('',#14963);
#14963 = CARTESIAN_POINT('',(-532.,-826.,30.));
#14964 = SURFACE_CURVE('',#14965,(#14969,#14975),.PCURVE_S1.);
#14965 = LINE('',#14966,#14967);
#14966 = CARTESIAN_POINT('',(-549.5,-826.,30.));
#14967 = VECTOR('',#14968,1.);
#14968 = DIRECTION('',(-1.,-0.,0.));
#14969 = PCURVE('',#14820,#14970);
#14970 = DEFINITIONAL_REPRESENTATION('',(#14971),#14974);
#14971 = B_SPLINE_CURVE_WITH_KNOTS('',1,(#14972,#14973),.UNSPECIFIED.,
  .F.,.F.,(2,2),(-1.0815E+03,-17.5),.PIECEWISE_BEZIER_KNOTS.);
#14972 = CARTESIAN_POINT('',(1.099E+03,35.));
#14973 = CARTESIAN_POINT('',(35.,35.));
#14974 = ( GEOMETRIC_REPRESENTATION_CONTEXT(2) 
PARAMETRIC_REPRESENTATION_CONTEXT() REPRESENTATION_CONTEXT('2D SPACE',''
  ) );
#14975 = PCURVE('',#14976,#14981);
#14976 = PLANE('',#14977);
#14977 = AXIS2_PLACEMENT_3D('',#14978,#14979,#14980);
#14978 = CARTESIAN_POINT('',(-532.,-826.,4.));
#14979 = DIRECTION('',(-0.,1.,0.));
#14980 = DIRECTION('',(0.,0.,1.));
#14981 = DEFINITIONAL_REPRESENTATION('',(#14982),#14985);
#14982 = B_SPLINE_CURVE_WITH_KNOTS('',1,(#14983,#14984),.UNSPECIFIED.,
  .F.,.F.,(2,2),(-1.0815E+03,-17.5),.PIECEWISE_BEZIER_KNOTS.);
#14983 = CARTESIAN_POINT('',(26.,1.064E+03));
#14984 = CARTESIAN_POINT('',(26.,0.));
#14985 = ( GEOMETRIC_REPRESENTATION_CONTEXT(2) 
PARAMETRIC_REPRESENTATION_CONTEXT() REPRESENTATION_CONTEXT('2D SPACE',''
  ) );
#14986 = ORIENTED_EDGE('',*,*,#14987,.T.);
#14987 = EDGE_CURVE('',#14962,#14988,#14990,.T.);
#14988 = VERTEX_POINT('',#14989);
#14989 = CARTESIAN_POINT('',(-532.,826.,30.));
#14990 = SURFACE_CURVE('',#14991,(#14995,#15001),.PCURVE_S1.);
#14991 = LINE('',#14992,#14993);
#14992 = CARTESIAN_POINT('',(-532.,-843.5,30.));
#14993 = VECTOR('',#14994,1.);
#14994 = DIRECTION('',(-0.,1.,0.));
#14995 = PCURVE('',#14820,#14996);
#14996 = DEFINITIONAL_REPRESENTATION('',(#14997),#15000);
#14997 = B_SPLINE_CURVE_WITH_KNOTS('',1,(#14998,#14999),.UNSPECIFIED.,
  .F.,.F.,(2,2),(17.5,1.6695E+03),.PIECEWISE_BEZIER_KNOTS.);
#14998 = CARTESIAN_POINT('',(35.,35.));
#14999 = CARTESIAN_POINT('',(35.,1.687E+03));
#15000 = ( GEOMETRIC_REPRESENTATION_CONTEXT(2) 
PARAMETRIC_REPRESENTATION_CONTEXT() REPRESENTATION_CONTEXT('2D SPACE',''
  ) );
#15001 = PCURVE('',#15002,#15007);
#15002 = PLANE('',#15003);
#15003 = AXIS2_PLACEMENT_3D('',#15004,#15005,#15006);
#15004 = CARTESIAN_POINT('',(-532.,-826.,4.));
#15005 = DIRECTION('',(1.,0.,-0.));
#15006 = DIRECTION('',(0.,0.,1.));
#15007 = DEFINITIONAL_REPRESENTATION('',(#15008),#15011);
#15008 = B_SPLINE_CURVE_WITH_KNOTS('',1,(#15009,#15010),.UNSPECIFIED.,
  .F.,.F.,(2,2),(17.5,1.6695E+03),.PIECEWISE_BEZIER_KNOTS.);
#15009 = CARTESIAN_POINT('',(26.,0.));
#15010 = CARTESIAN_POINT('',(26.,-1.652E+03));
#15011 = ( GEOMETRIC_REPRESENTATION_CONTEXT(2) 
PARAMETRIC_REPRESENTATION_CONTEXT() REPRESENTATION_CONTEXT('2D SPACE',''
  ) );
#15012 = ORIENTED_EDGE('',*,*,#15013,.F.);
#15013 = EDGE_CURVE('',#15014,#14988,#15016,.T.);
#15014 = VERTEX_POINT('',#15015);
#15015 = CARTESIAN_POINT('',(532.,826.,30.));
#15016 = SURFACE_CURVE('',#15017,(#15021,#15027),.PCURVE_S1.);
#15017 = LINE('',#15018,#15019);
#15018 = CARTESIAN_POINT('',(-549.5,826.,30.));
#15019 = VECTOR('',#15020,1.);
#15020 = DIRECTION('',(-1.,-0.,0.));
#15021 = PCURVE('',#14820,#15022);
#15022 = DEFINITIONAL_REPRESENTATION('',(#15023),#15026);
#15023 = B_SPLINE_CURVE_WITH_KNOTS('',1,(#15024,#15025),.UNSPECIFIED.,
  .F.,.F.,(2,2),(-1.0815E+03,-17.5),.PIECEWISE_BEZIER_KNOTS.);
#15024 = CARTESIAN_POINT('',(1.099E+03,1.687E+03));
#15025 = CARTESIAN_POINT('',(35.,1.687E+03));
#15026 = ( GEOMETRIC_REPRESENTATION_CONTEXT(2) 
PARAMETRIC_REPRESENTATION_CONTEXT() REPRESENTATION_CONTEXT('2D SPACE',''
  ) );
#15027 = PCURVE('',#15028,#15033);
#15028 = PLANE('',#15029);
#15029 = AXIS2_PLACEMENT_3D('',#15030,#15031,#15032);
#15030 = CARTESIAN_POINT('',(-532.,826.,4.));
#15031 = DIRECTION('',(-0.,1.,0.));
#15032 = DIRECTION('',(0.,0.,1.));
#15033 = DEFINITIONAL_REPRESENTATION('',(#15034),#15037);
#15034 = B_SPLINE_CURVE_WITH_KNOTS('',1,(#15035,#15036),.UNSPECIFIED.,
  .F.,.F.,(2,2),(-1.0815E+03,-17.5),.PIECEWISE_BEZIER_KNOTS.);
#15035 = CARTESIAN_POINT('',(26.,1.064E+03));
#15036 = CARTESIAN_POINT('',(26.,0.));
#15037 = ( GEOMETRIC_REPRESENTATION_CONTEXT(2) 
PARAMETRIC_REPRESENTATION_CONTEXT() REPRESENTATION_CONTEXT('2D SPACE',''
  ) );
#15038 = ORIENTED_EDGE('',*,*,#15039,.F.);
#15039 = EDGE_CURVE('',#14960,#15014,#15040,.T.);
#15040 = SURFACE_CURVE('',#15041,(#15045,#15051),.PCURVE_S1.);
#15041 = LINE('',#15042,#15043);
#15042 = CARTESIAN_POINT('',(532.,-843.5,30.));
#15043 = VECTOR('',#15044,1.);
#15044 = DIRECTION('',(-0.,1.,0.));
#15045 = PCURVE('',#14820,#15046);
#15046 = DEFINITIONAL_REPRESENTATION('',(#15047),#15050);
#15047 = B_SPLINE_CURVE_WITH_KNOTS('',1,(#15048,#15049),.UNSPECIFIED.,
  .F.,.F.,(2,2),(17.5,1.6695E+03),.PIECEWISE_BEZIER_KNOTS.);
#15048 = CARTESIAN_POINT('',(1.099E+03,35.));
#15049 = CARTESIAN_POINT('',(1.099E+03,1.687E+03));
#15050 = ( GEOMETRIC_REPRESENTATION_CONTEXT(2) 
PARAMETRIC_REPRESENTATION_CONTEXT() REPRESENTATION_CONTEXT('2D SPACE',''
  ) );
#15051 = PCURVE('',#15052,#15057);
#15052 = PLANE('',#15053);
#15053 = AXIS2_PLACEMENT_3D('',#15054,#15055,#15056);
#15054 = CARTESIAN_POINT('',(532.,-826.,4.));
#15055 = DIRECTION('',(1.,0.,-0.));
#15056 = DIRECTION('',(0.,0.,1.));
#15057 = DEFINITIONAL_REPRESENTATION('',(#15058),#15061);
#15058 = B_SPLINE_CURVE_WITH_KNOTS('',1,(#15059,#15060),.UNSPECIFIED.,
  .F.,.F.,(2,2),(17.5,1.6695E+03),.PIECEWISE_BEZIER_KNOTS.);
#15059 = CARTESIAN_POINT('',(26.,0.));
#15060 = CARTESIAN_POINT('',(26.,-1.652E+03));
#15061 = ( GEOMETRIC_REPRESENTATION_CONTEXT(2) 
PARAMETRIC_REPRESENTATION_CONTEXT() REPRESENTATION_CONTEXT('2D SPACE',''
  ) );
#15062 = ADVANCED_FACE('',(#15063),#14794,.T.);
#15063 = FACE_BOUND('',#15064,.T.);
#15064 = EDGE_LOOP('',(#15065,#15088,#15089,#15090));
#15065 = ORIENTED_EDGE('',*,*,#15066,.F.);
#15066 = EDGE_CURVE('',#14751,#15067,#15069,.T.);
#15067 = VERTEX_POINT('',#15068);
#15068 = CARTESIAN_POINT('',(567.,861.,0.));
#15069 = SURFACE_CURVE('',#15070,(#15074,#15081),.PCURVE_S1.);
#15070 = LINE('',#15071,#15072);
#15071 = CARTESIAN_POINT('',(-567.,861.,0.));
#15072 = VECTOR('',#15073,1.);
#15073 = DIRECTION('',(1.,0.,-0.));
#15074 = PCURVE('',#14794,#15075);
#15075 = DEFINITIONAL_REPRESENTATION('',(#15076),#15080);
#15076 = LINE('',#15077,#15078);
#15077 = CARTESIAN_POINT('',(0.,0.));
#15078 = VECTOR('',#15079,1.);
#15079 = DIRECTION('',(0.,1.));
#15080 = ( GEOMETRIC_REPRESENTATION_CONTEXT(2) 
PARAMETRIC_REPRESENTATION_CONTEXT() REPRESENTATION_CONTEXT('2D SPACE',''
  ) );
#15081 = PCURVE('',#14766,#15082);
#15082 = DEFINITIONAL_REPRESENTATION('',(#15083),#15087);
#15083 = LINE('',#15084,#15085);
#15084 = CARTESIAN_POINT('',(0.,1.722E+03));
#15085 = VECTOR('',#15086,1.);
#15086 = DIRECTION('',(1.,0.));
#15087 = ( GEOMETRIC_REPRESENTATION_CONTEXT(2) 
PARAMETRIC_REPRESENTATION_CONTEXT() REPRESENTATION_CONTEXT('2D SPACE',''
  ) );
#15088 = ORIENTED_EDGE('',*,*,#14778,.T.);
#15089 = ORIENTED_EDGE('',*,*,#14936,.T.);
#15090 = ORIENTED_EDGE('',*,*,#15091,.F.);
#15091 = EDGE_CURVE('',#15067,#14914,#15092,.T.);
#15092 = SURFACE_CURVE('',#15093,(#15097,#15104),.PCURVE_S1.);
#15093 = LINE('',#15094,#15095);
#15094 = CARTESIAN_POINT('',(567.,861.,0.));
#15095 = VECTOR('',#15096,1.);
#15096 = DIRECTION('',(0.,0.,1.));
#15097 = PCURVE('',#14794,#15098);
#15098 = DEFINITIONAL_REPRESENTATION('',(#15099),#15103);
#15099 = LINE('',#15100,#15101);
#15100 = CARTESIAN_POINT('',(0.,1.134E+03));
#15101 = VECTOR('',#15102,1.);
#15102 = DIRECTION('',(1.,0.));
#15103 = ( GEOMETRIC_REPRESENTATION_CONTEXT(2) 
PARAMETRIC_REPRESENTATION_CONTEXT() REPRESENTATION_CONTEXT('2D SPACE',''
  ) );
#15104 = PCURVE('',#14896,#15105);
#15105 = DEFINITIONAL_REPRESENTATION('',(#15106),#15110);
#15106 = LINE('',#15107,#15108);
#15107 = CARTESIAN_POINT('',(0.,-1.722E+03));
#15108 = VECTOR('',#15109,1.);
#15109 = DIRECTION('',(1.,0.));
#15110 = ( GEOMETRIC_REPRESENTATION_CONTEXT(2) 
PARAMETRIC_REPRESENTATION_CONTEXT() REPRESENTATION_CONTEXT('2D SPACE',''
  ) );
#15111 = ADVANCED_FACE('',(#15112),#14766,.F.);
#15112 = FACE_BOUND('',#15113,.F.);
#15113 = EDGE_LOOP('',(#15114,#15115,#15116,#15137));
#15114 = ORIENTED_EDGE('',*,*,#14750,.F.);
#15115 = ORIENTED_EDGE('',*,*,#14835,.T.);
#15116 = ORIENTED_EDGE('',*,*,#15117,.T.);
#15117 = EDGE_CURVE('',#14836,#15067,#15118,.T.);
#15118 = SURFACE_CURVE('',#15119,(#15123,#15130),.PCURVE_S1.);
#15119 = LINE('',#15120,#15121);
#15120 = CARTESIAN_POINT('',(567.,-861.,0.));
#15121 = VECTOR('',#15122,1.);
#15122 = DIRECTION('',(-0.,1.,0.));
#15123 = PCURVE('',#14766,#15124);
#15124 = DEFINITIONAL_REPRESENTATION('',(#15125),#15129);
#15125 = LINE('',#15126,#15127);
#15126 = CARTESIAN_POINT('',(1.134E+03,0.));
#15127 = VECTOR('',#15128,1.);
#15128 = DIRECTION('',(0.,1.));
#15129 = ( GEOMETRIC_REPRESENTATION_CONTEXT(2) 
PARAMETRIC_REPRESENTATION_CONTEXT() REPRESENTATION_CONTEXT('2D SPACE',''
  ) );
#15130 = PCURVE('',#14896,#15131);
#15131 = DEFINITIONAL_REPRESENTATION('',(#15132),#15136);
#15132 = LINE('',#15133,#15134);
#15133 = CARTESIAN_POINT('',(0.,0.));
#15134 = VECTOR('',#15135,1.);
#15135 = DIRECTION('',(0.,-1.));
#15136 = ( GEOMETRIC_REPRESENTATION_CONTEXT(2) 
PARAMETRIC_REPRESENTATION_CONTEXT() REPRESENTATION_CONTEXT('2D SPACE',''
  ) );
#15137 = ORIENTED_EDGE('',*,*,#15066,.F.);
#15138 = ADVANCED_FACE('',(#15139),#14896,.T.);
#15139 = FACE_BOUND('',#15140,.T.);
#15140 = EDGE_LOOP('',(#15141,#15142,#15143,#15144));
#15141 = ORIENTED_EDGE('',*,*,#14882,.F.);
#15142 = ORIENTED_EDGE('',*,*,#15117,.T.);
#15143 = ORIENTED_EDGE('',*,*,#15091,.T.);
#15144 = ORIENTED_EDGE('',*,*,#14913,.F.);
#15145 = ADVANCED_FACE('',(#15146),#14976,.T.);
#15146 = FACE_BOUND('',#15147,.T.);
#15147 = EDGE_LOOP('',(#15148,#15171,#15199,#15220));
#15148 = ORIENTED_EDGE('',*,*,#15149,.F.);
#15149 = EDGE_CURVE('',#15150,#14960,#15152,.T.);
#15150 = VERTEX_POINT('',#15151);
#15151 = CARTESIAN_POINT('',(532.,-826.,4.));
#15152 = SURFACE_CURVE('',#15153,(#15157,#15164),.PCURVE_S1.);
#15153 = LINE('',#15154,#15155);
#15154 = CARTESIAN_POINT('',(532.,-826.,4.));
#15155 = VECTOR('',#15156,1.);
#15156 = DIRECTION('',(0.,0.,1.));
#15157 = PCURVE('',#14976,#15158);
#15158 = DEFINITIONAL_REPRESENTATION('',(#15159),#15163);
#15159 = LINE('',#15160,#15161);
#15160 = CARTESIAN_POINT('',(0.,1.064E+03));
#15161 = VECTOR('',#15162,1.);
#15162 = DIRECTION('',(1.,0.));
#15163 = ( GEOMETRIC_REPRESENTATION_CONTEXT(2) 
PARAMETRIC_REPRESENTATION_CONTEXT() REPRESENTATION_CONTEXT('2D SPACE',''
  ) );
#15164 = PCURVE('',#15052,#15165);
#15165 = DEFINITIONAL_REPRESENTATION('',(#15166),#15170);
#15166 = LINE('',#15167,#15168);
#15167 = CARTESIAN_POINT('',(0.,0.));
#15168 = VECTOR('',#15169,1.);
#15169 = DIRECTION('',(1.,0.));
#15170 = ( GEOMETRIC_REPRESENTATION_CONTEXT(2) 
PARAMETRIC_REPRESENTATION_CONTEXT() REPRESENTATION_CONTEXT('2D SPACE',''
  ) );
#15171 = ORIENTED_EDGE('',*,*,#15172,.F.);
#15172 = EDGE_CURVE('',#15173,#15150,#15175,.T.);
#15173 = VERTEX_POINT('',#15174);
#15174 = CARTESIAN_POINT('',(-532.,-826.,4.));
#15175 = SURFACE_CURVE('',#15176,(#15180,#15187),.PCURVE_S1.);
#15176 = LINE('',#15177,#15178);
#15177 = CARTESIAN_POINT('',(-532.,-826.,4.));
#15178 = VECTOR('',#15179,1.);
#15179 = DIRECTION('',(1.,0.,-0.));
#15180 = PCURVE('',#14976,#15181);
#15181 = DEFINITIONAL_REPRESENTATION('',(#15182),#15186);
#15182 = LINE('',#15183,#15184);
#15183 = CARTESIAN_POINT('',(0.,0.));
#15184 = VECTOR('',#15185,1.);
#15185 = DIRECTION('',(0.,1.));
#15186 = ( GEOMETRIC_REPRESENTATION_CONTEXT(2) 
PARAMETRIC_REPRESENTATION_CONTEXT() REPRESENTATION_CONTEXT('2D SPACE',''
  ) );
#15187 = PCURVE('',#15188,#15193);
#15188 = PLANE('',#15189);
#15189 = AXIS2_PLACEMENT_3D('',#15190,#15191,#15192);
#15190 = CARTESIAN_POINT('',(-532.,-826.,4.));
#15191 = DIRECTION('',(0.,0.,1.));
#15192 = DIRECTION('',(1.,0.,-0.));
#15193 = DEFINITIONAL_REPRESENTATION('',(#15194),#15198);
#15194 = LINE('',#15195,#15196);
#15195 = CARTESIAN_POINT('',(0.,0.));
#15196 = VECTOR('',#15197,1.);
#15197 = DIRECTION('',(1.,0.));
#15198 = ( GEOMETRIC_REPRESENTATION_CONTEXT(2) 
PARAMETRIC_REPRESENTATION_CONTEXT() REPRESENTATION_CONTEXT('2D SPACE',''
  ) );
#15199 = ORIENTED_EDGE('',*,*,#15200,.T.);
#15200 = EDGE_CURVE('',#15173,#14962,#15201,.T.);
#15201 = SURFACE_CURVE('',#15202,(#15206,#15213),.PCURVE_S1.);
#15202 = LINE('',#15203,#15204);
#15203 = CARTESIAN_POINT('',(-532.,-826.,4.));
#15204 = VECTOR('',#15205,1.);
#15205 = DIRECTION('',(0.,0.,1.));
#15206 = PCURVE('',#14976,#15207);
#15207 = DEFINITIONAL_REPRESENTATION('',(#15208),#15212);
#15208 = LINE('',#15209,#15210);
#15209 = CARTESIAN_POINT('',(0.,0.));
#15210 = VECTOR('',#15211,1.);
#15211 = DIRECTION('',(1.,0.));
#15212 = ( GEOMETRIC_REPRESENTATION_CONTEXT(2) 
PARAMETRIC_REPRESENTATION_CONTEXT() REPRESENTATION_CONTEXT('2D SPACE',''
  ) );
#15213 = PCURVE('',#15002,#15214);
#15214 = DEFINITIONAL_REPRESENTATION('',(#15215),#15219);
#15215 = LINE('',#15216,#15217);
#15216 = CARTESIAN_POINT('',(0.,0.));
#15217 = VECTOR('',#15218,1.);
#15218 = DIRECTION('',(1.,0.));
#15219 = ( GEOMETRIC_REPRESENTATION_CONTEXT(2) 
PARAMETRIC_REPRESENTATION_CONTEXT() REPRESENTATION_CONTEXT('2D SPACE',''
  ) );
#15220 = ORIENTED_EDGE('',*,*,#14959,.F.);
#15221 = ADVANCED_FACE('',(#15222),#15052,.F.);
#15222 = FACE_BOUND('',#15223,.F.);
#15223 = EDGE_LOOP('',(#15224,#15225,#15248,#15269));
#15224 = ORIENTED_EDGE('',*,*,#15149,.F.);
#15225 = ORIENTED_EDGE('',*,*,#15226,.T.);
#15226 = EDGE_CURVE('',#15150,#15227,#15229,.T.);
#15227 = VERTEX_POINT('',#15228);
#15228 = CARTESIAN_POINT('',(532.,826.,4.));
#15229 = SURFACE_CURVE('',#15230,(#15234,#15241),.PCURVE_S1.);
#15230 = LINE('',#15231,#15232);
#15231 = CARTESIAN_POINT('',(532.,-826.,4.));
#15232 = VECTOR('',#15233,1.);
#15233 = DIRECTION('',(-0.,1.,0.));
#15234 = PCURVE('',#15052,#15235);
#15235 = DEFINITIONAL_REPRESENTATION('',(#15236),#15240);
#15236 = LINE('',#15237,#15238);
#15237 = CARTESIAN_POINT('',(0.,0.));
#15238 = VECTOR('',#15239,1.);
#15239 = DIRECTION('',(0.,-1.));
#15240 = ( GEOMETRIC_REPRESENTATION_CONTEXT(2) 
PARAMETRIC_REPRESENTATION_CONTEXT() REPRESENTATION_CONTEXT('2D SPACE',''
  ) );
#15241 = PCURVE('',#15188,#15242);
#15242 = DEFINITIONAL_REPRESENTATION('',(#15243),#15247);
#15243 = LINE('',#15244,#15245);
#15244 = CARTESIAN_POINT('',(1.064E+03,0.));
#15245 = VECTOR('',#15246,1.);
#15246 = DIRECTION('',(0.,1.));
#15247 = ( GEOMETRIC_REPRESENTATION_CONTEXT(2) 
PARAMETRIC_REPRESENTATION_CONTEXT() REPRESENTATION_CONTEXT('2D SPACE',''
  ) );
#15248 = ORIENTED_EDGE('',*,*,#15249,.T.);
#15249 = EDGE_CURVE('',#15227,#15014,#15250,.T.);
#15250 = SURFACE_CURVE('',#15251,(#15255,#15262),.PCURVE_S1.);
#15251 = LINE('',#15252,#15253);
#15252 = CARTESIAN_POINT('',(532.,826.,4.));
#15253 = VECTOR('',#15254,1.);
#15254 = DIRECTION('',(0.,0.,1.));
#15255 = PCURVE('',#15052,#15256);
#15256 = DEFINITIONAL_REPRESENTATION('',(#15257),#15261);
#15257 = LINE('',#15258,#15259);
#15258 = CARTESIAN_POINT('',(0.,-1.652E+03));
#15259 = VECTOR('',#15260,1.);
#15260 = DIRECTION('',(1.,0.));
#15261 = ( GEOMETRIC_REPRESENTATION_CONTEXT(2) 
PARAMETRIC_REPRESENTATION_CONTEXT() REPRESENTATION_CONTEXT('2D SPACE',''
  ) );
#15262 = PCURVE('',#15028,#15263);
#15263 = DEFINITIONAL_REPRESENTATION('',(#15264),#15268);
#15264 = LINE('',#15265,#15266);
#15265 = CARTESIAN_POINT('',(0.,1.064E+03));
#15266 = VECTOR('',#15267,1.);
#15267 = DIRECTION('',(1.,0.));
#15268 = ( GEOMETRIC_REPRESENTATION_CONTEXT(2) 
PARAMETRIC_REPRESENTATION_CONTEXT() REPRESENTATION_CONTEXT('2D SPACE',''
  ) );
#15269 = ORIENTED_EDGE('',*,*,#15039,.F.);
#15270 = ADVANCED_FACE('',(#15271),#15028,.F.);
#15271 = FACE_BOUND('',#15272,.F.);
#15272 = EDGE_LOOP('',(#15273,#15274,#15297,#15318));
#15273 = ORIENTED_EDGE('',*,*,#15249,.F.);
#15274 = ORIENTED_EDGE('',*,*,#15275,.F.);
#15275 = EDGE_CURVE('',#15276,#15227,#15278,.T.);
#15276 = VERTEX_POINT('',#15277);
#15277 = CARTESIAN_POINT('',(-532.,826.,4.));
#15278 = SURFACE_CURVE('',#15279,(#15283,#15290),.PCURVE_S1.);
#15279 = LINE('',#15280,#15281);
#15280 = CARTESIAN_POINT('',(-532.,826.,4.));
#15281 = VECTOR('',#15282,1.);
#15282 = DIRECTION('',(1.,0.,-0.));
#15283 = PCURVE('',#15028,#15284);
#15284 = DEFINITIONAL_REPRESENTATION('',(#15285),#15289);
#15285 = LINE('',#15286,#15287);
#15286 = CARTESIAN_POINT('',(0.,0.));
#15287 = VECTOR('',#15288,1.);
#15288 = DIRECTION('',(0.,1.));
#15289 = ( GEOMETRIC_REPRESENTATION_CONTEXT(2) 
PARAMETRIC_REPRESENTATION_CONTEXT() REPRESENTATION_CONTEXT('2D SPACE',''
  ) );
#15290 = PCURVE('',#15188,#15291);
#15291 = DEFINITIONAL_REPRESENTATION('',(#15292),#15296);
#15292 = LINE('',#15293,#15294);
#15293 = CARTESIAN_POINT('',(0.,1.652E+03));
#15294 = VECTOR('',#15295,1.);
#15295 = DIRECTION('',(1.,0.));
#15296 = ( GEOMETRIC_REPRESENTATION_CONTEXT(2) 
PARAMETRIC_REPRESENTATION_CONTEXT() REPRESENTATION_CONTEXT('2D SPACE',''
  ) );
#15297 = ORIENTED_EDGE('',*,*,#15298,.T.);
#15298 = EDGE_CURVE('',#15276,#14988,#15299,.T.);
#15299 = SURFACE_CURVE('',#15300,(#15304,#15311),.PCURVE_S1.);
#15300 = LINE('',#15301,#15302);
#15301 = CARTESIAN_POINT('',(-532.,826.,4.));
#15302 = VECTOR('',#15303,1.);
#15303 = DIRECTION('',(0.,0.,1.));
#15304 = PCURVE('',#15028,#15305);
#15305 = DEFINITIONAL_REPRESENTATION('',(#15306),#15310);
#15306 = LINE('',#15307,#15308);
#15307 = CARTESIAN_POINT('',(0.,0.));
#15308 = VECTOR('',#15309,1.);
#15309 = DIRECTION('',(1.,0.));
#15310 = ( GEOMETRIC_REPRESENTATION_CONTEXT(2) 
PARAMETRIC_REPRESENTATION_CONTEXT() REPRESENTATION_CONTEXT('2D SPACE',''
  ) );
#15311 = PCURVE('',#15002,#15312);
#15312 = DEFINITIONAL_REPRESENTATION('',(#15313),#15317);
#15313 = LINE('',#15314,#15315);
#15314 = CARTESIAN_POINT('',(0.,-1.652E+03));
#15315 = VECTOR('',#15316,1.);
#15316 = DIRECTION('',(1.,0.));
#15317 = ( GEOMETRIC_REPRESENTATION_CONTEXT(2) 
PARAMETRIC_REPRESENTATION_CONTEXT() REPRESENTATION_CONTEXT('2D SPACE',''
  ) );
#15318 = ORIENTED_EDGE('',*,*,#15013,.F.);
#15319 = ADVANCED_FACE('',(#15320),#15002,.T.);
#15320 = FACE_BOUND('',#15321,.T.);
#15321 = EDGE_LOOP('',(#15322,#15323,#15344,#15345));
#15322 = ORIENTED_EDGE('',*,*,#15200,.F.);
#15323 = ORIENTED_EDGE('',*,*,#15324,.T.);
#15324 = EDGE_CURVE('',#15173,#15276,#15325,.T.);
#15325 = SURFACE_CURVE('',#15326,(#15330,#15337),.PCURVE_S1.);
#15326 = LINE('',#15327,#15328);
#15327 = CARTESIAN_POINT('',(-532.,-826.,4.));
#15328 = VECTOR('',#15329,1.);
#15329 = DIRECTION('',(-0.,1.,0.));
#15330 = PCURVE('',#15002,#15331);
#15331 = DEFINITIONAL_REPRESENTATION('',(#15332),#15336);
#15332 = LINE('',#15333,#15334);
#15333 = CARTESIAN_POINT('',(0.,0.));
#15334 = VECTOR('',#15335,1.);
#15335 = DIRECTION('',(0.,-1.));
#15336 = ( GEOMETRIC_REPRESENTATION_CONTEXT(2) 
PARAMETRIC_REPRESENTATION_CONTEXT() REPRESENTATION_CONTEXT('2D SPACE',''
  ) );
#15337 = PCURVE('',#15188,#15338);
#15338 = DEFINITIONAL_REPRESENTATION('',(#15339),#15343);
#15339 = LINE('',#15340,#15341);
#15340 = CARTESIAN_POINT('',(0.,0.));
#15341 = VECTOR('',#15342,1.);
#15342 = DIRECTION('',(0.,1.));
#15343 = ( GEOMETRIC_REPRESENTATION_CONTEXT(2) 
PARAMETRIC_REPRESENTATION_CONTEXT() REPRESENTATION_CONTEXT('2D SPACE',''
  ) );
#15344 = ORIENTED_EDGE('',*,*,#15298,.T.);
#15345 = ORIENTED_EDGE('',*,*,#14987,.F.);
#15346 = ADVANCED_FACE('',(#15347),#15188,.T.);
#15347 = FACE_BOUND('',#15348,.T.);
#15348 = EDGE_LOOP('',(#15349,#15350,#15351,#15352));
#15349 = ORIENTED_EDGE('',*,*,#15324,.F.);
#15350 = ORIENTED_EDGE('',*,*,#15172,.T.);
#15351 = ORIENTED_EDGE('',*,*,#15226,.T.);
#15352 = ORIENTED_EDGE('',*,*,#15275,.F.);
#15353 = ( GEOMETRIC_REPRESENTATION_CONTEXT(3) 
GLOBAL_UNCERTAINTY_ASSIGNED_CONTEXT((#15357)) 
GLOBAL_UNIT_ASSIGNED_CONTEXT((#15354,#15355,#15356)) 
REPRESENTATION_CONTEXT('Context #1',
  '3D Context with UNIT and UNCERTAINTY') );
#15354 = ( LENGTH_UNIT() NAMED_UNIT(*) SI_UNIT(.MILLI.,.METRE.) );
#15355 = ( NAMED_UNIT(*) PLANE_ANGLE_UNIT() SI_UNIT($,.RADIAN.) );
#15356 = ( NAMED_UNIT(*) SI_UNIT($,.STERADIAN.) SOLID_ANGLE_UNIT() );
#15357 = UNCERTAINTY_MEASURE_WITH_UNIT(LENGTH_MEASURE(1.E-07),#15354,
  'distance_accuracy_value','confusion accuracy');
#15358 = CONTEXT_DEPENDENT_SHAPE_REPRESENTATION(#15359,#15361);
#15359 = ( REPRESENTATION_RELATIONSHIP('','',#14708,#10) 
REPRESENTATION_RELATIONSHIP_WITH_TRANSFORMATION(#15360) 
SHAPE_REPRESENTATION_RELATIONSHIP() );
#15360 = ITEM_DEFINED_TRANSFORMATION('','',#11,#135);
#15361 = PRODUCT_DEFINITION_SHAPE('Placement','Placement of an item',
  #15362);
#15362 = NEXT_ASSEMBLY_USAGE_OCCURRENCE('65','metal.114','',#5,#14703,$
  );
#15363 = PRODUCT_RELATED_PRODUCT_CATEGORY('part',$,(#14705));
#15364 = SHAPE_DEFINITION_REPRESENTATION(#15365,#15371);
#15365 = PRODUCT_DEFINITION_SHAPE('','',#15366);
#15366 = PRODUCT_DEFINITION('design','',#15367,#15370);
#15367 = PRODUCT_DEFINITION_FORMATION('','',#15368);
#15368 = PRODUCT('cell.14','cell.14','',(#15369));
#15369 = PRODUCT_CONTEXT('',#2,'mechanical');
#15370 = PRODUCT_DEFINITION_CONTEXT('part definition',#2,'design');
#15371 = ADVANCED_BREP_SHAPE_REPRESENTATION('',(#11,#15372),#15702);
#15372 = MANIFOLD_SOLID_BREP('',#15373);
#15373 = CLOSED_SHELL('',(#15374,#15494,#15594,#15641,#15688,#15695));
#15374 = ADVANCED_FACE('',(#15375),#15389,.F.);
#15375 = FACE_BOUND('',#15376,.F.);
#15376 = EDGE_LOOP('',(#15377,#15412,#15440,#15468));
#15377 = ORIENTED_EDGE('',*,*,#15378,.F.);
#15378 = EDGE_CURVE('',#15379,#15381,#15383,.T.);
#15379 = VERTEX_POINT('',#15380);
#15380 = CARTESIAN_POINT('',(-532.5,-826.5,0.));
#15381 = VERTEX_POINT('',#15382);
#15382 = CARTESIAN_POINT('',(-532.5,-826.5,4.));
#15383 = SURFACE_CURVE('',#15384,(#15388,#15400),.PCURVE_S1.);
#15384 = LINE('',#15385,#15386);
#15385 = CARTESIAN_POINT('',(-532.5,-826.5,0.));
#15386 = VECTOR('',#15387,1.);
#15387 = DIRECTION('',(0.,0.,1.));
#15388 = PCURVE('',#15389,#15394);
#15389 = PLANE('',#15390);
#15390 = AXIS2_PLACEMENT_3D('',#15391,#15392,#15393);
#15391 = CARTESIAN_POINT('',(-532.5,-826.5,0.));
#15392 = DIRECTION('',(1.,0.,-0.));
#15393 = DIRECTION('',(0.,0.,1.));
#15394 = DEFINITIONAL_REPRESENTATION('',(#15395),#15399);
#15395 = LINE('',#15396,#15397);
#15396 = CARTESIAN_POINT('',(0.,0.));
#15397 = VECTOR('',#15398,1.);
#15398 = DIRECTION('',(1.,0.));
#15399 = ( GEOMETRIC_REPRESENTATION_CONTEXT(2) 
PARAMETRIC_REPRESENTATION_CONTEXT() REPRESENTATION_CONTEXT('2D SPACE',''
  ) );
#15400 = PCURVE('',#15401,#15406);
#15401 = PLANE('',#15402);
#15402 = AXIS2_PLACEMENT_3D('',#15403,#15404,#15405);
#15403 = CARTESIAN_POINT('',(-532.5,-826.5,0.));
#15404 = DIRECTION('',(-0.,1.,0.));
#15405 = DIRECTION('',(0.,0.,1.));
#15406 = DEFINITIONAL_REPRESENTATION('',(#15407),#15411);
#15407 = LINE('',#15408,#15409);
#15408 = CARTESIAN_POINT('',(0.,0.));
#15409 = VECTOR('',#15410,1.);
#15410 = DIRECTION('',(1.,0.));
#15411 = ( GEOMETRIC_REPRESENTATION_CONTEXT(2) 
PARAMETRIC_REPRESENTATION_CONTEXT() REPRESENTATION_CONTEXT('2D SPACE',''
  ) );
#15412 = ORIENTED_EDGE('',*,*,#15413,.T.);
#15413 = EDGE_CURVE('',#15379,#15414,#15416,.T.);
#15414 = VERTEX_POINT('',#15415);
#15415 = CARTESIAN_POINT('',(-532.5,826.5,0.));
#15416 = SURFACE_CURVE('',#15417,(#15421,#15428),.PCURVE_S1.);
#15417 = LINE('',#15418,#15419);
#15418 = CARTESIAN_POINT('',(-532.5,-826.5,0.));
#15419 = VECTOR('',#15420,1.);
#15420 = DIRECTION('',(-0.,1.,0.));
#15421 = PCURVE('',#15389,#15422);
#15422 = DEFINITIONAL_REPRESENTATION('',(#15423),#15427);
#15423 = LINE('',#15424,#15425);
#15424 = CARTESIAN_POINT('',(0.,0.));
#15425 = VECTOR('',#15426,1.);
#15426 = DIRECTION('',(0.,-1.));
#15427 = ( GEOMETRIC_REPRESENTATION_CONTEXT(2) 
PARAMETRIC_REPRESENTATION_CONTEXT() REPRESENTATION_CONTEXT('2D SPACE',''
  ) );
#15428 = PCURVE('',#15429,#15434);
#15429 = PLANE('',#15430);
#15430 = AXIS2_PLACEMENT_3D('',#15431,#15432,#15433);
#15431 = CARTESIAN_POINT('',(-532.5,-826.5,0.));
#15432 = DIRECTION('',(0.,0.,1.));
#15433 = DIRECTION('',(1.,0.,-0.));
#15434 = DEFINITIONAL_REPRESENTATION('',(#15435),#15439);
#15435 = LINE('',#15436,#15437);
#15436 = CARTESIAN_POINT('',(0.,0.));
#15437 = VECTOR('',#15438,1.);
#15438 = DIRECTION('',(0.,1.));
#15439 = ( GEOMETRIC_REPRESENTATION_CONTEXT(2) 
PARAMETRIC_REPRESENTATION_CONTEXT() REPRESENTATION_CONTEXT('2D SPACE',''
  ) );
#15440 = ORIENTED_EDGE('',*,*,#15441,.T.);
#15441 = EDGE_CURVE('',#15414,#15442,#15444,.T.);
#15442 = VERTEX_POINT('',#15443);
#15443 = CARTESIAN_POINT('',(-532.5,826.5,4.));
#15444 = SURFACE_CURVE('',#15445,(#15449,#15456),.PCURVE_S1.);
#15445 = LINE('',#15446,#15447);
#15446 = CARTESIAN_POINT('',(-532.5,826.5,0.));
#15447 = VECTOR('',#15448,1.);
#15448 = DIRECTION('',(0.,0.,1.));
#15449 = PCURVE('',#15389,#15450);
#15450 = DEFINITIONAL_REPRESENTATION('',(#15451),#15455);
#15451 = LINE('',#15452,#15453);
#15452 = CARTESIAN_POINT('',(0.,-1.653E+03));
#15453 = VECTOR('',#15454,1.);
#15454 = DIRECTION('',(1.,0.));
#15455 = ( GEOMETRIC_REPRESENTATION_CONTEXT(2) 
PARAMETRIC_REPRESENTATION_CONTEXT() REPRESENTATION_CONTEXT('2D SPACE',''
  ) );
#15456 = PCURVE('',#15457,#15462);
#15457 = PLANE('',#15458);
#15458 = AXIS2_PLACEMENT_3D('',#15459,#15460,#15461);
#15459 = CARTESIAN_POINT('',(-532.5,826.5,0.));
#15460 = DIRECTION('',(-0.,1.,0.));
#15461 = DIRECTION('',(0.,0.,1.));
#15462 = DEFINITIONAL_REPRESENTATION('',(#15463),#15467);
#15463 = LINE('',#15464,#15465);
#15464 = CARTESIAN_POINT('',(0.,0.));
#15465 = VECTOR('',#15466,1.);
#15466 = DIRECTION('',(1.,0.));
#15467 = ( GEOMETRIC_REPRESENTATION_CONTEXT(2) 
PARAMETRIC_REPRESENTATION_CONTEXT() REPRESENTATION_CONTEXT('2D SPACE',''
  ) );
#15468 = ORIENTED_EDGE('',*,*,#15469,.F.);
#15469 = EDGE_CURVE('',#15381,#15442,#15470,.T.);
#15470 = SURFACE_CURVE('',#15471,(#15475,#15482),.PCURVE_S1.);
#15471 = LINE('',#15472,#15473);
#15472 = CARTESIAN_POINT('',(-532.5,-826.5,4.));
#15473 = VECTOR('',#15474,1.);
#15474 = DIRECTION('',(-0.,1.,0.));
#15475 = PCURVE('',#15389,#15476);
#15476 = DEFINITIONAL_REPRESENTATION('',(#15477),#15481);
#15477 = LINE('',#15478,#15479);
#15478 = CARTESIAN_POINT('',(4.,0.));
#15479 = VECTOR('',#15480,1.);
#15480 = DIRECTION('',(0.,-1.));
#15481 = ( GEOMETRIC_REPRESENTATION_CONTEXT(2) 
PARAMETRIC_REPRESENTATION_CONTEXT() REPRESENTATION_CONTEXT('2D SPACE',''
  ) );
#15482 = PCURVE('',#15483,#15488);
#15483 = PLANE('',#15484);
#15484 = AXIS2_PLACEMENT_3D('',#15485,#15486,#15487);
#15485 = CARTESIAN_POINT('',(-532.5,-826.5,4.));
#15486 = DIRECTION('',(0.,0.,1.));
#15487 = DIRECTION('',(1.,0.,-0.));
#15488 = DEFINITIONAL_REPRESENTATION('',(#15489),#15493);
#15489 = LINE('',#15490,#15491);
#15490 = CARTESIAN_POINT('',(0.,0.));
#15491 = VECTOR('',#15492,1.);
#15492 = DIRECTION('',(0.,1.));
#15493 = ( GEOMETRIC_REPRESENTATION_CONTEXT(2) 
PARAMETRIC_REPRESENTATION_CONTEXT() REPRESENTATION_CONTEXT('2D SPACE',''
  ) );
#15494 = ADVANCED_FACE('',(#15495),#15509,.T.);
#15495 = FACE_BOUND('',#15496,.T.);
#15496 = EDGE_LOOP('',(#15497,#15527,#15550,#15573));
#15497 = ORIENTED_EDGE('',*,*,#15498,.F.);
#15498 = EDGE_CURVE('',#15499,#15501,#15503,.T.);
#15499 = VERTEX_POINT('',#15500);
#15500 = CARTESIAN_POINT('',(532.5,-826.5,0.));
#15501 = VERTEX_POINT('',#15502);
#15502 = CARTESIAN_POINT('',(532.5,-826.5,4.));
#15503 = SURFACE_CURVE('',#15504,(#15508,#15520),.PCURVE_S1.);
#15504 = LINE('',#15505,#15506);
#15505 = CARTESIAN_POINT('',(532.5,-826.5,0.));
#15506 = VECTOR('',#15507,1.);
#15507 = DIRECTION('',(0.,0.,1.));
#15508 = PCURVE('',#15509,#15514);
#15509 = PLANE('',#15510);
#15510 = AXIS2_PLACEMENT_3D('',#15511,#15512,#15513);
#15511 = CARTESIAN_POINT('',(532.5,-826.5,0.));
#15512 = DIRECTION('',(1.,0.,-0.));
#15513 = DIRECTION('',(0.,0.,1.));
#15514 = DEFINITIONAL_REPRESENTATION('',(#15515),#15519);
#15515 = LINE('',#15516,#15517);
#15516 = CARTESIAN_POINT('',(0.,0.));
#15517 = VECTOR('',#15518,1.);
#15518 = DIRECTION('',(1.,0.));
#15519 = ( GEOMETRIC_REPRESENTATION_CONTEXT(2) 
PARAMETRIC_REPRESENTATION_CONTEXT() REPRESENTATION_CONTEXT('2D SPACE',''
  ) );
#15520 = PCURVE('',#15401,#15521);
#15521 = DEFINITIONAL_REPRESENTATION('',(#15522),#15526);
#15522 = LINE('',#15523,#15524);
#15523 = CARTESIAN_POINT('',(0.,1.065E+03));
#15524 = VECTOR('',#15525,1.);
#15525 = DIRECTION('',(1.,0.));
#15526 = ( GEOMETRIC_REPRESENTATION_CONTEXT(2) 
PARAMETRIC_REPRESENTATION_CONTEXT() REPRESENTATION_CONTEXT('2D SPACE',''
  ) );
#15527 = ORIENTED_EDGE('',*,*,#15528,.T.);
#15528 = EDGE_CURVE('',#15499,#15529,#15531,.T.);
#15529 = VERTEX_POINT('',#15530);
#15530 = CARTESIAN_POINT('',(532.5,826.5,0.));
#15531 = SURFACE_CURVE('',#15532,(#15536,#15543),.PCURVE_S1.);
#15532 = LINE('',#15533,#15534);
#15533 = CARTESIAN_POINT('',(532.5,-826.5,0.));
#15534 = VECTOR('',#15535,1.);
#15535 = DIRECTION('',(-0.,1.,0.));
#15536 = PCURVE('',#15509,#15537);
#15537 = DEFINITIONAL_REPRESENTATION('',(#15538),#15542);
#15538 = LINE('',#15539,#15540);
#15539 = CARTESIAN_POINT('',(0.,0.));
#15540 = VECTOR('',#15541,1.);
#15541 = DIRECTION('',(0.,-1.));
#15542 = ( GEOMETRIC_REPRESENTATION_CONTEXT(2) 
PARAMETRIC_REPRESENTATION_CONTEXT() REPRESENTATION_CONTEXT('2D SPACE',''
  ) );
#15543 = PCURVE('',#15429,#15544);
#15544 = DEFINITIONAL_REPRESENTATION('',(#15545),#15549);
#15545 = LINE('',#15546,#15547);
#15546 = CARTESIAN_POINT('',(1.065E+03,0.));
#15547 = VECTOR('',#15548,1.);
#15548 = DIRECTION('',(0.,1.));
#15549 = ( GEOMETRIC_REPRESENTATION_CONTEXT(2) 
PARAMETRIC_REPRESENTATION_CONTEXT() REPRESENTATION_CONTEXT('2D SPACE',''
  ) );
#15550 = ORIENTED_EDGE('',*,*,#15551,.T.);
#15551 = EDGE_CURVE('',#15529,#15552,#15554,.T.);
#15552 = VERTEX_POINT('',#15553);
#15553 = CARTESIAN_POINT('',(532.5,826.5,4.));
#15554 = SURFACE_CURVE('',#15555,(#15559,#15566),.PCURVE_S1.);
#15555 = LINE('',#15556,#15557);
#15556 = CARTESIAN_POINT('',(532.5,826.5,0.));
#15557 = VECTOR('',#15558,1.);
#15558 = DIRECTION('',(0.,0.,1.));
#15559 = PCURVE('',#15509,#15560);
#15560 = DEFINITIONAL_REPRESENTATION('',(#15561),#15565);
#15561 = LINE('',#15562,#15563);
#15562 = CARTESIAN_POINT('',(0.,-1.653E+03));
#15563 = VECTOR('',#15564,1.);
#15564 = DIRECTION('',(1.,0.));
#15565 = ( GEOMETRIC_REPRESENTATION_CONTEXT(2) 
PARAMETRIC_REPRESENTATION_CONTEXT() REPRESENTATION_CONTEXT('2D SPACE',''
  ) );
#15566 = PCURVE('',#15457,#15567);
#15567 = DEFINITIONAL_REPRESENTATION('',(#15568),#15572);
#15568 = LINE('',#15569,#15570);
#15569 = CARTESIAN_POINT('',(0.,1.065E+03));
#15570 = VECTOR('',#15571,1.);
#15571 = DIRECTION('',(1.,0.));
#15572 = ( GEOMETRIC_REPRESENTATION_CONTEXT(2) 
PARAMETRIC_REPRESENTATION_CONTEXT() REPRESENTATION_CONTEXT('2D SPACE',''
  ) );
#15573 = ORIENTED_EDGE('',*,*,#15574,.F.);
#15574 = EDGE_CURVE('',#15501,#15552,#15575,.T.);
#15575 = SURFACE_CURVE('',#15576,(#15580,#15587),.PCURVE_S1.);
#15576 = LINE('',#15577,#15578);
#15577 = CARTESIAN_POINT('',(532.5,-826.5,4.));
#15578 = VECTOR('',#15579,1.);
#15579 = DIRECTION('',(-0.,1.,0.));
#15580 = PCURVE('',#15509,#15581);
#15581 = DEFINITIONAL_REPRESENTATION('',(#15582),#15586);
#15582 = LINE('',#15583,#15584);
#15583 = CARTESIAN_POINT('',(4.,0.));
#15584 = VECTOR('',#15585,1.);
#15585 = DIRECTION('',(0.,-1.));
#15586 = ( GEOMETRIC_REPRESENTATION_CONTEXT(2) 
PARAMETRIC_REPRESENTATION_CONTEXT() REPRESENTATION_CONTEXT('2D SPACE',''
  ) );
#15587 = PCURVE('',#15483,#15588);
#15588 = DEFINITIONAL_REPRESENTATION('',(#15589),#15593);
#15589 = LINE('',#15590,#15591);
#15590 = CARTESIAN_POINT('',(1.065E+03,0.));
#15591 = VECTOR('',#15592,1.);
#15592 = DIRECTION('',(0.,1.));
#15593 = ( GEOMETRIC_REPRESENTATION_CONTEXT(2) 
PARAMETRIC_REPRESENTATION_CONTEXT() REPRESENTATION_CONTEXT('2D SPACE',''
  ) );
#15594 = ADVANCED_FACE('',(#15595),#15401,.F.);
#15595 = FACE_BOUND('',#15596,.F.);
#15596 = EDGE_LOOP('',(#15597,#15618,#15619,#15640));
#15597 = ORIENTED_EDGE('',*,*,#15598,.F.);
#15598 = EDGE_CURVE('',#15379,#15499,#15599,.T.);
#15599 = SURFACE_CURVE('',#15600,(#15604,#15611),.PCURVE_S1.);
#15600 = LINE('',#15601,#15602);
#15601 = CARTESIAN_POINT('',(-532.5,-826.5,0.));
#15602 = VECTOR('',#15603,1.);
#15603 = DIRECTION('',(1.,0.,-0.));
#15604 = PCURVE('',#15401,#15605);
#15605 = DEFINITIONAL_REPRESENTATION('',(#15606),#15610);
#15606 = LINE('',#15607,#15608);
#15607 = CARTESIAN_POINT('',(0.,0.));
#15608 = VECTOR('',#15609,1.);
#15609 = DIRECTION('',(0.,1.));
#15610 = ( GEOMETRIC_REPRESENTATION_CONTEXT(2) 
PARAMETRIC_REPRESENTATION_CONTEXT() REPRESENTATION_CONTEXT('2D SPACE',''
  ) );
#15611 = PCURVE('',#15429,#15612);
#15612 = DEFINITIONAL_REPRESENTATION('',(#15613),#15617);
#15613 = LINE('',#15614,#15615);
#15614 = CARTESIAN_POINT('',(0.,0.));
#15615 = VECTOR('',#15616,1.);
#15616 = DIRECTION('',(1.,0.));
#15617 = ( GEOMETRIC_REPRESENTATION_CONTEXT(2) 
PARAMETRIC_REPRESENTATION_CONTEXT() REPRESENTATION_CONTEXT('2D SPACE',''
  ) );
#15618 = ORIENTED_EDGE('',*,*,#15378,.T.);
#15619 = ORIENTED_EDGE('',*,*,#15620,.T.);
#15620 = EDGE_CURVE('',#15381,#15501,#15621,.T.);
#15621 = SURFACE_CURVE('',#15622,(#15626,#15633),.PCURVE_S1.);
#15622 = LINE('',#15623,#15624);
#15623 = CARTESIAN_POINT('',(-532.5,-826.5,4.));
#15624 = VECTOR('',#15625,1.);
#15625 = DIRECTION('',(1.,0.,-0.));
#15626 = PCURVE('',#15401,#15627);
#15627 = DEFINITIONAL_REPRESENTATION('',(#15628),#15632);
#15628 = LINE('',#15629,#15630);
#15629 = CARTESIAN_POINT('',(4.,0.));
#15630 = VECTOR('',#15631,1.);
#15631 = DIRECTION('',(0.,1.));
#15632 = ( GEOMETRIC_REPRESENTATION_CONTEXT(2) 
PARAMETRIC_REPRESENTATION_CONTEXT() REPRESENTATION_CONTEXT('2D SPACE',''
  ) );
#15633 = PCURVE('',#15483,#15634);
#15634 = DEFINITIONAL_REPRESENTATION('',(#15635),#15639);
#15635 = LINE('',#15636,#15637);
#15636 = CARTESIAN_POINT('',(0.,0.));
#15637 = VECTOR('',#15638,1.);
#15638 = DIRECTION('',(1.,0.));
#15639 = ( GEOMETRIC_REPRESENTATION_CONTEXT(2) 
PARAMETRIC_REPRESENTATION_CONTEXT() REPRESENTATION_CONTEXT('2D SPACE',''
  ) );
#15640 = ORIENTED_EDGE('',*,*,#15498,.F.);
#15641 = ADVANCED_FACE('',(#15642),#15457,.T.);
#15642 = FACE_BOUND('',#15643,.T.);
#15643 = EDGE_LOOP('',(#15644,#15665,#15666,#15687));
#15644 = ORIENTED_EDGE('',*,*,#15645,.F.);
#15645 = EDGE_CURVE('',#15414,#15529,#15646,.T.);
#15646 = SURFACE_CURVE('',#15647,(#15651,#15658),.PCURVE_S1.);
#15647 = LINE('',#15648,#15649);
#15648 = CARTESIAN_POINT('',(-532.5,826.5,0.));
#15649 = VECTOR('',#15650,1.);
#15650 = DIRECTION('',(1.,0.,-0.));
#15651 = PCURVE('',#15457,#15652);
#15652 = DEFINITIONAL_REPRESENTATION('',(#15653),#15657);
#15653 = LINE('',#15654,#15655);
#15654 = CARTESIAN_POINT('',(0.,0.));
#15655 = VECTOR('',#15656,1.);
#15656 = DIRECTION('',(0.,1.));
#15657 = ( GEOMETRIC_REPRESENTATION_CONTEXT(2) 
PARAMETRIC_REPRESENTATION_CONTEXT() REPRESENTATION_CONTEXT('2D SPACE',''
  ) );
#15658 = PCURVE('',#15429,#15659);
#15659 = DEFINITIONAL_REPRESENTATION('',(#15660),#15664);
#15660 = LINE('',#15661,#15662);
#15661 = CARTESIAN_POINT('',(0.,1.653E+03));
#15662 = VECTOR('',#15663,1.);
#15663 = DIRECTION('',(1.,0.));
#15664 = ( GEOMETRIC_REPRESENTATION_CONTEXT(2) 
PARAMETRIC_REPRESENTATION_CONTEXT() REPRESENTATION_CONTEXT('2D SPACE',''
  ) );
#15665 = ORIENTED_EDGE('',*,*,#15441,.T.);
#15666 = ORIENTED_EDGE('',*,*,#15667,.T.);
#15667 = EDGE_CURVE('',#15442,#15552,#15668,.T.);
#15668 = SURFACE_CURVE('',#15669,(#15673,#15680),.PCURVE_S1.);
#15669 = LINE('',#15670,#15671);
#15670 = CARTESIAN_POINT('',(-532.5,826.5,4.));
#15671 = VECTOR('',#15672,1.);
#15672 = DIRECTION('',(1.,0.,-0.));
#15673 = PCURVE('',#15457,#15674);
#15674 = DEFINITIONAL_REPRESENTATION('',(#15675),#15679);
#15675 = LINE('',#15676,#15677);
#15676 = CARTESIAN_POINT('',(4.,0.));
#15677 = VECTOR('',#15678,1.);
#15678 = DIRECTION('',(0.,1.));
#15679 = ( GEOMETRIC_REPRESENTATION_CONTEXT(2) 
PARAMETRIC_REPRESENTATION_CONTEXT() REPRESENTATION_CONTEXT('2D SPACE',''
  ) );
#15680 = PCURVE('',#15483,#15681);
#15681 = DEFINITIONAL_REPRESENTATION('',(#15682),#15686);
#15682 = LINE('',#15683,#15684);
#15683 = CARTESIAN_POINT('',(0.,1.653E+03));
#15684 = VECTOR('',#15685,1.);
#15685 = DIRECTION('',(1.,0.));
#15686 = ( GEOMETRIC_REPRESENTATION_CONTEXT(2) 
PARAMETRIC_REPRESENTATION_CONTEXT() REPRESENTATION_CONTEXT('2D SPACE',''
  ) );
#15687 = ORIENTED_EDGE('',*,*,#15551,.F.);
#15688 = ADVANCED_FACE('',(#15689),#15429,.F.);
#15689 = FACE_BOUND('',#15690,.F.);
#15690 = EDGE_LOOP('',(#15691,#15692,#15693,#15694));
#15691 = ORIENTED_EDGE('',*,*,#15413,.F.);
#15692 = ORIENTED_EDGE('',*,*,#15598,.T.);
#15693 = ORIENTED_EDGE('',*,*,#15528,.T.);
#15694 = ORIENTED_EDGE('',*,*,#15645,.F.);
#15695 = ADVANCED_FACE('',(#15696),#15483,.T.);
#15696 = FACE_BOUND('',#15697,.T.);
#15697 = EDGE_LOOP('',(#15698,#15699,#15700,#15701));
#15698 = ORIENTED_EDGE('',*,*,#15469,.F.);
#15699 = ORIENTED_EDGE('',*,*,#15620,.T.);
#15700 = ORIENTED_EDGE('',*,*,#15574,.T.);
#15701 = ORIENTED_EDGE('',*,*,#15667,.F.);
#15702 = ( GEOMETRIC_REPRESENTATION_CONTEXT(3) 
GLOBAL_UNCERTAINTY_ASSIGNED_CONTEXT((#15706)) 
GLOBAL_UNIT_ASSIGNED_CONTEXT((#15703,#15704,#15705)) 
REPRESENTATION_CONTEXT('Context #1',
  '3D Context with UNIT and UNCERTAINTY') );
#15703 = ( LENGTH_UNIT() NAMED_UNIT(*) SI_UNIT(.MILLI.,.METRE.) );
#15704 = ( NAMED_UNIT(*) PLANE_ANGLE_UNIT() SI_UNIT($,.RADIAN.) );
#15705 = ( NAMED_UNIT(*) SI_UNIT($,.STERADIAN.) SOLID_ANGLE_UNIT() );
#15706 = UNCERTAINTY_MEASURE_WITH_UNIT(LENGTH_MEASURE(1.E-07),#15703,
  'distance_accuracy_value','confusion accuracy');
#15707 = CONTEXT_DEPENDENT_SHAPE_REPRESENTATION(#15708,#15710);
#15708 = ( REPRESENTATION_RELATIONSHIP('','',#15371,#10) 
REPRESENTATION_RELATIONSHIP_WITH_TRANSFORMATION(#15709) 
SHAPE_REPRESENTATION_RELATIONSHIP() );
#15709 = ITEM_DEFINED_TRANSFORMATION('','',#11,#139);
#15710 = PRODUCT_DEFINITION_SHAPE('Placement','Placement of an item',
  #15711);
#15711 = NEXT_ASSEMBLY_USAGE_OCCURRENCE('66','cell.14','',#5,#15366,$);
#15712 = PRODUCT_RELATED_PRODUCT_CATEGORY('part',$,(#15368));
ENDSEC;
END-ISO-10303-21;
