ISO-10303-21;
HEADER;
FILE_DESCRIPTION(('Open CASCADE Model'),'2;1');
FILE_NAME('product','2026-09-27T02:14:43',('Author'),('Open CASCADE'),
  'Open CASCADE STEP processor 8.0','build123d','Unknown');
FILE_SCHEMA(('AUTOMOTIVE_DESIGN { 1 0 10303 214 1 1 1 1 }'));
ENDSEC;
DATA;
#1 = APPLICATION_PROTOCOL_DEFINITION('international standard',
  'automotive_design',2000,#2);
#2 = APPLICATION_CONTEXT(
  'core data for automotive mechanical design processes');
#3 = SHAPE_DEFINITION_REPRESENTATION(#4,#10);
#4 = PRODUCT_DEFINITION_SHAPE('','',#5);
#5 = PRODUCT_DEFINITION('design','',#6,#9);
#6 = PRODUCT_DEFINITION_FORMATION('','',#7);
#7 = PRODUCT('product','product','',(#8));
#8 = PRODUCT_CONTEXT('',#2,'mechanical');
#9 = PRODUCT_DEFINITION_CONTEXT('part definition',#2,'design');
#10 = SHAPE_REPRESENTATION('',(#11,#15,#19,#23,#27,#31,#35,#39),#43);
#11 = AXIS2_PLACEMENT_3D('',#12,#13,#14);
#12 = CARTESIAN_POINT('',(0.,0.,0.));
#13 = DIRECTION('',(0.,0.,1.));
#14 = DIRECTION('',(1.,0.,-0.));
#15 = AXIS2_PLACEMENT_3D('',#16,#17,#18);
#16 = CARTESIAN_POINT('',(0.,0.,68.650603749105));
#17 = DIRECTION('',(0.,0.,1.));
#18 = DIRECTION('',(1.,0.,-0.));
#19 = AXIS2_PLACEMENT_3D('',#20,#21,#22);
#20 = CARTESIAN_POINT('',(-828.,-133.5,90.217753051326));
#21 = DIRECTION('',(0.,0.,1.));
#22 = DIRECTION('',(1.,0.,-0.));
#23 = AXIS2_PLACEMENT_3D('',#24,#25,#26);
#24 = CARTESIAN_POINT('',(-823.,-137.,89.717753051326));
#25 = DIRECTION('',(0.,0.,1.));
#26 = DIRECTION('',(1.,0.,-0.));
#27 = AXIS2_PLACEMENT_3D('',#28,#29,#30);
#28 = CARTESIAN_POINT('',(-828.,140.5,90.217753051326));
#29 = DIRECTION('',(0.,0.,1.));
#30 = DIRECTION('',(1.,0.,-0.));
#31 = AXIS2_PLACEMENT_3D('',#32,#33,#34);
#32 = CARTESIAN_POINT('',(-823.,137.,89.717753051326));
#33 = DIRECTION('',(0.,0.,1.));
#34 = DIRECTION('',(1.,0.,-0.));
#35 = AXIS2_PLACEMENT_3D('',#36,#37,#38);
#36 = CARTESIAN_POINT('',(-1.013E+03,3.5,102.));
#37 = DIRECTION('',(0.,0.,1.));
#38 = DIRECTION('',(1.,0.,-0.));
#39 = AXIS2_PLACEMENT_3D('',#40,#41,#42);
#40 = CARTESIAN_POINT('',(-1.008E+03,0.,101.5));
#41 = DIRECTION('',(0.,0.,1.));
#42 = DIRECTION('',(1.,0.,-0.));
#43 = ( GEOMETRIC_REPRESENTATION_CONTEXT(3) 
GLOBAL_UNCERTAINTY_ASSIGNED_CONTEXT((#47)) GLOBAL_UNIT_ASSIGNED_CONTEXT(
(#44,#45,#46)) REPRESENTATION_CONTEXT('Context #1',
  '3D Context with UNIT and UNCERTAINTY') );
#44 = ( LENGTH_UNIT() NAMED_UNIT(*) SI_UNIT(.MILLI.,.METRE.) );
#45 = ( NAMED_UNIT(*) PLANE_ANGLE_UNIT() SI_UNIT($,.RADIAN.) );
#46 = ( NAMED_UNIT(*) SI_UNIT($,.STERADIAN.) SOLID_ANGLE_UNIT() );
#47 = UNCERTAINTY_MEASURE_WITH_UNIT(LENGTH_MEASURE(1.E-07),#44,
  'distance_accuracy_value','confusion accuracy');
#48 = PRODUCT_RELATED_PRODUCT_CATEGORY('part',$,(#7));
#49 = SHAPE_DEFINITION_REPRESENTATION(#50,#56);
#50 = PRODUCT_DEFINITION_SHAPE('','',#51);
#51 = PRODUCT_DEFINITION('design','',#52,#55);
#52 = PRODUCT_DEFINITION_FORMATION('','',#53);
#53 = PRODUCT('body.1','body.1','',(#54));
#54 = PRODUCT_CONTEXT('',#2,'mechanical');
#55 = PRODUCT_DEFINITION_CONTEXT('part definition',#2,'design');
#56 = ADVANCED_BREP_SHAPE_REPRESENTATION('',(#11,#57),#3771);
#57 = MANIFOLD_SOLID_BREP('',#58);
#58 = CLOSED_SHELL('',(#59,#1245,#1705,#2165,#2625,#3085,#3545,#3674,
    #3749,#3760));
#59 = ADVANCED_FACE('',(#60),#81,.T.);
#60 = FACE_BOUND('',#61,.T.);
#61 = EDGE_LOOP('',(#62,#437,#821,#863));
#62 = ORIENTED_EDGE('',*,*,#63,.T.);
#63 = EDGE_CURVE('',#64,#66,#68,.T.);
#64 = VERTEX_POINT('',#65);
#65 = CARTESIAN_POINT('',(-1.143E+03,-122.5,62.739492552699));
#66 = VERTEX_POINT('',#67);
#67 = CARTESIAN_POINT('',(-1.143E+03,-122.5,59.666975137484));
#68 = SURFACE_CURVE('',#69,(#80,#418),.PCURVE_S1.);
#69 = B_SPLINE_CURVE_WITH_KNOTS('',9,(#70,#71,#72,#73,#74,#75,#76,#77,
    #78,#79),.UNSPECIFIED.,.F.,.F.,(10,10),(0.,1.),
  .PIECEWISE_BEZIER_KNOTS.);
#70 = CARTESIAN_POINT('',(-1.143E+03,-122.5,62.739492552699));
#71 = CARTESIAN_POINT('',(-1.143E+03,-122.5,62.398101728786));
#72 = CARTESIAN_POINT('',(-1.143E+03,-122.5,62.056710904873));
#73 = CARTESIAN_POINT('',(-1.143E+03,-122.5,61.715320080961));
#74 = CARTESIAN_POINT('',(-1.143E+03,-122.5,61.373929257048));
#75 = CARTESIAN_POINT('',(-1.143E+03,-122.5,61.032538433135));
#76 = CARTESIAN_POINT('',(-1.143E+03,-122.5,60.691147609223));
#77 = CARTESIAN_POINT('',(-1.143E+03,-122.5,60.34975678531));
#78 = CARTESIAN_POINT('',(-1.143E+03,-122.5,60.008365961397));
#79 = CARTESIAN_POINT('',(-1.143E+03,-122.5,59.666975137484));
#80 = PCURVE('',#81,#412);
#81 = ( BOUNDED_SURFACE() B_SPLINE_SURFACE(9,3,(
    (#82,#83,#84,#85,#86,#87,#88,#89,#90,#91,#92,#93,#94,#95,#96,#97,#98
      ,#99,#100,#101,#102,#103,#104,#105,#106,#107,#108,#109,#110,#111
      ,#112,#113,#114)
    ,(#115,#116,#117,#118,#119,#120,#121,#122,#123,#124,#125,#126,#127
      ,#128,#129,#130,#131,#132,#133,#134,#135,#136,#137,#138,#139,#140
      ,#141,#142,#143,#144,#145,#146,#147)
    ,(#148,#149,#150,#151,#152,#153,#154,#155,#156,#157,#158,#159,#160
      ,#161,#162,#163,#164,#165,#166,#167,#168,#169,#170,#171,#172,#173
      ,#174,#175,#176,#177,#178,#179,#180)
    ,(#181,#182,#183,#184,#185,#186,#187,#188,#189,#190,#191,#192,#193
      ,#194,#195,#196,#197,#198,#199,#200,#201,#202,#203,#204,#205,#206
      ,#207,#208,#209,#210,#211,#212,#213)
    ,(#214,#215,#216,#217,#218,#219,#220,#221,#222,#223,#224,#225,#226
      ,#227,#228,#229,#230,#231,#232,#233,#234,#235,#236,#237,#238,#239
      ,#240,#241,#242,#243,#244,#245,#246)
    ,(#247,#248,#249,#250,#251,#252,#253,#254,#255,#256,#257,#258,#259
      ,#260,#261,#262,#263,#264,#265,#266,#267,#268,#269,#270,#271,#272
      ,#273,#274,#275,#276,#277,#278,#279)
    ,(#280,#281,#282,#283,#284,#285,#286,#287,#288,#289,#290,#291,#292
      ,#293,#294,#295,#296,#297,#298,#299,#300,#301,#302,#303,#304,#305
      ,#306,#307,#308,#309,#310,#311,#312)
    ,(#313,#314,#315,#316,#317,#318,#319,#320,#321,#322,#323,#324,#325
      ,#326,#327,#328,#329,#330,#331,#332,#333,#334,#335,#336,#337,#338
      ,#339,#340,#341,#342,#343,#344,#345)
    ,(#346,#347,#348,#349,#350,#351,#352,#353,#354,#355,#356,#357,#358
      ,#359,#360,#361,#362,#363,#364,#365,#366,#367,#368,#369,#370,#371
      ,#372,#373,#374,#375,#376,#377,#378)
    ,(#379,#380,#381,#382,#383,#384,#385,#386,#387,#388,#389,#390,#391
      ,#392,#393,#394,#395,#396,#397,#398,#399,#400,#401,#402,#403,#404
      ,#405,#406,#407,#408,#409,#410,#411
)),.UNSPECIFIED.,.F.,.F.,.F.) B_SPLINE_SURFACE_WITH_KNOTS((10,10),(4,1,1
    ,1,1,1,1,1,1,1,1,1,1,1,1,1,1,1,1,1,1,1,1,1,1,1,1,1,1,1,4),(0.,1.),(
    0.,2.746171766758E-03,1.118870024358E-02,2.568427470388E-02,
    4.475633827572E-02,6.800564081826E-02,9.590152946084E-02,
    0.128355449535,0.164550848408,0.204360670546,0.247403479125,
    0.293141649154,0.340973744419,0.390288254891,0.440615272158,
    0.491428867536,0.542208280399,0.592472574445,0.641764300614,
    0.689639726311,0.735545647315,0.778882374264,0.819079396185,
    0.855879581143,0.891348496504,0.922086120951,0.948373911541,
    0.971549368032,0.987555494539,0.997058471654,1.),.UNSPECIFIED.) 
GEOMETRIC_REPRESENTATION_ITEM() RATIONAL_B_SPLINE_SURFACE((
    (1.,0.999999999998,1.000000000004,0.999999999998,1.000000000001,1.
      ,1.,1.,1.,1.,1.,1.,1.,1.,1.,1.,1.,1.,1.,1.,1.,1.,1.,1.,1.,1.,1.
      ,0.999999999999,1.000000000002,0.999999999997,1.000000000005
      ,0.999999999997,1.)
    ,(1.,0.999999999998,1.000000000004,0.999999999998,1.000000000001,1.
      ,1.,1.,1.,1.,1.,1.,1.,1.,1.,1.,1.,1.,1.,1.,1.,1.,1.,1.,1.,1.,1.
      ,0.999999999999,1.000000000002,0.999999999997,1.000000000005
      ,0.999999999997,1.)
    ,(1.,0.999999999998,1.000000000004,0.999999999998,1.000000000001,1.
      ,1.,1.,1.,1.,1.,1.,1.,1.,1.,1.,1.,1.,1.,1.,1.,1.,1.,1.,1.,1.,1.
      ,0.999999999999,1.000000000002,0.999999999997,1.000000000005
      ,0.999999999997,1.)
    ,(1.,0.999999999998,1.000000000004,0.999999999998,1.000000000001,1.
      ,1.,1.,1.,1.,1.,1.,1.,1.,1.,1.,1.,1.,1.,1.,1.,1.,1.,1.,1.,1.,1.
      ,0.999999999999,1.000000000002,0.999999999997,1.000000000005
      ,0.999999999997,1.)
    ,(1.,0.999999999998,1.000000000004,0.999999999998,1.000000000001,1.
      ,1.,1.,1.,1.,1.,1.,1.,1.,1.,1.,1.,1.,1.,1.,1.,1.,1.,1.,1.,1.,1.
      ,0.999999999999,1.000000000002,0.999999999997,1.000000000005
      ,0.999999999997,1.)
    ,(1.,0.999999999998,1.000000000004,0.999999999998,1.000000000001,1.
      ,1.,1.,1.,1.,1.,1.,1.,1.,1.,1.,1.,1.,1.,1.,1.,1.,1.,1.,1.,1.,1.
      ,0.999999999999,1.000000000002,0.999999999997,1.000000000005
      ,0.999999999997,1.)
    ,(1.,0.999999999998,1.000000000004,0.999999999998,1.000000000001,1.
      ,1.,1.,1.,1.,1.,1.,1.,1.,1.,1.,1.,1.,1.,1.,1.,1.,1.,1.,1.,1.,1.
      ,0.999999999999,1.000000000002,0.999999999997,1.000000000005
      ,0.999999999997,1.)
    ,(1.,0.999999999998,1.000000000004,0.999999999998,1.000000000001,1.
      ,1.,1.,1.,1.,1.,1.,1.,1.,1.,1.,1.,1.,1.,1.,1.,1.,1.,1.,1.,1.,1.
      ,0.999999999999,1.000000000002,0.999999999997,1.000000000005
      ,0.999999999997,1.)
    ,(1.,0.999999999998,1.000000000004,0.999999999998,1.000000000001,1.
      ,1.,1.,1.,1.,1.,1.,1.,1.,1.,1.,1.,1.,1.,1.,1.,1.,1.,1.,1.,1.,1.
      ,0.999999999999,1.000000000002,0.999999999997,1.000000000005
      ,0.999999999997,1.)
    ,(1.,0.999999999998,1.000000000004,0.999999999998,1.000000000001,1.
      ,1.,1.,1.,1.,1.,1.,1.,1.,1.,1.,1.,1.,1.,1.,1.,1.,1.,1.,1.,1.,1.
      ,0.999999999999,1.000000000002,0.999999999997,1.000000000005
,0.999999999997,1.))) REPRESENTATION_ITEM('') SURFACE() );
#82 = CARTESIAN_POINT('',(-1.143E+03,-122.5,62.739492552699));
#83 = CARTESIAN_POINT('',(-1.140904303013E+03,-122.9939327355,
    62.5660573124));
#84 = CARTESIAN_POINT('',(-1.132387523417E+03,-125.2167469913,
    61.844730702088));
#85 = CARTESIAN_POINT('',(-1.113407092993E+03,-132.5809551582,
    60.197293062308));
#86 = CARTESIAN_POINT('',(-1.084288167589E+03,-149.6343388233,
    58.488567081557));
#87 = CARTESIAN_POINT('',(-1.041250735977E+03,-164.7661630881,
    58.504245808925));
#88 = CARTESIAN_POINT('',(-986.1639765365,-169.0256404606,
    56.931493059887));
#89 = CARTESIAN_POINT('',(-921.0355189722,-177.4576874278,
    55.290524730556));
#90 = CARTESIAN_POINT('',(-846.7193466215,-194.2969085052,
    53.291478467065));
#91 = CARTESIAN_POINT('',(-761.9257423699,-202.7808783113,
    51.218238245563));
#92 = CARTESIAN_POINT('',(-669.3010995621,-215.8191522308,
    49.231428658019));
#93 = CARTESIAN_POINT('',(-569.3999038535,-231.2636539452,
    47.477943652704));
#94 = CARTESIAN_POINT('',(-463.3061395895,-247.898025874,46.062205122949
    ));
#95 = CARTESIAN_POINT('',(-352.1353432845,-263.7723526307,
    45.051880115451));
#96 = CARTESIAN_POINT('',(-236.8788375159,-274.8673054351,
    44.458023935412));
#97 = CARTESIAN_POINT('',(-119.1251789325,-283.4559013019,
    44.254259896412));
#98 = CARTESIAN_POINT('',(-4.322838209409E-02,-288.4680982479,
    44.259275509698));
#99 = CARTESIAN_POINT('',(119.08775359988,-288.8654722201,
    44.388111635174));
#100 = CARTESIAN_POINT('',(236.93160077187,-283.7188116631,
    45.829208159697));
#101 = CARTESIAN_POINT('',(352.20334401997,-273.5126664304,
    48.717642447301));
#102 = CARTESIAN_POINT('',(463.47076896361,-257.7163794097,
    53.137577733749));
#103 = CARTESIAN_POINT('',(569.53216526571,-239.1653961975,
    58.971242946907));
#104 = CARTESIAN_POINT('',(669.54768243409,-220.6853852623,
    66.013669215171));
#105 = CARTESIAN_POINT('',(761.8041324137,-202.1867158823,
    73.871558104089));
#106 = CARTESIAN_POINT('',(850.21461043616,-190.7163252109,
    82.585818516559));
#107 = CARTESIAN_POINT('',(921.03842057092,-145.9192241299,
    90.602084123479));
#108 = CARTESIAN_POINT('',(986.65403629447,-113.6684117623,
    97.891907309826));
#109 = CARTESIAN_POINT('',(1.043821094916E+03,-83.70202888302,
    106.56067248118));
#110 = CARTESIAN_POINT('',(1.081784968413E+03,-45.62168862876,
    106.70408409614));
#111 = CARTESIAN_POINT('',(1.113976947353E+03,-21.59091405298,
    120.62224112374));
#112 = CARTESIAN_POINT('',(1.13206899031E+03,-11.43933588369,
    109.78543336384));
#113 = CARTESIAN_POINT('',(1.140834953018E+03,-7.815773468797,
    107.20388932892));
#114 = CARTESIAN_POINT('',(1.143E+03,-7.,107.02));
#115 = CARTESIAN_POINT('',(-1.143E+03,-122.5,62.398101728786));
#116 = CARTESIAN_POINT('',(-1.140904303013E+03,-122.9939327355,
    62.22460499729));
#117 = CARTESIAN_POINT('',(-1.132387523417E+03,-125.2167469913,
    61.503348161927));
#118 = CARTESIAN_POINT('',(-1.113407092993E+03,-132.5809551582,
    59.857108691986));
#119 = CARTESIAN_POINT('',(-1.084288167589E+03,-149.6343388233,
    58.137849213512));
#120 = CARTESIAN_POINT('',(-1.041250735977E+03,-164.7661630881,
    58.098505225112));
#121 = CARTESIAN_POINT('',(-986.1639765365,-169.0256404606,
    56.485786913942));
#122 = CARTESIAN_POINT('',(-921.0355189722,-177.4576874278,
    54.799939481196));
#123 = CARTESIAN_POINT('',(-846.7193466215,-194.2969085052,
    52.759449579471));
#124 = CARTESIAN_POINT('',(-761.9257423699,-202.7808783113,
    50.645296249146));
#125 = CARTESIAN_POINT('',(-669.3010995621,-215.8191522308,
    48.620834117204));
#126 = CARTESIAN_POINT('',(-569.3999038535,-231.2636539452,
    46.833325613108));
#127 = CARTESIAN_POINT('',(-463.3061395895,-247.898025874,
    45.388216175876));
#128 = CARTESIAN_POINT('',(-352.1353432845,-263.7723526307,
    44.353986887144));
#129 = CARTESIAN_POINT('',(-236.8788375159,-274.8673054351,
    43.74242999397));
#130 = CARTESIAN_POINT('',(-119.1251789325,-283.4559013019,
    43.527810720112));
#131 = CARTESIAN_POINT('',(-4.322838209409E-02,-288.4680982479,
    43.529161680781));
#132 = CARTESIAN_POINT('',(119.08775359988,-288.8654722201,
    43.661658639434));
#133 = CARTESIAN_POINT('',(236.93160077187,-283.7188116631,
    45.113620767603));
#134 = CARTESIAN_POINT('',(352.20334401997,-273.5126664304,
    48.019758875888));
#135 = CARTESIAN_POINT('',(463.47076896361,-257.7163794097,
    52.463635260764));
#136 = CARTESIAN_POINT('',(569.53216526571,-239.1653961975,
    58.326643576831));
#137 = CARTESIAN_POINT('',(669.54768243409,-220.6853852623,
    65.403235869049));
#138 = CARTESIAN_POINT('',(761.8041324137,-202.1867158823,
    73.298354061009));
#139 = CARTESIAN_POINT('',(850.21461043616,-190.7163252109,
    82.056118519246));
#140 = CARTESIAN_POINT('',(921.03842057092,-145.9192241299,
    90.109814576437));
#141 = CARTESIAN_POINT('',(986.65403629447,-113.6684117623,
    97.451740639412));
#142 = CARTESIAN_POINT('',(1.043821094916E+03,-83.70202888302,
    106.14119127312));
#143 = CARTESIAN_POINT('',(1.081784968413E+03,-45.62168862876,
    106.39715433476));
#144 = CARTESIAN_POINT('',(1.113976947353E+03,-21.59091405298,
    120.18783914383));
#145 = CARTESIAN_POINT('',(1.13206899031E+03,-11.43933588369,
    109.58825451775));
#146 = CARTESIAN_POINT('',(1.140834953018E+03,-7.815773468797,
    107.07814098446));
#147 = CARTESIAN_POINT('',(1.143E+03,-7.,106.90444444444));
#148 = CARTESIAN_POINT('',(-1.143E+03,-122.5,62.056710904873));
#149 = CARTESIAN_POINT('',(-1.140904303013E+03,-122.9939327355,
    61.883152682183));
#150 = CARTESIAN_POINT('',(-1.132387523417E+03,-125.2167469913,
    61.161965621761));
#151 = CARTESIAN_POINT('',(-1.113407092993E+03,-132.5809551582,
    59.516924321669));
#152 = CARTESIAN_POINT('',(-1.084288167589E+03,-149.6343388233,
    57.787131345466));
#153 = CARTESIAN_POINT('',(-1.041250735977E+03,-164.7661630881,
    57.692764641299));
#154 = CARTESIAN_POINT('',(-986.1639765365,-169.0256404606,
    56.040080767997));
#155 = CARTESIAN_POINT('',(-921.0355189722,-177.4576874278,
    54.309354231836));
#156 = CARTESIAN_POINT('',(-846.7193466215,-194.2969085052,
    52.227420691877));
#157 = CARTESIAN_POINT('',(-761.9257423699,-202.7808783113,
    50.072354252729));
#158 = CARTESIAN_POINT('',(-669.3010995621,-215.8191522308,
    48.010239576389));
#159 = CARTESIAN_POINT('',(-569.3999038535,-231.2636539452,
    46.188707573511));
#160 = CARTESIAN_POINT('',(-463.3061395895,-247.898025874,
    44.714227228802));
#161 = CARTESIAN_POINT('',(-352.1353432845,-263.7723526307,
    43.656093658837));
#162 = CARTESIAN_POINT('',(-236.8788375159,-274.8673054351,
    43.026836052528));
#163 = CARTESIAN_POINT('',(-119.1251789325,-283.4559013019,
    42.801361543812));
#164 = CARTESIAN_POINT('',(-4.322838209409E-02,-288.4680982479,
    42.799047851864));
#165 = CARTESIAN_POINT('',(119.08775359988,-288.8654722201,
    42.935205643694));
#166 = CARTESIAN_POINT('',(236.93160077187,-283.7188116631,
    44.398033375506));
#167 = CARTESIAN_POINT('',(352.20334401997,-273.5126664304,
    47.321875304484));
#168 = CARTESIAN_POINT('',(463.47076896361,-257.7163794097,
    51.78969278775));
#169 = CARTESIAN_POINT('',(569.53216526571,-239.1653961975,
    57.682044206857));
#170 = CARTESIAN_POINT('',(669.54768243409,-220.6853852623,
    64.792802522579));
#171 = CARTESIAN_POINT('',(761.8041324137,-202.1867158823,
    72.725150019084));
#172 = CARTESIAN_POINT('',(850.21461043616,-190.7163252109,
    81.526418518074));
#173 = CARTESIAN_POINT('',(921.03842057092,-145.9192241299,
    89.61754504248));
#174 = CARTESIAN_POINT('',(986.65403629447,-113.6684117623,
    97.011573929814));
#175 = CARTESIAN_POINT('',(1.043821094916E+03,-83.70202888302,
    105.72171018241));
#176 = CARTESIAN_POINT('',(1.081784968413E+03,-45.62168862876,
    106.09022424016));
#177 = CARTESIAN_POINT('',(1.113976947353E+03,-21.59091405298,
    119.75343785434));
#178 = CARTESIAN_POINT('',(1.13206899031E+03,-11.43933588369,
    109.39107461712));
#179 = CARTESIAN_POINT('',(1.140834953018E+03,-7.815773468797,
    106.95239332074));
#180 = CARTESIAN_POINT('',(1.143E+03,-7.,106.78888888888));
#181 = CARTESIAN_POINT('',(-1.143E+03,-122.5,61.715320080961));
#182 = CARTESIAN_POINT('',(-1.140904303013E+03,-122.9939327355,
    61.541700366981));
#183 = CARTESIAN_POINT('',(-1.132387523417E+03,-125.2167469913,
    60.820583081736));
#184 = CARTESIAN_POINT('',(-1.113407092993E+03,-132.5809551582,
    59.176739951258));
#185 = CARTESIAN_POINT('',(-1.084288167589E+03,-149.6343388233,
    57.436413477461));
#186 = CARTESIAN_POINT('',(-1.041250735977E+03,-164.7661630881,
    57.287024057471));
#187 = CARTESIAN_POINT('',(-986.1639765365,-169.0256404606,
    55.594374622058));
#188 = CARTESIAN_POINT('',(-921.0355189722,-177.4576874278,
    53.818768982474));
#189 = CARTESIAN_POINT('',(-846.7193466215,-194.2969085052,
    51.695391804284));
#190 = CARTESIAN_POINT('',(-761.9257423699,-202.7808783113,
    49.499412256311));
#191 = CARTESIAN_POINT('',(-669.3010995621,-215.8191522308,
    47.399645035575));
#192 = CARTESIAN_POINT('',(-569.3999038535,-231.2636539452,
    45.544089533915));
#193 = CARTESIAN_POINT('',(-463.3061395895,-247.898025874,
    44.040238281728));
#194 = CARTESIAN_POINT('',(-352.1353432845,-263.7723526307,
    42.95820043053));
#195 = CARTESIAN_POINT('',(-236.8788375159,-274.8673054351,
    42.311242111086));
#196 = CARTESIAN_POINT('',(-119.1251789325,-283.4559013019,
    42.074912367512));
#197 = CARTESIAN_POINT('',(-4.322838209409E-02,-288.4680982479,
    42.068934022948));
#198 = CARTESIAN_POINT('',(119.08775359988,-288.8654722201,
    42.208752647953));
#199 = CARTESIAN_POINT('',(236.93160077187,-283.7188116631,
    43.682445983413));
#200 = CARTESIAN_POINT('',(352.20334401997,-273.5126664304,
    46.623991733065));
#201 = CARTESIAN_POINT('',(463.47076896361,-257.7163794097,
    51.115750314786));
#202 = CARTESIAN_POINT('',(569.53216526571,-239.1653961975,
    57.037444836706));
#203 = CARTESIAN_POINT('',(669.54768243409,-220.6853852623,
    64.182369176714));
#204 = CARTESIAN_POINT('',(761.8041324137,-202.1867158823,
    72.151945975153));
#205 = CARTESIAN_POINT('',(850.21461043616,-190.7163252109,
    80.996718523602));
#206 = CARTESIAN_POINT('',(921.03842057092,-145.9192241299,
    89.125275485804));
#207 = CARTESIAN_POINT('',(986.65403629447,-113.6684117623,
    96.571407288249));
#208 = CARTESIAN_POINT('',(1.043821094916E+03,-83.70202888302,
    105.30222888796));
#209 = CARTESIAN_POINT('',(1.081784968413E+03,-45.62168862876,
    105.78329472413));
#210 = CARTESIAN_POINT('',(1.113976947353E+03,-21.59091405298,
    119.3190353661));
#211 = CARTESIAN_POINT('',(1.13206899031E+03,-11.43933588369,
    109.19389654744));
#212 = CARTESIAN_POINT('',(1.140834953018E+03,-7.815773468797,
    106.82664447507));
#213 = CARTESIAN_POINT('',(1.143E+03,-7.,106.67333333333));
#214 = CARTESIAN_POINT('',(-1.143E+03,-122.5,61.373929257048));
#215 = CARTESIAN_POINT('',(-1.140904303013E+03,-122.9939327355,
    61.200248051962));
#216 = CARTESIAN_POINT('',(-1.132387523417E+03,-125.2167469913,
    60.479200541441));
#217 = CARTESIAN_POINT('',(-1.113407092993E+03,-132.5809551582,
    58.836555581025));
#218 = CARTESIAN_POINT('',(-1.084288167589E+03,-149.6343388233,
    57.085695609378));
#219 = CARTESIAN_POINT('',(-1.041250735977E+03,-164.7661630881,
    56.881283473672));
#220 = CARTESIAN_POINT('',(-986.1639765365,-169.0256404606,
    55.148668476108));
#221 = CARTESIAN_POINT('',(-921.0355189722,-177.4576874278,
    53.328183733115));
#222 = CARTESIAN_POINT('',(-846.7193466215,-194.2969085052,
    51.163362916689));
#223 = CARTESIAN_POINT('',(-761.9257423699,-202.7808783113,
    48.926470259894));
#224 = CARTESIAN_POINT('',(-669.3010995621,-215.8191522308,
    46.78905049476));
#225 = CARTESIAN_POINT('',(-569.3999038535,-231.2636539452,
    44.899471494319));
#226 = CARTESIAN_POINT('',(-463.3061395895,-247.898025874,
    43.366249334655));
#227 = CARTESIAN_POINT('',(-352.1353432845,-263.7723526307,
    42.260307202224));
#228 = CARTESIAN_POINT('',(-236.8788375159,-274.8673054351,
    41.595648169645));
#229 = CARTESIAN_POINT('',(-119.1251789325,-283.4559013019,
    41.348463191212));
#230 = CARTESIAN_POINT('',(-4.322838209409E-02,-288.4680982479,
    41.338820194031));
#231 = CARTESIAN_POINT('',(119.08775359988,-288.8654722201,
    41.482299652213));
#232 = CARTESIAN_POINT('',(236.93160077187,-283.7188116631,
    42.966858591316));
#233 = CARTESIAN_POINT('',(352.20334401997,-273.5126664304,
    45.926108161662));
#234 = CARTESIAN_POINT('',(463.47076896361,-257.7163794097,
    50.441807841765));
#235 = CARTESIAN_POINT('',(569.53216526571,-239.1653961975,
    56.392845466754));
#236 = CARTESIAN_POINT('',(669.54768243409,-220.6853852623,
    63.571935830167));
#237 = CARTESIAN_POINT('',(761.8041324137,-202.1867158823,
    71.578741933482));
#238 = CARTESIAN_POINT('',(850.21461043616,-190.7163252109,
    80.467018521583));
#239 = CARTESIAN_POINT('',(921.03842057092,-145.9192241299,
    88.633005954724));
#240 = CARTESIAN_POINT('',(986.65403629447,-113.6684117623,
    96.131240570039));
#241 = CARTESIAN_POINT('',(1.043821094916E+03,-83.70202888302,
    104.88274782303));
#242 = CARTESIAN_POINT('',(1.081784968413E+03,-45.62168862876,
    105.47636455629));
#243 = CARTESIAN_POINT('',(1.113976947353E+03,-21.59091405298,
    118.88463422835));
#244 = CARTESIAN_POINT('',(1.13206899031E+03,-11.43933588369,
    108.99671641505));
#245 = CARTESIAN_POINT('',(1.140834953018E+03,-7.815773468797,
    106.70089696097));
#246 = CARTESIAN_POINT('',(1.143E+03,-7.,106.55777777777));
#247 = CARTESIAN_POINT('',(-1.143E+03,-122.5,61.032538433135));
#248 = CARTESIAN_POINT('',(-1.140904303013E+03,-122.9939327355,
    60.858795736943));
#249 = CARTESIAN_POINT('',(-1.132387523417E+03,-125.2167469913,
    60.137818001146));
#250 = CARTESIAN_POINT('',(-1.113407092993E+03,-132.5809551582,
    58.496371210793));
#251 = CARTESIAN_POINT('',(-1.084288167589E+03,-149.6343388233,
    56.734977741295));
#252 = CARTESIAN_POINT('',(-1.041250735977E+03,-164.7661630881,
    56.475542889872));
#253 = CARTESIAN_POINT('',(-986.1639765365,-169.0256404606,
    54.702962330158));
#254 = CARTESIAN_POINT('',(-921.0355189722,-177.4576874278,
    52.837598483757));
#255 = CARTESIAN_POINT('',(-846.7193466215,-194.2969085052,
    50.631334029095));
#256 = CARTESIAN_POINT('',(-761.9257423699,-202.7808783113,
    48.353528263477));
#257 = CARTESIAN_POINT('',(-669.3010995621,-215.8191522308,
    46.178455953946));
#258 = CARTESIAN_POINT('',(-569.3999038535,-231.2636539452,
    44.254853454722));
#259 = CARTESIAN_POINT('',(-463.3061395895,-247.898025874,
    42.692260387581));
#260 = CARTESIAN_POINT('',(-352.1353432845,-263.7723526307,
    41.562413973917));
#261 = CARTESIAN_POINT('',(-236.8788375159,-274.8673054351,
    40.880054228203));
#262 = CARTESIAN_POINT('',(-119.1251789325,-283.4559013019,
    40.622014014912));
#263 = CARTESIAN_POINT('',(-4.322838209409E-02,-288.4680982479,
    40.608706365114));
#264 = CARTESIAN_POINT('',(119.08775359988,-288.8654722201,
    40.755846656472));
#265 = CARTESIAN_POINT('',(236.93160077187,-283.7188116631,
    42.251271199222));
#266 = CARTESIAN_POINT('',(352.20334401997,-273.5126664304,
    45.228224590247));
#267 = CARTESIAN_POINT('',(463.47076896361,-257.7163794097,
    49.767865368787));
#268 = CARTESIAN_POINT('',(569.53216526571,-239.1653961975,
    55.748246096656));
#269 = CARTESIAN_POINT('',(669.54768243409,-220.6853852623,
    62.961502484122));
#270 = CARTESIAN_POINT('',(761.8041324137,-202.1867158823,
    71.005537890147));
#271 = CARTESIAN_POINT('',(850.21461043616,-190.7163252109,
    79.937318525118));
#272 = CARTESIAN_POINT('',(921.03842057092,-145.9192241299,
    88.140736404806));
#273 = CARTESIAN_POINT('',(986.65403629447,-113.6684117623,
    95.691073908236));
#274 = CARTESIAN_POINT('',(1.043821094916E+03,-83.70202888302,
    104.46326658918));
#275 = CARTESIAN_POINT('',(1.081784968413E+03,-45.62168862876,
    105.16943486815));
#276 = CARTESIAN_POINT('',(1.113976947353E+03,-21.59091405298,
    118.4502320967));
#277 = CARTESIAN_POINT('',(1.13206899031E+03,-11.43933588369,
    108.79953780072));
#278 = CARTESIAN_POINT('',(1.140834953018E+03,-7.815773468797,
    106.57514846689));
#279 = CARTESIAN_POINT('',(1.143E+03,-7.,106.44222222222));
#280 = CARTESIAN_POINT('',(-1.143E+03,-122.5,60.691147609223));
#281 = CARTESIAN_POINT('',(-1.140904303013E+03,-122.9939327355,
    60.517343421744));
#282 = CARTESIAN_POINT('',(-1.132387523417E+03,-125.2167469913,
    59.796435461116));
#283 = CARTESIAN_POINT('',(-1.113407092993E+03,-132.5809551582,
    58.156186840385));
#284 = CARTESIAN_POINT('',(-1.084288167589E+03,-149.6343388233,
    56.384259873288));
#285 = CARTESIAN_POINT('',(-1.041250735977E+03,-164.7661630881,
    56.069802306045));
#286 = CARTESIAN_POINT('',(-986.1639765365,-169.0256404606,
    54.257256184218));
#287 = CARTESIAN_POINT('',(-921.0355189722,-177.4576874278,
    52.347013234395));
#288 = CARTESIAN_POINT('',(-846.7193466215,-194.2969085052,
    50.099305141502));
#289 = CARTESIAN_POINT('',(-761.9257423699,-202.7808783113,
    47.78058626706));
#290 = CARTESIAN_POINT('',(-669.3010995621,-215.8191522308,
    45.567861413131));
#291 = CARTESIAN_POINT('',(-569.3999038535,-231.2636539452,
    43.610235415126));
#292 = CARTESIAN_POINT('',(-463.3061395895,-247.898025874,
    42.018271440508));
#293 = CARTESIAN_POINT('',(-352.1353432845,-263.7723526307,
    40.86452074561));
#294 = CARTESIAN_POINT('',(-236.8788375159,-274.8673054351,
    40.164460286761));
#295 = CARTESIAN_POINT('',(-119.1251789325,-283.4559013019,
    39.895564838612));
#296 = CARTESIAN_POINT('',(-4.322838209409E-02,-288.4680982479,
    39.878592536197));
#297 = CARTESIAN_POINT('',(119.08775359988,-288.8654722201,
    40.029393660732));
#298 = CARTESIAN_POINT('',(236.93160077187,-283.7188116631,
    41.535683807125));
#299 = CARTESIAN_POINT('',(352.20334401997,-273.5126664304,
    44.530341018843));
#300 = CARTESIAN_POINT('',(463.47076896361,-257.7163794097,
    49.093922895771));
#301 = CARTESIAN_POINT('',(569.53216526571,-239.1653961975,
    55.103646726685));
#302 = CARTESIAN_POINT('',(669.54768243409,-220.6853852623,
    62.351069137641));
#303 = CARTESIAN_POINT('',(761.8041324137,-202.1867158823,70.43233384826
    ));
#304 = CARTESIAN_POINT('',(850.21461043616,-190.7163252109,
    79.407618523819));
#305 = CARTESIAN_POINT('',(921.03842057092,-145.9192241299,
    87.648466871281));
#306 = CARTESIAN_POINT('',(986.65403629447,-113.6684117623,
    95.250907197347));
#307 = CARTESIAN_POINT('',(1.043821094916E+03,-83.70202888302,
    104.04378550233));
#308 = CARTESIAN_POINT('',(1.081784968413E+03,-45.62168862876,
    104.86250476256));
#309 = CARTESIAN_POINT('',(1.113976947353E+03,-21.59091405298,
    118.01583082997));
#310 = CARTESIAN_POINT('',(1.13206899031E+03,-11.43933588369,
    108.60235786533));
#311 = CARTESIAN_POINT('',(1.140834953018E+03,-7.815773468797,
    106.44940082562));
#312 = CARTESIAN_POINT('',(1.143E+03,-7.,106.32666666666));
#313 = CARTESIAN_POINT('',(-1.143E+03,-122.5,60.34975678531));
#314 = CARTESIAN_POINT('',(-1.140904303013E+03,-122.9939327355,
    60.175891106903));
#315 = CARTESIAN_POINT('',(-1.132387523417E+03,-125.2167469913,
    59.455052920558));
#316 = CARTESIAN_POINT('',(-1.113407092993E+03,-132.5809551582,
    57.816002470328));
#317 = CARTESIAN_POINT('',(-1.084288167589E+03,-149.6343388233,
    56.033542005129));
#318 = CARTESIAN_POINT('',(-1.041250735977E+03,-164.7661630881,
    55.664061722274));
#319 = CARTESIAN_POINT('',(-986.1639765365,-169.0256404606,
    53.811550038258));
#320 = CARTESIAN_POINT('',(-921.0355189722,-177.4576874278,
    51.85642798504));
#321 = CARTESIAN_POINT('',(-846.7193466215,-194.2969085052,
    49.567276253906));
#322 = CARTESIAN_POINT('',(-761.9257423699,-202.7808783113,
    47.207644270643));
#323 = CARTESIAN_POINT('',(-669.3010995621,-215.8191522308,
    44.957266872316));
#324 = CARTESIAN_POINT('',(-569.3999038535,-231.2636539452,
    42.96561737553));
#325 = CARTESIAN_POINT('',(-463.3061395895,-247.898025874,
    41.344282493434));
#326 = CARTESIAN_POINT('',(-352.1353432845,-263.7723526307,
    40.166627517303));
#327 = CARTESIAN_POINT('',(-236.8788375159,-274.8673054351,
    39.448866345319));
#328 = CARTESIAN_POINT('',(-119.1251789325,-283.4559013019,
    39.169115662312));
#329 = CARTESIAN_POINT('',(-4.322838209409E-02,-288.4680982479,
    39.148478707281));
#330 = CARTESIAN_POINT('',(119.08775359988,-288.8654722201,
    39.302940664991));
#331 = CARTESIAN_POINT('',(236.93160077187,-283.7188116631,
    40.820096415032));
#332 = CARTESIAN_POINT('',(352.20334401997,-273.5126664304,
    43.832457447428));
#333 = CARTESIAN_POINT('',(463.47076896361,-257.7163794097,
    48.419980422795));
#334 = CARTESIAN_POINT('',(569.53216526571,-239.1653961975,
    54.459047356578));
#335 = CARTESIAN_POINT('',(669.54768243409,-220.6853852623,
    61.740635791626));
#336 = CARTESIAN_POINT('',(761.8041324137,-202.1867158823,
    69.859129804825));
#337 = CARTESIAN_POINT('',(850.21461043616,-190.7163252109,
    78.877918527693));
#338 = CARTESIAN_POINT('',(921.03842057092,-145.9192241299,
    87.156197320213));
#339 = CARTESIAN_POINT('',(986.65403629447,-113.6684117623,
    94.810740538989));
#340 = CARTESIAN_POINT('',(1.043821094916E+03,-83.70202888302,
    103.62430425817));
#341 = CARTESIAN_POINT('',(1.081784968413E+03,-45.62168862876,
    104.55557510371));
#342 = CARTESIAN_POINT('',(1.113976947353E+03,-21.59091405298,
    117.58142863762));
#343 = CARTESIAN_POINT('',(1.13206899031E+03,-11.43933588369,
    108.40517934371));
#344 = CARTESIAN_POINT('',(1.140834953018E+03,-7.815773468797,
    106.3236522717));
#345 = CARTESIAN_POINT('',(1.143E+03,-7.,106.21111111111));
#346 = CARTESIAN_POINT('',(-1.143E+03,-122.5,60.008365961397));
#347 = CARTESIAN_POINT('',(-1.140904303013E+03,-122.9939327355,
    59.834438791697));
#348 = CARTESIAN_POINT('',(-1.132387523417E+03,-125.2167469913,
    59.113670380539));
#349 = CARTESIAN_POINT('',(-1.113407092993E+03,-132.5809551582,
    57.475818099913));
#350 = CARTESIAN_POINT('',(-1.084288167589E+03,-149.6343388233,
    55.682824137126));
#351 = CARTESIAN_POINT('',(-1.041250735977E+03,-164.7661630881,
    55.258321138445));
#352 = CARTESIAN_POINT('',(-986.1639765365,-169.0256404606,
    53.365843892319));
#353 = CARTESIAN_POINT('',(-921.0355189722,-177.4576874278,
    51.365842735678));
#354 = CARTESIAN_POINT('',(-846.7193466215,-194.2969085052,
    49.035247366313));
#355 = CARTESIAN_POINT('',(-761.9257423699,-202.7808783113,
    46.634702274226));
#356 = CARTESIAN_POINT('',(-669.3010995621,-215.8191522308,
    44.346672331502));
#357 = CARTESIAN_POINT('',(-569.3999038535,-231.2636539452,
    42.320999335934));
#358 = CARTESIAN_POINT('',(-463.3061395895,-247.898025874,40.67029354636
    ));
#359 = CARTESIAN_POINT('',(-352.1353432845,-263.7723526307,
    39.468734288996));
#360 = CARTESIAN_POINT('',(-236.8788375159,-274.8673054351,
    38.733272403877));
#361 = CARTESIAN_POINT('',(-119.1251789325,-283.4559013019,
    38.442666486012));
#362 = CARTESIAN_POINT('',(-4.322838209409E-02,-288.4680982479,
    38.418364878364));
#363 = CARTESIAN_POINT('',(119.08775359988,-288.8654722201,
    38.576487669251));
#364 = CARTESIAN_POINT('',(236.93160077187,-283.7188116631,
    40.104509022937));
#365 = CARTESIAN_POINT('',(352.20334401997,-273.5126664304,
    43.134573876017));
#366 = CARTESIAN_POINT('',(463.47076896361,-257.7163794097,
    47.746037949804));
#367 = CARTESIAN_POINT('',(569.53216526571,-239.1653961975,
    53.814447986523));
#368 = CARTESIAN_POINT('',(669.54768243409,-220.6853852623,
    61.130202445432));
#369 = CARTESIAN_POINT('',(761.8041324137,-202.1867158823,
    69.285925761986));
#370 = CARTESIAN_POINT('',(850.21461043616,-190.7163252109,
    78.348218529575));
#371 = CARTESIAN_POINT('',(921.03842057092,-145.9192241299,
    86.663927775904));
#372 = CARTESIAN_POINT('',(986.65403629447,-113.6684117623,
    94.370573860393));
#373 = CARTESIAN_POINT('',(1.043821094916E+03,-83.70202888302,
    103.20482307461));
#374 = CARTESIAN_POINT('',(1.081784968413E+03,-45.62168862876,
    104.24864527276));
#375 = CARTESIAN_POINT('',(1.113976947353E+03,-21.59091405298,
    117.14702680187));
#376 = CARTESIAN_POINT('',(1.13206899031E+03,-11.43933588369,
    108.20800027744));
#377 = CARTESIAN_POINT('',(1.140834953018E+03,-7.815773468797,
    106.19790406937));
#378 = CARTESIAN_POINT('',(1.143E+03,-7.,106.09555555555));
#379 = CARTESIAN_POINT('',(-1.143E+03,-122.5,59.666975137484));
#380 = CARTESIAN_POINT('',(-1.140904303015E+03,-122.9939327369,
    59.492986476771));
#381 = CARTESIAN_POINT('',(-1.132387523415E+03,-125.2167469892,
    58.772287840107));
#382 = CARTESIAN_POINT('',(-1.113407092995E+03,-132.5809551596,
    57.135633729771));
#383 = CARTESIAN_POINT('',(-1.084288167588E+03,-149.6343388227,
    55.332106269003));
#384 = CARTESIAN_POINT('',(-1.041250735977E+03,-164.7661630883,
    54.852580554661));
#385 = CARTESIAN_POINT('',(-986.1639765364,-169.0256404605,
    52.920137746364));
#386 = CARTESIAN_POINT('',(-921.0355189723,-177.4576874278,
    50.875257486321));
#387 = CARTESIAN_POINT('',(-846.7193466215,-194.2969085052,
    48.503218478718));
#388 = CARTESIAN_POINT('',(-761.92574237,-202.7808783113,46.061760277809
    ));
#389 = CARTESIAN_POINT('',(-669.3010995621,-215.8191522308,
    43.736077790687));
#390 = CARTESIAN_POINT('',(-569.3999038535,-231.2636539452,
    41.676381296337));
#391 = CARTESIAN_POINT('',(-463.3061395895,-247.898025874,
    39.996304599287));
#392 = CARTESIAN_POINT('',(-352.1353432845,-263.7723526307,
    38.770841060689));
#393 = CARTESIAN_POINT('',(-236.8788375159,-274.8673054351,
    38.017678462436));
#394 = CARTESIAN_POINT('',(-119.1251789325,-283.4559013019,
    37.716217309713));
#395 = CARTESIAN_POINT('',(-4.322838209404E-02,-288.4680982479,
    37.688251049447));
#396 = CARTESIAN_POINT('',(119.08775359988,-288.8654722201,
    37.850034673511));
#397 = CARTESIAN_POINT('',(236.93160077187,-283.7188116631,
    39.388921630839));
#398 = CARTESIAN_POINT('',(352.20334401997,-273.5126664304,
    42.436690304618));
#399 = CARTESIAN_POINT('',(463.47076896361,-257.7163794097,
    47.072095476769));
#400 = CARTESIAN_POINT('',(569.5321652657,-239.1653961975,
    53.169848616621));
#401 = CARTESIAN_POINT('',(669.54768243411,-220.6853852623,
    60.519769098717));
#402 = CARTESIAN_POINT('',(761.80413241364,-202.1867158823,
    68.712721720873));
#403 = CARTESIAN_POINT('',(850.21461043637,-190.7163252109,
    77.818518525689));
#404 = CARTESIAN_POINT('',(921.0384205702,-145.9192241297,86.17165825115
    ));
#405 = CARTESIAN_POINT('',(986.65403629662,-113.6684117628,
    93.930407123238));
#406 = CARTESIAN_POINT('',(1.04382109491E+03,-83.70202888157,
    102.78534206642));
#407 = CARTESIAN_POINT('',(1.081784968431E+03,-45.62168863288,
    103.9417149438));
#408 = CARTESIAN_POINT('',(1.113976947315E+03,-21.59091404444,
    116.71262599795));
#409 = CARTESIAN_POINT('',(1.132068990368E+03,-11.43933589673,
    108.01081963516));
#410 = CARTESIAN_POINT('',(1.14083495298E+03,-7.815773460382,
    106.07215688442));
#411 = CARTESIAN_POINT('',(1.143E+03,-7.,105.98));
#412 = DEFINITIONAL_REPRESENTATION('',(#413),#417);
#413 = LINE('',#414,#415);
#414 = CARTESIAN_POINT('',(0.,0.));
#415 = VECTOR('',#416,1.);
#416 = DIRECTION('',(1.,0.));
#417 = ( GEOMETRIC_REPRESENTATION_CONTEXT(2) 
PARAMETRIC_REPRESENTATION_CONTEXT() REPRESENTATION_CONTEXT('2D SPACE',''
  ) );
#418 = PCURVE('',#419,#424);
#419 = PLANE('',#420);
#420 = AXIS2_PLACEMENT_3D('',#421,#422,#423);
#421 = CARTESIAN_POINT('',(-1.143E+03,-122.5,62.739492552699));
#422 = DIRECTION('',(1.,-0.,0.));
#423 = DIRECTION('',(0.,0.999921372346,-1.253990134848E-02));
#424 = DEFINITIONAL_REPRESENTATION('',(#425),#436);
#425 = B_SPLINE_CURVE_WITH_KNOTS('',9,(#426,#427,#428,#429,#430,#431,
    #432,#433,#434,#435),.UNSPECIFIED.,.F.,.F.,(10,10),(0.,1.),
  .PIECEWISE_BEZIER_KNOTS.);
#426 = CARTESIAN_POINT('',(0.,0.));
#427 = CARTESIAN_POINT('',(4.281007253143E-03,-0.341363981153));
#428 = CARTESIAN_POINT('',(8.562014506286E-03,-0.682727962306));
#429 = CARTESIAN_POINT('',(1.284302175943E-02,-1.024091943459));
#430 = CARTESIAN_POINT('',(1.712402901257E-02,-1.365455924613));
#431 = CARTESIAN_POINT('',(2.140503626571E-02,-1.706819905766));
#432 = CARTESIAN_POINT('',(2.568604351886E-02,-2.048183886919));
#433 = CARTESIAN_POINT('',(2.9967050772E-02,-2.389547868072));
#434 = CARTESIAN_POINT('',(3.424805802514E-02,-2.730911849225));
#435 = CARTESIAN_POINT('',(3.852906527829E-02,-3.072275830378));
#436 = ( GEOMETRIC_REPRESENTATION_CONTEXT(2) 
PARAMETRIC_REPRESENTATION_CONTEXT() REPRESENTATION_CONTEXT('2D SPACE',''
  ) );
#437 = ORIENTED_EDGE('',*,*,#438,.T.);
#438 = EDGE_CURVE('',#66,#439,#441,.T.);
#439 = VERTEX_POINT('',#440);
#440 = CARTESIAN_POINT('',(1.143E+03,-7.,105.98));
#441 = SURFACE_CURVE('',#442,(#476,#483),.PCURVE_S1.);
#442 = ( BOUNDED_CURVE() B_SPLINE_CURVE(3,(#443,#444,#445,#446,#447,#448
    ,#449,#450,#451,#452,#453,#454,#455,#456,#457,#458,#459,#460,#461,
    #462,#463,#464,#465,#466,#467,#468,#469,#470,#471,#472,#473,#474,
#475),.UNSPECIFIED.,.F.,.F.) B_SPLINE_CURVE_WITH_KNOTS((4,1,1,1,1,1,1,1,
    1,1,1,1,1,1,1,1,1,1,1,1,1,1,1,1,1,1,1,1,1,1,4),(0.,
    2.746171766758E-03,1.118870024358E-02,2.568427470388E-02,
    4.475633827572E-02,6.800564081826E-02,9.590152946084E-02,
    0.128355449535,0.164550848408,0.204360670546,0.247403479125,
    0.293141649154,0.340973744419,0.390288254891,0.440615272158,
    0.491428867536,0.542208280399,0.592472574445,0.641764300614,
    0.689639726311,0.735545647315,0.778882374264,0.819079396185,
    0.855879581143,0.891348496504,0.922086120951,0.948373911541,
    0.971549368032,0.987555494539,0.997058471654,1.),.UNSPECIFIED.) 
CURVE() GEOMETRIC_REPRESENTATION_ITEM() RATIONAL_B_SPLINE_CURVE((1.,
    0.999999999998,1.000000000004,0.999999999998,1.000000000001,1.,1.,1.
    ,1.,1.,1.,1.,1.,1.,1.,1.,1.,1.,1.,1.,1.,1.,1.,1.,1.,1.,1.,
    0.999999999999,1.000000000002,0.999999999997,1.000000000005,
0.999999999997,1.)) REPRESENTATION_ITEM('') );
#443 = CARTESIAN_POINT('',(-1.143E+03,-122.5,59.666975137484));
#444 = CARTESIAN_POINT('',(-1.140904303015E+03,-122.9939327369,
    59.492986476771));
#445 = CARTESIAN_POINT('',(-1.132387523415E+03,-125.2167469892,
    58.772287840107));
#446 = CARTESIAN_POINT('',(-1.113407092995E+03,-132.5809551596,
    57.135633729771));
#447 = CARTESIAN_POINT('',(-1.084288167588E+03,-149.6343388227,
    55.332106269003));
#448 = CARTESIAN_POINT('',(-1.041250735977E+03,-164.7661630883,
    54.852580554661));
#449 = CARTESIAN_POINT('',(-986.1639765364,-169.0256404605,
    52.920137746364));
#450 = CARTESIAN_POINT('',(-921.0355189723,-177.4576874278,
    50.875257486321));
#451 = CARTESIAN_POINT('',(-846.7193466215,-194.2969085052,
    48.503218478718));
#452 = CARTESIAN_POINT('',(-761.92574237,-202.7808783113,46.061760277809
    ));
#453 = CARTESIAN_POINT('',(-669.3010995621,-215.8191522308,
    43.736077790687));
#454 = CARTESIAN_POINT('',(-569.3999038535,-231.2636539452,
    41.676381296337));
#455 = CARTESIAN_POINT('',(-463.3061395895,-247.898025874,
    39.996304599287));
#456 = CARTESIAN_POINT('',(-352.1353432845,-263.7723526307,
    38.770841060689));
#457 = CARTESIAN_POINT('',(-236.8788375159,-274.8673054351,
    38.017678462436));
#458 = CARTESIAN_POINT('',(-119.1251789325,-283.4559013019,
    37.716217309713));
#459 = CARTESIAN_POINT('',(-4.322838209404E-02,-288.4680982479,
    37.688251049447));
#460 = CARTESIAN_POINT('',(119.08775359988,-288.8654722201,
    37.850034673511));
#461 = CARTESIAN_POINT('',(236.93160077187,-283.7188116631,
    39.388921630839));
#462 = CARTESIAN_POINT('',(352.20334401997,-273.5126664304,
    42.436690304618));
#463 = CARTESIAN_POINT('',(463.47076896361,-257.7163794097,
    47.072095476769));
#464 = CARTESIAN_POINT('',(569.5321652657,-239.1653961975,
    53.169848616621));
#465 = CARTESIAN_POINT('',(669.54768243411,-220.6853852623,
    60.519769098717));
#466 = CARTESIAN_POINT('',(761.80413241364,-202.1867158823,
    68.712721720873));
#467 = CARTESIAN_POINT('',(850.21461043637,-190.7163252109,
    77.818518525689));
#468 = CARTESIAN_POINT('',(921.0384205702,-145.9192241297,86.17165825115
    ));
#469 = CARTESIAN_POINT('',(986.65403629662,-113.6684117628,
    93.930407123238));
#470 = CARTESIAN_POINT('',(1.04382109491E+03,-83.70202888157,
    102.78534206642));
#471 = CARTESIAN_POINT('',(1.081784968431E+03,-45.62168863288,
    103.9417149438));
#472 = CARTESIAN_POINT('',(1.113976947315E+03,-21.59091404444,
    116.71262599795));
#473 = CARTESIAN_POINT('',(1.132068990368E+03,-11.43933589673,
    108.01081963516));
#474 = CARTESIAN_POINT('',(1.14083495298E+03,-7.815773460382,
    106.07215688442));
#475 = CARTESIAN_POINT('',(1.143E+03,-7.,105.98));
#476 = PCURVE('',#81,#477);
#477 = DEFINITIONAL_REPRESENTATION('',(#478),#482);
#478 = LINE('',#479,#480);
#479 = CARTESIAN_POINT('',(1.,0.));
#480 = VECTOR('',#481,1.);
#481 = DIRECTION('',(0.,1.));
#482 = ( GEOMETRIC_REPRESENTATION_CONTEXT(2) 
PARAMETRIC_REPRESENTATION_CONTEXT() REPRESENTATION_CONTEXT('2D SPACE',''
  ) );
#483 = PCURVE('',#484,#815);
#484 = ( BOUNDED_SURFACE() B_SPLINE_SURFACE(9,3,(
    (#485,#486,#487,#488,#489,#490,#491,#492,#493,#494,#495,#496,#497
      ,#498,#499,#500,#501,#502,#503,#504,#505,#506,#507,#508,#509,#510
      ,#511,#512,#513,#514,#515,#516,#517)
    ,(#518,#519,#520,#521,#522,#523,#524,#525,#526,#527,#528,#529,#530
      ,#531,#532,#533,#534,#535,#536,#537,#538,#539,#540,#541,#542,#543
      ,#544,#545,#546,#547,#548,#549,#550)
    ,(#551,#552,#553,#554,#555,#556,#557,#558,#559,#560,#561,#562,#563
      ,#564,#565,#566,#567,#568,#569,#570,#571,#572,#573,#574,#575,#576
      ,#577,#578,#579,#580,#581,#582,#583)
    ,(#584,#585,#586,#587,#588,#589,#590,#591,#592,#593,#594,#595,#596
      ,#597,#598,#599,#600,#601,#602,#603,#604,#605,#606,#607,#608,#609
      ,#610,#611,#612,#613,#614,#615,#616)
    ,(#617,#618,#619,#620,#621,#622,#623,#624,#625,#626,#627,#628,#629
      ,#630,#631,#632,#633,#634,#635,#636,#637,#638,#639,#640,#641,#642
      ,#643,#644,#645,#646,#647,#648,#649)
    ,(#650,#651,#652,#653,#654,#655,#656,#657,#658,#659,#660,#661,#662
      ,#663,#664,#665,#666,#667,#668,#669,#670,#671,#672,#673,#674,#675
      ,#676,#677,#678,#679,#680,#681,#682)
    ,(#683,#684,#685,#686,#687,#688,#689,#690,#691,#692,#693,#694,#695
      ,#696,#697,#698,#699,#700,#701,#702,#703,#704,#705,#706,#707,#708
      ,#709,#710,#711,#712,#713,#714,#715)
    ,(#716,#717,#718,#719,#720,#721,#722,#723,#724,#725,#726,#727,#728
      ,#729,#730,#731,#732,#733,#734,#735,#736,#737,#738,#739,#740,#741
      ,#742,#743,#744,#745,#746,#747,#748)
    ,(#749,#750,#751,#752,#753,#754,#755,#756,#757,#758,#759,#760,#761
      ,#762,#763,#764,#765,#766,#767,#768,#769,#770,#771,#772,#773,#774
      ,#775,#776,#777,#778,#779,#780,#781)
    ,(#782,#783,#784,#785,#786,#787,#788,#789,#790,#791,#792,#793,#794
      ,#795,#796,#797,#798,#799,#800,#801,#802,#803,#804,#805,#806,#807
      ,#808,#809,#810,#811,#812,#813,#814
)),.UNSPECIFIED.,.F.,.F.,.F.) B_SPLINE_SURFACE_WITH_KNOTS((10,10),(4,1,1
    ,1,1,1,1,1,1,1,1,1,1,1,1,1,1,1,1,1,1,1,1,1,1,1,1,1,1,1,4),(1.,2.),(
    0.,2.746171766758E-03,1.118870024358E-02,2.568427470388E-02,
    4.475633827572E-02,6.800564081826E-02,9.590152946084E-02,
    0.128355449535,0.164550848408,0.204360670546,0.247403479125,
    0.293141649154,0.340973744419,0.390288254891,0.440615272158,
    0.491428867536,0.542208280399,0.592472574445,0.641764300614,
    0.689639726311,0.735545647315,0.778882374264,0.819079396185,
    0.855879581143,0.891348496504,0.922086120951,0.948373911541,
    0.971549368032,0.987555494539,0.997058471654,1.),.UNSPECIFIED.) 
GEOMETRIC_REPRESENTATION_ITEM() RATIONAL_B_SPLINE_SURFACE((
    (1.,0.999999999998,1.000000000004,0.999999999998,1.000000000001,1.
      ,1.,1.,1.,1.,1.,1.,1.,1.,1.,1.,1.,1.,1.,1.,1.,1.,1.,1.,1.,1.,1.
      ,0.999999999999,1.000000000002,0.999999999997,1.000000000005
      ,0.999999999997,1.)
    ,(1.,0.999999999998,1.000000000004,0.999999999998,1.000000000001,1.
      ,1.,1.,1.,1.,1.,1.,1.,1.,1.,1.,1.,1.,1.,1.,1.,1.,1.,1.,1.,1.,1.
      ,0.999999999999,1.000000000002,0.999999999997,1.000000000005
      ,0.999999999997,1.)
    ,(1.,0.999999999998,1.000000000004,0.999999999998,1.000000000001,1.
      ,1.,1.,1.,1.,1.,1.,1.,1.,1.,1.,1.,1.,1.,1.,1.,1.,1.,1.,1.,1.,1.
      ,0.999999999999,1.000000000002,0.999999999997,1.000000000005
      ,0.999999999997,1.)
    ,(1.,0.999999999998,1.000000000004,0.999999999998,1.000000000001,1.
      ,1.,1.,1.,1.,1.,1.,1.,1.,1.,1.,1.,1.,1.,1.,1.,1.,1.,1.,1.,1.,1.
      ,0.999999999999,1.000000000002,0.999999999997,1.000000000005
      ,0.999999999997,1.)
    ,(1.,0.999999999998,1.000000000004,0.999999999998,1.000000000001,1.
      ,1.,1.,1.,1.,1.,1.,1.,1.,1.,1.,1.,1.,1.,1.,1.,1.,1.,1.,1.,1.,1.
      ,0.999999999999,1.000000000002,0.999999999997,1.000000000005
      ,0.999999999997,1.)
    ,(1.,0.999999999998,1.000000000004,0.999999999998,1.000000000001,1.
      ,1.,1.,1.,1.,1.,1.,1.,1.,1.,1.,1.,1.,1.,1.,1.,1.,1.,1.,1.,1.,1.
      ,0.999999999999,1.000000000002,0.999999999997,1.000000000005
      ,0.999999999997,1.)
    ,(1.,0.999999999998,1.000000000004,0.999999999998,1.000000000001,1.
      ,1.,1.,1.,1.,1.,1.,1.,1.,1.,1.,1.,1.,1.,1.,1.,1.,1.,1.,1.,1.,1.
      ,0.999999999999,1.000000000002,0.999999999997,1.000000000005
      ,0.999999999997,1.)
    ,(1.,0.999999999998,1.000000000004,0.999999999998,1.000000000001,1.
      ,1.,1.,1.,1.,1.,1.,1.,1.,1.,1.,1.,1.,1.,1.,1.,1.,1.,1.,1.,1.,1.
      ,0.999999999999,1.000000000002,0.999999999997,1.000000000005
      ,0.999999999997,1.)
    ,(1.,0.999999999998,1.000000000004,0.999999999998,1.000000000001,1.
      ,1.,1.,1.,1.,1.,1.,1.,1.,1.,1.,1.,1.,1.,1.,1.,1.,1.,1.,1.,1.,1.
      ,0.999999999999,1.000000000002,0.999999999997,1.000000000005
      ,0.999999999997,1.)
    ,(1.,0.999999999998,1.000000000004,0.999999999998,1.000000000001,1.
      ,1.,1.,1.,1.,1.,1.,1.,1.,1.,1.,1.,1.,1.,1.,1.,1.,1.,1.,1.,1.,1.
      ,0.999999999999,1.000000000002,0.999999999997,1.000000000005
,0.999999999997,1.))) REPRESENTATION_ITEM('') SURFACE() );
#485 = CARTESIAN_POINT('',(-1.143E+03,-122.5,59.666975137484));
#486 = CARTESIAN_POINT('',(-1.140904303015E+03,-122.9939327369,
    59.492986476771));
#487 = CARTESIAN_POINT('',(-1.132387523415E+03,-125.2167469892,
    58.772287840107));
#488 = CARTESIAN_POINT('',(-1.113407092995E+03,-132.5809551596,
    57.135633729771));
#489 = CARTESIAN_POINT('',(-1.084288167588E+03,-149.6343388227,
    55.332106269003));
#490 = CARTESIAN_POINT('',(-1.041250735977E+03,-164.7661630883,
    54.852580554661));
#491 = CARTESIAN_POINT('',(-986.1639765364,-169.0256404605,
    52.920137746364));
#492 = CARTESIAN_POINT('',(-921.0355189723,-177.4576874278,
    50.875257486321));
#493 = CARTESIAN_POINT('',(-846.7193466215,-194.2969085052,
    48.503218478718));
#494 = CARTESIAN_POINT('',(-761.92574237,-202.7808783113,46.061760277809
    ));
#495 = CARTESIAN_POINT('',(-669.3010995621,-215.8191522308,
    43.736077790687));
#496 = CARTESIAN_POINT('',(-569.3999038535,-231.2636539452,
    41.676381296337));
#497 = CARTESIAN_POINT('',(-463.3061395895,-247.898025874,
    39.996304599287));
#498 = CARTESIAN_POINT('',(-352.1353432845,-263.7723526307,
    38.770841060689));
#499 = CARTESIAN_POINT('',(-236.8788375159,-274.8673054351,
    38.017678462436));
#500 = CARTESIAN_POINT('',(-119.1251789325,-283.4559013019,
    37.716217309713));
#501 = CARTESIAN_POINT('',(-4.322838209404E-02,-288.4680982479,
    37.688251049447));
#502 = CARTESIAN_POINT('',(119.08775359988,-288.8654722201,
    37.850034673511));
#503 = CARTESIAN_POINT('',(236.93160077187,-283.7188116631,
    39.388921630839));
#504 = CARTESIAN_POINT('',(352.20334401997,-273.5126664304,
    42.436690304618));
#505 = CARTESIAN_POINT('',(463.47076896361,-257.7163794097,
    47.072095476769));
#506 = CARTESIAN_POINT('',(569.5321652657,-239.1653961975,
    53.169848616621));
#507 = CARTESIAN_POINT('',(669.54768243411,-220.6853852623,
    60.519769098717));
#508 = CARTESIAN_POINT('',(761.80413241364,-202.1867158823,
    68.712721720873));
#509 = CARTESIAN_POINT('',(850.21461043637,-190.7163252109,
    77.818518525689));
#510 = CARTESIAN_POINT('',(921.0384205702,-145.9192241297,86.17165825115
    ));
#511 = CARTESIAN_POINT('',(986.65403629662,-113.6684117628,
    93.930407123238));
#512 = CARTESIAN_POINT('',(1.04382109491E+03,-83.70202888157,
    102.78534206642));
#513 = CARTESIAN_POINT('',(1.081784968431E+03,-45.62168863288,
    103.9417149438));
#514 = CARTESIAN_POINT('',(1.113976947315E+03,-21.59091404444,
    116.71262599795));
#515 = CARTESIAN_POINT('',(1.132068990368E+03,-11.43933589673,
    108.01081963516));
#516 = CARTESIAN_POINT('',(1.14083495298E+03,-7.815773460382,
    106.07215688442));
#517 = CARTESIAN_POINT('',(1.143E+03,-7.,105.98));
#518 = CARTESIAN_POINT('',(-1.143E+03,-122.4999999999,56.583506287314));
#519 = CARTESIAN_POINT('',(-1.140904303015E+03,-122.9939327369,
    56.408962234378));
#520 = CARTESIAN_POINT('',(-1.132387523415E+03,-125.2167469892,
    55.688893807784));
#521 = CARTESIAN_POINT('',(-1.113407092995E+03,-132.5809551596,
    54.063061664702));
#522 = CARTESIAN_POINT('',(-1.084288167588E+03,-149.6343388227,
    52.164394820048));
#523 = CARTESIAN_POINT('',(-1.041250735977E+03,-164.7661630883,
    51.187899597394));
#524 = CARTESIAN_POINT('',(-986.1639765364,-169.0256404605,
    48.894484679242));
#525 = CARTESIAN_POINT('',(-921.0355189723,-177.4576874278,
    46.444252817213));
#526 = CARTESIAN_POINT('',(-846.7193466215,-194.2969085052,
    43.69789160002));
#527 = CARTESIAN_POINT('',(-761.92574237,-202.7808783113,40.886902973039
    ));
#528 = CARTESIAN_POINT('',(-669.3010995621,-215.8191522308,
    38.221139734918));
#529 = CARTESIAN_POINT('',(-569.3999038535,-231.2636539452,
    35.854140315833));
#530 = CARTESIAN_POINT('',(-463.3061395895,-247.898025874,
    33.908783265697));
#531 = CARTESIAN_POINT('',(-352.1353432845,-263.7723526307,
    32.467414373451));
#532 = CARTESIAN_POINT('',(-236.8788375159,-274.8673054351,
    31.554377537948));
#533 = CARTESIAN_POINT('',(-119.1251789325,-283.4559013019,
    31.154871047737));
#534 = CARTESIAN_POINT('',(-4.322838209404E-02,-288.4680982479,
    31.093805355972));
#535 = CARTESIAN_POINT('',(119.08775359988,-288.86547222,31.288653914047
    ));
#536 = CARTESIAN_POINT('',(236.93160077187,-283.7188116632,
    32.925679860568));
#537 = CARTESIAN_POINT('',(352.20334401997,-273.5126664304,
    36.133350839226));
#538 = CARTESIAN_POINT('',(463.47076896361,-257.7163794097,
    40.984993900752));
#539 = CARTESIAN_POINT('',(569.5321652657,-239.1653961974,
    47.347776260902));
#540 = CARTESIAN_POINT('',(669.54768243411,-220.6853852623,
    55.006286965426));
#541 = CARTESIAN_POINT('',(761.80413241364,-202.1867158823,
    63.535497592305));
#542 = CARTESIAN_POINT('',(850.21461043637,-190.7163252108,
    73.034226359915));
#543 = CARTESIAN_POINT('',(921.0384205702,-145.9192241299,
    81.725440898956));
#544 = CARTESIAN_POINT('',(986.65403629662,-113.6684117622,
    89.95478695691));
#545 = CARTESIAN_POINT('',(1.04382109491E+03,-83.70202888334,
    98.99655494416));
#546 = CARTESIAN_POINT('',(1.081784968431E+03,-45.62168862785,
    101.16950045512));
#547 = CARTESIAN_POINT('',(1.113976947315E+03,-21.59091405488,
    112.7890744458));
#548 = CARTESIAN_POINT('',(1.132068990368E+03,-11.43933588079,
    106.22988261232));
#549 = CARTESIAN_POINT('',(1.14083495298E+03,-7.815773470667,
    104.9363892944));
#550 = CARTESIAN_POINT('',(1.143E+03,-7.,104.9362931073));
#551 = CARTESIAN_POINT('',(-1.143E+03,-121.8945615509,53.500036587874));
#552 = CARTESIAN_POINT('',(-1.140904303015E+03,-122.3883852376,
    53.324937142719));
#553 = CARTESIAN_POINT('',(-1.132387523415E+03,-124.6113232293,
    52.605498925987));
#554 = CARTESIAN_POINT('',(-1.113407092995E+03,-131.9776562928,
    50.990488753492));
#555 = CARTESIAN_POINT('',(-1.084288167588E+03,-149.0123593571,
    48.996682498732));
#556 = CARTESIAN_POINT('',(-1.041250735977E+03,-164.0466037655,
    47.523217629845));
#557 = CARTESIAN_POINT('',(-986.1639765364,-168.2352043467,
    44.868830508114));
#558 = CARTESIAN_POINT('',(-921.0355189723,-176.5876605858,
    42.013246904525));
#559 = CARTESIAN_POINT('',(-846.7193466215,-193.3533837071,
    38.892563504424));
#560 = CARTESIAN_POINT('',(-761.92574237,-201.7647957208,35.712043777253
    ));
#561 = CARTESIAN_POINT('',(-669.3010995621,-214.7362973141,
    32.706202151045));
#562 = CARTESIAN_POINT('',(-569.3999038535,-230.1204595316,
    30.031899089046));
#563 = CARTESIAN_POINT('',(-463.3061395895,-246.7027439989,
    27.821261891848));
#564 = CARTESIAN_POINT('',(-352.1353432845,-262.5346777817,
    26.163987582626));
#565 = CARTESIAN_POINT('',(-236.8788375159,-273.5982393725,
    25.091076524541));
#566 = CARTESIAN_POINT('',(-119.1251789325,-282.1675840791,
    24.593524690655));
#567 = CARTESIAN_POINT('',(-4.322838209404E-02,-287.173281969,
    24.499359568531));
#568 = CARTESIAN_POINT('',(119.08775359988,-287.5771482237,
    24.727273059495));
#569 = CARTESIAN_POINT('',(236.93160077187,-282.4497572153,
    26.46243800131));
#570 = CARTESIAN_POINT('',(352.20334401997,-272.2750087076,
    29.830011270482));
#571 = CARTESIAN_POINT('',(463.47076896361,-256.5211799531,
    34.897892283775));
#572 = CARTESIAN_POINT('',(569.5321652657,-238.0222348947,
    41.525703660692));
#573 = CARTESIAN_POINT('',(669.54768243411,-219.6028162129,
    49.492805300476));
#574 = CARTESIAN_POINT('',(761.80413241364,-201.1701685646,
    58.358271573943));
#575 = CARTESIAN_POINT('',(850.21461043637,-189.7769305826,
    68.249932978739));
#576 = CARTESIAN_POINT('',(921.0384205702,-145.0462102827,
    77.279222343751));
#577 = CARTESIAN_POINT('',(986.65403629662,-112.8877995836,
    85.979165557634));
#578 = CARTESIAN_POINT('',(1.04382109491E+03,-82.9581013862,
    95.207767207023));
#579 = CARTESIAN_POINT('',(1.081784968431E+03,-45.07736477841,
    98.397283982311));
#580 = CARTESIAN_POINT('',(1.113976947315E+03,-20.82052581184,
    108.8655243424));
#581 = CARTESIAN_POINT('',(1.132068990368E+03,-11.08964887275,
    104.44894123556));
#582 = CARTESIAN_POINT('',(1.14083495298E+03,-7.592766008528,
    103.80062388555));
#583 = CARTESIAN_POINT('',(1.143E+03,-6.795068374898,103.89258592715));
#584 = CARTESIAN_POINT('',(-1.143E+03,-120.6836897497,50.552431834174));
#585 = CARTESIAN_POINT('',(-1.140904303015E+03,-121.1772953336,
    50.376801468455));
#586 = CARTESIAN_POINT('',(-1.132387523415E+03,-123.4004808109,
    49.657965693623));
#587 = CARTESIAN_POINT('',(-1.113407092995E+03,-130.7710636352,
    48.053300649747));
#588 = CARTESIAN_POINT('',(-1.084288167588E+03,-147.7684056624,
    45.968547050793));
#589 = CARTESIAN_POINT('',(-1.041250735977E+03,-162.6074911837,
    44.02001019658));
#590 = CARTESIAN_POINT('',(-986.1639765364,-166.654338741,
    41.020556124469));
#591 = CARTESIAN_POINT('',(-921.0355189723,-174.8476143851,
    37.777481695272));
#592 = CARTESIAN_POINT('',(-846.7193466215,-191.4663413232,
    34.298968875848));
#593 = CARTESIAN_POINT('',(-761.92574237,-199.7326422875,30.765203787171
    ));
#594 = CARTESIAN_POINT('',(-669.3010995621,-212.5705829457,
    27.434254148283));
#595 = CARTESIAN_POINT('',(-569.3999038535,-227.8340710211,
    24.466191649285));
#596 = CARTESIAN_POINT('',(-463.3061395895,-244.3121790902,
    22.001961551462));
#597 = CARTESIAN_POINT('',(-352.1353432845,-260.0593273087,
    20.138295149525));
#598 = CARTESIAN_POINT('',(-236.8788375159,-271.0601063341,
    18.91255396284));
#599 = CARTESIAN_POINT('',(-119.1251789325,-279.5909487395,
    18.321276773275));
#600 = CARTESIAN_POINT('',(-4.322838209404E-02,-284.5836485017,
    18.195470600124));
#601 = CARTESIAN_POINT('',(119.08775359988,-285.0004993368,
    18.454992164538));
#602 = CARTESIAN_POINT('',(236.93160077187,-279.9116474072,
    20.28397198774));
#603 = CARTESIAN_POINT('',(352.20334401997,-269.7996924855,
    23.804402215178));
#604 = CARTESIAN_POINT('',(463.47076896361,-254.1307798859,
    29.078993208987));
#605 = CARTESIAN_POINT('',(569.5321652657,-235.7359125961,
    35.960157409257));
#606 = CARTESIAN_POINT('',(669.54768243411,-217.4376735949,
    44.222249081655));
#607 = CARTESIAN_POINT('',(761.80413241364,-199.1370856969,
    53.409169060598));
#608 = CARTESIAN_POINT('',(850.21461043637,-187.8981484357,
    63.676446175583));
#609 = CARTESIAN_POINT('',(921.0384205702,-143.3001901191,
    73.028914790601));
#610 = CARTESIAN_POINT('',(986.65403629662,-111.3265817577,
    82.178719453287));
#611 = CARTESIAN_POINT('',(1.04382109491E+03,-81.47025266925,
    91.585922176642));
#612 = CARTESIAN_POINT('',(1.081784968431E+03,-43.98872164351,
    95.747218533398));
#613 = CARTESIAN_POINT('',(1.113976947315E+03,-19.27975584694,
    105.11485380207));
#614 = CARTESIAN_POINT('',(1.132068990368E+03,-10.39027774657,
    102.74647433055));
#615 = CARTESIAN_POINT('',(1.14083495298E+03,-7.146752996517,
    102.7149016907));
#616 = CARTESIAN_POINT('',(1.143E+03,-6.385206849945,102.89486694639));
#617 = CARTESIAN_POINT('',(-1.143E+03,-118.9029372033,47.876533126049));
#618 = CARTESIAN_POINT('',(-1.140904303015E+03,-119.3962220397,
    47.70042077891));
#619 = CARTESIAN_POINT('',(-1.132387523415E+03,-121.6197714725,
    46.982131914656));
#620 = CARTESIAN_POINT('',(-1.113407092995E+03,-128.9966041565,
    45.386858398772));
#621 = CARTESIAN_POINT('',(-1.084288167588E+03,-145.9390016704,
    43.219540856975));
#622 = CARTESIAN_POINT('',(-1.041250735977E+03,-160.4910793453,
    40.83972346513));
#623 = CARTESIAN_POINT('',(-986.1639765364,-164.3294598007,
    37.527010313786));
#624 = CARTESIAN_POINT('',(-921.0355189723,-172.2886381163,
    33.932162993738));
#625 = CARTESIAN_POINT('',(-846.7193466215,-188.6911893859,
    30.128806928607));
#626 = CARTESIAN_POINT('',(-761.92574237,-196.7440744904,26.274349481321
    ));
#627 = CARTESIAN_POINT('',(-669.3010995621,-209.3856393994,
    22.648296979978));
#628 = CARTESIAN_POINT('',(-569.3999038535,-224.4716483363,
    19.413543792851));
#629 = CARTESIAN_POINT('',(-463.3061395895,-240.7965557515,
    16.719100850901));
#630 = CARTESIAN_POINT('',(-352.1353432845,-256.4190151357,14.6680672295
    ));
#631 = CARTESIAN_POINT('',(-236.8788375159,-267.3274648627,
    13.303584467561));
#632 = CARTESIAN_POINT('',(-119.1251789325,-275.8016847418,
    12.627221708221));
#633 = CARTESIAN_POINT('',(-4.322838209404E-02,-280.7752691631,
    12.472691266564));
#634 = CARTESIAN_POINT('',(119.08775359988,-281.2112154167,
    12.760907162109));
#635 = CARTESIAN_POINT('',(236.93160077187,-276.1790400973,
    14.675053826893));
#636 = CARTESIAN_POINT('',(352.20334401997,-266.1594306866,
    18.334249990062));
#637 = CARTESIAN_POINT('',(463.47076896361,-250.615398956,
    23.796496775108));
#638 = CARTESIAN_POINT('',(569.5321652657,-232.3735873098,
    30.907655903817));
#639 = CARTESIAN_POINT('',(669.54768243411,-214.253570838,
    39.437555363975));
#640 = CARTESIAN_POINT('',(761.80413241364,-196.1471509975,
    48.916260752344));
#641 = CARTESIAN_POINT('',(850.21461043637,-185.1351444815,
    59.52453869043));
#642 = CARTESIAN_POINT('',(921.0384205702,-140.7324282664,
    69.170394193683));
#643 = CARTESIAN_POINT('',(986.65403629662,-109.0305975732,
    78.72859317954));
#644 = CARTESIAN_POINT('',(1.04382109491E+03,-79.28216769276,
    88.297933724601));
#645 = CARTESIAN_POINT('',(1.081784968431E+03,-42.38772301692,
    93.341432282407));
#646 = CARTESIAN_POINT('',(1.113976947315E+03,-17.01384304708,
    101.70991498003));
#647 = CARTESIAN_POINT('',(1.132068990368E+03,-9.361756721854,
    101.20093811254));
#648 = CARTESIAN_POINT('',(1.14083495298E+03,-6.490829981255,
    101.72926003489));
#649 = CARTESIAN_POINT('',(1.143E+03,-5.782449437052,101.98911629298));
#650 = CARTESIAN_POINT('',(-1.143E+03,-116.6234668739,45.597062796696));
#651 = CARTESIAN_POINT('',(-1.140904303015E+03,-117.1163411342,
    45.420539872881));
#652 = CARTESIAN_POINT('',(-1.132387523415E+03,-119.3403564519,
    44.702716894907));
#653 = CARTESIAN_POINT('',(-1.113407092995E+03,-126.7251893327,
    43.115443574516));
#654 = CARTESIAN_POINT('',(-1.084288167588E+03,-143.5972545607,
    40.877793747457));
#655 = CARTESIAN_POINT('',(-1.041250735977E+03,-157.7819449665,
    38.130589086231));
#656 = CARTESIAN_POINT('',(-986.1639765364,-161.3534748401,
    34.551025353172));
#657 = CARTESIAN_POINT('',(-921.0355189723,-169.0129952662,
    30.656520143566));
#658 = CARTESIAN_POINT('',(-846.7193466215,-185.1388251223,
    26.576442664957));
#659 = CARTESIAN_POINT('',(-761.92574237,-192.9185407932,22.448815784133
    ));
#660 = CARTESIAN_POINT('',(-669.3010995621,-205.3086655544,
    18.571323134781));
#661 = CARTESIAN_POINT('',(-569.3999038535,-220.1675078995,
    15.109403356231));
#662 = CARTESIAN_POINT('',(-463.3061395895,-236.2963016113,
    12.218846710775));
#663 = CARTESIAN_POINT('',(-352.1353432845,-251.7591518971,
    10.008203990718));
#664 = CARTESIAN_POINT('',(-236.8788375159,-262.5494129605,
    8.525532565172));
#665 = CARTESIAN_POINT('',(-119.1251789325,-270.9511520298,
    7.776688996344));
#666 = CARTESIAN_POINT('',(-4.322838209404E-02,-275.9002673843,
    7.59768948775));
#667 = CARTESIAN_POINT('',(119.08775359988,-276.3606572017,
    7.910348947447));
#668 = CARTESIAN_POINT('',(236.93160077187,-271.4010319263,
    9.897045655624));
#669 = CARTESIAN_POINT('',(352.20334401997,-261.4996319245,
    13.674451227994));
#670 = CARTESIAN_POINT('',(463.47076896361,-246.1154551338,
    19.296552952702));
#671 = CARTESIAN_POINT('',(569.5321652657,-228.069571511,26.603640105305
    ));
#672 = CARTESIAN_POINT('',(669.54768243411,-210.1776733274,
    35.361657853161));
#673 = CARTESIAN_POINT('',(761.80413241364,-192.3198676476,
    45.088977402782));
#674 = CARTESIAN_POINT('',(850.21461043637,-181.5983300979,
    55.987724305645));
#675 = CARTESIAN_POINT('',(921.0384205702,-137.4455394239,
    65.883505355296));
#676 = CARTESIAN_POINT('',(986.65403629662,-106.0915996258,
    75.78959521997));
#677 = CARTESIAN_POINT('',(1.04382109491E+03,-76.48128736192,
    85.497053430184));
#678 = CARTESIAN_POINT('',(1.081784968431E+03,-40.33834860196,
    91.292057764008));
#679 = CARTESIAN_POINT('',(1.113976947315E+03,-14.11333822654,
    98.809410373834));
#680 = CARTESIAN_POINT('',(1.132068990368E+03,-8.045188269437,
    99.884369332762));
#681 = CARTESIAN_POINT('',(1.14083495298E+03,-5.651208889635,
    100.88963915459));
#682 = CARTESIAN_POINT('',(1.143E+03,-5.010883707013,101.21755056294));
#683 = CARTESIAN_POINT('',(-1.143E+03,-113.9475681658,43.816310250288));
#684 = CARTESIAN_POINT('',(-1.140904303015E+03,-114.4399604445,
    43.639466578623));
#685 = CARTESIAN_POINT('',(-1.132387523415E+03,-116.6645226732,
    42.922007556968));
#686 = CARTESIAN_POINT('',(-1.113407092995E+03,-124.0587470816,
    41.340984095454));
#687 = CARTESIAN_POINT('',(-1.084288167588E+03,-140.8482483669,
    39.048389755613));
#688 = CARTESIAN_POINT('',(-1.041250735977E+03,-154.601658235,
    36.014177247784));
#689 = CARTESIAN_POINT('',(-986.1639765364,-157.8599290294,
    32.226146412972));
#690 = CARTESIAN_POINT('',(-921.0355189723,-165.1676765646,
    28.097543874814));
#691 = CARTESIAN_POINT('',(-846.7193466215,-180.968663175,
    23.801290727634));
#692 = CARTESIAN_POINT('',(-761.92574237,-188.4276864874,19.460247987046
    ));
#693 = CARTESIAN_POINT('',(-669.3010995621,-200.5227083859,
    15.386379588668));
#694 = CARTESIAN_POINT('',(-569.3999038535,-215.1148600432,
    11.74698067136));
#695 = CARTESIAN_POINT('',(-463.3061395895,-231.0134409108,
    8.703223372068));
#696 = CARTESIAN_POINT('',(-352.1353432845,-246.2889239769,
    6.367891817833));
#697 = CARTESIAN_POINT('',(-236.8788375159,-256.9404434651,4.79289109385
    ));
#698 = CARTESIAN_POINT('',(-119.1251789325,-265.2570969649,
    3.987424998589));
#699 = CARTESIAN_POINT('',(-4.322838209404E-02,-270.1774880508,
    3.789310149131));
#700 = CARTESIAN_POINT('',(119.08775359988,-270.6665721996,
    4.121065027108));
#701 = CARTESIAN_POINT('',(236.93160077187,-265.7921137652,
    6.164438345976));
#702 = CARTESIAN_POINT('',(352.20334401997,-256.0294796994,
    10.034189429083));
#703 = CARTESIAN_POINT('',(463.47076896361,-240.8329586997,
    15.781172023008));
#704 = CARTESIAN_POINT('',(569.5321652657,-223.0170700058,
    23.241314818762));
#705 = CARTESIAN_POINT('',(669.54768243411,-205.3929796096,
    32.17755509643));
#706 = CARTESIAN_POINT('',(761.80413241364,-187.8269593393,
    42.099042703185));
#707 = CARTESIAN_POINT('',(850.21461043637,-177.4464226129,
    53.224720352169));
#708 = CARTESIAN_POINT('',(921.0384205702,-133.5870188266,63.31574350002
    ));
#709 = CARTESIAN_POINT('',(986.65403629662,-102.6414733533,
    73.493611043079));
#710 = CARTESIAN_POINT('',(1.04382109491E+03,-73.193298906,
    83.308968430802));
#711 = CARTESIAN_POINT('',(1.081784968431E+03,-37.93256236196,
    89.691059202414));
#712 = CARTESIAN_POINT('',(1.113976947315E+03,-10.70839938174,
    96.543497439298));
#713 = CARTESIAN_POINT('',(1.132068990368E+03,-6.499652086191,
    98.855848513734));
#714 = CARTESIAN_POINT('',(1.14083495298E+03,-4.66556721138,
    100.23371600655));
#715 = CARTESIAN_POINT('',(1.143E+03,-4.105133053601,100.61479315005));
#716 = CARTESIAN_POINT('',(-1.143E+03,-110.9999634121,42.605438449089));
#717 = CARTESIAN_POINT('',(-1.140904303015E+03,-111.4918247685,
    42.428376675781));
#718 = CARTESIAN_POINT('',(-1.132387523415E+03,-113.7169894435,
    41.711165136976));
#719 = CARTESIAN_POINT('',(-1.113407092995E+03,-121.1215589761,
    40.134391438939));
#720 = CARTESIAN_POINT('',(-1.084288167588E+03,-137.8201129197,
    37.804436060429));
#721 = CARTESIAN_POINT('',(-1.041250735977E+03,-151.0984508015,
    34.575064666148));
#722 = CARTESIAN_POINT('',(-986.1639765364,-154.0116546459,
    30.645280807158));
#723 = CARTESIAN_POINT('',(-921.0355189723,-160.9319113553,
    26.357497674069));
#724 = CARTESIAN_POINT('',(-846.7193466215,-176.3750685465,
    21.914248343722));
#725 = CARTESIAN_POINT('',(-761.92574237,-183.4808464973,17.428094553694
    ));
#726 = CARTESIAN_POINT('',(-669.3010995621,-195.2507603833,
    13.220665220124));
#727 = CARTESIAN_POINT('',(-569.3999038535,-209.5491526034,
    9.460592160895));
#728 = CARTESIAN_POINT('',(-463.3061395895,-225.1941405704,
    6.312658463377));
#729 = CARTESIAN_POINT('',(-352.1353432845,-240.2632315439,
    3.892541344827));
#730 = CARTESIAN_POINT('',(-236.8788375159,-250.7619209034,
    2.254758055422));
#731 = CARTESIAN_POINT('',(-119.1251789325,-258.9848490474,
    1.410789659012));
#732 = CARTESIAN_POINT('',(-4.322838209404E-02,-263.8735990823,
    1.199676681866));
#733 = CARTESIAN_POINT('',(119.08775359988,-264.3942913045,
    1.544416140319));
#734 = CARTESIAN_POINT('',(236.93160077187,-259.6136477518,3.62632853766
    ));
#735 = CARTESIAN_POINT('',(352.20334401997,-250.0038706441,
    7.558873207036));
#736 = CARTESIAN_POINT('',(463.47076896361,-235.0140596251,
    13.390771955691));
#737 = CARTESIAN_POINT('',(569.5321652657,-217.4515237543,
    20.954992520312));
#738 = CARTESIAN_POINT('',(669.54768243411,-200.1224233906,
    30.012412478372));
#739 = CARTESIAN_POINT('',(761.80413241364,-182.8778568267,
    40.06595983537));
#740 = CARTESIAN_POINT('',(850.21461043637,-172.8729358072,
    51.345938205603));
#741 = CARTESIAN_POINT('',(921.0384205702,-129.336711282,61.569723335455
    ));
#742 = CARTESIAN_POINT('',(986.65403629662,-98.84102722338,
    71.932393220151));
#743 = CARTESIAN_POINT('',(1.04382109491E+03,-69.57145395235,
    81.821119705069));
#744 = CARTESIAN_POINT('',(1.081784968431E+03,-35.28249669517,
    88.602416092456));
#745 = CARTESIAN_POINT('',(1.113976947315E+03,-6.957729292844,
    95.002727422712));
#746 = CARTESIAN_POINT('',(1.132068990368E+03,-4.797184491683,
    98.1564774665));
#747 = CARTESIAN_POINT('',(1.14083495298E+03,-3.579845461634,
    99.787702943582));
#748 = CARTESIAN_POINT('',(1.143E+03,-3.10741407285,100.2049316251));
#749 = CARTESIAN_POINT('',(-1.143E+03,-107.9164937126,42.));
#750 = CARTESIAN_POINT('',(-1.140904303015E+03,-108.4077996782,
    41.822829175559));
#751 = CARTESIAN_POINT('',(-1.132387523415E+03,-110.6335945596,
    41.10574137834));
#752 = CARTESIAN_POINT('',(-1.113407092995E+03,-118.0489860663,
    39.53109257126));
#753 = CARTESIAN_POINT('',(-1.084288167588E+03,-134.6524005978,
    37.182456595261));
#754 = CARTESIAN_POINT('',(-1.041250735977E+03,-147.4337688341,
    33.855505343215));
#755 = CARTESIAN_POINT('',(-986.1639765364,-149.9860004747,
    29.854844693402));
#756 = CARTESIAN_POINT('',(-921.0355189723,-156.5009054427,
    25.487470832041));
#757 = CARTESIAN_POINT('',(-846.7193466215,-171.5697404508,
    20.970723545703));
#758 = CARTESIAN_POINT('',(-761.92574237,-178.3059873015,16.412011963228
    ));
#759 = CARTESIAN_POINT('',(-669.3010995621,-189.7358227994,
    12.137810303528));
#760 = CARTESIAN_POINT('',(-569.3999038535,-203.7269113766,8.31739774723
    ));
#761 = CARTESIAN_POINT('',(-463.3061395895,-219.1066191966,
    5.117376588226));
#762 = CARTESIAN_POINT('',(-352.1353432845,-233.959804753,2.65486649581)
  );
#763 = CARTESIAN_POINT('',(-236.8788375159,-244.29861989,0.985691992825)
  );
#764 = CARTESIAN_POINT('',(-119.1251789325,-252.4235026904,
    0.122472436192));
#765 = CARTESIAN_POINT('',(-4.322838209405E-02,-257.2791532949,
    -9.513959699138E-02));
#766 = CARTESIAN_POINT('',(119.08775359988,-257.83291045,0.256092143949)
  );
#767 = CARTESIAN_POINT('',(236.93160077187,-253.1504058925,
    2.357274089902));
#768 = CARTESIAN_POINT('',(352.20334401997,-243.7005310754,
    6.321215484194));
#769 = CARTESIAN_POINT('',(463.47076896361,-228.9269580081,
    12.195572499125));
#770 = CARTESIAN_POINT('',(569.5321652657,-211.6294511539,
    19.811831217503));
#771 = CARTESIAN_POINT('',(669.54768243411,-194.6089417264,
    28.929843429014));
#772 = CARTESIAN_POINT('',(761.80413241364,-177.700630806,
    39.049412517696));
#773 = CARTESIAN_POINT('',(850.21461043637,-168.0886424337,
    50.406543577144));
#774 = CARTESIAN_POINT('',(921.0384205702,-124.8904927006,
    60.696709488807));
#775 = CARTESIAN_POINT('',(986.65403629662,-94.86540590248,
    71.151781039735));
#776 = CARTESIAN_POINT('',(1.04382109491E+03,-65.78266598053,
    81.07719221337));
#777 = CARTESIAN_POINT('',(1.081784968431E+03,-32.5102808888,
    88.058092227571));
#778 = CARTESIAN_POINT('',(1.113976947315E+03,-3.034177808612,
    94.232339211687));
#779 = CARTESIAN_POINT('',(1.132068990368E+03,-3.016245223984,
    97.806790409569));
#780 = CARTESIAN_POINT('',(1.14083495298E+03,-2.444078691294,
    99.564695513001));
#781 = CARTESIAN_POINT('',(1.143E+03,-2.063706892693,100.));
#782 = CARTESIAN_POINT('',(-1.143E+03,-104.8330248625,42.));
#783 = CARTESIAN_POINT('',(-1.140904303013E+03,-105.3237754358,
    41.822829175559));
#784 = CARTESIAN_POINT('',(-1.132387523417E+03,-107.5502005273,
    41.105741378339));
#785 = CARTESIAN_POINT('',(-1.113407092993E+03,-114.9764140012,
    39.53109257126));
#786 = CARTESIAN_POINT('',(-1.084288167589E+03,-131.4846891489,
    37.182456595261));
#787 = CARTESIAN_POINT('',(-1.041250735977E+03,-143.7690878769,
    33.855505343214));
#788 = CARTESIAN_POINT('',(-986.1639765365,-145.9603474075,
    29.854844693402));
#789 = CARTESIAN_POINT('',(-921.0355189722,-152.0699007736,
    25.487470832041));
#790 = CARTESIAN_POINT('',(-846.7193466215,-166.7644135721,
    20.970723545702));
#791 = CARTESIAN_POINT('',(-761.9257423699,-173.1311299967,
    16.412011963228));
#792 = CARTESIAN_POINT('',(-669.3010995621,-184.2208847436,
    12.137810303528));
#793 = CARTESIAN_POINT('',(-569.3999038535,-197.9046703961,
    8.317397747231));
#794 = CARTESIAN_POINT('',(-463.3061395895,-213.019097863,5.117376588226
    ));
#795 = CARTESIAN_POINT('',(-352.1353432845,-227.6563780658,
    2.654866495809));
#796 = CARTESIAN_POINT('',(-236.8788375159,-237.8353189655,
    0.985691992824));
#797 = CARTESIAN_POINT('',(-119.1251789325,-245.8621564284,
    0.122472436193));
#798 = CARTESIAN_POINT('',(-4.322838209409E-02,-250.6847076014,
    -9.513959699116E-02));
#799 = CARTESIAN_POINT('',(119.08775359988,-251.2715296905,0.25609214395
    ));
#800 = CARTESIAN_POINT('',(236.93160077187,-246.6871641222,
    2.357274089902));
#801 = CARTESIAN_POINT('',(352.20334401997,-237.39719161,6.321215484193)
  );
#802 = CARTESIAN_POINT('',(463.47076896361,-222.839856432,
    12.195572499125));
#803 = CARTESIAN_POINT('',(569.53216526571,-205.8073787984,19.8118312175
    ));
#804 = CARTESIAN_POINT('',(669.54768243409,-189.0954595923,
    28.929843429025));
#805 = CARTESIAN_POINT('',(761.8041324137,-172.5234066801,
    39.049412517657));
#806 = CARTESIAN_POINT('',(850.21461043616,-163.3043502591,
    50.406543577271));
#807 = CARTESIAN_POINT('',(921.03842057092,-120.4442753785,
    60.696709488376));
#808 = CARTESIAN_POINT('',(986.65403629447,-90.88978564615,
    71.151781041026));
#809 = CARTESIAN_POINT('',(1.043821094916E+03,-61.99387912776,
    81.077192209502));
#810 = CARTESIAN_POINT('',(1.081784968413E+03,-29.7380656348,
    88.058092238556));
#811 = CARTESIAN_POINT('',(1.113976947353E+03,0.889372157852,
    94.232339188926));
#812 = CARTESIAN_POINT('',(1.13206899031E+03,-1.235305779195,
    97.806790444333));
#813 = CARTESIAN_POINT('',(1.140834953018E+03,-1.30831266474,
    99.564695490559));
#814 = CARTESIAN_POINT('',(1.143E+03,-1.02,100.));
#815 = DEFINITIONAL_REPRESENTATION('',(#816),#820);
#816 = LINE('',#817,#818);
#817 = CARTESIAN_POINT('',(1.,0.));
#818 = VECTOR('',#819,1.);
#819 = DIRECTION('',(0.,1.));
#820 = ( GEOMETRIC_REPRESENTATION_CONTEXT(2) 
PARAMETRIC_REPRESENTATION_CONTEXT() REPRESENTATION_CONTEXT('2D SPACE',''
  ) );
#821 = ORIENTED_EDGE('',*,*,#822,.F.);
#822 = EDGE_CURVE('',#823,#439,#825,.T.);
#823 = VERTEX_POINT('',#824);
#824 = CARTESIAN_POINT('',(1.143E+03,-7.,107.02));
#825 = SURFACE_CURVE('',#826,(#837,#844),.PCURVE_S1.);
#826 = B_SPLINE_CURVE_WITH_KNOTS('',9,(#827,#828,#829,#830,#831,#832,
    #833,#834,#835,#836),.UNSPECIFIED.,.F.,.F.,(10,10),(0.,1.),
  .PIECEWISE_BEZIER_KNOTS.);
#827 = CARTESIAN_POINT('',(1.143E+03,-7.,107.02));
#828 = CARTESIAN_POINT('',(1.143E+03,-7.,106.90444444444));
#829 = CARTESIAN_POINT('',(1.143E+03,-7.,106.78888888888));
#830 = CARTESIAN_POINT('',(1.143E+03,-7.,106.67333333333));
#831 = CARTESIAN_POINT('',(1.143E+03,-7.,106.55777777777));
#832 = CARTESIAN_POINT('',(1.143E+03,-7.,106.44222222222));
#833 = CARTESIAN_POINT('',(1.143E+03,-7.,106.32666666666));
#834 = CARTESIAN_POINT('',(1.143E+03,-7.,106.21111111111));
#835 = CARTESIAN_POINT('',(1.143E+03,-7.,106.09555555555));
#836 = CARTESIAN_POINT('',(1.143E+03,-7.,105.98));
#837 = PCURVE('',#81,#838);
#838 = DEFINITIONAL_REPRESENTATION('',(#839),#843);
#839 = LINE('',#840,#841);
#840 = CARTESIAN_POINT('',(0.,1.));
#841 = VECTOR('',#842,1.);
#842 = DIRECTION('',(1.,0.));
#843 = ( GEOMETRIC_REPRESENTATION_CONTEXT(2) 
PARAMETRIC_REPRESENTATION_CONTEXT() REPRESENTATION_CONTEXT('2D SPACE',''
  ) );
#844 = PCURVE('',#845,#850);
#845 = PLANE('',#846);
#846 = AXIS2_PLACEMENT_3D('',#847,#848,#849);
#847 = CARTESIAN_POINT('',(1.143E+03,-7.,107.02));
#848 = DIRECTION('',(1.,-0.,0.));
#849 = DIRECTION('',(0.,0.989019192873,-0.147787131135));
#850 = DEFINITIONAL_REPRESENTATION('',(#851),#862);
#851 = B_SPLINE_CURVE_WITH_KNOTS('',9,(#852,#853,#854,#855,#856,#857,
    #858,#859,#860,#861),.UNSPECIFIED.,.F.,.F.,(10,10),(0.,1.),
  .PIECEWISE_BEZIER_KNOTS.);
#852 = CARTESIAN_POINT('',(0.,0.));
#853 = CARTESIAN_POINT('',(1.707762404226E-02,-0.114286662287));
#854 = CARTESIAN_POINT('',(3.415524808454E-02,-0.228573324575));
#855 = CARTESIAN_POINT('',(5.123287212681E-02,-0.342859986863));
#856 = CARTESIAN_POINT('',(6.831049616908E-02,-0.45714664915));
#857 = CARTESIAN_POINT('',(8.538812021135E-02,-0.571433311438));
#858 = CARTESIAN_POINT('',(0.102465744254,-0.685719973725));
#859 = CARTESIAN_POINT('',(0.119543368296,-0.800006636013));
#860 = CARTESIAN_POINT('',(0.136620992338,-0.9142932983));
#861 = CARTESIAN_POINT('',(0.15369861638,-1.028579960588));
#862 = ( GEOMETRIC_REPRESENTATION_CONTEXT(2) 
PARAMETRIC_REPRESENTATION_CONTEXT() REPRESENTATION_CONTEXT('2D SPACE',''
  ) );
#863 = ORIENTED_EDGE('',*,*,#864,.F.);
#864 = EDGE_CURVE('',#64,#823,#865,.T.);
#865 = SURFACE_CURVE('',#866,(#900,#907),.PCURVE_S1.);
#866 = ( BOUNDED_CURVE() B_SPLINE_CURVE(3,(#867,#868,#869,#870,#871,#872
    ,#873,#874,#875,#876,#877,#878,#879,#880,#881,#882,#883,#884,#885,
    #886,#887,#888,#889,#890,#891,#892,#893,#894,#895,#896,#897,#898,
#899),.UNSPECIFIED.,.F.,.F.) B_SPLINE_CURVE_WITH_KNOTS((4,1,1,1,1,1,1,1,
    1,1,1,1,1,1,1,1,1,1,1,1,1,1,1,1,1,1,1,1,1,1,4),(0.,
    2.746171766758E-03,1.118870024358E-02,2.568427470388E-02,
    4.475633827572E-02,6.800564081826E-02,9.590152946084E-02,
    0.128355449535,0.164550848408,0.204360670546,0.247403479125,
    0.293141649154,0.340973744419,0.390288254891,0.440615272158,
    0.491428867536,0.542208280399,0.592472574445,0.641764300614,
    0.689639726311,0.735545647315,0.778882374264,0.819079396185,
    0.855879581143,0.891348496504,0.922086120951,0.948373911541,
    0.971549368032,0.987555494539,0.997058471654,1.),.UNSPECIFIED.) 
CURVE() GEOMETRIC_REPRESENTATION_ITEM() RATIONAL_B_SPLINE_CURVE((1.,
    0.999999999998,1.000000000004,0.999999999998,1.000000000001,1.,1.,1.
    ,1.,1.,1.,1.,1.,1.,1.,1.,1.,1.,1.,1.,1.,1.,1.,1.,1.,1.,1.,
    0.999999999999,1.000000000002,0.999999999997,1.000000000005,
0.999999999997,1.)) REPRESENTATION_ITEM('') );
#867 = CARTESIAN_POINT('',(-1.143E+03,-122.5,62.739492552699));
#868 = CARTESIAN_POINT('',(-1.140904303013E+03,-122.9939327355,
    62.5660573124));
#869 = CARTESIAN_POINT('',(-1.132387523417E+03,-125.2167469913,
    61.844730702088));
#870 = CARTESIAN_POINT('',(-1.113407092993E+03,-132.5809551582,
    60.197293062308));
#871 = CARTESIAN_POINT('',(-1.084288167589E+03,-149.6343388233,
    58.488567081557));
#872 = CARTESIAN_POINT('',(-1.041250735977E+03,-164.7661630881,
    58.504245808925));
#873 = CARTESIAN_POINT('',(-986.1639765365,-169.0256404606,
    56.931493059887));
#874 = CARTESIAN_POINT('',(-921.0355189722,-177.4576874278,
    55.290524730556));
#875 = CARTESIAN_POINT('',(-846.7193466215,-194.2969085052,
    53.291478467065));
#876 = CARTESIAN_POINT('',(-761.9257423699,-202.7808783113,
    51.218238245563));
#877 = CARTESIAN_POINT('',(-669.3010995621,-215.8191522308,
    49.231428658019));
#878 = CARTESIAN_POINT('',(-569.3999038535,-231.2636539452,
    47.477943652704));
#879 = CARTESIAN_POINT('',(-463.3061395895,-247.898025874,
    46.062205122949));
#880 = CARTESIAN_POINT('',(-352.1353432845,-263.7723526307,
    45.051880115451));
#881 = CARTESIAN_POINT('',(-236.8788375159,-274.8673054351,
    44.458023935412));
#882 = CARTESIAN_POINT('',(-119.1251789325,-283.4559013019,
    44.254259896412));
#883 = CARTESIAN_POINT('',(-4.322838209409E-02,-288.4680982479,
    44.259275509698));
#884 = CARTESIAN_POINT('',(119.08775359988,-288.8654722201,
    44.388111635174));
#885 = CARTESIAN_POINT('',(236.93160077187,-283.7188116631,
    45.829208159697));
#886 = CARTESIAN_POINT('',(352.20334401997,-273.5126664304,
    48.717642447301));
#887 = CARTESIAN_POINT('',(463.47076896361,-257.7163794097,
    53.137577733749));
#888 = CARTESIAN_POINT('',(569.53216526571,-239.1653961975,
    58.971242946907));
#889 = CARTESIAN_POINT('',(669.54768243409,-220.6853852623,
    66.013669215171));
#890 = CARTESIAN_POINT('',(761.8041324137,-202.1867158823,
    73.871558104089));
#891 = CARTESIAN_POINT('',(850.21461043616,-190.7163252109,
    82.585818516559));
#892 = CARTESIAN_POINT('',(921.03842057092,-145.9192241299,
    90.602084123479));
#893 = CARTESIAN_POINT('',(986.65403629447,-113.6684117623,
    97.891907309826));
#894 = CARTESIAN_POINT('',(1.043821094916E+03,-83.70202888302,
    106.56067248118));
#895 = CARTESIAN_POINT('',(1.081784968413E+03,-45.62168862876,
    106.70408409614));
#896 = CARTESIAN_POINT('',(1.113976947353E+03,-21.59091405298,
    120.62224112374));
#897 = CARTESIAN_POINT('',(1.13206899031E+03,-11.43933588369,
    109.78543336384));
#898 = CARTESIAN_POINT('',(1.140834953018E+03,-7.815773468797,
    107.20388932892));
#899 = CARTESIAN_POINT('',(1.143E+03,-7.,107.02));
#900 = PCURVE('',#81,#901);
#901 = DEFINITIONAL_REPRESENTATION('',(#902),#906);
#902 = LINE('',#903,#904);
#903 = CARTESIAN_POINT('',(0.,0.));
#904 = VECTOR('',#905,1.);
#905 = DIRECTION('',(0.,1.));
#906 = ( GEOMETRIC_REPRESENTATION_CONTEXT(2) 
PARAMETRIC_REPRESENTATION_CONTEXT() REPRESENTATION_CONTEXT('2D SPACE',''
  ) );
#907 = PCURVE('',#908,#1239);
#908 = ( BOUNDED_SURFACE() B_SPLINE_SURFACE(9,3,(
    (#909,#910,#911,#912,#913,#914,#915,#916,#917,#918,#919,#920,#921
      ,#922,#923,#924,#925,#926,#927,#928,#929,#930,#931,#932,#933,#934
      ,#935,#936,#937,#938,#939,#940,#941)
    ,(#942,#943,#944,#945,#946,#947,#948,#949,#950,#951,#952,#953,#954
      ,#955,#956,#957,#958,#959,#960,#961,#962,#963,#964,#965,#966,#967
      ,#968,#969,#970,#971,#972,#973,#974)
    ,(#975,#976,#977,#978,#979,#980,#981,#982,#983,#984,#985,#986,#987
      ,#988,#989,#990,#991,#992,#993,#994,#995,#996,#997,#998,#999,#1000
      ,#1001,#1002,#1003,#1004,#1005,#1006,#1007)
    ,(#1008,#1009,#1010,#1011,#1012,#1013,#1014,#1015,#1016,#1017,#1018
      ,#1019,#1020,#1021,#1022,#1023,#1024,#1025,#1026,#1027,#1028,#1029
      ,#1030,#1031,#1032,#1033,#1034,#1035,#1036,#1037,#1038,#1039,#1040
      )
    ,(#1041,#1042,#1043,#1044,#1045,#1046,#1047,#1048,#1049,#1050,#1051
      ,#1052,#1053,#1054,#1055,#1056,#1057,#1058,#1059,#1060,#1061,#1062
      ,#1063,#1064,#1065,#1066,#1067,#1068,#1069,#1070,#1071,#1072,#1073
      )
    ,(#1074,#1075,#1076,#1077,#1078,#1079,#1080,#1081,#1082,#1083,#1084
      ,#1085,#1086,#1087,#1088,#1089,#1090,#1091,#1092,#1093,#1094,#1095
      ,#1096,#1097,#1098,#1099,#1100,#1101,#1102,#1103,#1104,#1105,#1106
      )
    ,(#1107,#1108,#1109,#1110,#1111,#1112,#1113,#1114,#1115,#1116,#1117
      ,#1118,#1119,#1120,#1121,#1122,#1123,#1124,#1125,#1126,#1127,#1128
      ,#1129,#1130,#1131,#1132,#1133,#1134,#1135,#1136,#1137,#1138,#1139
      )
    ,(#1140,#1141,#1142,#1143,#1144,#1145,#1146,#1147,#1148,#1149,#1150
      ,#1151,#1152,#1153,#1154,#1155,#1156,#1157,#1158,#1159,#1160,#1161
      ,#1162,#1163,#1164,#1165,#1166,#1167,#1168,#1169,#1170,#1171,#1172
      )
    ,(#1173,#1174,#1175,#1176,#1177,#1178,#1179,#1180,#1181,#1182,#1183
      ,#1184,#1185,#1186,#1187,#1188,#1189,#1190,#1191,#1192,#1193,#1194
      ,#1195,#1196,#1197,#1198,#1199,#1200,#1201,#1202,#1203,#1204,#1205
      )
    ,(#1206,#1207,#1208,#1209,#1210,#1211,#1212,#1213,#1214,#1215,#1216
      ,#1217,#1218,#1219,#1220,#1221,#1222,#1223,#1224,#1225,#1226,#1227
      ,#1228,#1229,#1230,#1231,#1232,#1233,#1234,#1235,#1236,#1237,#1238
)),.UNSPECIFIED.,.F.,.F.,.F.) B_SPLINE_SURFACE_WITH_KNOTS((10,10),(4,1,1
    ,1,1,1,1,1,1,1,1,1,1,1,1,1,1,1,1,1,1,1,1,1,1,1,1,1,1,1,4),(7.,8.),(
    0.,2.746171766758E-03,1.118870024358E-02,2.568427470388E-02,
    4.475633827572E-02,6.800564081826E-02,9.590152946084E-02,
    0.128355449535,0.164550848408,0.204360670546,0.247403479125,
    0.293141649154,0.340973744419,0.390288254891,0.440615272158,
    0.491428867536,0.542208280399,0.592472574445,0.641764300614,
    0.689639726311,0.735545647315,0.778882374264,0.819079396185,
    0.855879581143,0.891348496504,0.922086120951,0.948373911541,
    0.971549368032,0.987555494539,0.997058471654,1.),.UNSPECIFIED.) 
GEOMETRIC_REPRESENTATION_ITEM() RATIONAL_B_SPLINE_SURFACE((
    (1.,0.999999999998,1.000000000004,0.999999999998,1.000000000001,1.
      ,1.,1.,1.,1.,1.,1.,1.,1.,1.,1.,1.,1.,1.,1.,1.,1.,1.,1.,1.,1.,1.
      ,0.999999999999,1.000000000002,0.999999999997,1.000000000005
      ,0.999999999997,1.)
    ,(1.,0.999999999998,1.000000000004,0.999999999998,1.000000000001,1.
      ,1.,1.,1.,1.,1.,1.,1.,1.,1.,1.,1.,1.,1.,1.,1.,1.,1.,1.,1.,1.,1.
      ,0.999999999999,1.000000000002,0.999999999997,1.000000000005
      ,0.999999999997,1.)
    ,(1.,0.999999999998,1.000000000004,0.999999999998,1.000000000001,1.
      ,1.,1.,1.,1.,1.,1.,1.,1.,1.,1.,1.,1.,1.,1.,1.,1.,1.,1.,1.,1.,1.
      ,0.999999999999,1.000000000002,0.999999999997,1.000000000005
      ,0.999999999997,1.)
    ,(1.,0.999999999998,1.000000000004,0.999999999998,1.000000000001,1.
      ,1.,1.,1.,1.,1.,1.,1.,1.,1.,1.,1.,1.,1.,1.,1.,1.,1.,1.,1.,1.,1.
      ,0.999999999999,1.000000000002,0.999999999997,1.000000000005
      ,0.999999999997,1.)
    ,(1.,0.999999999998,1.000000000004,0.999999999998,1.000000000001,1.
      ,1.,1.,1.,1.,1.,1.,1.,1.,1.,1.,1.,1.,1.,1.,1.,1.,1.,1.,1.,1.,1.
      ,0.999999999999,1.000000000002,0.999999999997,1.000000000005
      ,0.999999999997,1.)
    ,(1.,0.999999999998,1.000000000004,0.999999999998,1.000000000001,1.
      ,1.,1.,1.,1.,1.,1.,1.,1.,1.,1.,1.,1.,1.,1.,1.,1.,1.,1.,1.,1.,1.
      ,0.999999999999,1.000000000002,0.999999999997,1.000000000005
      ,0.999999999997,1.)
    ,(1.,0.999999999998,1.000000000004,0.999999999998,1.000000000001,1.
      ,1.,1.,1.,1.,1.,1.,1.,1.,1.,1.,1.,1.,1.,1.,1.,1.,1.,1.,1.,1.,1.
      ,0.999999999999,1.000000000002,0.999999999997,1.000000000005
      ,0.999999999997,1.)
    ,(1.,0.999999999998,1.000000000004,0.999999999998,1.000000000001,1.
      ,1.,1.,1.,1.,1.,1.,1.,1.,1.,1.,1.,1.,1.,1.,1.,1.,1.,1.,1.,1.,1.
      ,0.999999999999,1.000000000002,0.999999999997,1.000000000005
      ,0.999999999997,1.)
    ,(1.,0.999999999998,1.000000000004,0.999999999998,1.000000000001,1.
      ,1.,1.,1.,1.,1.,1.,1.,1.,1.,1.,1.,1.,1.,1.,1.,1.,1.,1.,1.,1.,1.
      ,0.999999999999,1.000000000002,0.999999999997,1.000000000005
      ,0.999999999997,1.)
    ,(1.,0.999999999998,1.000000000004,0.999999999998,1.000000000001,1.
      ,1.,1.,1.,1.,1.,1.,1.,1.,1.,1.,1.,1.,1.,1.,1.,1.,1.,1.,1.,1.,1.
      ,0.999999999999,1.000000000002,0.999999999997,1.000000000005
,0.999999999997,1.))) REPRESENTATION_ITEM('') SURFACE() );
#909 = CARTESIAN_POINT('',(-1.143E+03,-104.8330248625,80.406467690183));
#910 = CARTESIAN_POINT('',(-1.140904303015E+03,-105.3237754355,
    80.236214613385));
#911 = CARTESIAN_POINT('',(-1.132387523415E+03,-107.5502005278,
    79.511277164189));
#912 = CARTESIAN_POINT('',(-1.113407092995E+03,-114.9764140009,
    77.801834220597));
#913 = CARTESIAN_POINT('',(-1.084288167588E+03,-131.484689149,
    76.638216755395));
#914 = CARTESIAN_POINT('',(-1.041250735977E+03,-143.7690878768,
    79.501321020336));
#915 = CARTESIAN_POINT('',(-986.1639765364,-145.9603474076,
    79.996786112861));
#916 = CARTESIAN_POINT('',(-921.0355189723,-152.0699007736,
    80.678311384832));
#917 = CARTESIAN_POINT('',(-846.7193466215,-166.7644135721,
    80.823973400081));
#918 = CARTESIAN_POINT('',(-761.92574237,-173.1311299967,80.867986560144
    ));
#919 = CARTESIAN_POINT('',(-669.3010995621,-184.2208847436,
    80.829696145178));
#920 = CARTESIAN_POINT('',(-569.3999038535,-197.9046703961,
    80.83692720181));
#921 = CARTESIAN_POINT('',(-463.3061395895,-213.019097863,80.94113313401
    ));
#922 = CARTESIAN_POINT('',(-352.1353432845,-227.6563780658,
    81.167854680331));
#923 = CARTESIAN_POINT('',(-236.8788375159,-237.8353189655,
    81.490010405023));
#924 = CARTESIAN_POINT('',(-119.1251789325,-245.8621564284,
    81.848004769931));
#925 = CARTESIAN_POINT('',(-4.322838209404E-02,-250.6847076014,
    82.042666156136));
#926 = CARTESIAN_POINT('',(119.08775359988,-251.2715296905,
    81.982054164734));
#927 = CARTESIAN_POINT('',(236.93160077187,-246.6871641222,
    82.86085570064));
#928 = CARTESIAN_POINT('',(352.20334401997,-237.39719161,84.833117267703
    ));
#929 = CARTESIAN_POINT('',(463.47076896361,-222.839856432,
    88.014100711475));
#930 = CARTESIAN_POINT('',(569.5321652657,-205.8073787984,
    92.329260345743));
#931 = CARTESIAN_POINT('',(669.54768243411,-189.0954595923,
    97.60359488583));
#932 = CARTESIAN_POINT('',(761.80413241364,-172.52340668,103.53486730409
    ));
#933 = CARTESIAN_POINT('',(850.21461043637,-163.3043502595,
    109.99779347568));
#934 = CARTESIAN_POINT('',(921.0384205702,-120.444275377,116.07703284993
    ));
#935 = CARTESIAN_POINT('',(986.65403629662,-90.88978565046,
    120.6705335008));
#936 = CARTESIAN_POINT('',(1.04382109491E+03,-61.99387911486,
    128.2688220124));
#937 = CARTESIAN_POINT('',(1.081784968431E+03,-29.73806567142,
    122.58770772634));
#938 = CARTESIAN_POINT('',(1.113976947315E+03,0.889372233722,
    143.10252601633));
#939 = CARTESIAN_POINT('',(1.132068990368E+03,-1.235305895078,
    119.9894654818));
#940 = CARTESIAN_POINT('',(1.14083495298E+03,-1.308312589933,
    113.7113488332));
#941 = CARTESIAN_POINT('',(1.143E+03,-1.02,113.));
#942 = CARTESIAN_POINT('',(-1.143E+03,-107.9164937126,80.406467690183));
#943 = CARTESIAN_POINT('',(-1.140904303015E+03,-108.4077996778,
    80.23621461392));
#944 = CARTESIAN_POINT('',(-1.132387523415E+03,-110.6335945602,
    79.511277163402));
#945 = CARTESIAN_POINT('',(-1.113407092995E+03,-118.0489860659,
    77.80183422112));
#946 = CARTESIAN_POINT('',(-1.084288167588E+03,-134.652400598,
    76.638216755167));
#947 = CARTESIAN_POINT('',(-1.041250735977E+03,-147.4337688341,
    79.50132102042));
#948 = CARTESIAN_POINT('',(-986.1639765364,-149.9860004747,
    79.996786112831));
#949 = CARTESIAN_POINT('',(-921.0355189723,-156.5009054427,
    80.678311384843));
#950 = CARTESIAN_POINT('',(-846.7193466215,-171.5697404508,
    80.823973400078));
#951 = CARTESIAN_POINT('',(-761.92574237,-178.3059873015,80.867986560145
    ));
#952 = CARTESIAN_POINT('',(-669.3010995621,-189.7358227994,
    80.829696145178));
#953 = CARTESIAN_POINT('',(-569.3999038535,-203.7269113766,
    80.83692720181));
#954 = CARTESIAN_POINT('',(-463.3061395895,-219.1066191965,
    80.94113313401));
#955 = CARTESIAN_POINT('',(-352.1353432845,-233.9598047531,
    81.167854680332));
#956 = CARTESIAN_POINT('',(-236.8788375159,-244.29861989,81.490010405024
    ));
#957 = CARTESIAN_POINT('',(-119.1251789325,-252.4235026904,
    81.848004769931));
#958 = CARTESIAN_POINT('',(-4.322838209404E-02,-257.2791532949,
    82.042666156137));
#959 = CARTESIAN_POINT('',(119.08775359988,-257.83291045,81.982054164733
    ));
#960 = CARTESIAN_POINT('',(236.93160077187,-253.1504058925,
    82.860855700642));
#961 = CARTESIAN_POINT('',(352.20334401997,-243.7005310754,84.8331172677
    ));
#962 = CARTESIAN_POINT('',(463.47076896361,-228.9269580081,
    88.014100711487));
#963 = CARTESIAN_POINT('',(569.5321652657,-211.6294511539,
    92.329260345702));
#964 = CARTESIAN_POINT('',(669.54768243411,-194.6089417263,
    97.603594885968));
#965 = CARTESIAN_POINT('',(761.80413241364,-177.7006308064,
    103.53486730364));
#966 = CARTESIAN_POINT('',(850.21461043637,-168.0886424326,
    109.99779347721));
#967 = CARTESIAN_POINT('',(921.0384205702,-124.8904927045,
    116.07703284475));
#968 = CARTESIAN_POINT('',(986.65403629662,-94.86540589085,
    120.6705335163));
#969 = CARTESIAN_POINT('',(1.04382109491E+03,-65.78266601534,
    128.26882196597));
#970 = CARTESIAN_POINT('',(1.081784968431E+03,-32.51028078993,
    122.58770785817));
#971 = CARTESIAN_POINT('',(1.113976947315E+03,-3.034178013461,
    143.1025257432));
#972 = CARTESIAN_POINT('',(1.132068990368E+03,-3.016244911101,
    119.98946589898));
#973 = CARTESIAN_POINT('',(1.14083495298E+03,-2.444078893272,
    113.7113485639));
#974 = CARTESIAN_POINT('',(1.143E+03,-2.063706892693,113.));
#975 = CARTESIAN_POINT('',(-1.143E+03,-110.9999634121,79.801029241093));
#976 = CARTESIAN_POINT('',(-1.140904303015E+03,-111.4918247699,
    79.630667113255));
#977 = CARTESIAN_POINT('',(-1.132387523415E+03,-113.7169894414,
    78.905853405417));
#978 = CARTESIAN_POINT('',(-1.113407092995E+03,-121.1215589775,
    77.198535353008));
#979 = CARTESIAN_POINT('',(-1.084288167588E+03,-137.8201129191,
    76.016237290189));
#980 = CARTESIAN_POINT('',(-1.041250735977E+03,-151.0984508017,
    78.781761697415));
#981 = CARTESIAN_POINT('',(-986.1639765364,-154.0116546458,
    79.206349999102));
#982 = CARTESIAN_POINT('',(-921.0355189723,-160.9319113554,
    79.808284542805));
#983 = CARTESIAN_POINT('',(-846.7193466215,-176.3750685464,
    79.880448602061));
#984 = CARTESIAN_POINT('',(-761.92574237,-183.4808464973,79.851903969678
    ));
#985 = CARTESIAN_POINT('',(-669.3010995621,-195.2507603832,
    79.746841228579));
#986 = CARTESIAN_POINT('',(-569.3999038535,-209.5491526034,
    79.693732788151));
#987 = CARTESIAN_POINT('',(-463.3061395895,-225.1941405704,
    79.74585125886));
#988 = CARTESIAN_POINT('',(-352.1353432845,-240.2632315439,
    79.930179831308));
#989 = CARTESIAN_POINT('',(-236.8788375159,-250.7619209034,
    80.220944342422));
#990 = CARTESIAN_POINT('',(-119.1251789325,-258.9848490475,
    80.559687547116));
#991 = CARTESIAN_POINT('',(-4.322838209404E-02,-263.8735990823,
    80.74784987728));
#992 = CARTESIAN_POINT('',(119.08775359988,-264.3942913045,
    80.69373016837));
#993 = CARTESIAN_POINT('',(236.93160077187,-259.6136477517,
    81.591801252877));
#994 = CARTESIAN_POINT('',(352.20334401997,-250.0038706441,
    83.595459544862));
#995 = CARTESIAN_POINT('',(463.47076896361,-235.014059625,
    86.818901254887));
#996 = CARTESIAN_POINT('',(569.5321652657,-217.4515237544,91.186099043)
  );
#997 = CARTESIAN_POINT('',(669.54768243411,-200.1224233905,
    96.52102583627));
#998 = CARTESIAN_POINT('',(761.80413241364,-182.877856827,
    102.51831998707));
#999 = CARTESIAN_POINT('',(850.21461043637,-172.8729358062,
    109.05839884504));
#1000 = CARTESIAN_POINT('',(921.0384205702,-129.3367112854,
    115.20401901069));
#1001 = CARTESIAN_POINT('',(986.65403629662,-98.84102721305,
    119.88992129819));
#1002 = CARTESIAN_POINT('',(1.04382109491E+03,-69.5714539833,
    127.52489458714));
#1003 = CARTESIAN_POINT('',(1.081784968431E+03,-35.28249660728,
    122.04338367276));
#1004 = CARTESIAN_POINT('',(1.113976947315E+03,-6.957729474932,
    142.33213819628));
#1005 = CARTESIAN_POINT('',(1.132068990368E+03,-4.797184213564,
    119.63977782771));
#1006 = CARTESIAN_POINT('',(1.14083495298E+03,-3.579845641171,
    113.48834178811));
#1007 = CARTESIAN_POINT('',(1.143E+03,-3.107414072849,112.79506837489));
#1008 = CARTESIAN_POINT('',(-1.143E+03,-113.9475681658,78.590157439896)
  );
#1009 = CARTESIAN_POINT('',(-1.140904303015E+03,-114.4399604441,
    78.419577210259));
#1010 = CARTESIAN_POINT('',(-1.132387523415E+03,-116.6645226737,
    77.695010985654));
#1011 = CARTESIAN_POINT('',(-1.113407092995E+03,-124.0587470813,
    75.991942696343));
#1012 = CARTESIAN_POINT('',(-1.084288167588E+03,-140.8482483671,
    74.772283595069));
#1013 = CARTESIAN_POINT('',(-1.041250735977E+03,-154.601658235,
    77.342649115758));
#1014 = CARTESIAN_POINT('',(-986.1639765364,-157.8599290294,
    77.625484393294));
#1015 = CARTESIAN_POINT('',(-921.0355189723,-165.1676765646,
    78.06823834206));
#1016 = CARTESIAN_POINT('',(-846.7193466215,-180.968663175,
    77.99340621815));
#1017 = CARTESIAN_POINT('',(-761.92574237,-188.4276864873,
    77.819750536324));
#1018 = CARTESIAN_POINT('',(-669.3010995621,-200.522708386,
    77.581126860044));
#1019 = CARTESIAN_POINT('',(-569.3999038535,-215.1148600432,
    77.407344277672));
#1020 = CARTESIAN_POINT('',(-463.3061395895,-231.0134409108,
    77.355286350166));
#1021 = CARTESIAN_POINT('',(-352.1353432845,-246.288923977,
    77.454829358318));
#1022 = CARTESIAN_POINT('',(-236.8788375159,-256.9404434651,
    77.682811304006));
#1023 = CARTESIAN_POINT('',(-119.1251789325,-265.2570969648,
    77.983052207527));
#1024 = CARTESIAN_POINT('',(-4.322838209404E-02,-270.1774880507,
    78.158216410015));
#1025 = CARTESIAN_POINT('',(119.08775359988,-270.6665721995,
    78.117081281569));
#1026 = CARTESIAN_POINT('',(236.93160077187,-265.7921137654,
    79.053691444573));
#1027 = CARTESIAN_POINT('',(352.20334401997,-256.0294796995,
    81.120143322828));
#1028 = CARTESIAN_POINT('',(463.47076896361,-240.8329586998,
    84.428501187576));
#1029 = CARTESIAN_POINT('',(569.5321652657,-223.0170700057,
    88.899776744563));
#1030 = CARTESIAN_POINT('',(669.54768243411,-205.3929796096,
    94.355883218112));
#1031 = CARTESIAN_POINT('',(761.80413241364,-187.8269593395,
    100.48523711963));
#1032 = CARTESIAN_POINT('',(850.21461043637,-177.4464226121,
    107.17961669723));
#1033 = CARTESIAN_POINT('',(921.0384205702,-133.5870188292,
    113.45799885034));
#1034 = CARTESIAN_POINT('',(986.65403629662,-102.6414733453,
    118.32870346264));
#1035 = CARTESIAN_POINT('',(1.04382109491E+03,-73.19329892986,
    126.03704589921));
#1036 = CARTESIAN_POINT('',(1.081784968431E+03,-37.93256229421,
    120.95474045546));
#1037 = CARTESIAN_POINT('',(1.113976947315E+03,-10.7083995221,
    140.79136840208));
#1038 = CARTESIAN_POINT('',(1.132068990368E+03,-6.499651871809,
    118.94040644079));
#1039 = CARTESIAN_POINT('',(1.14083495298E+03,-4.665567349773,
    113.04232894442));
#1040 = CARTESIAN_POINT('',(1.143E+03,-4.105133053601,112.38520684994));
#1041 = CARTESIAN_POINT('',(-1.143E+03,-116.6234668739,76.809404893487)
  );
#1042 = CARTESIAN_POINT('',(-1.140904303015E+03,-117.1163411335,
    76.638503916602));
#1043 = CARTESIAN_POINT('',(-1.132387523415E+03,-119.340356453,
    75.914301646829));
#1044 = CARTESIAN_POINT('',(-1.113407092995E+03,-126.7251893321,
    74.217483217868));
#1045 = CARTESIAN_POINT('',(-1.084288167588E+03,-143.597254561,
    72.942879602969));
#1046 = CARTESIAN_POINT('',(-1.041250735977E+03,-157.7819449664,
    75.226237277403));
#1047 = CARTESIAN_POINT('',(-986.1639765364,-161.3534748401,
    75.300605453062));
#1048 = CARTESIAN_POINT('',(-921.0355189723,-169.0129952661,
    75.509262073317));
#1049 = CARTESIAN_POINT('',(-846.7193466215,-185.1388251223,
    75.218254280823));
#1050 = CARTESIAN_POINT('',(-761.92574237,-192.9185407932,
    74.831182739242));
#1051 = CARTESIAN_POINT('',(-669.3010995621,-205.3086655543,
    74.396183313915));
#1052 = CARTESIAN_POINT('',(-569.3999038535,-220.1675078996,
    74.044921592822));
#1053 = CARTESIAN_POINT('',(-463.3061395895,-236.2963016114,
    73.839663011464));
#1054 = CARTESIAN_POINT('',(-352.1353432845,-251.759151897,
    73.814517185407));
#1055 = CARTESIAN_POINT('',(-236.8788375159,-262.5494129604,
    73.950169832662));
#1056 = CARTESIAN_POINT('',(-119.1251789325,-270.9511520299,
    74.193788209792));
#1057 = CARTESIAN_POINT('',(-4.322838209404E-02,-275.9002673843,
    74.349837071395));
#1058 = CARTESIAN_POINT('',(119.08775359988,-276.3606572019,
    74.32779736125));
#1059 = CARTESIAN_POINT('',(236.93160077187,-271.4010319261,
    75.321084134899));
#1060 = CARTESIAN_POINT('',(352.20334401997,-261.4996319245,
    77.47988152391));
#1061 = CARTESIAN_POINT('',(463.47076896361,-246.1154551337,
    80.913120257816));
#1062 = CARTESIAN_POINT('',(569.5321652657,-228.0695715111,
    85.537451458182));
#1063 = CARTESIAN_POINT('',(669.54768243411,-210.1776733274,
    91.171780460918));
#1064 = CARTESIAN_POINT('',(761.80413241364,-192.3198676474,
    97.49530242151));
#1065 = CARTESIAN_POINT('',(850.21461043637,-181.5983300987,
    104.41661273885));
#1066 = CARTESIAN_POINT('',(921.0384205702,-137.4455394213,
    110.89023701171));
#1067 = CARTESIAN_POINT('',(986.65403629662,-106.0915996336,
    116.03271923591));
#1068 = CARTESIAN_POINT('',(1.04382109491E+03,-76.48128733838,
    123.84896104908));
#1069 = CARTESIAN_POINT('',(1.081784968431E+03,-40.33834866879,
    119.35374147002));
#1070 = CARTESIAN_POINT('',(1.113976947315E+03,-14.11333808808,
    138.52545634575));
#1071 = CARTESIAN_POINT('',(1.132068990368E+03,-8.045188480923,
    117.91188428042));
#1072 = CARTESIAN_POINT('',(1.14083495298E+03,-5.651208753113,
    112.38640666226));
#1073 = CARTESIAN_POINT('',(1.143E+03,-5.010883707013,111.78244943705));
#1074 = CARTESIAN_POINT('',(-1.143E+03,-118.9029372033,74.529934564134)
  );
#1075 = CARTESIAN_POINT('',(-1.140904303015E+03,-119.3962220382,
    74.358623010615));
#1076 = CARTESIAN_POINT('',(-1.132387523415E+03,-121.6197714746,
    73.634886627017));
#1077 = CARTESIAN_POINT('',(-1.113407092995E+03,-128.996604155,
    71.946068393653));
#1078 = CARTESIAN_POINT('',(-1.084288167588E+03,-145.939001671,
    70.601132493433));
#1079 = CARTESIAN_POINT('',(-1.041250735977E+03,-160.4910793451,
    72.51710289851));
#1080 = CARTESIAN_POINT('',(-986.1639765364,-164.3294598008,
    72.324620492446));
#1081 = CARTESIAN_POINT('',(-921.0355189723,-172.2886381163,
    72.233619223145));
#1082 = CARTESIAN_POINT('',(-846.7193466215,-188.6911893859,
    71.665890017174));
#1083 = CARTESIAN_POINT('',(-761.92574237,-196.7440744904,
    71.005649042049));
#1084 = CARTESIAN_POINT('',(-669.3010995621,-209.3856393995,
    70.319209468737));
#1085 = CARTESIAN_POINT('',(-569.3999038535,-224.4716483362,
    69.740781156178));
#1086 = CARTESIAN_POINT('',(-463.3061395895,-240.7965557514,
    69.339408871331));
#1087 = CARTESIAN_POINT('',(-352.1353432845,-256.4190151358,
    69.154653946657));
#1088 = CARTESIAN_POINT('',(-236.8788375159,-267.3274648628,
    69.1721179303));
#1089 = CARTESIAN_POINT('',(-119.1251789325,-275.8016847418,
    69.343255497893));
#1090 = CARTESIAN_POINT('',(-4.322838209404E-02,-280.7752691631,
    69.474835292582));
#1091 = CARTESIAN_POINT('',(119.08775359988,-281.2112154166,
    69.477239146563));
#1092 = CARTESIAN_POINT('',(236.93160077187,-276.1790400975,
    70.543075963664));
#1093 = CARTESIAN_POINT('',(352.20334401997,-266.1594306867,
    72.820082761844));
#1094 = CARTESIAN_POINT('',(463.47076896361,-250.6153989561,
    76.413176435511));
#1095 = CARTESIAN_POINT('',(569.5321652657,-232.3735873097,
    81.233435659403));
#1096 = CARTESIAN_POINT('',(669.54768243411,-214.2535708382,
    87.095882950912));
#1097 = CARTESIAN_POINT('',(761.80413241364,-196.1471509972,
    93.668019069336));
#1098 = CARTESIAN_POINT('',(850.21461043637,-185.1351444826,
    100.87979836276));
#1099 = CARTESIAN_POINT('',(921.0384205702,-140.7324282627,
    107.60334814381));
#1100 = CARTESIAN_POINT('',(986.65403629662,-109.0305975841,
    113.09372136472));
#1101 = CARTESIAN_POINT('',(1.04382109491E+03,-79.28216765988,
    121.04808049));
#1102 = CARTESIAN_POINT('',(1.081784968431E+03,-42.38772311029,
    117.3043677032));
#1103 = CARTESIAN_POINT('',(1.113976947315E+03,-17.01384285361,
    135.62495018231));
#1104 = CARTESIAN_POINT('',(1.132068990368E+03,-9.361757017355,
    116.59531787913));
#1105 = CARTESIAN_POINT('',(1.14083495298E+03,-6.490829790498,
    111.54678424656));
#1106 = CARTESIAN_POINT('',(1.143E+03,-5.782449437052,111.01088370701));
#1107 = CARTESIAN_POINT('',(-1.143E+03,-120.6836897497,71.85403585601));
#1108 = CARTESIAN_POINT('',(-1.140904303015E+03,-121.177295334,
    71.682242320538));
#1109 = CARTESIAN_POINT('',(-1.132387523415E+03,-123.4004808104,
    70.959052848836));
#1110 = CARTESIAN_POINT('',(-1.113407092995E+03,-130.7710636355,
    69.279626142158));
#1111 = CARTESIAN_POINT('',(-1.084288167588E+03,-147.7684056622,
    67.852126299842));
#1112 = CARTESIAN_POINT('',(-1.041250735977E+03,-162.6074911838,
    69.336816166979));
#1113 = CARTESIAN_POINT('',(-986.1639765364,-166.6543387409,
    68.831074681792));
#1114 = CARTESIAN_POINT('',(-921.0355189723,-174.8476143851,
    68.388300521603));
#1115 = CARTESIAN_POINT('',(-846.7193466215,-191.4663413232,
    67.495728069935));
#1116 = CARTESIAN_POINT('',(-761.92574237,-199.7326422875,
    66.514794736203));
#1117 = CARTESIAN_POINT('',(-669.3010995621,-212.5705829456,
    65.533252300416));
#1118 = CARTESIAN_POINT('',(-569.3999038535,-227.8340710211,
    64.688133299764));
#1119 = CARTESIAN_POINT('',(-463.3061395895,-244.3121790902,
    64.056548170777));
#1120 = CARTESIAN_POINT('',(-352.1353432845,-260.0593273087,
    63.684426026604));
#1121 = CARTESIAN_POINT('',(-236.8788375159,-271.0601063341,
    63.563148434998));
#1122 = CARTESIAN_POINT('',(-119.1251789325,-279.5909487395,
    63.649200432857));
#1123 = CARTESIAN_POINT('',(-4.322838209404E-02,-284.5836485018,
    63.752055959021));
#1124 = CARTESIAN_POINT('',(119.08775359988,-285.0004993369,
    63.783154144154));
#1125 = CARTESIAN_POINT('',(236.93160077187,-279.911647407,
    64.93415780279));
#1126 = CARTESIAN_POINT('',(352.20334401997,-269.7996924855,
    67.349930536716));
#1127 = CARTESIAN_POINT('',(463.47076896361,-254.1307798858,
    71.130680001582));
#1128 = CARTESIAN_POINT('',(569.5321652657,-235.7359125962,
    76.180934154066));
#1129 = CARTESIAN_POINT('',(669.54768243411,-217.4376735948,
    82.311189232963));
#1130 = CARTESIAN_POINT('',(761.80413241364,-199.137085697,
    89.175110761917));
#1131 = CARTESIAN_POINT('',(850.21461043637,-187.8981484354,
    96.727890874849));
#1132 = CARTESIAN_POINT('',(921.0384205702,-143.30019012,103.74482755627
    ));
#1133 = CARTESIAN_POINT('',(986.65403629662,-111.326581755,
    109.64359506287));
#1134 = CARTESIAN_POINT('',(1.04382109491E+03,-81.47025267732,
    117.7600921221));
#1135 = CARTESIAN_POINT('',(1.081784968431E+03,-43.98872162062,
    114.89858121328));
#1136 = CARTESIAN_POINT('',(1.113976947315E+03,-19.27975589436,
    132.22001185532));
#1137 = CARTESIAN_POINT('',(1.132068990368E+03,-10.39027767414,
    115.04978090499));
#1138 = CARTESIAN_POINT('',(1.14083495298E+03,-7.146753043271,
    110.56114307886));
#1139 = CARTESIAN_POINT('',(1.143E+03,-6.385206849945,110.1051330536));
#1140 = CARTESIAN_POINT('',(-1.143E+03,-121.8945615509,68.906431102308)
  );
#1141 = CARTESIAN_POINT('',(-1.140904303015E+03,-122.3883852373,
    68.734106646367));
#1142 = CARTESIAN_POINT('',(-1.132387523415E+03,-124.6113232297,
    68.011519616332));
#1143 = CARTESIAN_POINT('',(-1.113407092995E+03,-131.9776562925,
    66.342438038504));
#1144 = CARTESIAN_POINT('',(-1.084288167588E+03,-149.0123593573,
    64.823990851863));
#1145 = CARTESIAN_POINT('',(-1.041250735977E+03,-164.0466037655,
    65.833608733726));
#1146 = CARTESIAN_POINT('',(-986.1639765364,-168.2352043467,
    64.982800298142));
#1147 = CARTESIAN_POINT('',(-921.0355189723,-176.5876605858,
    64.15253531235));
#1148 = CARTESIAN_POINT('',(-846.7193466215,-193.3533837071,
    62.902133441359));
#1149 = CARTESIAN_POINT('',(-761.92574237,-201.7647957208,
    61.567954746118));
#1150 = CARTESIAN_POINT('',(-669.3010995621,-214.7362973142,
    60.261304297664));
#1151 = CARTESIAN_POINT('',(-569.3999038535,-230.1204595316,
    59.122425859992));
#1152 = CARTESIAN_POINT('',(-463.3061395895,-246.7027439989,
    58.237247830386));
#1153 = CARTESIAN_POINT('',(-352.1353432845,-262.5346777817,
    57.658733593519));
#1154 = CARTESIAN_POINT('',(-236.8788375159,-273.5982393725,
    57.384625873311));
#1155 = CARTESIAN_POINT('',(-119.1251789325,-282.1675840791,
    57.376952515465));
#1156 = CARTESIAN_POINT('',(-4.322838209404E-02,-287.173281969,
    57.448166990614));
#1157 = CARTESIAN_POINT('',(119.08775359988,-287.5771482237,
    57.510873249186));
#1158 = CARTESIAN_POINT('',(236.93160077187,-282.4497572154,
    58.755691789235));
#1159 = CARTESIAN_POINT('',(352.20334401997,-272.2750087076,
    61.324321481426));
#1160 = CARTESIAN_POINT('',(463.47076896361,-256.5211799531,
    65.311780926801));
#1161 = CARTESIAN_POINT('',(569.5321652657,-238.0222348946,
    70.615387902648));
#1162 = CARTESIAN_POINT('',(669.54768243411,-219.6028162129,
    77.040633014035));
#1163 = CARTESIAN_POINT('',(761.80413241364,-201.1701685646,
    84.226008248961));
#1164 = CARTESIAN_POINT('',(850.21461043637,-189.7769305826,
    92.154404070378));
#1165 = CARTESIAN_POINT('',(921.0384205702,-145.0462102827,
    99.494520007583));
#1166 = CARTESIAN_POINT('',(986.65403629662,-112.8877995836,
    105.84314894518));
#1167 = CARTESIAN_POINT('',(1.04382109491E+03,-82.95810138599,
    114.13824713169));
#1168 = CARTESIAN_POINT('',(1.081784968431E+03,-45.07736477901,
    112.24851565085));
#1169 = CARTESIAN_POINT('',(1.113976947315E+03,-20.8205258106,
    128.46934155019));
#1170 = CARTESIAN_POINT('',(1.132068990368E+03,-11.08964887465,
    113.34731364074));
#1171 = CARTESIAN_POINT('',(1.14083495298E+03,-7.592766007301,
    109.47542111592));
#1172 = CARTESIAN_POINT('',(1.143E+03,-6.795068374898,109.10741407285));
#1173 = CARTESIAN_POINT('',(-1.143E+03,-122.5,65.82296140287));
#1174 = CARTESIAN_POINT('',(-1.140904303015E+03,-122.9939327376,
    65.650081554299));
#1175 = CARTESIAN_POINT('',(-1.132387523415E+03,-125.2167469882,
    64.928124735138));
#1176 = CARTESIAN_POINT('',(-1.113407092995E+03,-132.5809551603,
    63.269865126895));
#1177 = CARTESIAN_POINT('',(-1.084288167588E+03,-149.6343388224,
    61.656278530722));
#1178 = CARTESIAN_POINT('',(-1.041250735977E+03,-164.7661630884,
    62.168926766115));
#1179 = CARTESIAN_POINT('',(-986.1639765364,-169.0256404605,
    60.957146127037));
#1180 = CARTESIAN_POINT('',(-921.0355189723,-177.4576874279,
    59.721529399655));
#1181 = CARTESIAN_POINT('',(-846.7193466215,-194.2969085052,
    58.096805345766));
#1182 = CARTESIAN_POINT('',(-761.92574237,-202.7808783113,
    56.393095550333));
#1183 = CARTESIAN_POINT('',(-669.3010995621,-215.8191522307,
    54.746366713787));
#1184 = CARTESIAN_POINT('',(-569.3999038535,-231.2636539452,
    53.300184633209));
#1185 = CARTESIAN_POINT('',(-463.3061395895,-247.898025874,
    52.14972645654));
#1186 = CARTESIAN_POINT('',(-352.1353432845,-263.7723526307,
    51.355306802688));
#1187 = CARTESIAN_POINT('',(-236.8788375159,-274.8673054351,
    50.921324859898));
#1188 = CARTESIAN_POINT('',(-119.1251789325,-283.4559013019,
    50.815606158388));
#1189 = CARTESIAN_POINT('',(-4.322838209404E-02,-288.4680982479,
    50.853721203173));
#1190 = CARTESIAN_POINT('',(119.08775359988,-288.8654722201,
    50.949492394637));
#1191 = CARTESIAN_POINT('',(236.93160077187,-283.7188116631,
    52.292449929974));
#1192 = CARTESIAN_POINT('',(352.20334401997,-273.5126664304,
    55.020981912664));
#1193 = CARTESIAN_POINT('',(463.47076896361,-257.7163794097,
    59.224679309864));
#1194 = CARTESIAN_POINT('',(569.5321652657,-239.1653961975,
    64.793315302285));
#1195 = CARTESIAN_POINT('',(669.54768243411,-220.6853852623,
    71.527151349628));
#1196 = CARTESIAN_POINT('',(761.80413241364,-202.1867158823,
    79.048782228785));
#1197 = CARTESIAN_POINT('',(850.21461043637,-190.7163252109,
    87.370110695266));
#1198 = CARTESIAN_POINT('',(921.0384205702,-145.9192241296,
    95.048301431816));
#1199 = CARTESIAN_POINT('',(986.65403629662,-113.6684117632,
    101.86752760748));
#1200 = CARTESIAN_POINT('',(1.04382109491E+03,-83.7020288802,
    110.34945921016));
#1201 = CARTESIAN_POINT('',(1.081784968431E+03,-45.62168863677,
    109.47629970167));
#1202 = CARTESIAN_POINT('',(1.113976947315E+03,-21.59091403638,
    124.54579036185));
#1203 = CARTESIAN_POINT('',(1.132068990368E+03,-11.43933590904,
    111.5663739211));
#1204 = CARTESIAN_POINT('',(1.14083495298E+03,-7.815773452433,
    108.33965463732));
#1205 = CARTESIAN_POINT('',(1.143E+03,-7.,108.06370689269));
#1206 = CARTESIAN_POINT('',(-1.143E+03,-122.5,62.739492552699));
#1207 = CARTESIAN_POINT('',(-1.140904303015E+03,-122.9939327348,
    62.566057312221));
#1208 = CARTESIAN_POINT('',(-1.132387523415E+03,-125.2167469924,
    61.844730702351));
#1209 = CARTESIAN_POINT('',(-1.113407092995E+03,-132.5809551575,
    60.197293062133));
#1210 = CARTESIAN_POINT('',(-1.084288167588E+03,-149.6343388236,
    58.488567081633));
#1211 = CARTESIAN_POINT('',(-1.041250735977E+03,-164.766163088,
    58.504245808897));
#1212 = CARTESIAN_POINT('',(-986.1639765364,-169.0256404606,
    56.931493059897));
#1213 = CARTESIAN_POINT('',(-921.0355189723,-177.4576874278,
    55.290524730553));
#1214 = CARTESIAN_POINT('',(-846.7193466215,-194.2969085052,
    53.291478467066));
#1215 = CARTESIAN_POINT('',(-761.92574237,-202.7808783113,
    51.218238245563));
#1216 = CARTESIAN_POINT('',(-669.3010995621,-215.8191522308,
    49.231428658019));
#1217 = CARTESIAN_POINT('',(-569.3999038535,-231.2636539452,
    47.477943652704));
#1218 = CARTESIAN_POINT('',(-463.3061395895,-247.898025874,
    46.062205122949));
#1219 = CARTESIAN_POINT('',(-352.1353432845,-263.7723526307,
    45.051880115451));
#1220 = CARTESIAN_POINT('',(-236.8788375159,-274.8673054351,
    44.458023935412));
#1221 = CARTESIAN_POINT('',(-119.1251789325,-283.4559013019,
    44.254259896412));
#1222 = CARTESIAN_POINT('',(-4.322838209404E-02,-288.4680982479,
    44.259275509698));
#1223 = CARTESIAN_POINT('',(119.08775359988,-288.8654722201,
    44.388111635173));
#1224 = CARTESIAN_POINT('',(236.93160077187,-283.7188116631,
    45.8292081597));
#1225 = CARTESIAN_POINT('',(352.20334401997,-273.5126664304,
    48.717642447289));
#1226 = CARTESIAN_POINT('',(463.47076896361,-257.7163794097,
    53.137577733791));
#1227 = CARTESIAN_POINT('',(569.5321652657,-239.1653961975,
    58.971242946763));
#1228 = CARTESIAN_POINT('',(669.54768243411,-220.6853852623,
    66.013669215661));
#1229 = CARTESIAN_POINT('',(761.80413241364,-202.1867158823,
    73.871558102464));
#1230 = CARTESIAN_POINT('',(850.21461043637,-190.7163252109,
    82.585818521986));
#1231 = CARTESIAN_POINT('',(921.0384205702,-145.9192241297,
    90.602084105073));
#1232 = CARTESIAN_POINT('',(986.65403629662,-113.6684117628,
    97.891907364942));
#1233 = CARTESIAN_POINT('',(1.04382109491E+03,-83.70202888157,
    106.56067231613));
#1234 = CARTESIAN_POINT('',(1.081784968431E+03,-45.62168863288,
    106.70408456485));
#1235 = CARTESIAN_POINT('',(1.113976947315E+03,-21.59091404444,
    120.6222401526));
#1236 = CARTESIAN_POINT('',(1.132068990368E+03,-11.43933589673,
    109.78543484714));
#1237 = CARTESIAN_POINT('',(1.14083495298E+03,-7.815773460382,
    107.20388837139));
#1238 = CARTESIAN_POINT('',(1.143E+03,-7.,107.02));
#1239 = DEFINITIONAL_REPRESENTATION('',(#1240),#1244);
#1240 = LINE('',#1241,#1242);
#1241 = CARTESIAN_POINT('',(8.,0.));
#1242 = VECTOR('',#1243,1.);
#1243 = DIRECTION('',(0.,1.));
#1244 = ( GEOMETRIC_REPRESENTATION_CONTEXT(2) 
PARAMETRIC_REPRESENTATION_CONTEXT() REPRESENTATION_CONTEXT('2D SPACE',''
  ) );
#1245 = ADVANCED_FACE('',(#1246),#484,.T.);
#1246 = FACE_BOUND('',#1247,.T.);
#1247 = EDGE_LOOP('',(#1248,#1285,#1669,#1704));
#1248 = ORIENTED_EDGE('',*,*,#1249,.T.);
#1249 = EDGE_CURVE('',#66,#1250,#1252,.T.);
#1250 = VERTEX_POINT('',#1251);
#1251 = CARTESIAN_POINT('',(-1.143E+03,-104.8330248625,42.));
#1252 = SURFACE_CURVE('',#1253,(#1264,#1271),.PCURVE_S1.);
#1253 = B_SPLINE_CURVE_WITH_KNOTS('',9,(#1254,#1255,#1256,#1257,#1258,
    #1259,#1260,#1261,#1262,#1263),.UNSPECIFIED.,.F.,.F.,(10,10),(1.,2.)
  ,.PIECEWISE_BEZIER_KNOTS.);
#1254 = CARTESIAN_POINT('',(-1.143E+03,-122.5,59.666975137484));
#1255 = CARTESIAN_POINT('',(-1.143E+03,-122.4999999999,56.583506287314)
  );
#1256 = CARTESIAN_POINT('',(-1.143E+03,-121.8945615509,53.500036587874)
  );
#1257 = CARTESIAN_POINT('',(-1.143E+03,-120.6836897497,50.552431834174)
  );
#1258 = CARTESIAN_POINT('',(-1.143E+03,-118.9029372033,47.876533126049)
  );
#1259 = CARTESIAN_POINT('',(-1.143E+03,-116.6234668739,45.597062796696)
  );
#1260 = CARTESIAN_POINT('',(-1.143E+03,-113.9475681658,43.816310250288)
  );
#1261 = CARTESIAN_POINT('',(-1.143E+03,-110.9999634121,42.605438449089)
  );
#1262 = CARTESIAN_POINT('',(-1.143E+03,-107.9164937126,42.));
#1263 = CARTESIAN_POINT('',(-1.143E+03,-104.8330248625,42.));
#1264 = PCURVE('',#484,#1265);
#1265 = DEFINITIONAL_REPRESENTATION('',(#1266),#1270);
#1266 = LINE('',#1267,#1268);
#1267 = CARTESIAN_POINT('',(0.,0.));
#1268 = VECTOR('',#1269,1.);
#1269 = DIRECTION('',(1.,0.));
#1270 = ( GEOMETRIC_REPRESENTATION_CONTEXT(2) 
PARAMETRIC_REPRESENTATION_CONTEXT() REPRESENTATION_CONTEXT('2D SPACE',''
  ) );
#1271 = PCURVE('',#419,#1272);
#1272 = DEFINITIONAL_REPRESENTATION('',(#1273),#1284);
#1273 = B_SPLINE_CURVE_WITH_KNOTS('',9,(#1274,#1275,#1276,#1277,#1278,
    #1279,#1280,#1281,#1282,#1283),.UNSPECIFIED.,.F.,.F.,(10,10),(1.,2.)
  ,.PIECEWISE_BEZIER_KNOTS.);
#1274 = CARTESIAN_POINT('',(3.852906527829E-02,-3.072275830378));
#1275 = CARTESIAN_POINT('',(7.719546047117E-02,-6.155502234627));
#1276 = CARTESIAN_POINT('',(0.721252711195,-9.231137349653));
#1277 = CARTESIAN_POINT('',(1.968991977215,-12.16332612717));
#1278 = CARTESIAN_POINT('',(3.783160013041,-14.8166839744));
#1279 = CARTESIAN_POINT('',(6.091035446048,-17.06739074129));
#1280 = CARTESIAN_POINT('',(8.789054215797,-18.81444776548));
#1281 = CARTESIAN_POINT('',(11.751611419177,-19.98826168585));
#1282 = CARTESIAN_POINT('',(14.842430811056,-20.55498612489));
#1283 = CARTESIAN_POINT('',(17.925657215303,-20.5163197297));
#1284 = ( GEOMETRIC_REPRESENTATION_CONTEXT(2) 
PARAMETRIC_REPRESENTATION_CONTEXT() REPRESENTATION_CONTEXT('2D SPACE',''
  ) );
#1285 = ORIENTED_EDGE('',*,*,#1286,.T.);
#1286 = EDGE_CURVE('',#1250,#1287,#1289,.T.);
#1287 = VERTEX_POINT('',#1288);
#1288 = CARTESIAN_POINT('',(1.143E+03,-1.02,100.));
#1289 = SURFACE_CURVE('',#1290,(#1324,#1331),.PCURVE_S1.);
#1290 = ( BOUNDED_CURVE() B_SPLINE_CURVE(3,(#1291,#1292,#1293,#1294,
    #1295,#1296,#1297,#1298,#1299,#1300,#1301,#1302,#1303,#1304,#1305,
    #1306,#1307,#1308,#1309,#1310,#1311,#1312,#1313,#1314,#1315,#1316,
    #1317,#1318,#1319,#1320,#1321,#1322,#1323),.UNSPECIFIED.,.F.,.F.) 
B_SPLINE_CURVE_WITH_KNOTS((4,1,1,1,1,1,1,1,1,1,1,1,1,1,1,1,1,1,1,1,1,1,1
    ,1,1,1,1,1,1,1,4),(0.,2.746171766758E-03,1.118870024358E-02,
    2.568427470388E-02,4.475633827572E-02,6.800564081826E-02,
    9.590152946084E-02,0.128355449535,0.164550848408,0.204360670546,
    0.247403479125,0.293141649154,0.340973744419,0.390288254891,
    0.440615272158,0.491428867536,0.542208280399,0.592472574445,
    0.641764300614,0.689639726311,0.735545647315,0.778882374264,
    0.819079396185,0.855879581143,0.891348496504,0.922086120951,
    0.948373911541,0.971549368032,0.987555494539,0.997058471654,1.),
.UNSPECIFIED.) CURVE() GEOMETRIC_REPRESENTATION_ITEM() 
RATIONAL_B_SPLINE_CURVE((1.,0.999999999998,1.000000000004,0.999999999998
    ,1.000000000001,1.,1.,1.,1.,1.,1.,1.,1.,1.,1.,1.,1.,1.,1.,1.,1.,1.,
    1.,1.,1.,1.,1.,0.999999999999,1.000000000002,0.999999999997,
1.000000000005,0.999999999997,1.)) REPRESENTATION_ITEM('') );
#1291 = CARTESIAN_POINT('',(-1.143E+03,-104.8330248625,42.));
#1292 = CARTESIAN_POINT('',(-1.140904303013E+03,-105.3237754358,
    41.822829175559));
#1293 = CARTESIAN_POINT('',(-1.132387523417E+03,-107.5502005273,
    41.105741378339));
#1294 = CARTESIAN_POINT('',(-1.113407092993E+03,-114.9764140012,
    39.53109257126));
#1295 = CARTESIAN_POINT('',(-1.084288167589E+03,-131.4846891489,
    37.182456595261));
#1296 = CARTESIAN_POINT('',(-1.041250735977E+03,-143.7690878769,
    33.855505343214));
#1297 = CARTESIAN_POINT('',(-986.1639765365,-145.9603474075,
    29.854844693402));
#1298 = CARTESIAN_POINT('',(-921.0355189722,-152.0699007736,
    25.487470832041));
#1299 = CARTESIAN_POINT('',(-846.7193466215,-166.7644135721,
    20.970723545702));
#1300 = CARTESIAN_POINT('',(-761.9257423699,-173.1311299967,
    16.412011963228));
#1301 = CARTESIAN_POINT('',(-669.3010995621,-184.2208847436,
    12.137810303528));
#1302 = CARTESIAN_POINT('',(-569.3999038535,-197.9046703961,
    8.317397747231));
#1303 = CARTESIAN_POINT('',(-463.3061395895,-213.019097863,
    5.117376588226));
#1304 = CARTESIAN_POINT('',(-352.1353432845,-227.6563780658,
    2.654866495809));
#1305 = CARTESIAN_POINT('',(-236.8788375159,-237.8353189655,
    0.985691992824));
#1306 = CARTESIAN_POINT('',(-119.1251789325,-245.8621564284,
    0.122472436193));
#1307 = CARTESIAN_POINT('',(-4.322838209409E-02,-250.6847076014,
    -9.513959699116E-02));
#1308 = CARTESIAN_POINT('',(119.08775359988,-251.2715296905,
    0.25609214395));
#1309 = CARTESIAN_POINT('',(236.93160077187,-246.6871641222,
    2.357274089902));
#1310 = CARTESIAN_POINT('',(352.20334401997,-237.39719161,6.321215484193
    ));
#1311 = CARTESIAN_POINT('',(463.47076896361,-222.839856432,
    12.195572499125));
#1312 = CARTESIAN_POINT('',(569.53216526571,-205.8073787984,
    19.8118312175));
#1313 = CARTESIAN_POINT('',(669.54768243409,-189.0954595923,
    28.929843429025));
#1314 = CARTESIAN_POINT('',(761.8041324137,-172.5234066801,
    39.049412517657));
#1315 = CARTESIAN_POINT('',(850.21461043616,-163.3043502591,
    50.406543577271));
#1316 = CARTESIAN_POINT('',(921.03842057092,-120.4442753785,
    60.696709488376));
#1317 = CARTESIAN_POINT('',(986.65403629447,-90.88978564615,
    71.151781041026));
#1318 = CARTESIAN_POINT('',(1.043821094916E+03,-61.99387912776,
    81.077192209502));
#1319 = CARTESIAN_POINT('',(1.081784968413E+03,-29.7380656348,
    88.058092238556));
#1320 = CARTESIAN_POINT('',(1.113976947353E+03,0.889372157852,
    94.232339188926));
#1321 = CARTESIAN_POINT('',(1.13206899031E+03,-1.235305779195,
    97.806790444333));
#1322 = CARTESIAN_POINT('',(1.140834953018E+03,-1.30831266474,
    99.564695490559));
#1323 = CARTESIAN_POINT('',(1.143E+03,-1.02,100.));
#1324 = PCURVE('',#484,#1325);
#1325 = DEFINITIONAL_REPRESENTATION('',(#1326),#1330);
#1326 = LINE('',#1327,#1328);
#1327 = CARTESIAN_POINT('',(2.,0.));
#1328 = VECTOR('',#1329,1.);
#1329 = DIRECTION('',(0.,1.));
#1330 = ( GEOMETRIC_REPRESENTATION_CONTEXT(2) 
PARAMETRIC_REPRESENTATION_CONTEXT() REPRESENTATION_CONTEXT('2D SPACE',''
  ) );
#1331 = PCURVE('',#1332,#1663);
#1332 = ( BOUNDED_SURFACE() B_SPLINE_SURFACE(9,3,(
    (#1333,#1334,#1335,#1336,#1337,#1338,#1339,#1340,#1341,#1342,#1343
      ,#1344,#1345,#1346,#1347,#1348,#1349,#1350,#1351,#1352,#1353,#1354
      ,#1355,#1356,#1357,#1358,#1359,#1360,#1361,#1362,#1363,#1364,#1365
      )
    ,(#1366,#1367,#1368,#1369,#1370,#1371,#1372,#1373,#1374,#1375,#1376
      ,#1377,#1378,#1379,#1380,#1381,#1382,#1383,#1384,#1385,#1386,#1387
      ,#1388,#1389,#1390,#1391,#1392,#1393,#1394,#1395,#1396,#1397,#1398
      )
    ,(#1399,#1400,#1401,#1402,#1403,#1404,#1405,#1406,#1407,#1408,#1409
      ,#1410,#1411,#1412,#1413,#1414,#1415,#1416,#1417,#1418,#1419,#1420
      ,#1421,#1422,#1423,#1424,#1425,#1426,#1427,#1428,#1429,#1430,#1431
      )
    ,(#1432,#1433,#1434,#1435,#1436,#1437,#1438,#1439,#1440,#1441,#1442
      ,#1443,#1444,#1445,#1446,#1447,#1448,#1449,#1450,#1451,#1452,#1453
      ,#1454,#1455,#1456,#1457,#1458,#1459,#1460,#1461,#1462,#1463,#1464
      )
    ,(#1465,#1466,#1467,#1468,#1469,#1470,#1471,#1472,#1473,#1474,#1475
      ,#1476,#1477,#1478,#1479,#1480,#1481,#1482,#1483,#1484,#1485,#1486
      ,#1487,#1488,#1489,#1490,#1491,#1492,#1493,#1494,#1495,#1496,#1497
      )
    ,(#1498,#1499,#1500,#1501,#1502,#1503,#1504,#1505,#1506,#1507,#1508
      ,#1509,#1510,#1511,#1512,#1513,#1514,#1515,#1516,#1517,#1518,#1519
      ,#1520,#1521,#1522,#1523,#1524,#1525,#1526,#1527,#1528,#1529,#1530
      )
    ,(#1531,#1532,#1533,#1534,#1535,#1536,#1537,#1538,#1539,#1540,#1541
      ,#1542,#1543,#1544,#1545,#1546,#1547,#1548,#1549,#1550,#1551,#1552
      ,#1553,#1554,#1555,#1556,#1557,#1558,#1559,#1560,#1561,#1562,#1563
      )
    ,(#1564,#1565,#1566,#1567,#1568,#1569,#1570,#1571,#1572,#1573,#1574
      ,#1575,#1576,#1577,#1578,#1579,#1580,#1581,#1582,#1583,#1584,#1585
      ,#1586,#1587,#1588,#1589,#1590,#1591,#1592,#1593,#1594,#1595,#1596
      )
    ,(#1597,#1598,#1599,#1600,#1601,#1602,#1603,#1604,#1605,#1606,#1607
      ,#1608,#1609,#1610,#1611,#1612,#1613,#1614,#1615,#1616,#1617,#1618
      ,#1619,#1620,#1621,#1622,#1623,#1624,#1625,#1626,#1627,#1628,#1629
      )
    ,(#1630,#1631,#1632,#1633,#1634,#1635,#1636,#1637,#1638,#1639,#1640
      ,#1641,#1642,#1643,#1644,#1645,#1646,#1647,#1648,#1649,#1650,#1651
      ,#1652,#1653,#1654,#1655,#1656,#1657,#1658,#1659,#1660,#1661,#1662
)),.UNSPECIFIED.,.F.,.F.,.F.) B_SPLINE_SURFACE_WITH_KNOTS((10,10),(4,1,1
    ,1,1,1,1,1,1,1,1,1,1,1,1,1,1,1,1,1,1,1,1,1,1,1,1,1,1,1,4),(2.,3.),(
    0.,2.746171766758E-03,1.118870024358E-02,2.568427470388E-02,
    4.475633827572E-02,6.800564081826E-02,9.590152946084E-02,
    0.128355449535,0.164550848408,0.204360670546,0.247403479125,
    0.293141649154,0.340973744419,0.390288254891,0.440615272158,
    0.491428867536,0.542208280399,0.592472574445,0.641764300614,
    0.689639726311,0.735545647315,0.778882374264,0.819079396185,
    0.855879581143,0.891348496504,0.922086120951,0.948373911541,
    0.971549368032,0.987555494539,0.997058471654,1.),.UNSPECIFIED.) 
GEOMETRIC_REPRESENTATION_ITEM() RATIONAL_B_SPLINE_SURFACE((
    (1.,0.999999999998,1.000000000004,0.999999999998,1.000000000001,1.
      ,1.,1.,1.,1.,1.,1.,1.,1.,1.,1.,1.,1.,1.,1.,1.,1.,1.,1.,1.,1.,1.
      ,0.999999999999,1.000000000002,0.999999999997,1.000000000005
      ,0.999999999997,1.)
    ,(1.,0.999999999998,1.000000000004,0.999999999998,1.000000000001,1.
      ,1.,1.,1.,1.,1.,1.,1.,1.,1.,1.,1.,1.,1.,1.,1.,1.,1.,1.,1.,1.,1.
      ,0.999999999999,1.000000000002,0.999999999997,1.000000000005
      ,0.999999999997,1.)
    ,(1.,0.999999999998,1.000000000004,0.999999999998,1.000000000001,1.
      ,1.,1.,1.,1.,1.,1.,1.,1.,1.,1.,1.,1.,1.,1.,1.,1.,1.,1.,1.,1.,1.
      ,0.999999999999,1.000000000002,0.999999999997,1.000000000005
      ,0.999999999997,1.)
    ,(1.,0.999999999998,1.000000000004,0.999999999998,1.000000000001,1.
      ,1.,1.,1.,1.,1.,1.,1.,1.,1.,1.,1.,1.,1.,1.,1.,1.,1.,1.,1.,1.,1.
      ,0.999999999999,1.000000000002,0.999999999997,1.000000000005
      ,0.999999999997,1.)
    ,(1.,0.999999999998,1.000000000004,0.999999999998,1.000000000001,1.
      ,1.,1.,1.,1.,1.,1.,1.,1.,1.,1.,1.,1.,1.,1.,1.,1.,1.,1.,1.,1.,1.
      ,0.999999999999,1.000000000002,0.999999999997,1.000000000005
      ,0.999999999997,1.)
    ,(1.,0.999999999998,1.000000000004,0.999999999998,1.000000000001,1.
      ,1.,1.,1.,1.,1.,1.,1.,1.,1.,1.,1.,1.,1.,1.,1.,1.,1.,1.,1.,1.,1.
      ,0.999999999999,1.000000000002,0.999999999997,1.000000000005
      ,0.999999999997,1.)
    ,(1.,0.999999999998,1.000000000004,0.999999999998,1.000000000001,1.
      ,1.,1.,1.,1.,1.,1.,1.,1.,1.,1.,1.,1.,1.,1.,1.,1.,1.,1.,1.,1.,1.
      ,0.999999999999,1.000000000002,0.999999999997,1.000000000005
      ,0.999999999997,1.)
    ,(1.,0.999999999998,1.000000000004,0.999999999998,1.000000000001,1.
      ,1.,1.,1.,1.,1.,1.,1.,1.,1.,1.,1.,1.,1.,1.,1.,1.,1.,1.,1.,1.,1.
      ,0.999999999999,1.000000000002,0.999999999997,1.000000000005
      ,0.999999999997,1.)
    ,(1.,0.999999999998,1.000000000004,0.999999999998,1.000000000001,1.
      ,1.,1.,1.,1.,1.,1.,1.,1.,1.,1.,1.,1.,1.,1.,1.,1.,1.,1.,1.,1.,1.
      ,0.999999999999,1.000000000002,0.999999999997,1.000000000005
      ,0.999999999997,1.)
    ,(1.,0.999999999998,1.000000000004,0.999999999998,1.000000000001,1.
      ,1.,1.,1.,1.,1.,1.,1.,1.,1.,1.,1.,1.,1.,1.,1.,1.,1.,1.,1.,1.,1.
      ,0.999999999999,1.000000000002,0.999999999997,1.000000000005
,0.999999999997,1.))) REPRESENTATION_ITEM('') SURFACE() );
#1333 = CARTESIAN_POINT('',(-1.143E+03,-104.8330248625,42.));
#1334 = CARTESIAN_POINT('',(-1.140904303013E+03,-105.3237754358,
    41.822829175559));
#1335 = CARTESIAN_POINT('',(-1.132387523417E+03,-107.5502005273,
    41.105741378339));
#1336 = CARTESIAN_POINT('',(-1.113407092993E+03,-114.9764140012,
    39.53109257126));
#1337 = CARTESIAN_POINT('',(-1.084288167589E+03,-131.4846891489,
    37.182456595261));
#1338 = CARTESIAN_POINT('',(-1.041250735977E+03,-143.7690878769,
    33.855505343214));
#1339 = CARTESIAN_POINT('',(-986.1639765365,-145.9603474075,
    29.854844693402));
#1340 = CARTESIAN_POINT('',(-921.0355189722,-152.0699007736,
    25.487470832041));
#1341 = CARTESIAN_POINT('',(-846.7193466215,-166.7644135721,
    20.970723545702));
#1342 = CARTESIAN_POINT('',(-761.9257423699,-173.1311299967,
    16.412011963228));
#1343 = CARTESIAN_POINT('',(-669.3010995621,-184.2208847436,
    12.137810303528));
#1344 = CARTESIAN_POINT('',(-569.3999038535,-197.9046703961,
    8.317397747231));
#1345 = CARTESIAN_POINT('',(-463.3061395895,-213.019097863,
    5.117376588226));
#1346 = CARTESIAN_POINT('',(-352.1353432845,-227.6563780658,
    2.654866495809));
#1347 = CARTESIAN_POINT('',(-236.8788375159,-237.8353189655,
    0.985691992824));
#1348 = CARTESIAN_POINT('',(-119.1251789325,-245.8621564284,
    0.122472436193));
#1349 = CARTESIAN_POINT('',(-4.322838209409E-02,-250.6847076014,
    -9.513959699116E-02));
#1350 = CARTESIAN_POINT('',(119.08775359988,-251.2715296905,
    0.25609214395));
#1351 = CARTESIAN_POINT('',(236.93160077187,-246.6871641222,
    2.357274089902));
#1352 = CARTESIAN_POINT('',(352.20334401997,-237.39719161,6.321215484193
    ));
#1353 = CARTESIAN_POINT('',(463.47076896361,-222.839856432,
    12.195572499125));
#1354 = CARTESIAN_POINT('',(569.53216526571,-205.8073787984,
    19.8118312175));
#1355 = CARTESIAN_POINT('',(669.54768243409,-189.0954595923,
    28.929843429025));
#1356 = CARTESIAN_POINT('',(761.8041324137,-172.5234066801,
    39.049412517657));
#1357 = CARTESIAN_POINT('',(850.21461043616,-163.3043502591,
    50.406543577271));
#1358 = CARTESIAN_POINT('',(921.03842057092,-120.4442753785,
    60.696709488376));
#1359 = CARTESIAN_POINT('',(986.65403629447,-90.88978564615,
    71.151781041026));
#1360 = CARTESIAN_POINT('',(1.043821094916E+03,-61.99387912776,
    81.077192209502));
#1361 = CARTESIAN_POINT('',(1.081784968413E+03,-29.7380656348,
    88.058092238556));
#1362 = CARTESIAN_POINT('',(1.113976947353E+03,0.889372157852,
    94.232339188926));
#1363 = CARTESIAN_POINT('',(1.13206899031E+03,-1.235305779195,
    97.806790444333));
#1364 = CARTESIAN_POINT('',(1.140834953018E+03,-1.30831266474,
    99.564695490559));
#1365 = CARTESIAN_POINT('',(1.143E+03,-1.02,100.));
#1366 = CARTESIAN_POINT('',(-1.143E+03,-81.53679711529,42.));
#1367 = CARTESIAN_POINT('',(-1.140904303013E+03,-81.91849200494,
    41.822829175559));
#1368 = CARTESIAN_POINT('',(-1.132387523417E+03,-83.65015596677,
    41.105741378339));
#1369 = CARTESIAN_POINT('',(-1.113407092993E+03,-89.42609977805,
    39.53109257126));
#1370 = CARTESIAN_POINT('',(-1.084288167589E+03,-102.2658693383,
    37.182456595261));
#1371 = CARTESIAN_POINT('',(-1.041250735977E+03,-111.8204016819,
    33.855505343214));
#1372 = CARTESIAN_POINT('',(-986.1639765365,-113.5247146503,
    29.854844693402));
#1373 = CARTESIAN_POINT('',(-921.0355189722,-118.2765894905,
    25.487470832041));
#1374 = CARTESIAN_POINT('',(-846.7193466215,-129.7056550006,
    20.970723545702));
#1375 = CARTESIAN_POINT('',(-761.9257423699,-134.657545553,
    16.412011963228));
#1376 = CARTESIAN_POINT('',(-669.3010995621,-143.2829103561,
    12.137810303528));
#1377 = CARTESIAN_POINT('',(-569.3999038535,-153.9258547525,
    8.317397747231));
#1378 = CARTESIAN_POINT('',(-463.3061395895,-165.6815205601,
    5.117376588226));
#1379 = CARTESIAN_POINT('',(-352.1353432845,-177.066071829,
    2.654866495809));
#1380 = CARTESIAN_POINT('',(-236.8788375159,-184.9830258621,
    0.985691992824));
#1381 = CARTESIAN_POINT('',(-119.1251789325,-191.2261216665,
    0.122472436193));
#1382 = CARTESIAN_POINT('',(-4.322838209409E-02,-194.9769948011,
    -9.513959699116E-02));
#1383 = CARTESIAN_POINT('',(119.08775359988,-195.4334119815,
    0.25609214395));
#1384 = CARTESIAN_POINT('',(236.93160077187,-191.8677943173,
    2.357274089902));
#1385 = CARTESIAN_POINT('',(352.20334401997,-184.6422601411,
    6.321215484193));
#1386 = CARTESIAN_POINT('',(463.47076896361,-173.319888336,
    12.195572499125));
#1387 = CARTESIAN_POINT('',(569.53216526571,-160.0724057321,
    19.8118312175));
#1388 = CARTESIAN_POINT('',(669.54768243409,-147.0742463495,
    28.929843429025));
#1389 = CARTESIAN_POINT('',(761.8041324137,-134.1848718625,
    39.049412517657));
#1390 = CARTESIAN_POINT('',(850.21461043616,-127.0144946452,
    50.406543577271));
#1391 = CARTESIAN_POINT('',(921.03842057092,-93.67888085235,
    60.696709488376));
#1392 = CARTESIAN_POINT('',(986.65403629447,-70.69205549539,
    71.151781041026));
#1393 = CARTESIAN_POINT('',(1.043821094916E+03,-48.2174615653,
    81.077192209502));
#1394 = CARTESIAN_POINT('',(1.081784968413E+03,-23.12960654381,
    88.058092238556));
#1395 = CARTESIAN_POINT('',(1.113976947353E+03,0.691733774101,
    94.232339188926));
#1396 = CARTESIAN_POINT('',(1.13206899031E+03,-0.960793190681,
    97.806790444333));
#1397 = CARTESIAN_POINT('',(1.140834953018E+03,-1.017576641698,
    99.564695490559));
#1398 = CARTESIAN_POINT('',(1.143E+03,-0.793333333333,100.));
#1399 = CARTESIAN_POINT('',(-1.143E+03,-58.24056936806,42.));
#1400 = CARTESIAN_POINT('',(-1.140904303013E+03,-58.51320857599,
    41.822829175559));
#1401 = CARTESIAN_POINT('',(-1.132387523417E+03,-59.75011140332,
    41.105741378339));
#1402 = CARTESIAN_POINT('',(-1.113407092993E+03,-63.87578555675,
    39.53109257126));
#1403 = CARTESIAN_POINT('',(-1.084288167589E+03,-73.04704952696,
    37.182456595261));
#1404 = CARTESIAN_POINT('',(-1.041250735977E+03,-79.87171548726,
    33.855505343214));
#1405 = CARTESIAN_POINT('',(-986.1639765365,-81.08908189307,
    29.854844693402));
#1406 = CARTESIAN_POINT('',(-921.0355189722,-84.48327820757,
    25.487470832041));
#1407 = CARTESIAN_POINT('',(-846.7193466215,-92.64689642899,
    20.970723545702));
#1408 = CARTESIAN_POINT('',(-761.9257423699,-96.18396110931,
    16.412011963228));
#1409 = CARTESIAN_POINT('',(-669.3010995621,-102.3449359686,
    12.137810303528));
#1410 = CARTESIAN_POINT('',(-569.3999038535,-109.9470391089,
    8.317397747231));
#1411 = CARTESIAN_POINT('',(-463.3061395895,-118.3439432572,
    5.117376588226));
#1412 = CARTESIAN_POINT('',(-352.1353432845,-126.4757655921,
    2.654866495809));
#1413 = CARTESIAN_POINT('',(-236.8788375159,-132.1307327586,
    0.985691992824));
#1414 = CARTESIAN_POINT('',(-119.1251789325,-136.5900869046,
    0.122472436193));
#1415 = CARTESIAN_POINT('',(-4.322838209409E-02,-139.2692820008,
    -9.513959699116E-02));
#1416 = CARTESIAN_POINT('',(119.08775359988,-139.5952942725,
    0.25609214395));
#1417 = CARTESIAN_POINT('',(236.93160077187,-137.0484245123,
    2.357274089902));
#1418 = CARTESIAN_POINT('',(352.20334401997,-131.8873286722,
    6.321215484193));
#1419 = CARTESIAN_POINT('',(463.47076896361,-123.79992024,
    12.195572499125));
#1420 = CARTESIAN_POINT('',(569.53216526571,-114.3374326657,
    19.8118312175));
#1421 = CARTESIAN_POINT('',(669.54768243409,-105.0530331069,
    28.929843429025));
#1422 = CARTESIAN_POINT('',(761.8041324137,-95.84633704409,
    39.049412517657));
#1423 = CARTESIAN_POINT('',(850.21461043616,-90.72463903434,
    50.406543577271));
#1424 = CARTESIAN_POINT('',(921.03842057092,-66.91348631633,
    60.696709488376));
#1425 = CARTESIAN_POINT('',(986.65403629447,-50.49432537412,
    71.151781041026));
#1426 = CARTESIAN_POINT('',(1.043821094916E+03,-34.44104391452,
    81.077192209502));
#1427 = CARTESIAN_POINT('',(1.081784968413E+03,-16.52114770366,
    88.058092238556));
#1428 = CARTESIAN_POINT('',(1.113976947353E+03,0.494095910061,
    94.232339188926));
#1429 = CARTESIAN_POINT('',(1.13206899031E+03,-0.686281395962,
    97.806790444333));
#1430 = CARTESIAN_POINT('',(1.140834953018E+03,-0.726840106229,
    99.564695490559));
#1431 = CARTESIAN_POINT('',(1.143E+03,-0.566666666667,100.));
#1432 = CARTESIAN_POINT('',(-1.143E+03,-34.94434162083,42.));
#1433 = CARTESIAN_POINT('',(-1.140904303013E+03,-35.1079251447,
    41.822829175559));
#1434 = CARTESIAN_POINT('',(-1.132387523417E+03,-35.85006684329,
    41.105741378339));
#1435 = CARTESIAN_POINT('',(-1.113407092993E+03,-38.32547133318,
    39.53109257126));
#1436 = CARTESIAN_POINT('',(-1.084288167589E+03,-43.82822971655,
    37.182456595261));
#1437 = CARTESIAN_POINT('',(-1.041250735977E+03,-47.92302929221,
    33.855505343214));
#1438 = CARTESIAN_POINT('',(-986.1639765365,-48.65344913589,
    29.854844693402));
#1439 = CARTESIAN_POINT('',(-921.0355189722,-50.68996692452,
    25.487470832041));
#1440 = CARTESIAN_POINT('',(-846.7193466215,-55.5881378574,
    20.970723545702));
#1441 = CARTESIAN_POINT('',(-761.9257423699,-57.71037666558,
    16.412011963228));
#1442 = CARTESIAN_POINT('',(-669.3010995621,-61.40696158121,
    12.137810303528));
#1443 = CARTESIAN_POINT('',(-569.3999038535,-65.96822346539,
    8.317397747231));
#1444 = CARTESIAN_POINT('',(-463.3061395895,-71.00636595433,
    5.117376588226));
#1445 = CARTESIAN_POINT('',(-352.1353432845,-75.88545935528,
    2.654866495809));
#1446 = CARTESIAN_POINT('',(-236.8788375159,-79.27843965518,
    0.985691992824));
#1447 = CARTESIAN_POINT('',(-119.1251789325,-81.95405214281,
    0.122472436193));
#1448 = CARTESIAN_POINT('',(-4.322838209409E-02,-83.56156920049,
    -9.513959699116E-02));
#1449 = CARTESIAN_POINT('',(119.08775359988,-83.75717656351,
    0.25609214395));
#1450 = CARTESIAN_POINT('',(236.93160077187,-82.22905470741,
    2.357274089902));
#1451 = CARTESIAN_POINT('',(352.20334401997,-79.13239720334,
    6.321215484193));
#1452 = CARTESIAN_POINT('',(463.47076896361,-74.27995214403,
    12.195572499125));
#1453 = CARTESIAN_POINT('',(569.53216526571,-68.60245959946,
    19.8118312175));
#1454 = CARTESIAN_POINT('',(669.54768243409,-63.0318198642,
    28.929843429025));
#1455 = CARTESIAN_POINT('',(761.8041324137,-57.5078022264,
    39.049412517657));
#1456 = CARTESIAN_POINT('',(850.21461043616,-54.43478342077,
    50.406543577271));
#1457 = CARTESIAN_POINT('',(921.03842057092,-40.14809178924,
    60.696709488376));
#1458 = CARTESIAN_POINT('',(986.65403629447,-30.29659522615,
    71.151781041026));
#1459 = CARTESIAN_POINT('',(1.043821094916E+03,-20.66462634368,
    81.077192209502));
#1460 = CARTESIAN_POINT('',(1.081784968413E+03,-9.912688636481,
    88.058092238556));
#1461 = CARTESIAN_POINT('',(1.113976947353E+03,0.296457575626,
    94.232339188926));
#1462 = CARTESIAN_POINT('',(1.13206899031E+03,-0.411768882772,
    97.806790444333));
#1463 = CARTESIAN_POINT('',(1.140834953018E+03,-0.436104034563,
    99.564695490559));
#1464 = CARTESIAN_POINT('',(1.143E+03,-0.34,100.));
#1465 = CARTESIAN_POINT('',(-1.143E+03,-11.64811387361,42.));
#1466 = CARTESIAN_POINT('',(-1.140904303013E+03,-11.70264171497,
    41.822829175559));
#1467 = CARTESIAN_POINT('',(-1.132387523417E+03,-11.95002228099,
    41.105741378339));
#1468 = CARTESIAN_POINT('',(-1.113407092993E+03,-12.77515711113,
    39.53109257126));
#1469 = CARTESIAN_POINT('',(-1.084288167589E+03,-14.60940990548,
    37.182456595261));
#1470 = CARTESIAN_POINT('',(-1.041250735977E+03,-15.97434309741,
    33.855505343214));
#1471 = CARTESIAN_POINT('',(-986.1639765365,-16.21781637862,
    29.854844693402));
#1472 = CARTESIAN_POINT('',(-921.0355189722,-16.89665564151,
    25.487470832041));
#1473 = CARTESIAN_POINT('',(-846.7193466215,-18.5293792858,
    20.970723545702));
#1474 = CARTESIAN_POINT('',(-761.9257423699,-19.23679222186,
    16.412011963228));
#1475 = CARTESIAN_POINT('',(-669.3010995621,-20.46898719373,
    12.137810303528));
#1476 = CARTESIAN_POINT('',(-569.3999038535,-21.98940782179,
    8.317397747231));
#1477 = CARTESIAN_POINT('',(-463.3061395895,-23.66878865144,
    5.117376588226));
#1478 = CARTESIAN_POINT('',(-352.1353432845,-25.29515311842,
    2.654866495809));
#1479 = CARTESIAN_POINT('',(-236.8788375159,-26.42614655172,
    0.985691992824));
#1480 = CARTESIAN_POINT('',(-119.1251789325,-27.31801738093,
    0.122472436193));
#1481 = CARTESIAN_POINT('',(-4.322838209409E-02,-27.85385640016,
    -9.513959699116E-02));
#1482 = CARTESIAN_POINT('',(119.08775359988,-27.9190588545,0.25609214395
    ));
#1483 = CARTESIAN_POINT('',(236.93160077187,-27.40968490247,
    2.357274089902));
#1484 = CARTESIAN_POINT('',(352.20334401997,-26.37746573445,
    6.321215484193));
#1485 = CARTESIAN_POINT('',(463.47076896361,-24.759984048,
    12.195572499125));
#1486 = CARTESIAN_POINT('',(569.53216526571,-22.86748653316,
    19.8118312175));
#1487 = CARTESIAN_POINT('',(669.54768243409,-21.01060662136,
    28.929843429025));
#1488 = CARTESIAN_POINT('',(761.8041324137,-19.16926740893,
    39.049412517657));
#1489 = CARTESIAN_POINT('',(850.21461043616,-18.14492780649,
    50.406543577271));
#1490 = CARTESIAN_POINT('',(921.03842057092,-13.38269726453,
    60.696709488376));
#1491 = CARTESIAN_POINT('',(986.65403629447,-10.09886507102,
    71.151781041026));
#1492 = CARTESIAN_POINT('',(1.043821094916E+03,-6.888208794284,
    81.077192209502));
#1493 = CARTESIAN_POINT('',(1.081784968413E+03,-3.304229508418,
    88.058092238556));
#1494 = CARTESIAN_POINT('',(1.113976947353E+03,9.881911505678E-02,
    94.232339188926));
#1495 = CARTESIAN_POINT('',(1.13206899031E+03,-0.137256176926,
    97.806790444333));
#1496 = CARTESIAN_POINT('',(1.140834953018E+03,-0.145368087263,
    99.564695490559));
#1497 = CARTESIAN_POINT('',(1.143E+03,-0.113333333333,100.));
#1498 = CARTESIAN_POINT('',(-1.143E+03,11.648113873613,42.));
#1499 = CARTESIAN_POINT('',(-1.140904303013E+03,11.702641715019,
    41.822829175559));
#1500 = CARTESIAN_POINT('',(-1.132387523417E+03,11.950022280927,
    41.105741378339));
#1501 = CARTESIAN_POINT('',(-1.113407092993E+03,12.775157111177,
    39.53109257126));
#1502 = CARTESIAN_POINT('',(-1.084288167589E+03,14.609409905468,
    37.182456595261));
#1503 = CARTESIAN_POINT('',(-1.041250735977E+03,15.974343097425,
    33.855505343214));
#1504 = CARTESIAN_POINT('',(-986.1639765365,16.217816378626,
    29.854844693402));
#1505 = CARTESIAN_POINT('',(-921.0355189722,16.896655641511,
    25.487470832041));
#1506 = CARTESIAN_POINT('',(-846.7193466215,18.5293792858,
    20.970723545702));
#1507 = CARTESIAN_POINT('',(-761.9257423699,19.236792221862,
    16.412011963228));
#1508 = CARTESIAN_POINT('',(-669.3010995621,20.468987193738,
    12.137810303528));
#1509 = CARTESIAN_POINT('',(-569.3999038535,21.989407821797,
    8.317397747231));
#1510 = CARTESIAN_POINT('',(-463.3061395895,23.668788651446,
    5.117376588226));
#1511 = CARTESIAN_POINT('',(-352.1353432845,25.295153118429,
    2.654866495809));
#1512 = CARTESIAN_POINT('',(-236.8788375159,26.426146551729,
    0.985691992824));
#1513 = CARTESIAN_POINT('',(-119.1251789325,27.318017380939,
    0.122472436193));
#1514 = CARTESIAN_POINT('',(-4.322838209409E-02,27.853856400164,
    -9.513959699116E-02));
#1515 = CARTESIAN_POINT('',(119.08775359988,27.919058854505,
    0.25609214395));
#1516 = CARTESIAN_POINT('',(236.93160077187,27.409684902472,
    2.357274089902));
#1517 = CARTESIAN_POINT('',(352.20334401997,26.37746573445,
    6.321215484193));
#1518 = CARTESIAN_POINT('',(463.47076896361,24.759984048007,
    12.195572499125));
#1519 = CARTESIAN_POINT('',(569.53216526571,22.867486533166,
    19.8118312175));
#1520 = CARTESIAN_POINT('',(669.54768243409,21.010606621362,
    28.929843429025));
#1521 = CARTESIAN_POINT('',(761.8041324137,19.169267408929,
    39.049412517657));
#1522 = CARTESIAN_POINT('',(850.21461043616,18.144927806501,
    50.406543577271));
#1523 = CARTESIAN_POINT('',(921.03842057092,13.382697264519,
    60.696709488376));
#1524 = CARTESIAN_POINT('',(986.65403629447,10.098865071078,
    71.151781041026));
#1525 = CARTESIAN_POINT('',(1.043821094916E+03,6.888208794123,
    81.077192209502));
#1526 = CARTESIAN_POINT('',(1.081784968413E+03,3.304229508875,
    88.058092238556));
#1527 = CARTESIAN_POINT('',(1.113976947353E+03,-9.881911600515E-02,
    94.232339188926));
#1528 = CARTESIAN_POINT('',(1.13206899031E+03,0.137256178375,
    97.806790444333));
#1529 = CARTESIAN_POINT('',(1.140834953018E+03,0.145368086328,
    99.564695490559));
#1530 = CARTESIAN_POINT('',(1.143E+03,0.113333333333,100.));
#1531 = CARTESIAN_POINT('',(-1.143E+03,34.944341620839,42.));
#1532 = CARTESIAN_POINT('',(-1.140904303013E+03,35.107925144966,
    41.822829175559));
#1533 = CARTESIAN_POINT('',(-1.132387523417E+03,35.850066842918,
    41.105741378339));
#1534 = CARTESIAN_POINT('',(-1.113407092993E+03,38.32547133344,
    39.53109257126));
#1535 = CARTESIAN_POINT('',(-1.084288167589E+03,43.828229716444,
    37.182456595261));
#1536 = CARTESIAN_POINT('',(-1.041250735977E+03,47.92302929226,
    33.855505343214));
#1537 = CARTESIAN_POINT('',(-986.1639765365,48.653449135882,
    29.854844693402));
#1538 = CARTESIAN_POINT('',(-921.0355189722,50.68996692453,
    25.487470832041));
#1539 = CARTESIAN_POINT('',(-846.7193466215,55.5881378574,
    20.970723545702));
#1540 = CARTESIAN_POINT('',(-761.9257423699,57.710376665587,
    16.412011963228));
#1541 = CARTESIAN_POINT('',(-669.3010995621,61.406961581215,
    12.137810303528));
#1542 = CARTESIAN_POINT('',(-569.3999038535,65.968223465391,
    8.317397747231));
#1543 = CARTESIAN_POINT('',(-463.3061395895,71.006365954337,
    5.117376588226));
#1544 = CARTESIAN_POINT('',(-352.1353432845,75.885459355287,
    2.654866495809));
#1545 = CARTESIAN_POINT('',(-236.8788375159,79.278439655186,
    0.985691992824));
#1546 = CARTESIAN_POINT('',(-119.1251789325,81.954052142816,
    0.122472436193));
#1547 = CARTESIAN_POINT('',(-4.322838209409E-02,83.561569200493,
    -9.513959699116E-02));
#1548 = CARTESIAN_POINT('',(119.08775359988,83.757176563514,
    0.25609214395));
#1549 = CARTESIAN_POINT('',(236.93160077187,82.229054707417,
    2.357274089902));
#1550 = CARTESIAN_POINT('',(352.20334401997,79.132397203348,
    6.321215484193));
#1551 = CARTESIAN_POINT('',(463.47076896361,74.279952144027,
    12.195572499125));
#1552 = CARTESIAN_POINT('',(569.53216526571,68.602459599475,
    19.8118312175));
#1553 = CARTESIAN_POINT('',(669.54768243409,63.031819864163,
    28.929843429025));
#1554 = CARTESIAN_POINT('',(761.8041324137,57.507802226532,
    39.049412517657));
#1555 = CARTESIAN_POINT('',(850.21461043616,54.43478342035,
    50.406543577271));
#1556 = CARTESIAN_POINT('',(921.03842057092,40.14809179068,
    60.696709488376));
#1557 = CARTESIAN_POINT('',(986.65403629447,30.296595221845,
    71.151781041026));
#1558 = CARTESIAN_POINT('',(1.043821094916E+03,20.664626356579,
    81.077192209502));
#1559 = CARTESIAN_POINT('',(1.081784968413E+03,9.912688599863,
    88.058092238556));
#1560 = CARTESIAN_POINT('',(1.113976947353E+03,-0.296457499756,
    94.232339188926));
#1561 = CARTESIAN_POINT('',(1.13206899031E+03,0.411768766889,
    97.806790444333));
#1562 = CARTESIAN_POINT('',(1.140834953018E+03,0.43610410937,
    99.564695490559));
#1563 = CARTESIAN_POINT('',(1.143E+03,0.34,100.));
#1564 = CARTESIAN_POINT('',(-1.143E+03,58.240569368064,42.));
#1565 = CARTESIAN_POINT('',(-1.140904303013E+03,58.513208575984,
    41.822829175559));
#1566 = CARTESIAN_POINT('',(-1.132387523417E+03,59.750111403332,
    41.105741378339));
#1567 = CARTESIAN_POINT('',(-1.113407092993E+03,63.87578555675,
    39.53109257126));
#1568 = CARTESIAN_POINT('',(-1.084288167589E+03,73.047049526964,
    37.182456595261));
#1569 = CARTESIAN_POINT('',(-1.041250735977E+03,79.871715487264,
    33.855505343214));
#1570 = CARTESIAN_POINT('',(-986.1639765365,81.089081893079,
    29.854844693402));
#1571 = CARTESIAN_POINT('',(-921.0355189722,84.48327820757,
    25.487470832041));
#1572 = CARTESIAN_POINT('',(-846.7193466215,92.646896428994,
    20.970723545702));
#1573 = CARTESIAN_POINT('',(-761.9257423699,96.183961109314,
    16.412011963228));
#1574 = CARTESIAN_POINT('',(-669.3010995621,102.34493596869,
    12.137810303528));
#1575 = CARTESIAN_POINT('',(-569.3999038535,109.94703910898,
    8.317397747231));
#1576 = CARTESIAN_POINT('',(-463.3061395895,118.34394325722,
    5.117376588226));
#1577 = CARTESIAN_POINT('',(-352.1353432845,126.47576559214,
    2.654866495809));
#1578 = CARTESIAN_POINT('',(-236.8788375159,132.13073275864,
    0.985691992824));
#1579 = CARTESIAN_POINT('',(-119.1251789325,136.59008690469,
    0.122472436193));
#1580 = CARTESIAN_POINT('',(-4.322838209409E-02,139.26928200082,
    -9.513959699116E-02));
#1581 = CARTESIAN_POINT('',(119.08775359988,139.59529427252,
    0.25609214395));
#1582 = CARTESIAN_POINT('',(236.93160077187,137.04842451236,
    2.357274089902));
#1583 = CARTESIAN_POINT('',(352.20334401997,131.88732867224,
    6.321215484193));
#1584 = CARTESIAN_POINT('',(463.47076896361,123.79992024004,
    12.195572499125));
#1585 = CARTESIAN_POINT('',(569.53216526571,114.3374326658,19.8118312175
    ));
#1586 = CARTESIAN_POINT('',(669.54768243409,105.05303310689,
    28.929843429025));
#1587 = CARTESIAN_POINT('',(761.8041324137,95.846337044377,
    39.049412517657));
#1588 = CARTESIAN_POINT('',(850.21461043616,90.724639033394,
    50.406543577271));
#1589 = CARTESIAN_POINT('',(921.03842057092,66.913486319574,
    60.696709488376));
#1590 = CARTESIAN_POINT('',(986.65403629447,50.494325364432,
    71.151781041026));
#1591 = CARTESIAN_POINT('',(1.043821094916E+03,34.441043943536,
    81.077192209502));
#1592 = CARTESIAN_POINT('',(1.081784968413E+03,16.521147621275,
    88.058092238556));
#1593 = CARTESIAN_POINT('',(1.113976947353E+03,-0.494095739353,
    94.232339188926));
#1594 = CARTESIAN_POINT('',(1.13206899031E+03,0.686281135226,
    97.806790444333));
#1595 = CARTESIAN_POINT('',(1.140834953018E+03,0.726840274545,
    99.564695490559));
#1596 = CARTESIAN_POINT('',(1.143E+03,0.566666666667,100.));
#1597 = CARTESIAN_POINT('',(-1.143E+03,81.53679711529,42.));
#1598 = CARTESIAN_POINT('',(-1.140904303013E+03,81.918492006374,
    41.822829175604));
#1599 = CARTESIAN_POINT('',(-1.132387523417E+03,83.650155964669,
    41.105741378273));
#1600 = CARTESIAN_POINT('',(-1.113407092993E+03,89.426099779447,
    39.531092571304));
#1601 = CARTESIAN_POINT('',(-1.084288167589E+03,102.26586933775,
    37.182456595242));
#1602 = CARTESIAN_POINT('',(-1.041250735977E+03,111.82040168216,
    33.855505343221));
#1603 = CARTESIAN_POINT('',(-986.1639765365,113.52471465031,
    29.8548446934));
#1604 = CARTESIAN_POINT('',(-921.0355189722,118.27658949059,
    25.487470832042));
#1605 = CARTESIAN_POINT('',(-846.7193466215,129.70565500059,
    20.970723545702));
#1606 = CARTESIAN_POINT('',(-761.9257423699,134.65754555303,
    16.412011963228));
#1607 = CARTESIAN_POINT('',(-669.3010995621,143.28291035616,
    12.137810303528));
#1608 = CARTESIAN_POINT('',(-569.3999038535,153.92585475257,
    8.317397747231));
#1609 = CARTESIAN_POINT('',(-463.3061395895,165.68152056012,
    5.117376588226));
#1610 = CARTESIAN_POINT('',(-352.1353432845,177.066071829,2.654866495809
    ));
#1611 = CARTESIAN_POINT('',(-236.8788375159,184.9830258621,
    0.985691992824));
#1612 = CARTESIAN_POINT('',(-119.1251789325,191.22612166657,
    0.122472436193));
#1613 = CARTESIAN_POINT('',(-4.322838209409E-02,194.97699480115,
    -9.513959699116E-02));
#1614 = CARTESIAN_POINT('',(119.08775359988,195.43341198153,
    0.25609214395));
#1615 = CARTESIAN_POINT('',(236.93160077187,191.8677943173,
    2.357274089902));
#1616 = CARTESIAN_POINT('',(352.20334401997,184.64226014114,
    6.321215484193));
#1617 = CARTESIAN_POINT('',(463.47076896361,173.31988833607,
    12.195572499125));
#1618 = CARTESIAN_POINT('',(569.53216526571,160.07240573206,
    19.8118312175));
#1619 = CARTESIAN_POINT('',(669.54768243409,147.07424634986,
    28.929843429025));
#1620 = CARTESIAN_POINT('',(761.8041324137,134.18487186141,
    39.049412517657));
#1621 = CARTESIAN_POINT('',(850.21461043616,127.01449464915,
    50.406543577271));
#1622 = CARTESIAN_POINT('',(921.03842057092,93.678880839264,
    60.696709488376));
#1623 = CARTESIAN_POINT('',(986.65403629447,70.692055534575,
    71.151781041026));
#1624 = CARTESIAN_POINT('',(1.043821094916E+03,48.217461447966,
    81.077192209502));
#1625 = CARTESIAN_POINT('',(1.081784968413E+03,23.129606877044,
    88.058092238556));
#1626 = CARTESIAN_POINT('',(1.113976947353E+03,-0.69173446452,
    94.232339188926));
#1627 = CARTESIAN_POINT('',(1.13206899031E+03,0.960794245213,
    97.806790444333));
#1628 = CARTESIAN_POINT('',(1.140834953018E+03,1.017575960955,
    99.564695490559));
#1629 = CARTESIAN_POINT('',(1.143E+03,0.793333333333,100.));
#1630 = CARTESIAN_POINT('',(-1.143E+03,104.83302486251,42.));
#1631 = CARTESIAN_POINT('',(-1.140904303015E+03,105.32377543659,
    41.822829175581));
#1632 = CARTESIAN_POINT('',(-1.132387523415E+03,107.55020052626,
    41.105741378307));
#1633 = CARTESIAN_POINT('',(-1.113407092995E+03,114.97641400197,
    39.531092571282));
#1634 = CARTESIAN_POINT('',(-1.084288167588E+03,131.48468914861,
    37.182456595252));
#1635 = CARTESIAN_POINT('',(-1.041250735977E+03,143.76908787704,
    33.855505343218));
#1636 = CARTESIAN_POINT('',(-986.1639765364,145.96034740755,
    29.854844693401));
#1637 = CARTESIAN_POINT('',(-921.0355189723,152.06990077362,
    25.487470832041));
#1638 = CARTESIAN_POINT('',(-846.7193466215,166.76441357219,
    20.970723545702));
#1639 = CARTESIAN_POINT('',(-761.92574237,173.13112999676,
    16.412011963228));
#1640 = CARTESIAN_POINT('',(-669.3010995621,184.22088474364,
    12.137810303528));
#1641 = CARTESIAN_POINT('',(-569.3999038535,197.90467039617,
    8.317397747231));
#1642 = CARTESIAN_POINT('',(-463.3061395895,213.01909786301,
    5.117376588226));
#1643 = CARTESIAN_POINT('',(-352.1353432845,227.65637806586,
    2.654866495809));
#1644 = CARTESIAN_POINT('',(-236.8788375159,237.83531896556,
    0.985691992824));
#1645 = CARTESIAN_POINT('',(-119.1251789325,245.86215642844,
    0.122472436193));
#1646 = CARTESIAN_POINT('',(-4.322838209404E-02,250.68470760147,
    -9.513959699112E-02));
#1647 = CARTESIAN_POINT('',(119.08775359988,251.27152969054,
    0.25609214395));
#1648 = CARTESIAN_POINT('',(236.93160077187,246.68716412224,
    2.357274089901));
#1649 = CARTESIAN_POINT('',(352.20334401997,237.39719161004,
    6.321215484193));
#1650 = CARTESIAN_POINT('',(463.47076896361,222.83985643207,
    12.195572499124));
#1651 = CARTESIAN_POINT('',(569.5321652657,205.80737879846,
    19.811831217504));
#1652 = CARTESIAN_POINT('',(669.54768243411,189.09545959234,
    28.929843429013));
#1653 = CARTESIAN_POINT('',(761.80413241364,172.52340668008,
    39.049412517697));
#1654 = CARTESIAN_POINT('',(850.21461043637,163.30435025943,
    50.406543577138));
#1655 = CARTESIAN_POINT('',(921.0384205702,120.4442753775,
    60.696709488825));
#1656 = CARTESIAN_POINT('',(986.65403629662,90.889785649173,
    71.151781039681));
#1657 = CARTESIAN_POINT('',(1.04382109491E+03,61.993879118738,
    81.077192213531));
#1658 = CARTESIAN_POINT('',(1.081784968431E+03,29.738065660439,
    88.058092227113));
#1659 = CARTESIAN_POINT('',(1.113976947315E+03,-0.889372210961,
    94.232339212635));
#1660 = CARTESIAN_POINT('',(1.132068990368E+03,1.235305860313,
    97.80679040812));
#1661 = CARTESIAN_POINT('',(1.14083495298E+03,1.308312612375,
    99.564695513937));
#1662 = CARTESIAN_POINT('',(1.143E+03,1.02,100.));
#1663 = DEFINITIONAL_REPRESENTATION('',(#1664),#1668);
#1664 = LINE('',#1665,#1666);
#1665 = CARTESIAN_POINT('',(2.,0.));
#1666 = VECTOR('',#1667,1.);
#1667 = DIRECTION('',(0.,1.));
#1668 = ( GEOMETRIC_REPRESENTATION_CONTEXT(2) 
PARAMETRIC_REPRESENTATION_CONTEXT() REPRESENTATION_CONTEXT('2D SPACE',''
  ) );
#1669 = ORIENTED_EDGE('',*,*,#1670,.F.);
#1670 = EDGE_CURVE('',#439,#1287,#1671,.T.);
#1671 = SURFACE_CURVE('',#1672,(#1683,#1690),.PCURVE_S1.);
#1672 = B_SPLINE_CURVE_WITH_KNOTS('',9,(#1673,#1674,#1675,#1676,#1677,
    #1678,#1679,#1680,#1681,#1682),.UNSPECIFIED.,.F.,.F.,(10,10),(1.,2.)
  ,.PIECEWISE_BEZIER_KNOTS.);
#1673 = CARTESIAN_POINT('',(1.143E+03,-7.,105.98));
#1674 = CARTESIAN_POINT('',(1.143E+03,-7.,104.9362931073));
#1675 = CARTESIAN_POINT('',(1.143E+03,-6.795068374898,103.89258592715));
#1676 = CARTESIAN_POINT('',(1.143E+03,-6.385206849945,102.89486694639));
#1677 = CARTESIAN_POINT('',(1.143E+03,-5.782449437052,101.98911629298));
#1678 = CARTESIAN_POINT('',(1.143E+03,-5.010883707013,101.21755056294));
#1679 = CARTESIAN_POINT('',(1.143E+03,-4.105133053601,100.61479315005));
#1680 = CARTESIAN_POINT('',(1.143E+03,-3.10741407285,100.2049316251));
#1681 = CARTESIAN_POINT('',(1.143E+03,-2.063706892693,100.));
#1682 = CARTESIAN_POINT('',(1.143E+03,-1.02,100.));
#1683 = PCURVE('',#484,#1684);
#1684 = DEFINITIONAL_REPRESENTATION('',(#1685),#1689);
#1685 = LINE('',#1686,#1687);
#1686 = CARTESIAN_POINT('',(0.,1.));
#1687 = VECTOR('',#1688,1.);
#1688 = DIRECTION('',(1.,0.));
#1689 = ( GEOMETRIC_REPRESENTATION_CONTEXT(2) 
PARAMETRIC_REPRESENTATION_CONTEXT() REPRESENTATION_CONTEXT('2D SPACE',''
  ) );
#1690 = PCURVE('',#845,#1691);
#1691 = DEFINITIONAL_REPRESENTATION('',(#1692),#1703);
#1692 = B_SPLINE_CURVE_WITH_KNOTS('',9,(#1693,#1694,#1695,#1696,#1697,
    #1698,#1699,#1700,#1701,#1702),.UNSPECIFIED.,.F.,.F.,(10,10),(1.,2.)
  ,.PIECEWISE_BEZIER_KNOTS.);
#1693 = CARTESIAN_POINT('',(0.15369861638,-1.028579960588));
#1694 = CARTESIAN_POINT('',(0.307945063797,-2.060826109194));
#1695 = CARTESIAN_POINT('',(0.66487286415,-3.062786285156));
#1696 = CARTESIAN_POINT('',(1.217683804594,-3.988977247277));
#1697 = CARTESIAN_POINT('',(1.947680745182,-4.795702238637));
#1698 = CARTESIAN_POINT('',(2.824801546478,-5.444768068484));
#1699 = CARTESIAN_POINT('',(3.809686115482,-5.90704842789));
#1700 = CARTESIAN_POINT('',(4.857021595474,-6.164959316645));
#1701 = CARTESIAN_POINT('',(5.919554285341,-6.213394137197));
#1702 = CARTESIAN_POINT('',(6.951800433948,-6.05914768978));
#1703 = ( GEOMETRIC_REPRESENTATION_CONTEXT(2) 
PARAMETRIC_REPRESENTATION_CONTEXT() REPRESENTATION_CONTEXT('2D SPACE',''
  ) );
#1704 = ORIENTED_EDGE('',*,*,#438,.F.);
#1705 = ADVANCED_FACE('',(#1706),#1332,.T.);
#1706 = FACE_BOUND('',#1707,.T.);
#1707 = EDGE_LOOP('',(#1708,#1745,#2129,#2164));
#1708 = ORIENTED_EDGE('',*,*,#1709,.T.);
#1709 = EDGE_CURVE('',#1250,#1710,#1712,.T.);
#1710 = VERTEX_POINT('',#1711);
#1711 = CARTESIAN_POINT('',(-1.143E+03,104.83302486251,42.));
#1712 = SURFACE_CURVE('',#1713,(#1724,#1731),.PCURVE_S1.);
#1713 = B_SPLINE_CURVE_WITH_KNOTS('',9,(#1714,#1715,#1716,#1717,#1718,
    #1719,#1720,#1721,#1722,#1723),.UNSPECIFIED.,.F.,.F.,(10,10),(2.,3.)
  ,.PIECEWISE_BEZIER_KNOTS.);
#1714 = CARTESIAN_POINT('',(-1.143E+03,-104.8330248625,42.));
#1715 = CARTESIAN_POINT('',(-1.143E+03,-81.53679711529,42.));
#1716 = CARTESIAN_POINT('',(-1.143E+03,-58.24056936806,42.));
#1717 = CARTESIAN_POINT('',(-1.143E+03,-34.94434162083,42.));
#1718 = CARTESIAN_POINT('',(-1.143E+03,-11.64811387361,42.));
#1719 = CARTESIAN_POINT('',(-1.143E+03,11.648113873613,42.));
#1720 = CARTESIAN_POINT('',(-1.143E+03,34.944341620839,42.));
#1721 = CARTESIAN_POINT('',(-1.143E+03,58.240569368064,42.));
#1722 = CARTESIAN_POINT('',(-1.143E+03,81.53679711529,42.));
#1723 = CARTESIAN_POINT('',(-1.143E+03,104.83302486251,42.));
#1724 = PCURVE('',#1332,#1725);
#1725 = DEFINITIONAL_REPRESENTATION('',(#1726),#1730);
#1726 = LINE('',#1727,#1728);
#1727 = CARTESIAN_POINT('',(0.,0.));
#1728 = VECTOR('',#1729,1.);
#1729 = DIRECTION('',(1.,0.));
#1730 = ( GEOMETRIC_REPRESENTATION_CONTEXT(2) 
PARAMETRIC_REPRESENTATION_CONTEXT() REPRESENTATION_CONTEXT('2D SPACE',''
  ) );
#1731 = PCURVE('',#419,#1732);
#1732 = DEFINITIONAL_REPRESENTATION('',(#1733),#1744);
#1733 = B_SPLINE_CURVE_WITH_KNOTS('',9,(#1734,#1735,#1736,#1737,#1738,
    #1739,#1740,#1741,#1742,#1743),.UNSPECIFIED.,.F.,.F.,(10,10),(2.,3.)
  ,.PIECEWISE_BEZIER_KNOTS.);
#1734 = CARTESIAN_POINT('',(17.925657215303,-20.5163197297));
#1735 = CARTESIAN_POINT('',(41.220053234792,-20.22418733196));
#1736 = CARTESIAN_POINT('',(64.514449254282,-19.93205493421));
#1737 = CARTESIAN_POINT('',(87.808845273771,-19.63992253647));
#1738 = CARTESIAN_POINT('',(111.10324129326,-19.34779013873));
#1739 = CARTESIAN_POINT('',(134.39763731275,-19.05565774099));
#1740 = CARTESIAN_POINT('',(157.69203333223,-18.76352534325));
#1741 = CARTESIAN_POINT('',(180.98642935172,-18.4713929455));
#1742 = CARTESIAN_POINT('',(204.28082537121,-18.17926054776));
#1743 = CARTESIAN_POINT('',(227.5752213907,-17.88712815002));
#1744 = ( GEOMETRIC_REPRESENTATION_CONTEXT(2) 
PARAMETRIC_REPRESENTATION_CONTEXT() REPRESENTATION_CONTEXT('2D SPACE',''
  ) );
#1745 = ORIENTED_EDGE('',*,*,#1746,.T.);
#1746 = EDGE_CURVE('',#1710,#1747,#1749,.T.);
#1747 = VERTEX_POINT('',#1748);
#1748 = CARTESIAN_POINT('',(1.143E+03,1.02,100.));
#1749 = SURFACE_CURVE('',#1750,(#1784,#1791),.PCURVE_S1.);
#1750 = ( BOUNDED_CURVE() B_SPLINE_CURVE(3,(#1751,#1752,#1753,#1754,
    #1755,#1756,#1757,#1758,#1759,#1760,#1761,#1762,#1763,#1764,#1765,
    #1766,#1767,#1768,#1769,#1770,#1771,#1772,#1773,#1774,#1775,#1776,
    #1777,#1778,#1779,#1780,#1781,#1782,#1783),.UNSPECIFIED.,.F.,.F.) 
B_SPLINE_CURVE_WITH_KNOTS((4,1,1,1,1,1,1,1,1,1,1,1,1,1,1,1,1,1,1,1,1,1,1
    ,1,1,1,1,1,1,1,4),(0.,2.746171766758E-03,1.118870024358E-02,
    2.568427470388E-02,4.475633827572E-02,6.800564081826E-02,
    9.590152946084E-02,0.128355449535,0.164550848408,0.204360670546,
    0.247403479125,0.293141649154,0.340973744419,0.390288254891,
    0.440615272158,0.491428867536,0.542208280399,0.592472574445,
    0.641764300614,0.689639726311,0.735545647315,0.778882374264,
    0.819079396185,0.855879581143,0.891348496504,0.922086120951,
    0.948373911541,0.971549368032,0.987555494539,0.997058471654,1.),
.UNSPECIFIED.) CURVE() GEOMETRIC_REPRESENTATION_ITEM() 
RATIONAL_B_SPLINE_CURVE((1.,0.999999999998,1.000000000004,0.999999999998
    ,1.000000000001,1.,1.,1.,1.,1.,1.,1.,1.,1.,1.,1.,1.,1.,1.,1.,1.,1.,
    1.,1.,1.,1.,1.,0.999999999999,1.000000000002,0.999999999997,
1.000000000005,0.999999999997,1.)) REPRESENTATION_ITEM('') );
#1751 = CARTESIAN_POINT('',(-1.143E+03,104.83302486251,42.));
#1752 = CARTESIAN_POINT('',(-1.140904303015E+03,105.32377543659,
    41.822829175581));
#1753 = CARTESIAN_POINT('',(-1.132387523415E+03,107.55020052626,
    41.105741378307));
#1754 = CARTESIAN_POINT('',(-1.113407092995E+03,114.97641400197,
    39.531092571282));
#1755 = CARTESIAN_POINT('',(-1.084288167588E+03,131.48468914861,
    37.182456595252));
#1756 = CARTESIAN_POINT('',(-1.041250735977E+03,143.76908787704,
    33.855505343218));
#1757 = CARTESIAN_POINT('',(-986.1639765364,145.96034740755,
    29.854844693401));
#1758 = CARTESIAN_POINT('',(-921.0355189723,152.06990077362,
    25.487470832041));
#1759 = CARTESIAN_POINT('',(-846.7193466215,166.76441357219,
    20.970723545702));
#1760 = CARTESIAN_POINT('',(-761.92574237,173.13112999676,
    16.412011963228));
#1761 = CARTESIAN_POINT('',(-669.3010995621,184.22088474364,
    12.137810303528));
#1762 = CARTESIAN_POINT('',(-569.3999038535,197.90467039617,
    8.317397747231));
#1763 = CARTESIAN_POINT('',(-463.3061395895,213.01909786301,
    5.117376588226));
#1764 = CARTESIAN_POINT('',(-352.1353432845,227.65637806586,
    2.654866495809));
#1765 = CARTESIAN_POINT('',(-236.8788375159,237.83531896556,
    0.985691992824));
#1766 = CARTESIAN_POINT('',(-119.1251789325,245.86215642844,
    0.122472436193));
#1767 = CARTESIAN_POINT('',(-4.322838209404E-02,250.68470760147,
    -9.513959699112E-02));
#1768 = CARTESIAN_POINT('',(119.08775359988,251.27152969054,
    0.25609214395));
#1769 = CARTESIAN_POINT('',(236.93160077187,246.68716412224,
    2.357274089901));
#1770 = CARTESIAN_POINT('',(352.20334401997,237.39719161004,
    6.321215484193));
#1771 = CARTESIAN_POINT('',(463.47076896361,222.83985643207,
    12.195572499124));
#1772 = CARTESIAN_POINT('',(569.5321652657,205.80737879846,
    19.811831217504));
#1773 = CARTESIAN_POINT('',(669.54768243411,189.09545959234,
    28.929843429013));
#1774 = CARTESIAN_POINT('',(761.80413241364,172.52340668008,
    39.049412517697));
#1775 = CARTESIAN_POINT('',(850.21461043637,163.30435025943,
    50.406543577138));
#1776 = CARTESIAN_POINT('',(921.0384205702,120.4442753775,
    60.696709488825));
#1777 = CARTESIAN_POINT('',(986.65403629662,90.889785649173,
    71.151781039681));
#1778 = CARTESIAN_POINT('',(1.04382109491E+03,61.993879118738,
    81.077192213531));
#1779 = CARTESIAN_POINT('',(1.081784968431E+03,29.738065660439,
    88.058092227113));
#1780 = CARTESIAN_POINT('',(1.113976947315E+03,-0.889372210961,
    94.232339212635));
#1781 = CARTESIAN_POINT('',(1.132068990368E+03,1.235305860313,
    97.80679040812));
#1782 = CARTESIAN_POINT('',(1.14083495298E+03,1.308312612375,
    99.564695513937));
#1783 = CARTESIAN_POINT('',(1.143E+03,1.02,100.));
#1784 = PCURVE('',#1332,#1785);
#1785 = DEFINITIONAL_REPRESENTATION('',(#1786),#1790);
#1786 = LINE('',#1787,#1788);
#1787 = CARTESIAN_POINT('',(3.,0.));
#1788 = VECTOR('',#1789,1.);
#1789 = DIRECTION('',(0.,1.));
#1790 = ( GEOMETRIC_REPRESENTATION_CONTEXT(2) 
PARAMETRIC_REPRESENTATION_CONTEXT() REPRESENTATION_CONTEXT('2D SPACE',''
  ) );
#1791 = PCURVE('',#1792,#2123);
#1792 = ( BOUNDED_SURFACE() B_SPLINE_SURFACE(9,3,(
    (#1793,#1794,#1795,#1796,#1797,#1798,#1799,#1800,#1801,#1802,#1803
      ,#1804,#1805,#1806,#1807,#1808,#1809,#1810,#1811,#1812,#1813,#1814
      ,#1815,#1816,#1817,#1818,#1819,#1820,#1821,#1822,#1823,#1824,#1825
      )
    ,(#1826,#1827,#1828,#1829,#1830,#1831,#1832,#1833,#1834,#1835,#1836
      ,#1837,#1838,#1839,#1840,#1841,#1842,#1843,#1844,#1845,#1846,#1847
      ,#1848,#1849,#1850,#1851,#1852,#1853,#1854,#1855,#1856,#1857,#1858
      )
    ,(#1859,#1860,#1861,#1862,#1863,#1864,#1865,#1866,#1867,#1868,#1869
      ,#1870,#1871,#1872,#1873,#1874,#1875,#1876,#1877,#1878,#1879,#1880
      ,#1881,#1882,#1883,#1884,#1885,#1886,#1887,#1888,#1889,#1890,#1891
      )
    ,(#1892,#1893,#1894,#1895,#1896,#1897,#1898,#1899,#1900,#1901,#1902
      ,#1903,#1904,#1905,#1906,#1907,#1908,#1909,#1910,#1911,#1912,#1913
      ,#1914,#1915,#1916,#1917,#1918,#1919,#1920,#1921,#1922,#1923,#1924
      )
    ,(#1925,#1926,#1927,#1928,#1929,#1930,#1931,#1932,#1933,#1934,#1935
      ,#1936,#1937,#1938,#1939,#1940,#1941,#1942,#1943,#1944,#1945,#1946
      ,#1947,#1948,#1949,#1950,#1951,#1952,#1953,#1954,#1955,#1956,#1957
      )
    ,(#1958,#1959,#1960,#1961,#1962,#1963,#1964,#1965,#1966,#1967,#1968
      ,#1969,#1970,#1971,#1972,#1973,#1974,#1975,#1976,#1977,#1978,#1979
      ,#1980,#1981,#1982,#1983,#1984,#1985,#1986,#1987,#1988,#1989,#1990
      )
    ,(#1991,#1992,#1993,#1994,#1995,#1996,#1997,#1998,#1999,#2000,#2001
      ,#2002,#2003,#2004,#2005,#2006,#2007,#2008,#2009,#2010,#2011,#2012
      ,#2013,#2014,#2015,#2016,#2017,#2018,#2019,#2020,#2021,#2022,#2023
      )
    ,(#2024,#2025,#2026,#2027,#2028,#2029,#2030,#2031,#2032,#2033,#2034
      ,#2035,#2036,#2037,#2038,#2039,#2040,#2041,#2042,#2043,#2044,#2045
      ,#2046,#2047,#2048,#2049,#2050,#2051,#2052,#2053,#2054,#2055,#2056
      )
    ,(#2057,#2058,#2059,#2060,#2061,#2062,#2063,#2064,#2065,#2066,#2067
      ,#2068,#2069,#2070,#2071,#2072,#2073,#2074,#2075,#2076,#2077,#2078
      ,#2079,#2080,#2081,#2082,#2083,#2084,#2085,#2086,#2087,#2088,#2089
      )
    ,(#2090,#2091,#2092,#2093,#2094,#2095,#2096,#2097,#2098,#2099,#2100
      ,#2101,#2102,#2103,#2104,#2105,#2106,#2107,#2108,#2109,#2110,#2111
      ,#2112,#2113,#2114,#2115,#2116,#2117,#2118,#2119,#2120,#2121,#2122
)),.UNSPECIFIED.,.F.,.F.,.F.) B_SPLINE_SURFACE_WITH_KNOTS((10,10),(4,1,1
    ,1,1,1,1,1,1,1,1,1,1,1,1,1,1,1,1,1,1,1,1,1,1,1,1,1,1,1,4),(3.,4.),(
    0.,2.746171766758E-03,1.118870024358E-02,2.568427470388E-02,
    4.475633827572E-02,6.800564081826E-02,9.590152946084E-02,
    0.128355449535,0.164550848408,0.204360670546,0.247403479125,
    0.293141649154,0.340973744419,0.390288254891,0.440615272158,
    0.491428867536,0.542208280399,0.592472574445,0.641764300614,
    0.689639726311,0.735545647315,0.778882374264,0.819079396185,
    0.855879581143,0.891348496504,0.922086120951,0.948373911541,
    0.971549368032,0.987555494539,0.997058471654,1.),.UNSPECIFIED.) 
GEOMETRIC_REPRESENTATION_ITEM() RATIONAL_B_SPLINE_SURFACE((
    (1.,0.999999999998,1.000000000004,0.999999999998,1.000000000001,1.
      ,1.,1.,1.,1.,1.,1.,1.,1.,1.,1.,1.,1.,1.,1.,1.,1.,1.,1.,1.,1.,1.
      ,0.999999999999,1.000000000002,0.999999999997,1.000000000005
      ,0.999999999997,1.)
    ,(1.,0.999999999998,1.000000000004,0.999999999998,1.000000000001,1.
      ,1.,1.,1.,1.,1.,1.,1.,1.,1.,1.,1.,1.,1.,1.,1.,1.,1.,1.,1.,1.,1.
      ,0.999999999999,1.000000000002,0.999999999997,1.000000000005
      ,0.999999999997,1.)
    ,(1.,0.999999999998,1.000000000004,0.999999999998,1.000000000001,1.
      ,1.,1.,1.,1.,1.,1.,1.,1.,1.,1.,1.,1.,1.,1.,1.,1.,1.,1.,1.,1.,1.
      ,0.999999999999,1.000000000002,0.999999999997,1.000000000005
      ,0.999999999997,1.)
    ,(1.,0.999999999998,1.000000000004,0.999999999998,1.000000000001,1.
      ,1.,1.,1.,1.,1.,1.,1.,1.,1.,1.,1.,1.,1.,1.,1.,1.,1.,1.,1.,1.,1.
      ,0.999999999999,1.000000000002,0.999999999997,1.000000000005
      ,0.999999999997,1.)
    ,(1.,0.999999999998,1.000000000004,0.999999999998,1.000000000001,1.
      ,1.,1.,1.,1.,1.,1.,1.,1.,1.,1.,1.,1.,1.,1.,1.,1.,1.,1.,1.,1.,1.
      ,0.999999999999,1.000000000002,0.999999999997,1.000000000005
      ,0.999999999997,1.)
    ,(1.,0.999999999998,1.000000000004,0.999999999998,1.000000000001,1.
      ,1.,1.,1.,1.,1.,1.,1.,1.,1.,1.,1.,1.,1.,1.,1.,1.,1.,1.,1.,1.,1.
      ,0.999999999999,1.000000000002,0.999999999997,1.000000000005
      ,0.999999999997,1.)
    ,(1.,0.999999999998,1.000000000004,0.999999999998,1.000000000001,1.
      ,1.,1.,1.,1.,1.,1.,1.,1.,1.,1.,1.,1.,1.,1.,1.,1.,1.,1.,1.,1.,1.
      ,0.999999999999,1.000000000002,0.999999999997,1.000000000005
      ,0.999999999997,1.)
    ,(1.,0.999999999998,1.000000000004,0.999999999998,1.000000000001,1.
      ,1.,1.,1.,1.,1.,1.,1.,1.,1.,1.,1.,1.,1.,1.,1.,1.,1.,1.,1.,1.,1.
      ,0.999999999999,1.000000000002,0.999999999997,1.000000000005
      ,0.999999999997,1.)
    ,(1.,0.999999999998,1.000000000004,0.999999999998,1.000000000001,1.
      ,1.,1.,1.,1.,1.,1.,1.,1.,1.,1.,1.,1.,1.,1.,1.,1.,1.,1.,1.,1.,1.
      ,0.999999999999,1.000000000002,0.999999999997,1.000000000005
      ,0.999999999997,1.)
    ,(1.,0.999999999998,1.000000000004,0.999999999998,1.000000000001,1.
      ,1.,1.,1.,1.,1.,1.,1.,1.,1.,1.,1.,1.,1.,1.,1.,1.,1.,1.,1.,1.,1.
      ,0.999999999999,1.000000000002,0.999999999997,1.000000000005
,0.999999999997,1.))) REPRESENTATION_ITEM('') SURFACE() );
#1793 = CARTESIAN_POINT('',(-1.143E+03,104.83302486251,42.));
#1794 = CARTESIAN_POINT('',(-1.140904303015E+03,105.32377543659,
    41.822829175581));
#1795 = CARTESIAN_POINT('',(-1.132387523415E+03,107.55020052626,
    41.105741378307));
#1796 = CARTESIAN_POINT('',(-1.113407092995E+03,114.97641400197,
    39.531092571282));
#1797 = CARTESIAN_POINT('',(-1.084288167588E+03,131.48468914861,
    37.182456595252));
#1798 = CARTESIAN_POINT('',(-1.041250735977E+03,143.76908787704,
    33.855505343218));
#1799 = CARTESIAN_POINT('',(-986.1639765364,145.96034740755,
    29.854844693401));
#1800 = CARTESIAN_POINT('',(-921.0355189723,152.06990077362,
    25.487470832041));
#1801 = CARTESIAN_POINT('',(-846.7193466215,166.76441357219,
    20.970723545702));
#1802 = CARTESIAN_POINT('',(-761.92574237,173.13112999676,
    16.412011963228));
#1803 = CARTESIAN_POINT('',(-669.3010995621,184.22088474364,
    12.137810303528));
#1804 = CARTESIAN_POINT('',(-569.3999038535,197.90467039617,
    8.317397747231));
#1805 = CARTESIAN_POINT('',(-463.3061395895,213.01909786301,
    5.117376588226));
#1806 = CARTESIAN_POINT('',(-352.1353432845,227.65637806586,
    2.654866495809));
#1807 = CARTESIAN_POINT('',(-236.8788375159,237.83531896556,
    0.985691992824));
#1808 = CARTESIAN_POINT('',(-119.1251789325,245.86215642844,
    0.122472436193));
#1809 = CARTESIAN_POINT('',(-4.322838209404E-02,250.68470760147,
    -9.513959699112E-02));
#1810 = CARTESIAN_POINT('',(119.08775359988,251.27152969054,
    0.25609214395));
#1811 = CARTESIAN_POINT('',(236.93160077187,246.68716412224,
    2.357274089901));
#1812 = CARTESIAN_POINT('',(352.20334401997,237.39719161004,
    6.321215484193));
#1813 = CARTESIAN_POINT('',(463.47076896361,222.83985643207,
    12.195572499124));
#1814 = CARTESIAN_POINT('',(569.5321652657,205.80737879846,
    19.811831217504));
#1815 = CARTESIAN_POINT('',(669.54768243411,189.09545959234,
    28.929843429013));
#1816 = CARTESIAN_POINT('',(761.80413241364,172.52340668008,
    39.049412517697));
#1817 = CARTESIAN_POINT('',(850.21461043637,163.30435025943,
    50.406543577138));
#1818 = CARTESIAN_POINT('',(921.0384205702,120.4442753775,
    60.696709488825));
#1819 = CARTESIAN_POINT('',(986.65403629662,90.889785649173,
    71.151781039681));
#1820 = CARTESIAN_POINT('',(1.04382109491E+03,61.993879118738,
    81.077192213531));
#1821 = CARTESIAN_POINT('',(1.081784968431E+03,29.738065660439,
    88.058092227113));
#1822 = CARTESIAN_POINT('',(1.113976947315E+03,-0.889372210961,
    94.232339212635));
#1823 = CARTESIAN_POINT('',(1.132068990368E+03,1.235305860313,
    97.80679040812));
#1824 = CARTESIAN_POINT('',(1.14083495298E+03,1.308312612375,
    99.564695513937));
#1825 = CARTESIAN_POINT('',(1.143E+03,1.02,100.));
#1826 = CARTESIAN_POINT('',(-1.143E+03,107.91649371268,42.));
#1827 = CARTESIAN_POINT('',(-1.140904303015E+03,108.40779967787,
    41.822829175627));
#1828 = CARTESIAN_POINT('',(-1.132387523415E+03,110.6335945602,
    41.105741378241));
#1829 = CARTESIAN_POINT('',(-1.113407092995E+03,118.04898606596,
    39.531092571326));
#1830 = CARTESIAN_POINT('',(-1.084288167588E+03,134.65240059803,
    37.182456595232));
#1831 = CARTESIAN_POINT('',(-1.041250735977E+03,147.43376883414,
    33.855505343225));
#1832 = CARTESIAN_POINT('',(-986.1639765364,149.98600047473,
    29.854844693399));
#1833 = CARTESIAN_POINT('',(-921.0355189723,156.50090544271,
    25.487470832042));
#1834 = CARTESIAN_POINT('',(-846.7193466215,171.56974045089,
    20.970723545702));
#1835 = CARTESIAN_POINT('',(-761.92574237,178.30598730152,
    16.412011963229));
#1836 = CARTESIAN_POINT('',(-669.3010995621,189.73582279941,
    12.137810303527));
#1837 = CARTESIAN_POINT('',(-569.3999038535,203.72691137667,
    8.317397747232));
#1838 = CARTESIAN_POINT('',(-463.3061395895,219.10661919659,
    5.117376588227));
#1839 = CARTESIAN_POINT('',(-352.1353432845,233.9598047531,
    2.654866495808));
#1840 = CARTESIAN_POINT('',(-236.8788375159,244.29861989004,
    0.985691992823));
#1841 = CARTESIAN_POINT('',(-119.1251789325,252.42350269042,
    0.122472436194));
#1842 = CARTESIAN_POINT('',(-4.322838209404E-02,257.27915329494,
    -9.513959699093E-02));
#1843 = CARTESIAN_POINT('',(119.08775359988,257.83291045,0.256092143951)
  );
#1844 = CARTESIAN_POINT('',(236.93160077187,253.15040589252,
    2.357274089901));
#1845 = CARTESIAN_POINT('',(352.20334401997,243.70053107542,
    6.321215484193));
#1846 = CARTESIAN_POINT('',(463.47076896361,228.92695800815,
    12.195572499124));
#1847 = CARTESIAN_POINT('',(569.5321652657,211.62945115396,
    19.811831217502));
#1848 = CARTESIAN_POINT('',(669.54768243411,194.60894172636,
    28.929843429021));
#1849 = CARTESIAN_POINT('',(761.80413241364,177.70063080624,
    39.049412517667));
#1850 = CARTESIAN_POINT('',(850.21461043637,168.08864243322,
    50.40654357724));
#1851 = CARTESIAN_POINT('',(921.0384205702,124.89049270252,
    60.696709488479));
#1852 = CARTESIAN_POINT('',(986.65403629662,94.865405896881,
    71.151781040717));
#1853 = CARTESIAN_POINT('',(1.04382109491E+03,65.782665997296,
    81.077192210429));
#1854 = CARTESIAN_POINT('',(1.081784968431E+03,32.510280841199,
    88.058092235925));
#1855 = CARTESIAN_POINT('',(1.113976947315E+03,3.034177907243,
    94.232339194379));
#1856 = CARTESIAN_POINT('',(1.132068990368E+03,3.016245073337,
    97.806790436004));
#1857 = CARTESIAN_POINT('',(1.14083495298E+03,2.444078788543,
    99.564695495936));
#1858 = CARTESIAN_POINT('',(1.143E+03,2.063706892693,100.));
#1859 = CARTESIAN_POINT('',(-1.143E+03,110.99996341212,42.60543844909));
#1860 = CARTESIAN_POINT('',(-1.140904303015E+03,111.49182476924,
    42.428376675849));
#1861 = CARTESIAN_POINT('',(-1.132387523415E+03,113.71698944244,
    41.711165136876));
#1862 = CARTESIAN_POINT('',(-1.113407092995E+03,121.12155897688,
    40.134391439006));
#1863 = CARTESIAN_POINT('',(-1.084288167588E+03,137.82011291948,
    37.804436060399));
#1864 = CARTESIAN_POINT('',(-1.041250735977E+03,151.09845080164,
    34.575064666159));
#1865 = CARTESIAN_POINT('',(-986.1639765364,154.01165464588,
    30.645280807153));
#1866 = CARTESIAN_POINT('',(-921.0355189723,160.93191135539,
    26.357497674071));
#1867 = CARTESIAN_POINT('',(-846.7193466215,176.37506854649,
    21.914248343721));
#1868 = CARTESIAN_POINT('',(-761.92574237,183.48084649732,
    17.428094553693));
#1869 = CARTESIAN_POINT('',(-669.3010995621,195.25076038326,
    13.220665220128));
#1870 = CARTESIAN_POINT('',(-569.3999038535,209.54915260346,
    9.46059216089));
#1871 = CARTESIAN_POINT('',(-463.3061395895,225.19414057046,
    6.312658463372));
#1872 = CARTESIAN_POINT('',(-352.1353432845,240.26323154391,
    3.892541344834));
#1873 = CARTESIAN_POINT('',(-236.8788375159,250.76192090345,
    2.254758055427));
#1874 = CARTESIAN_POINT('',(-119.1251789325,258.9848490475,
    1.410789659007));
#1875 = CARTESIAN_POINT('',(-4.322838209404E-02,263.87359908243,
    1.199676681864));
#1876 = CARTESIAN_POINT('',(119.08775359988,264.39429130454,
    1.544416140313));
#1877 = CARTESIAN_POINT('',(236.93160077187,259.61364775177,
    3.626328537665));
#1878 = CARTESIAN_POINT('',(352.20334401997,250.00387064417,
    7.558873207039));
#1879 = CARTESIAN_POINT('',(463.47076896361,235.01405962504,
    13.390771955696));
#1880 = CARTESIAN_POINT('',(569.5321652657,217.45152375442,
    20.954992520305));
#1881 = CARTESIAN_POINT('',(669.54768243411,200.12242339053,
    30.012412478372));
#1882 = CARTESIAN_POINT('',(761.80413241364,182.87785682708,
    40.065959835386));
#1883 = CARTESIAN_POINT('',(850.21461043637,172.87293580617,
    51.345938205545));
#1884 = CARTESIAN_POINT('',(921.0384205702,129.33671128562,
    61.569723335654));
#1885 = CARTESIAN_POINT('',(986.65403629662,98.841027212628,
    71.932393219557));
#1886 = CARTESIAN_POINT('',(1.04382109491E+03,69.571453984591,
    81.821119706843));
#1887 = CARTESIAN_POINT('',(1.081784968431E+03,35.282496603626,
    88.602416087421));
#1888 = CARTESIAN_POINT('',(1.113976947315E+03,6.957729482519,
    95.002727433144));
#1889 = CARTESIAN_POINT('',(1.132068990368E+03,4.797184201976,
    98.156477450567));
#1890 = CARTESIAN_POINT('',(1.14083495298E+03,3.579845648652,
    99.787702953867));
#1891 = CARTESIAN_POINT('',(1.143E+03,3.10741407285,100.2049316251));
#1892 = CARTESIAN_POINT('',(-1.143E+03,113.94756816582,43.816310250288)
  );
#1893 = CARTESIAN_POINT('',(-1.140904303015E+03,114.4399604435,
    43.639466578444));
#1894 = CARTESIAN_POINT('',(-1.132387523415E+03,116.6645226748,
    42.922007557231));
#1895 = CARTESIAN_POINT('',(-1.113407092995E+03,124.05874708062,
    41.340984095279));
#1896 = CARTESIAN_POINT('',(-1.084288167588E+03,140.84824836741,
    39.048389755689));
#1897 = CARTESIAN_POINT('',(-1.041250735977E+03,154.6016582349,
    36.014177247755));
#1898 = CARTESIAN_POINT('',(-986.1639765364,157.85992902952,
    32.226146412983));
#1899 = CARTESIAN_POINT('',(-921.0355189723,165.16767656464,
    28.097543874809));
#1900 = CARTESIAN_POINT('',(-846.7193466215,180.96866317506,
    23.801290727635));
#1901 = CARTESIAN_POINT('',(-761.92574237,188.42768648738,
    19.460247987048));
#1902 = CARTESIAN_POINT('',(-669.3010995621,200.52270838609,
    15.386379588657));
#1903 = CARTESIAN_POINT('',(-569.3999038535,215.11486004321,
    11.746980671371));
#1904 = CARTESIAN_POINT('',(-463.3061395895,231.0134409108,
    8.703223372079));
#1905 = CARTESIAN_POINT('',(-352.1353432845,246.28892397705,
    6.367891817819));
#1906 = CARTESIAN_POINT('',(-236.8788375159,256.94044346515,
    4.792891093839));
#1907 = CARTESIAN_POINT('',(-119.1251789325,265.25709696489,
    3.987424998601));
#1908 = CARTESIAN_POINT('',(-4.322838209404E-02,270.17748805072,
    3.789310149134));
#1909 = CARTESIAN_POINT('',(119.08775359988,270.66657219953,
    4.12106502712));
#1910 = CARTESIAN_POINT('',(236.93160077187,265.79211376535,
    6.164438345963));
#1911 = CARTESIAN_POINT('',(352.20334401997,256.0294796995,
    10.034189429075));
#1912 = CARTESIAN_POINT('',(463.47076896361,240.83295869992,
    15.781172022997));
#1913 = CARTESIAN_POINT('',(569.5321652657,223.01707000567,
    23.24131481877));
#1914 = CARTESIAN_POINT('',(669.54768243411,205.39297960981,
    32.177555096453));
#1915 = CARTESIAN_POINT('',(761.80413241364,187.82695933917,
    42.09904270307));
#1916 = CARTESIAN_POINT('',(850.21461043637,177.44642261342,
    53.22472035256));
#1917 = CARTESIAN_POINT('',(921.0384205702,133.58701882489,
    63.315743498689));
#1918 = CARTESIAN_POINT('',(986.65403629662,102.64147335851,
    73.493611047063));
#1919 = CARTESIAN_POINT('',(1.04382109491E+03,73.193298890537,
    83.308968418873));
#1920 = CARTESIAN_POINT('',(1.081784968431E+03,37.932562405903,
    89.691059236286));
#1921 = CARTESIAN_POINT('',(1.113976947315E+03,10.708399290703,
    96.543497369119));
#1922 = CARTESIAN_POINT('',(1.132068990368E+03,6.49965222525,
    98.855848620925));
#1923 = CARTESIAN_POINT('',(1.14083495298E+03,4.665567121612,
    100.23371593735));
#1924 = CARTESIAN_POINT('',(1.143E+03,4.105133053601,100.61479315005));
#1925 = CARTESIAN_POINT('',(-1.143E+03,116.62346687395,45.597062796696)
  );
#1926 = CARTESIAN_POINT('',(-1.140904303015E+03,117.11634113215,
    45.420539872881));
#1927 = CARTESIAN_POINT('',(-1.132387523415E+03,119.3403564551,
    44.702716894906));
#1928 = CARTESIAN_POINT('',(-1.113407092995E+03,126.72518933072,
    43.115443574516));
#1929 = CARTESIAN_POINT('',(-1.084288167588E+03,143.59725456162,
    40.877793747457));
#1930 = CARTESIAN_POINT('',(-1.041250735977E+03,157.78194496621,
    38.130589086231));
#1931 = CARTESIAN_POINT('',(-986.1639765364,161.35347484025,
    34.551025353172));
#1932 = CARTESIAN_POINT('',(-921.0355189723,169.01299526616,
    30.656520143566));
#1933 = CARTESIAN_POINT('',(-846.7193466215,185.13882512231,
    26.576442664958));
#1934 = CARTESIAN_POINT('',(-761.92574237,192.91854079326,
    22.448815784129));
#1935 = CARTESIAN_POINT('',(-669.3010995621,205.30866555428,
    18.571323134797));
#1936 = CARTESIAN_POINT('',(-569.3999038535,220.16750789966,
    15.109403356215));
#1937 = CARTESIAN_POINT('',(-463.3061395895,236.29630161143,
    12.21884671076));
#1938 = CARTESIAN_POINT('',(-352.1353432845,251.759151897,
    10.008203990737));
#1939 = CARTESIAN_POINT('',(-236.8788375159,262.54941296043,
    8.525532565189));
#1940 = CARTESIAN_POINT('',(-119.1251789325,270.95115202993,
    7.776688996327));
#1941 = CARTESIAN_POINT('',(-4.322838209404E-02,275.90026738446,
    7.597689487744));
#1942 = CARTESIAN_POINT('',(119.08775359988,276.36065720191,
    7.910348947429));
#1943 = CARTESIAN_POINT('',(236.93160077187,271.40103192617,
    9.897045655643));
#1944 = CARTESIAN_POINT('',(352.20334401997,261.49963192456,
    13.674451228003));
#1945 = CARTESIAN_POINT('',(463.47076896361,246.11545513368,
    19.296552952722));
#1946 = CARTESIAN_POINT('',(569.5321652657,228.06957151126,
    26.60364010528));
#1947 = CARTESIAN_POINT('',(669.54768243411,210.17767332725,
    35.361657853169));
#1948 = CARTESIAN_POINT('',(761.80413241364,192.31986764779,
    45.088977402812));
#1949 = CARTESIAN_POINT('',(850.21461043637,181.59833009751,
    55.987724305529));
#1950 = CARTESIAN_POINT('',(921.0384205702,137.44553942541,
    65.883505355691));
#1951 = CARTESIAN_POINT('',(986.65403629662,106.0915996215,
    75.789595218786));
#1952 = CARTESIAN_POINT('',(1.04382109491E+03,76.481287374817,
    85.49705343373));
#1953 = CARTESIAN_POINT('',(1.081784968431E+03,40.33834856535,
    91.292057753937));
#1954 = CARTESIAN_POINT('',(1.113976947315E+03,14.113338302417,
    98.809410394699));
#1955 = CARTESIAN_POINT('',(1.132068990368E+03,8.045188153555,
    99.884369300894));
#1956 = CARTESIAN_POINT('',(1.14083495298E+03,5.651208964442,
    100.88963917517));
#1957 = CARTESIAN_POINT('',(1.143E+03,5.010883707013,101.21755056294));
#1958 = CARTESIAN_POINT('',(-1.143E+03,118.9029372033,47.876533126049));
#1959 = CARTESIAN_POINT('',(-1.140904303015E+03,119.39622203902,
    47.700420778909));
#1960 = CARTESIAN_POINT('',(-1.132387523415E+03,121.61977147361,
    46.982131914659));
#1961 = CARTESIAN_POINT('',(-1.113407092995E+03,128.9966041558,
    45.38685839877));
#1962 = CARTESIAN_POINT('',(-1.084288167588E+03,145.93900167078,
    43.219540856976));
#1963 = CARTESIAN_POINT('',(-1.041250735977E+03,160.49107934524,
    40.839723465131));
#1964 = CARTESIAN_POINT('',(-986.1639765364,164.32945980082,
    37.527010313786));
#1965 = CARTESIAN_POINT('',(-921.0355189723,172.28863811635,
    33.932162993739));
#1966 = CARTESIAN_POINT('',(-846.7193466215,188.69118938596,
    30.128806928606));
#1967 = CARTESIAN_POINT('',(-761.92574237,196.74407449042,
    26.274349481325));
#1968 = CARTESIAN_POINT('',(-669.3010995621,209.38563939962,
    22.648296979963));
#1969 = CARTESIAN_POINT('',(-569.3999038535,224.47164833626,
    19.413543792868));
#1970 = CARTESIAN_POINT('',(-463.3061395895,240.79655575148,
    16.719100850917));
#1971 = CARTESIAN_POINT('',(-352.1353432845,256.41901513588,
    14.66806722948));
#1972 = CARTESIAN_POINT('',(-236.8788375159,267.32746486282,
    13.303584467544));
#1973 = CARTESIAN_POINT('',(-119.1251789325,275.80168474181,
    12.627221708237));
#1974 = CARTESIAN_POINT('',(-4.322838209404E-02,280.77526916308,
    12.47269126657));
#1975 = CARTESIAN_POINT('',(119.08775359988,281.21121541662,
    12.760907162127));
#1976 = CARTESIAN_POINT('',(236.93160077187,276.17904009749,
    14.675053826872));
#1977 = CARTESIAN_POINT('',(352.20334401997,266.1594306867,
    18.334249990055));
#1978 = CARTESIAN_POINT('',(463.47076896361,250.61539895622,
    23.79649677508));
#1979 = CARTESIAN_POINT('',(569.5321652657,232.37358730963,
    30.907655903869));
#1980 = CARTESIAN_POINT('',(669.54768243411,214.25357083825,
    39.437555363871));
#1981 = CARTESIAN_POINT('',(761.80413241364,196.14715099727,
    48.916260752634));
#1982 = CARTESIAN_POINT('',(850.21461043637,185.13514448242,
    59.524538689475));
#1983 = CARTESIAN_POINT('',(921.0384205702,140.73242826342,
    69.170394196919));
#1984 = CARTESIAN_POINT('',(986.65403629662,109.0305975822,
    78.728593169851));
#1985 = CARTESIAN_POINT('',(1.04382109491E+03,79.282167665847,
    88.297933753614));
#1986 = CARTESIAN_POINT('',(1.081784968431E+03,42.387723093361,
    93.341432200016));
#1987 = CARTESIAN_POINT('',(1.113976947315E+03,17.013842888702,
    101.70991515074));
#1988 = CARTESIAN_POINT('',(1.132068990368E+03,9.361756963759,
    101.20093785181));
#1989 = CARTESIAN_POINT('',(1.14083495298E+03,6.490829825096,
    101.7292602032));
#1990 = CARTESIAN_POINT('',(1.143E+03,5.782449437052,101.98911629298));
#1991 = CARTESIAN_POINT('',(-1.143E+03,120.6836897497,50.552431834174));
#1992 = CARTESIAN_POINT('',(-1.140904303015E+03,121.17729533577,
    50.376801467916));
#1993 = CARTESIAN_POINT('',(-1.132387523415E+03,123.40048080786,
    49.657965694416));
#1994 = CARTESIAN_POINT('',(-1.113407092995E+03,130.7710636373,
    48.053300649221));
#1995 = CARTESIAN_POINT('',(-1.084288167588E+03,147.76840566155,
    45.968547051023));
#1996 = CARTESIAN_POINT('',(-1.041250735977E+03,162.60749118408,
    44.020010196495));
#1997 = CARTESIAN_POINT('',(-986.1639765364,166.65433874088,
    41.0205561245));
#1998 = CARTESIAN_POINT('',(-921.0355189723,174.84761438514,
    37.777481695262));
#1999 = CARTESIAN_POINT('',(-846.7193466215,191.46634132326,
    34.298968875852));
#2000 = CARTESIAN_POINT('',(-761.92574237,199.73264228753,
    30.765203787168));
#2001 = CARTESIAN_POINT('',(-669.3010995621,212.57058294561,
    27.434254148294));
#2002 = CARTESIAN_POINT('',(-569.3999038535,227.83407102115,
    24.466191649274));
#2003 = CARTESIAN_POINT('',(-463.3061395895,244.31217909025,
    22.001961551452));
#2004 = CARTESIAN_POINT('',(-352.1353432845,260.05932730868,
    20.138295149538));
#2005 = CARTESIAN_POINT('',(-236.8788375159,271.06010633414,
    18.912553962852));
#2006 = CARTESIAN_POINT('',(-119.1251789325,279.59094873957,
    18.321276773264));
#2007 = CARTESIAN_POINT('',(-4.322838209404E-02,284.58364850185,
    18.19547060012));
#2008 = CARTESIAN_POINT('',(119.08775359988,285.00049933693,
    18.454992164527));
#2009 = CARTESIAN_POINT('',(236.93160077187,279.91164740709,
    20.283971987753));
#2010 = CARTESIAN_POINT('',(352.20334401997,269.79969248555,
    23.804402215186));
#2011 = CARTESIAN_POINT('',(463.47076896361,254.1307798858,
    29.078993208996));
#2012 = CARTESIAN_POINT('',(569.5321652657,235.73591259629,
    35.960157409253));
#2013 = CARTESIAN_POINT('',(669.54768243411,217.43767359483,
    44.222249081618));
#2014 = CARTESIAN_POINT('',(761.80413241364,199.13708569689,
    53.40916906076));
#2015 = CARTESIAN_POINT('',(850.21461043637,187.89814843587,
    63.676446175032));
#2016 = CARTESIAN_POINT('',(921.0384205702,143.3001901187,73.02891479247
    ));
#2017 = CARTESIAN_POINT('',(986.65403629662,111.32658175903,
    82.17871944769));
#2018 = CARTESIAN_POINT('',(1.04382109491E+03,81.47025266539,
    91.585922193404));
#2019 = CARTESIAN_POINT('',(1.081784968431E+03,43.988721654495,
    95.747218485794));
#2020 = CARTESIAN_POINT('',(1.113976947315E+03,19.279755824186,
    105.1148539007));
#2021 = CARTESIAN_POINT('',(1.132068990368E+03,10.390277781338,
    102.74647417991));
#2022 = CARTESIAN_POINT('',(1.14083495298E+03,7.146752974075,
    102.71490178795));
#2023 = CARTESIAN_POINT('',(1.143E+03,6.385206849945,102.89486694639));
#2024 = CARTESIAN_POINT('',(-1.143E+03,121.89456155091,53.500036587874)
  );
#2025 = CARTESIAN_POINT('',(-1.140904303015E+03,122.38838523725,
    53.324937142542));
#2026 = CARTESIAN_POINT('',(-1.132387523415E+03,124.61132322987,
    52.605498926247));
#2027 = CARTESIAN_POINT('',(-1.113407092995E+03,131.97765629249,
    50.990488753319));
#2028 = CARTESIAN_POINT('',(-1.084288167588E+03,149.01235935732,
    48.996682498808));
#2029 = CARTESIAN_POINT('',(-1.041250735977E+03,164.04660376551,
    47.523217629818));
#2030 = CARTESIAN_POINT('',(-986.1639765364,168.23520434677,
    44.868830508123));
#2031 = CARTESIAN_POINT('',(-921.0355189723,176.58766058587,
    42.013246904522));
#2032 = CARTESIAN_POINT('',(-846.7193466215,193.35338370719,
    38.892563504425));
#2033 = CARTESIAN_POINT('',(-761.92574237,201.76479572087,
    35.712043777254));
#2034 = CARTESIAN_POINT('',(-669.3010995621,214.73629731423,
    32.706202151041));
#2035 = CARTESIAN_POINT('',(-569.3999038535,230.12045953161,
    30.03189908905));
#2036 = CARTESIAN_POINT('',(-463.3061395895,246.70274399891,
    27.821261891853));
#2037 = CARTESIAN_POINT('',(-352.1353432845,262.53467778174,
    26.16398758262));
#2038 = CARTESIAN_POINT('',(-236.8788375159,273.59823937257,
    25.091076524536));
#2039 = CARTESIAN_POINT('',(-119.1251789325,282.16758407914,
    24.59352469066));
#2040 = CARTESIAN_POINT('',(-4.322838209404E-02,287.17328196903,
    24.499359568533));
#2041 = CARTESIAN_POINT('',(119.08775359988,287.57714822373,
    24.7272730595));
#2042 = CARTESIAN_POINT('',(236.93160077187,282.44975721544,
    26.462438001304));
#2043 = CARTESIAN_POINT('',(352.20334401997,272.27500870763,
    29.830011270477));
#2044 = CARTESIAN_POINT('',(463.47076896361,256.52117995319,
    34.897892283775));
#2045 = CARTESIAN_POINT('',(569.5321652657,238.02223489467,
    41.525703660679));
#2046 = CARTESIAN_POINT('',(669.54768243411,219.60281621299,
    49.492805300545));
#2047 = CARTESIAN_POINT('',(761.80413241364,201.17016856466,
    58.358271573697));
#2048 = CARTESIAN_POINT('',(850.21461043637,189.77693058261,
    68.249932979566));
#2049 = CARTESIAN_POINT('',(921.0384205702,145.04621028274,
    77.279222340947));
#2050 = CARTESIAN_POINT('',(986.65403629662,112.88779958359,
    85.97916556603));
#2051 = CARTESIAN_POINT('',(1.04382109491E+03,82.95810138628,
    95.207767181878));
#2052 = CARTESIAN_POINT('',(1.081784968431E+03,45.077364778216,
    98.397284053716));
#2053 = CARTESIAN_POINT('',(1.113976947315E+03,20.820525812263,
    108.86552419445));
#2054 = CARTESIAN_POINT('',(1.132068990368E+03,11.089648872118,
    104.44894146153));
#2055 = CARTESIAN_POINT('',(1.14083495298E+03,7.592766008937,
    103.80062373967));
#2056 = CARTESIAN_POINT('',(1.143E+03,6.795068374898,103.89258592715));
#2057 = CARTESIAN_POINT('',(-1.143E+03,122.49999999999,56.583506287314)
  );
#2058 = CARTESIAN_POINT('',(-1.140904303015E+03,122.99393273838,
    56.408962234247));
#2059 = CARTESIAN_POINT('',(-1.132387523415E+03,125.21674698717,
    55.688893807977));
#2060 = CARTESIAN_POINT('',(-1.113407092995E+03,132.58095516105,
    54.063061664574));
#2061 = CARTESIAN_POINT('',(-1.084288167588E+03,149.6343388221,
    52.164394820104));
#2062 = CARTESIAN_POINT('',(-1.041250735977E+03,164.76616308858,
    51.187899597373));
#2063 = CARTESIAN_POINT('',(-986.1639765364,169.02564046048,
    48.894484679249));
#2064 = CARTESIAN_POINT('',(-921.0355189723,177.45768742791,
    46.444252817211));
#2065 = CARTESIAN_POINT('',(-846.7193466215,194.2969085052,
    43.69789160002));
#2066 = CARTESIAN_POINT('',(-761.92574237,202.78087831134,
    40.886902973038));
#2067 = CARTESIAN_POINT('',(-669.3010995621,215.81915223079,
    38.22113973492));
#2068 = CARTESIAN_POINT('',(-569.3999038535,231.26365394528,
    35.854140315831));
#2069 = CARTESIAN_POINT('',(-463.3061395895,247.89802587407,
    33.908783265695));
#2070 = CARTESIAN_POINT('',(-352.1353432845,263.77235263073,
    32.467414373453));
#2071 = CARTESIAN_POINT('',(-236.8788375159,274.86730543516,
    31.554377537949));
#2072 = CARTESIAN_POINT('',(-119.1251789325,283.45590130196,
    31.154871047736));
#2073 = CARTESIAN_POINT('',(-4.322838209404E-02,288.46809824792,
    31.093805355972));
#2074 = CARTESIAN_POINT('',(119.08775359988,288.8654722201,
    31.288653914047));
#2075 = CARTESIAN_POINT('',(236.93160077187,283.71881166318,
    32.925679860567));
#2076 = CARTESIAN_POINT('',(352.20334401997,273.51266643046,
    36.133350839236));
#2077 = CARTESIAN_POINT('',(463.47076896361,257.71637940972,
    40.984993900721));
#2078 = CARTESIAN_POINT('',(569.5321652657,239.16539619751,
    47.347776261013));
#2079 = CARTESIAN_POINT('',(669.54768243411,220.68538526231,
    55.006286965041));
#2080 = CARTESIAN_POINT('',(761.80413241364,202.18671588234,
    63.535497593587));
#2081 = CARTESIAN_POINT('',(850.21461043637,190.716325211,
    73.034226355633));
#2082 = CARTESIAN_POINT('',(921.0384205702,145.91922412958,
    81.725440913479));
#2083 = CARTESIAN_POINT('',(986.65403629662,113.66841176339,
    89.954786913421));
#2084 = CARTESIAN_POINT('',(1.04382109491E+03,83.702028879799,
    98.996555074397));
#2085 = CARTESIAN_POINT('',(1.081784968431E+03,45.621688637921,
    101.16950008528));
#2086 = CARTESIAN_POINT('',(1.113976947315E+03,21.590914034016,
    112.78907521208));
#2087 = CARTESIAN_POINT('',(1.132068990368E+03,11.439335912663,
    106.22988144191));
#2088 = CARTESIAN_POINT('',(1.14083495298E+03,7.815773450096,
    104.93639004995));
#2089 = CARTESIAN_POINT('',(1.143E+03,7.,104.9362931073));
#2090 = CARTESIAN_POINT('',(-1.143E+03,122.5,59.666975137484));
#2091 = CARTESIAN_POINT('',(-1.140904303013E+03,122.99393273551,
    59.492986476946));
#2092 = CARTESIAN_POINT('',(-1.132387523417E+03,125.21674699139,
    58.77228783985));
#2093 = CARTESIAN_POINT('',(-1.113407092993E+03,132.58095515825,
    57.135633729943));
#2094 = CARTESIAN_POINT('',(-1.084288167589E+03,149.63433882332,
    55.332106268928));
#2095 = CARTESIAN_POINT('',(-1.041250735977E+03,164.76616308813,
    54.852580554688));
#2096 = CARTESIAN_POINT('',(-986.1639765365,169.02564046064,
    52.920137746354));
#2097 = CARTESIAN_POINT('',(-921.0355189722,177.45768742786,
    50.875257486325));
#2098 = CARTESIAN_POINT('',(-846.7193466215,194.29690850522,
    48.503218478717));
#2099 = CARTESIAN_POINT('',(-761.9257423699,202.78087831134,
    46.061760277809));
#2100 = CARTESIAN_POINT('',(-669.3010995621,215.8191522308,
    43.736077790687));
#2101 = CARTESIAN_POINT('',(-569.3999038535,231.26365394527,
    41.676381296337));
#2102 = CARTESIAN_POINT('',(-463.3061395895,247.89802587407,
    39.996304599287));
#2103 = CARTESIAN_POINT('',(-352.1353432845,263.77235263074,
    38.770841060689));
#2104 = CARTESIAN_POINT('',(-236.8788375159,274.86730543517,
    38.017678462436));
#2105 = CARTESIAN_POINT('',(-119.1251789325,283.45590130196,
    37.716217309713));
#2106 = CARTESIAN_POINT('',(-4.322838209409E-02,288.46809824791,
    37.688251049448));
#2107 = CARTESIAN_POINT('',(119.08775359988,288.8654722201,
    37.85003467351));
#2108 = CARTESIAN_POINT('',(236.93160077187,283.71881166318,
    39.388921630843));
#2109 = CARTESIAN_POINT('',(352.20334401997,273.51266643046,
    42.436690304604));
#2110 = CARTESIAN_POINT('',(463.47076896361,257.71637940973,
    47.07209547682));
#2111 = CARTESIAN_POINT('',(569.53216526571,239.1653961975,
    53.169848616444));
#2112 = CARTESIAN_POINT('',(669.54768243409,220.68538526231,
    60.519769099318));
#2113 = CARTESIAN_POINT('',(761.8041324137,202.18671588238,
    68.71272171888));
#2114 = CARTESIAN_POINT('',(850.21461043616,190.7163252109,
    77.818518532346));
#2115 = CARTESIAN_POINT('',(921.03842057092,145.91922412994,
    86.171658228574));
#2116 = CARTESIAN_POINT('',(986.65403629447,113.66841176232,
    93.93040719084));
#2117 = CARTESIAN_POINT('',(1.043821094916E+03,83.702028883024,
    102.78534186398));
#2118 = CARTESIAN_POINT('',(1.081784968413E+03,45.621688628767,
    103.94171551871));
#2119 = CARTESIAN_POINT('',(1.113976947353E+03,21.590914052984,
    116.71262480678));
#2120 = CARTESIAN_POINT('',(1.13206899031E+03,11.439335883693,
    108.01082145452));
#2121 = CARTESIAN_POINT('',(1.140834953018E+03,7.815773468797,
    106.07215570995));
#2122 = CARTESIAN_POINT('',(1.143E+03,7.,105.98));
#2123 = DEFINITIONAL_REPRESENTATION('',(#2124),#2128);
#2124 = LINE('',#2125,#2126);
#2125 = CARTESIAN_POINT('',(3.,0.));
#2126 = VECTOR('',#2127,1.);
#2127 = DIRECTION('',(0.,1.));
#2128 = ( GEOMETRIC_REPRESENTATION_CONTEXT(2) 
PARAMETRIC_REPRESENTATION_CONTEXT() REPRESENTATION_CONTEXT('2D SPACE',''
  ) );
#2129 = ORIENTED_EDGE('',*,*,#2130,.F.);
#2130 = EDGE_CURVE('',#1287,#1747,#2131,.T.);
#2131 = SURFACE_CURVE('',#2132,(#2143,#2150),.PCURVE_S1.);
#2132 = B_SPLINE_CURVE_WITH_KNOTS('',9,(#2133,#2134,#2135,#2136,#2137,
    #2138,#2139,#2140,#2141,#2142),.UNSPECIFIED.,.F.,.F.,(10,10),(2.,3.)
  ,.PIECEWISE_BEZIER_KNOTS.);
#2133 = CARTESIAN_POINT('',(1.143E+03,-1.02,100.));
#2134 = CARTESIAN_POINT('',(1.143E+03,-0.793333333333,100.));
#2135 = CARTESIAN_POINT('',(1.143E+03,-0.566666666667,100.));
#2136 = CARTESIAN_POINT('',(1.143E+03,-0.34,100.));
#2137 = CARTESIAN_POINT('',(1.143E+03,-0.113333333333,100.));
#2138 = CARTESIAN_POINT('',(1.143E+03,0.113333333333,100.));
#2139 = CARTESIAN_POINT('',(1.143E+03,0.34,100.));
#2140 = CARTESIAN_POINT('',(1.143E+03,0.566666666667,100.));
#2141 = CARTESIAN_POINT('',(1.143E+03,0.793333333333,100.));
#2142 = CARTESIAN_POINT('',(1.143E+03,1.02,100.));
#2143 = PCURVE('',#1332,#2144);
#2144 = DEFINITIONAL_REPRESENTATION('',(#2145),#2149);
#2145 = LINE('',#2146,#2147);
#2146 = CARTESIAN_POINT('',(0.,1.));
#2147 = VECTOR('',#2148,1.);
#2148 = DIRECTION('',(1.,0.));
#2149 = ( GEOMETRIC_REPRESENTATION_CONTEXT(2) 
PARAMETRIC_REPRESENTATION_CONTEXT() REPRESENTATION_CONTEXT('2D SPACE',''
  ) );
#2150 = PCURVE('',#845,#2151);
#2151 = DEFINITIONAL_REPRESENTATION('',(#2152),#2163);
#2152 = B_SPLINE_CURVE_WITH_KNOTS('',9,(#2153,#2154,#2155,#2156,#2157,
    #2158,#2159,#2160,#2161,#2162),.UNSPECIFIED.,.F.,.F.,(10,10),(2.,3.)
  ,.PIECEWISE_BEZIER_KNOTS.);
#2153 = CARTESIAN_POINT('',(6.951800433948,-6.05914768978));
#2154 = CARTESIAN_POINT('',(7.175978117665,-6.025649273389));
#2155 = CARTESIAN_POINT('',(7.400155801383,-5.992150856999));
#2156 = CARTESIAN_POINT('',(7.624333485101,-5.958652440608));
#2157 = CARTESIAN_POINT('',(7.848511168819,-5.925154024218));
#2158 = CARTESIAN_POINT('',(8.072688852537,-5.891655607827));
#2159 = CARTESIAN_POINT('',(8.296866536255,-5.858157191436));
#2160 = CARTESIAN_POINT('',(8.521044219973,-5.824658775046));
#2161 = CARTESIAN_POINT('',(8.74522190369,-5.791160358655));
#2162 = CARTESIAN_POINT('',(8.969399587408,-5.757661942265));
#2163 = ( GEOMETRIC_REPRESENTATION_CONTEXT(2) 
PARAMETRIC_REPRESENTATION_CONTEXT() REPRESENTATION_CONTEXT('2D SPACE',''
  ) );
#2164 = ORIENTED_EDGE('',*,*,#1286,.F.);
#2165 = ADVANCED_FACE('',(#2166),#1792,.T.);
#2166 = FACE_BOUND('',#2167,.T.);
#2167 = EDGE_LOOP('',(#2168,#2205,#2589,#2624));
#2168 = ORIENTED_EDGE('',*,*,#2169,.T.);
#2169 = EDGE_CURVE('',#1710,#2170,#2172,.T.);
#2170 = VERTEX_POINT('',#2171);
#2171 = CARTESIAN_POINT('',(-1.143E+03,122.5,59.666975137484));
#2172 = SURFACE_CURVE('',#2173,(#2184,#2191),.PCURVE_S1.);
#2173 = B_SPLINE_CURVE_WITH_KNOTS('',9,(#2174,#2175,#2176,#2177,#2178,
    #2179,#2180,#2181,#2182,#2183),.UNSPECIFIED.,.F.,.F.,(10,10),(3.,4.)
  ,.PIECEWISE_BEZIER_KNOTS.);
#2174 = CARTESIAN_POINT('',(-1.143E+03,104.83302486251,42.));
#2175 = CARTESIAN_POINT('',(-1.143E+03,107.91649371268,42.));
#2176 = CARTESIAN_POINT('',(-1.143E+03,110.99996341212,42.60543844909));
#2177 = CARTESIAN_POINT('',(-1.143E+03,113.94756816582,43.816310250288)
  );
#2178 = CARTESIAN_POINT('',(-1.143E+03,116.62346687395,45.597062796696)
  );
#2179 = CARTESIAN_POINT('',(-1.143E+03,118.9029372033,47.876533126049));
#2180 = CARTESIAN_POINT('',(-1.143E+03,120.6836897497,50.552431834174));
#2181 = CARTESIAN_POINT('',(-1.143E+03,121.89456155091,53.500036587874)
  );
#2182 = CARTESIAN_POINT('',(-1.143E+03,122.49999999999,56.583506287314)
  );
#2183 = CARTESIAN_POINT('',(-1.143E+03,122.5,59.666975137484));
#2184 = PCURVE('',#1792,#2185);
#2185 = DEFINITIONAL_REPRESENTATION('',(#2186),#2190);
#2186 = LINE('',#2187,#2188);
#2187 = CARTESIAN_POINT('',(0.,0.));
#2188 = VECTOR('',#2189,1.);
#2189 = DIRECTION('',(1.,0.));
#2190 = ( GEOMETRIC_REPRESENTATION_CONTEXT(2) 
PARAMETRIC_REPRESENTATION_CONTEXT() REPRESENTATION_CONTEXT('2D SPACE',''
  ) );
#2191 = PCURVE('',#419,#2192);
#2192 = DEFINITIONAL_REPRESENTATION('',(#2193),#2204);
#2193 = B_SPLINE_CURVE_WITH_KNOTS('',9,(#2194,#2195,#2196,#2197,#2198,
    #2199,#2200,#2201,#2202,#2203),.UNSPECIFIED.,.F.,.F.,(10,10),(3.,4.)
  ,.PIECEWISE_BEZIER_KNOTS.);
#2194 = CARTESIAN_POINT('',(227.5752213907,-17.88712815002));
#2195 = CARTESIAN_POINT('',(230.65844779495,-17.84846175483));
#2196 = CARTESIAN_POINT('',(233.73408290998,-17.2044045041));
#2197 = CARTESIAN_POINT('',(236.66627168749,-15.95666523809));
#2198 = CARTESIAN_POINT('',(239.31962953473,-14.14249720226));
#2199 = CARTESIAN_POINT('',(241.57033630162,-11.83462176925));
#2200 = CARTESIAN_POINT('',(243.31739332581,-9.136602999509));
#2201 = CARTESIAN_POINT('',(244.49120724618,-6.174045796123));
#2202 = CARTESIAN_POINT('',(245.05793168522,-3.083226404249));
#2203 = CARTESIAN_POINT('',(245.01926529003,-7.564328305223E-17));
#2204 = ( GEOMETRIC_REPRESENTATION_CONTEXT(2) 
PARAMETRIC_REPRESENTATION_CONTEXT() REPRESENTATION_CONTEXT('2D SPACE',''
  ) );
#2205 = ORIENTED_EDGE('',*,*,#2206,.T.);
#2206 = EDGE_CURVE('',#2170,#2207,#2209,.T.);
#2207 = VERTEX_POINT('',#2208);
#2208 = CARTESIAN_POINT('',(1.143E+03,7.,105.98));
#2209 = SURFACE_CURVE('',#2210,(#2244,#2251),.PCURVE_S1.);
#2210 = ( BOUNDED_CURVE() B_SPLINE_CURVE(3,(#2211,#2212,#2213,#2214,
    #2215,#2216,#2217,#2218,#2219,#2220,#2221,#2222,#2223,#2224,#2225,
    #2226,#2227,#2228,#2229,#2230,#2231,#2232,#2233,#2234,#2235,#2236,
    #2237,#2238,#2239,#2240,#2241,#2242,#2243),.UNSPECIFIED.,.F.,.F.) 
B_SPLINE_CURVE_WITH_KNOTS((4,1,1,1,1,1,1,1,1,1,1,1,1,1,1,1,1,1,1,1,1,1,1
    ,1,1,1,1,1,1,1,4),(0.,2.746171766758E-03,1.118870024358E-02,
    2.568427470388E-02,4.475633827572E-02,6.800564081826E-02,
    9.590152946084E-02,0.128355449535,0.164550848408,0.204360670546,
    0.247403479125,0.293141649154,0.340973744419,0.390288254891,
    0.440615272158,0.491428867536,0.542208280399,0.592472574445,
    0.641764300614,0.689639726311,0.735545647315,0.778882374264,
    0.819079396185,0.855879581143,0.891348496504,0.922086120951,
    0.948373911541,0.971549368032,0.987555494539,0.997058471654,1.),
.UNSPECIFIED.) CURVE() GEOMETRIC_REPRESENTATION_ITEM() 
RATIONAL_B_SPLINE_CURVE((1.,0.999999999998,1.000000000004,0.999999999998
    ,1.000000000001,1.,1.,1.,1.,1.,1.,1.,1.,1.,1.,1.,1.,1.,1.,1.,1.,1.,
    1.,1.,1.,1.,1.,0.999999999999,1.000000000002,0.999999999997,
1.000000000005,0.999999999997,1.)) REPRESENTATION_ITEM('') );
#2211 = CARTESIAN_POINT('',(-1.143E+03,122.5,59.666975137484));
#2212 = CARTESIAN_POINT('',(-1.140904303013E+03,122.99393273551,
    59.492986476946));
#2213 = CARTESIAN_POINT('',(-1.132387523417E+03,125.21674699139,
    58.77228783985));
#2214 = CARTESIAN_POINT('',(-1.113407092993E+03,132.58095515825,
    57.135633729943));
#2215 = CARTESIAN_POINT('',(-1.084288167589E+03,149.63433882332,
    55.332106268928));
#2216 = CARTESIAN_POINT('',(-1.041250735977E+03,164.76616308813,
    54.852580554688));
#2217 = CARTESIAN_POINT('',(-986.1639765365,169.02564046064,
    52.920137746354));
#2218 = CARTESIAN_POINT('',(-921.0355189722,177.45768742786,
    50.875257486325));
#2219 = CARTESIAN_POINT('',(-846.7193466215,194.29690850522,
    48.503218478717));
#2220 = CARTESIAN_POINT('',(-761.9257423699,202.78087831134,
    46.061760277809));
#2221 = CARTESIAN_POINT('',(-669.3010995621,215.8191522308,
    43.736077790687));
#2222 = CARTESIAN_POINT('',(-569.3999038535,231.26365394527,
    41.676381296337));
#2223 = CARTESIAN_POINT('',(-463.3061395895,247.89802587407,
    39.996304599287));
#2224 = CARTESIAN_POINT('',(-352.1353432845,263.77235263074,
    38.770841060689));
#2225 = CARTESIAN_POINT('',(-236.8788375159,274.86730543517,
    38.017678462436));
#2226 = CARTESIAN_POINT('',(-119.1251789325,283.45590130196,
    37.716217309713));
#2227 = CARTESIAN_POINT('',(-4.322838209409E-02,288.46809824791,
    37.688251049448));
#2228 = CARTESIAN_POINT('',(119.08775359988,288.8654722201,
    37.85003467351));
#2229 = CARTESIAN_POINT('',(236.93160077187,283.71881166318,
    39.388921630843));
#2230 = CARTESIAN_POINT('',(352.20334401997,273.51266643046,
    42.436690304604));
#2231 = CARTESIAN_POINT('',(463.47076896361,257.71637940973,
    47.07209547682));
#2232 = CARTESIAN_POINT('',(569.53216526571,239.1653961975,
    53.169848616444));
#2233 = CARTESIAN_POINT('',(669.54768243409,220.68538526231,
    60.519769099318));
#2234 = CARTESIAN_POINT('',(761.8041324137,202.18671588238,
    68.71272171888));
#2235 = CARTESIAN_POINT('',(850.21461043616,190.7163252109,
    77.818518532346));
#2236 = CARTESIAN_POINT('',(921.03842057092,145.91922412994,
    86.171658228574));
#2237 = CARTESIAN_POINT('',(986.65403629447,113.66841176232,
    93.93040719084));
#2238 = CARTESIAN_POINT('',(1.043821094916E+03,83.702028883024,
    102.78534186398));
#2239 = CARTESIAN_POINT('',(1.081784968413E+03,45.621688628767,
    103.94171551871));
#2240 = CARTESIAN_POINT('',(1.113976947353E+03,21.590914052984,
    116.71262480678));
#2241 = CARTESIAN_POINT('',(1.13206899031E+03,11.439335883693,
    108.01082145452));
#2242 = CARTESIAN_POINT('',(1.140834953018E+03,7.815773468797,
    106.07215570995));
#2243 = CARTESIAN_POINT('',(1.143E+03,7.,105.98));
#2244 = PCURVE('',#1792,#2245);
#2245 = DEFINITIONAL_REPRESENTATION('',(#2246),#2250);
#2246 = LINE('',#2247,#2248);
#2247 = CARTESIAN_POINT('',(4.,0.));
#2248 = VECTOR('',#2249,1.);
#2249 = DIRECTION('',(0.,1.));
#2250 = ( GEOMETRIC_REPRESENTATION_CONTEXT(2) 
PARAMETRIC_REPRESENTATION_CONTEXT() REPRESENTATION_CONTEXT('2D SPACE',''
  ) );
#2251 = PCURVE('',#2252,#2583);
#2252 = ( BOUNDED_SURFACE() B_SPLINE_SURFACE(9,3,(
    (#2253,#2254,#2255,#2256,#2257,#2258,#2259,#2260,#2261,#2262,#2263
      ,#2264,#2265,#2266,#2267,#2268,#2269,#2270,#2271,#2272,#2273,#2274
      ,#2275,#2276,#2277,#2278,#2279,#2280,#2281,#2282,#2283,#2284,#2285
      )
    ,(#2286,#2287,#2288,#2289,#2290,#2291,#2292,#2293,#2294,#2295,#2296
      ,#2297,#2298,#2299,#2300,#2301,#2302,#2303,#2304,#2305,#2306,#2307
      ,#2308,#2309,#2310,#2311,#2312,#2313,#2314,#2315,#2316,#2317,#2318
      )
    ,(#2319,#2320,#2321,#2322,#2323,#2324,#2325,#2326,#2327,#2328,#2329
      ,#2330,#2331,#2332,#2333,#2334,#2335,#2336,#2337,#2338,#2339,#2340
      ,#2341,#2342,#2343,#2344,#2345,#2346,#2347,#2348,#2349,#2350,#2351
      )
    ,(#2352,#2353,#2354,#2355,#2356,#2357,#2358,#2359,#2360,#2361,#2362
      ,#2363,#2364,#2365,#2366,#2367,#2368,#2369,#2370,#2371,#2372,#2373
      ,#2374,#2375,#2376,#2377,#2378,#2379,#2380,#2381,#2382,#2383,#2384
      )
    ,(#2385,#2386,#2387,#2388,#2389,#2390,#2391,#2392,#2393,#2394,#2395
      ,#2396,#2397,#2398,#2399,#2400,#2401,#2402,#2403,#2404,#2405,#2406
      ,#2407,#2408,#2409,#2410,#2411,#2412,#2413,#2414,#2415,#2416,#2417
      )
    ,(#2418,#2419,#2420,#2421,#2422,#2423,#2424,#2425,#2426,#2427,#2428
      ,#2429,#2430,#2431,#2432,#2433,#2434,#2435,#2436,#2437,#2438,#2439
      ,#2440,#2441,#2442,#2443,#2444,#2445,#2446,#2447,#2448,#2449,#2450
      )
    ,(#2451,#2452,#2453,#2454,#2455,#2456,#2457,#2458,#2459,#2460,#2461
      ,#2462,#2463,#2464,#2465,#2466,#2467,#2468,#2469,#2470,#2471,#2472
      ,#2473,#2474,#2475,#2476,#2477,#2478,#2479,#2480,#2481,#2482,#2483
      )
    ,(#2484,#2485,#2486,#2487,#2488,#2489,#2490,#2491,#2492,#2493,#2494
      ,#2495,#2496,#2497,#2498,#2499,#2500,#2501,#2502,#2503,#2504,#2505
      ,#2506,#2507,#2508,#2509,#2510,#2511,#2512,#2513,#2514,#2515,#2516
      )
    ,(#2517,#2518,#2519,#2520,#2521,#2522,#2523,#2524,#2525,#2526,#2527
      ,#2528,#2529,#2530,#2531,#2532,#2533,#2534,#2535,#2536,#2537,#2538
      ,#2539,#2540,#2541,#2542,#2543,#2544,#2545,#2546,#2547,#2548,#2549
      )
    ,(#2550,#2551,#2552,#2553,#2554,#2555,#2556,#2557,#2558,#2559,#2560
      ,#2561,#2562,#2563,#2564,#2565,#2566,#2567,#2568,#2569,#2570,#2571
      ,#2572,#2573,#2574,#2575,#2576,#2577,#2578,#2579,#2580,#2581,#2582
)),.UNSPECIFIED.,.F.,.F.,.F.) B_SPLINE_SURFACE_WITH_KNOTS((10,10),(4,1,1
    ,1,1,1,1,1,1,1,1,1,1,1,1,1,1,1,1,1,1,1,1,1,1,1,1,1,1,1,4),(4.,5.),(
    0.,2.746171766758E-03,1.118870024358E-02,2.568427470388E-02,
    4.475633827572E-02,6.800564081826E-02,9.590152946084E-02,
    0.128355449535,0.164550848408,0.204360670546,0.247403479125,
    0.293141649154,0.340973744419,0.390288254891,0.440615272158,
    0.491428867536,0.542208280399,0.592472574445,0.641764300614,
    0.689639726311,0.735545647315,0.778882374264,0.819079396185,
    0.855879581143,0.891348496504,0.922086120951,0.948373911541,
    0.971549368032,0.987555494539,0.997058471654,1.),.UNSPECIFIED.) 
GEOMETRIC_REPRESENTATION_ITEM() RATIONAL_B_SPLINE_SURFACE((
    (1.,0.999999999998,1.000000000004,0.999999999998,1.000000000001,1.
      ,1.,1.,1.,1.,1.,1.,1.,1.,1.,1.,1.,1.,1.,1.,1.,1.,1.,1.,1.,1.,1.
      ,0.999999999999,1.000000000002,0.999999999997,1.000000000005
      ,0.999999999997,1.)
    ,(1.,0.999999999998,1.000000000004,0.999999999998,1.000000000001,1.
      ,1.,1.,1.,1.,1.,1.,1.,1.,1.,1.,1.,1.,1.,1.,1.,1.,1.,1.,1.,1.,1.
      ,0.999999999999,1.000000000002,0.999999999997,1.000000000005
      ,0.999999999997,1.)
    ,(1.,0.999999999998,1.000000000004,0.999999999998,1.000000000001,1.
      ,1.,1.,1.,1.,1.,1.,1.,1.,1.,1.,1.,1.,1.,1.,1.,1.,1.,1.,1.,1.,1.
      ,0.999999999999,1.000000000002,0.999999999997,1.000000000005
      ,0.999999999997,1.)
    ,(1.,0.999999999998,1.000000000004,0.999999999998,1.000000000001,1.
      ,1.,1.,1.,1.,1.,1.,1.,1.,1.,1.,1.,1.,1.,1.,1.,1.,1.,1.,1.,1.,1.
      ,0.999999999999,1.000000000002,0.999999999997,1.000000000005
      ,0.999999999997,1.)
    ,(1.,0.999999999998,1.000000000004,0.999999999998,1.000000000001,1.
      ,1.,1.,1.,1.,1.,1.,1.,1.,1.,1.,1.,1.,1.,1.,1.,1.,1.,1.,1.,1.,1.
      ,0.999999999999,1.000000000002,0.999999999997,1.000000000005
      ,0.999999999997,1.)
    ,(1.,0.999999999998,1.000000000004,0.999999999998,1.000000000001,1.
      ,1.,1.,1.,1.,1.,1.,1.,1.,1.,1.,1.,1.,1.,1.,1.,1.,1.,1.,1.,1.,1.
      ,0.999999999999,1.000000000002,0.999999999997,1.000000000005
      ,0.999999999997,1.)
    ,(1.,0.999999999998,1.000000000004,0.999999999998,1.000000000001,1.
      ,1.,1.,1.,1.,1.,1.,1.,1.,1.,1.,1.,1.,1.,1.,1.,1.,1.,1.,1.,1.,1.
      ,0.999999999999,1.000000000002,0.999999999997,1.000000000005
      ,0.999999999997,1.)
    ,(1.,0.999999999998,1.000000000004,0.999999999998,1.000000000001,1.
      ,1.,1.,1.,1.,1.,1.,1.,1.,1.,1.,1.,1.,1.,1.,1.,1.,1.,1.,1.,1.,1.
      ,0.999999999999,1.000000000002,0.999999999997,1.000000000005
      ,0.999999999997,1.)
    ,(1.,0.999999999998,1.000000000004,0.999999999998,1.000000000001,1.
      ,1.,1.,1.,1.,1.,1.,1.,1.,1.,1.,1.,1.,1.,1.,1.,1.,1.,1.,1.,1.,1.
      ,0.999999999999,1.000000000002,0.999999999997,1.000000000005
      ,0.999999999997,1.)
    ,(1.,0.999999999998,1.000000000004,0.999999999998,1.000000000001,1.
      ,1.,1.,1.,1.,1.,1.,1.,1.,1.,1.,1.,1.,1.,1.,1.,1.,1.,1.,1.,1.,1.
      ,0.999999999999,1.000000000002,0.999999999997,1.000000000005
,0.999999999997,1.))) REPRESENTATION_ITEM('') SURFACE() );
#2253 = CARTESIAN_POINT('',(-1.143E+03,122.5,59.666975137484));
#2254 = CARTESIAN_POINT('',(-1.140904303013E+03,122.99393273551,
    59.492986476946));
#2255 = CARTESIAN_POINT('',(-1.132387523417E+03,125.21674699139,
    58.77228783985));
#2256 = CARTESIAN_POINT('',(-1.113407092993E+03,132.58095515825,
    57.135633729943));
#2257 = CARTESIAN_POINT('',(-1.084288167589E+03,149.63433882332,
    55.332106268928));
#2258 = CARTESIAN_POINT('',(-1.041250735977E+03,164.76616308813,
    54.852580554688));
#2259 = CARTESIAN_POINT('',(-986.1639765365,169.02564046064,
    52.920137746354));
#2260 = CARTESIAN_POINT('',(-921.0355189722,177.45768742786,
    50.875257486325));
#2261 = CARTESIAN_POINT('',(-846.7193466215,194.29690850522,
    48.503218478717));
#2262 = CARTESIAN_POINT('',(-761.9257423699,202.78087831134,
    46.061760277809));
#2263 = CARTESIAN_POINT('',(-669.3010995621,215.8191522308,
    43.736077790687));
#2264 = CARTESIAN_POINT('',(-569.3999038535,231.26365394527,
    41.676381296337));
#2265 = CARTESIAN_POINT('',(-463.3061395895,247.89802587407,
    39.996304599287));
#2266 = CARTESIAN_POINT('',(-352.1353432845,263.77235263074,
    38.770841060689));
#2267 = CARTESIAN_POINT('',(-236.8788375159,274.86730543517,
    38.017678462436));
#2268 = CARTESIAN_POINT('',(-119.1251789325,283.45590130196,
    37.716217309713));
#2269 = CARTESIAN_POINT('',(-4.322838209409E-02,288.46809824791,
    37.688251049448));
#2270 = CARTESIAN_POINT('',(119.08775359988,288.8654722201,
    37.85003467351));
#2271 = CARTESIAN_POINT('',(236.93160077187,283.71881166318,
    39.388921630843));
#2272 = CARTESIAN_POINT('',(352.20334401997,273.51266643046,
    42.436690304604));
#2273 = CARTESIAN_POINT('',(463.47076896361,257.71637940973,
    47.07209547682));
#2274 = CARTESIAN_POINT('',(569.53216526571,239.1653961975,
    53.169848616444));
#2275 = CARTESIAN_POINT('',(669.54768243409,220.68538526231,
    60.519769099318));
#2276 = CARTESIAN_POINT('',(761.8041324137,202.18671588238,
    68.71272171888));
#2277 = CARTESIAN_POINT('',(850.21461043616,190.7163252109,
    77.818518532346));
#2278 = CARTESIAN_POINT('',(921.03842057092,145.91922412994,
    86.171658228574));
#2279 = CARTESIAN_POINT('',(986.65403629447,113.66841176232,
    93.93040719084));
#2280 = CARTESIAN_POINT('',(1.043821094916E+03,83.702028883024,
    102.78534186398));
#2281 = CARTESIAN_POINT('',(1.081784968413E+03,45.621688628767,
    103.94171551871));
#2282 = CARTESIAN_POINT('',(1.113976947353E+03,21.590914052984,
    116.71262480678));
#2283 = CARTESIAN_POINT('',(1.13206899031E+03,11.439335883693,
    108.01082145452));
#2284 = CARTESIAN_POINT('',(1.140834953018E+03,7.815773468797,
    106.07215570995));
#2285 = CARTESIAN_POINT('',(1.143E+03,7.,105.98));
#2286 = CARTESIAN_POINT('',(-1.143E+03,122.5,60.008365961397));
#2287 = CARTESIAN_POINT('',(-1.140904303013E+03,122.99393273551,
    59.834438791788));
#2288 = CARTESIAN_POINT('',(-1.132387523417E+03,125.21674699139,
    59.113670380405));
#2289 = CARTESIAN_POINT('',(-1.113407092993E+03,132.58095515825,
    57.475818100002));
#2290 = CARTESIAN_POINT('',(-1.084288167589E+03,149.63433882332,
    55.682824137087));
#2291 = CARTESIAN_POINT('',(-1.041250735977E+03,164.76616308813,
    55.25832113846));
#2292 = CARTESIAN_POINT('',(-986.1639765365,169.02564046064,
    53.365843892314));
#2293 = CARTESIAN_POINT('',(-921.0355189722,177.45768742786,
    51.36584273568));
#2294 = CARTESIAN_POINT('',(-846.7193466215,194.29690850522,
    49.035247366312));
#2295 = CARTESIAN_POINT('',(-761.9257423699,202.78087831134,
    46.634702274226));
#2296 = CARTESIAN_POINT('',(-669.3010995621,215.8191522308,
    44.346672331502));
#2297 = CARTESIAN_POINT('',(-569.3999038535,231.26365394527,
    42.320999335934));
#2298 = CARTESIAN_POINT('',(-463.3061395895,247.89802587407,
    40.67029354636));
#2299 = CARTESIAN_POINT('',(-352.1353432845,263.77235263074,
    39.468734288996));
#2300 = CARTESIAN_POINT('',(-236.8788375159,274.86730543517,
    38.733272403877));
#2301 = CARTESIAN_POINT('',(-119.1251789325,283.45590130196,
    38.442666486012));
#2302 = CARTESIAN_POINT('',(-4.322838209409E-02,288.46809824791,
    38.418364878364));
#2303 = CARTESIAN_POINT('',(119.08775359988,288.8654722201,
    38.576487669251));
#2304 = CARTESIAN_POINT('',(236.93160077187,283.71881166318,
    40.104509022935));
#2305 = CARTESIAN_POINT('',(352.20334401997,273.51266643046,
    43.134573876023));
#2306 = CARTESIAN_POINT('',(463.47076896361,257.71637940973,
    47.746037949782));
#2307 = CARTESIAN_POINT('',(569.53216526571,239.1653961975,
    53.814447986598));
#2308 = CARTESIAN_POINT('',(669.54768243409,220.68538526231,
    61.130202445175));
#2309 = CARTESIAN_POINT('',(761.8041324137,202.18671588238,
    69.285925762836));
#2310 = CARTESIAN_POINT('',(850.21461043616,190.7163252109,
    78.348218526734));
#2311 = CARTESIAN_POINT('',(921.03842057092,145.91922412994,
    86.663927785538));
#2312 = CARTESIAN_POINT('',(986.65403629447,113.66841176232,
    94.370573831544));
#2313 = CARTESIAN_POINT('',(1.043821094916E+03,83.702028883024,
    103.20482316101));
#2314 = CARTESIAN_POINT('',(1.081784968413E+03,45.621688628767,
    104.24864502742));
#2315 = CARTESIAN_POINT('',(1.113976947353E+03,21.590914052984,
    117.1470273102));
#2316 = CARTESIAN_POINT('',(1.13206899031E+03,11.439335883693,
    108.20799950103));
#2317 = CARTESIAN_POINT('',(1.140834953018E+03,7.815773468797,
    106.19790457058));
#2318 = CARTESIAN_POINT('',(1.143E+03,7.,106.09555555555));
#2319 = CARTESIAN_POINT('',(-1.143E+03,122.5,60.34975678531));
#2320 = CARTESIAN_POINT('',(-1.140904303013E+03,122.99393273551,
    60.175891106987));
#2321 = CARTESIAN_POINT('',(-1.132387523417E+03,125.21674699139,
    59.455052920435));
#2322 = CARTESIAN_POINT('',(-1.113407092993E+03,132.58095515825,
    57.81600247041));
#2323 = CARTESIAN_POINT('',(-1.084288167589E+03,149.63433882332,
    56.033542005093));
#2324 = CARTESIAN_POINT('',(-1.041250735977E+03,164.76616308813,
    55.664061722287));
#2325 = CARTESIAN_POINT('',(-986.1639765365,169.02564046064,
    53.811550038254));
#2326 = CARTESIAN_POINT('',(-921.0355189722,177.45768742786,
    51.856427985042));
#2327 = CARTESIAN_POINT('',(-846.7193466215,194.29690850522,
    49.567276253906));
#2328 = CARTESIAN_POINT('',(-761.9257423699,202.78087831134,
    47.207644270643));
#2329 = CARTESIAN_POINT('',(-669.3010995621,215.8191522308,
    44.957266872316));
#2330 = CARTESIAN_POINT('',(-569.3999038535,231.26365394527,
    42.96561737553));
#2331 = CARTESIAN_POINT('',(-463.3061395895,247.89802587407,
    41.344282493434));
#2332 = CARTESIAN_POINT('',(-352.1353432845,263.77235263074,
    40.166627517303));
#2333 = CARTESIAN_POINT('',(-236.8788375159,274.86730543517,
    39.448866345319));
#2334 = CARTESIAN_POINT('',(-119.1251789325,283.45590130196,
    39.169115662312));
#2335 = CARTESIAN_POINT('',(-4.322838209409E-02,288.46809824791,
    39.148478707281));
#2336 = CARTESIAN_POINT('',(119.08775359988,288.8654722201,
    39.302940664991));
#2337 = CARTESIAN_POINT('',(236.93160077187,283.71881166318,
    40.820096415033));
#2338 = CARTESIAN_POINT('',(352.20334401997,273.51266643046,
    43.832457447424));
#2339 = CARTESIAN_POINT('',(463.47076896361,257.71637940973,
    48.419980422808));
#2340 = CARTESIAN_POINT('',(569.53216526571,239.1653961975,
    54.459047356534));
#2341 = CARTESIAN_POINT('',(669.54768243409,220.68538526231,
    61.740635791775));
#2342 = CARTESIAN_POINT('',(761.8041324137,202.18671588238,
    69.85912980433));
#2343 = CARTESIAN_POINT('',(850.21461043616,190.7163252109,
    78.877918529347));
#2344 = CARTESIAN_POINT('',(921.03842057092,145.91922412994,
    87.156197314605));
#2345 = CARTESIAN_POINT('',(986.65403629447,113.66841176232,
    94.810740555782));
#2346 = CARTESIAN_POINT('',(1.043821094916E+03,83.702028883024,
    103.62430420788));
#2347 = CARTESIAN_POINT('',(1.081784968413E+03,45.621688628767,
    104.55557524652));
#2348 = CARTESIAN_POINT('',(1.113976947353E+03,21.590914052984,
    117.58142834173));
#2349 = CARTESIAN_POINT('',(1.13206899031E+03,11.439335883693,
    108.40517979565));
#2350 = CARTESIAN_POINT('',(1.140834953018E+03,7.815773468797,
    106.32365197995));
#2351 = CARTESIAN_POINT('',(1.143E+03,7.,106.21111111111));
#2352 = CARTESIAN_POINT('',(-1.143E+03,122.5,60.691147609223));
#2353 = CARTESIAN_POINT('',(-1.140904303013E+03,122.99393273551,
    60.517343422104));
#2354 = CARTESIAN_POINT('',(-1.132387523417E+03,125.21674699139,
    59.796435460586));
#2355 = CARTESIAN_POINT('',(-1.113407092993E+03,132.58095515825,
    58.156186840737));
#2356 = CARTESIAN_POINT('',(-1.084288167589E+03,149.63433882332,
    56.384259873135));
#2357 = CARTESIAN_POINT('',(-1.041250735977E+03,164.76616308813,
    56.069802306102));
#2358 = CARTESIAN_POINT('',(-986.1639765365,169.02564046064,
    54.257256184198));
#2359 = CARTESIAN_POINT('',(-921.0355189722,177.45768742786,
    52.347013234402));
#2360 = CARTESIAN_POINT('',(-846.7193466215,194.29690850522,
    50.099305141499));
#2361 = CARTESIAN_POINT('',(-761.9257423699,202.78087831134,
    47.780586267061));
#2362 = CARTESIAN_POINT('',(-669.3010995621,215.8191522308,
    45.567861413131));
#2363 = CARTESIAN_POINT('',(-569.3999038535,231.26365394527,
    43.610235415126));
#2364 = CARTESIAN_POINT('',(-463.3061395895,247.89802587407,
    42.018271440508));
#2365 = CARTESIAN_POINT('',(-352.1353432845,263.77235263074,
    40.86452074561));
#2366 = CARTESIAN_POINT('',(-236.8788375159,274.86730543517,
    40.164460286761));
#2367 = CARTESIAN_POINT('',(-119.1251789325,283.45590130196,
    39.895564838612));
#2368 = CARTESIAN_POINT('',(-4.322838209409E-02,288.46809824791,
    39.878592536197));
#2369 = CARTESIAN_POINT('',(119.08775359988,288.8654722201,
    40.029393660732));
#2370 = CARTESIAN_POINT('',(236.93160077187,283.71881166318,
    41.535683807125));
#2371 = CARTESIAN_POINT('',(352.20334401997,273.51266643046,
    44.530341018843));
#2372 = CARTESIAN_POINT('',(463.47076896361,257.71637940973,
    49.093922895771));
#2373 = CARTESIAN_POINT('',(569.53216526571,239.1653961975,
    55.103646726685));
#2374 = CARTESIAN_POINT('',(669.54768243409,220.68538526231,
    62.351069137641));
#2375 = CARTESIAN_POINT('',(761.8041324137,202.18671588238,
    70.432333848261));
#2376 = CARTESIAN_POINT('',(850.21461043616,190.7163252109,
    79.407618523819));
#2377 = CARTESIAN_POINT('',(921.03842057092,145.91922412994,
    87.648466871281));
#2378 = CARTESIAN_POINT('',(986.65403629447,113.66841176232,
    95.250907197347));
#2379 = CARTESIAN_POINT('',(1.043821094916E+03,83.702028883024,
    104.04378550233));
#2380 = CARTESIAN_POINT('',(1.081784968413E+03,45.621688628767,
    104.86250476256));
#2381 = CARTESIAN_POINT('',(1.113976947353E+03,21.590914052984,
    118.01583082997));
#2382 = CARTESIAN_POINT('',(1.13206899031E+03,11.439335883693,
    108.60235786533));
#2383 = CARTESIAN_POINT('',(1.140834953018E+03,7.815773468797,
    106.44940082562));
#2384 = CARTESIAN_POINT('',(1.143E+03,7.,106.32666666666));
#2385 = CARTESIAN_POINT('',(-1.143E+03,122.5,61.032538433135));
#2386 = CARTESIAN_POINT('',(-1.140904303013E+03,122.99393273551,
    60.858795736943));
#2387 = CARTESIAN_POINT('',(-1.132387523417E+03,125.21674699139,
    60.137818001146));
#2388 = CARTESIAN_POINT('',(-1.113407092993E+03,132.58095515825,
    58.496371210794));
#2389 = CARTESIAN_POINT('',(-1.084288167589E+03,149.63433882332,
    56.734977741295));
#2390 = CARTESIAN_POINT('',(-1.041250735977E+03,164.76616308813,
    56.475542889872));
#2391 = CARTESIAN_POINT('',(-986.1639765365,169.02564046064,
    54.702962330158));
#2392 = CARTESIAN_POINT('',(-921.0355189722,177.45768742786,
    52.837598483757));
#2393 = CARTESIAN_POINT('',(-846.7193466215,194.29690850522,
    50.631334029095));
#2394 = CARTESIAN_POINT('',(-761.9257423699,202.78087831134,
    48.353528263477));
#2395 = CARTESIAN_POINT('',(-669.3010995621,215.8191522308,
    46.178455953946));
#2396 = CARTESIAN_POINT('',(-569.3999038535,231.26365394527,
    44.254853454722));
#2397 = CARTESIAN_POINT('',(-463.3061395895,247.89802587407,
    42.692260387581));
#2398 = CARTESIAN_POINT('',(-352.1353432845,263.77235263074,
    41.562413973917));
#2399 = CARTESIAN_POINT('',(-236.8788375159,274.86730543517,
    40.880054228203));
#2400 = CARTESIAN_POINT('',(-119.1251789325,283.45590130196,
    40.622014014912));
#2401 = CARTESIAN_POINT('',(-4.322838209409E-02,288.46809824791,
    40.608706365114));
#2402 = CARTESIAN_POINT('',(119.08775359988,288.8654722201,
    40.755846656472));
#2403 = CARTESIAN_POINT('',(236.93160077187,283.71881166318,
    42.251271199223));
#2404 = CARTESIAN_POINT('',(352.20334401997,273.51266643046,
    45.228224590244));
#2405 = CARTESIAN_POINT('',(463.47076896361,257.71637940973,
    49.7678653688));
#2406 = CARTESIAN_POINT('',(569.53216526571,239.1653961975,
    55.748246096611));
#2407 = CARTESIAN_POINT('',(669.54768243409,220.68538526231,
    62.961502484275));
#2408 = CARTESIAN_POINT('',(761.8041324137,202.18671588238,
    71.00553788964));
#2409 = CARTESIAN_POINT('',(850.21461043616,190.7163252109,
    79.937318526814));
#2410 = CARTESIAN_POINT('',(921.03842057092,145.91922412994,
    88.140736399055));
#2411 = CARTESIAN_POINT('',(986.65403629447,113.66841176232,
    95.69107392546));
#2412 = CARTESIAN_POINT('',(1.043821094916E+03,83.702028883024,
    104.4632665376));
#2413 = CARTESIAN_POINT('',(1.081784968413E+03,45.621688628767,
    105.16943501462));
#2414 = CARTESIAN_POINT('',(1.113976947353E+03,21.590914052984,
    118.45023179322));
#2415 = CARTESIAN_POINT('',(1.13206899031E+03,11.439335883693,
    108.79953826425));
#2416 = CARTESIAN_POINT('',(1.140834953018E+03,7.815773468797,
    106.57514816767));
#2417 = CARTESIAN_POINT('',(1.143E+03,7.,106.44222222222));
#2418 = CARTESIAN_POINT('',(-1.143E+03,122.5,61.373929257048));
#2419 = CARTESIAN_POINT('',(-1.140904303013E+03,122.99393273551,
    61.200248051605));
#2420 = CARTESIAN_POINT('',(-1.132387523417E+03,125.21674699139,
    60.479200541966));
#2421 = CARTESIAN_POINT('',(-1.113407092993E+03,132.58095515825,
    58.836555580677));
#2422 = CARTESIAN_POINT('',(-1.084288167589E+03,149.63433882332,
    57.08569560953));
#2423 = CARTESIAN_POINT('',(-1.041250735977E+03,164.76616308813,
    56.881283473615));
#2424 = CARTESIAN_POINT('',(-986.1639765365,169.02564046064,
    55.148668476128));
#2425 = CARTESIAN_POINT('',(-921.0355189722,177.45768742786,
    53.328183733109));
#2426 = CARTESIAN_POINT('',(-846.7193466215,194.29690850522,
    51.163362916691));
#2427 = CARTESIAN_POINT('',(-761.9257423699,202.78087831134,
    48.926470259894));
#2428 = CARTESIAN_POINT('',(-669.3010995621,215.8191522308,
    46.78905049476));
#2429 = CARTESIAN_POINT('',(-569.3999038535,231.26365394527,
    44.899471494319));
#2430 = CARTESIAN_POINT('',(-463.3061395895,247.89802587407,
    43.366249334655));
#2431 = CARTESIAN_POINT('',(-352.1353432845,263.77235263074,
    42.260307202224));
#2432 = CARTESIAN_POINT('',(-236.8788375159,274.86730543517,
    41.595648169645));
#2433 = CARTESIAN_POINT('',(-119.1251789325,283.45590130196,
    41.348463191212));
#2434 = CARTESIAN_POINT('',(-4.322838209409E-02,288.46809824791,
    41.338820194031));
#2435 = CARTESIAN_POINT('',(119.08775359988,288.8654722201,
    41.482299652212));
#2436 = CARTESIAN_POINT('',(236.93160077187,283.71881166318,
    42.966858591319));
#2437 = CARTESIAN_POINT('',(352.20334401997,273.51266643046,
    45.926108161653));
#2438 = CARTESIAN_POINT('',(463.47076896361,257.71637940973,
    50.441807841799));
#2439 = CARTESIAN_POINT('',(569.53216526571,239.1653961975,
    56.392845466637));
#2440 = CARTESIAN_POINT('',(669.54768243409,220.68538526231,
    63.571935830565));
#2441 = CARTESIAN_POINT('',(761.8041324137,202.18671588238,
    71.578741932161));
#2442 = CARTESIAN_POINT('',(850.21461043616,190.7163252109,
    80.467018525992));
#2443 = CARTESIAN_POINT('',(921.03842057092,145.91922412994,
    88.633005939769));
#2444 = CARTESIAN_POINT('',(986.65403629447,113.66841176232,
    96.13124061482));
#2445 = CARTESIAN_POINT('',(1.043821094916E+03,83.702028883024,
    104.88274768892));
#2446 = CARTESIAN_POINT('',(1.081784968413E+03,45.621688628767,
    105.47636493712));
#2447 = CARTESIAN_POINT('',(1.113976947353E+03,21.590914052984,
    118.8846334393));
#2448 = CARTESIAN_POINT('',(1.13206899031E+03,11.439335883693,
    108.99671762023));
#2449 = CARTESIAN_POINT('',(1.140834953018E+03,7.815773468797,
    106.70089618298));
#2450 = CARTESIAN_POINT('',(1.143E+03,7.,106.55777777777));
#2451 = CARTESIAN_POINT('',(-1.143E+03,122.5,61.715320080961));
#2452 = CARTESIAN_POINT('',(-1.140904303013E+03,122.99393273551,
    61.541700367067));
#2453 = CARTESIAN_POINT('',(-1.132387523417E+03,125.21674699139,
    60.82058308161));
#2454 = CARTESIAN_POINT('',(-1.113407092993E+03,132.58095515825,
    59.176739951341));
#2455 = CARTESIAN_POINT('',(-1.084288167589E+03,149.63433882332,
    57.436413477425));
#2456 = CARTESIAN_POINT('',(-1.041250735977E+03,164.76616308813,
    57.287024057484));
#2457 = CARTESIAN_POINT('',(-986.1639765365,169.02564046064,
    55.594374622053));
#2458 = CARTESIAN_POINT('',(-921.0355189722,177.45768742786,
    53.818768982476));
#2459 = CARTESIAN_POINT('',(-846.7193466215,194.29690850522,
    51.695391804283));
#2460 = CARTESIAN_POINT('',(-761.9257423699,202.78087831134,
    49.499412256312));
#2461 = CARTESIAN_POINT('',(-669.3010995621,215.8191522308,
    47.399645035575));
#2462 = CARTESIAN_POINT('',(-569.3999038535,231.26365394527,
    45.544089533915));
#2463 = CARTESIAN_POINT('',(-463.3061395895,247.89802587407,
    44.040238281728));
#2464 = CARTESIAN_POINT('',(-352.1353432845,263.77235263074,
    42.95820043053));
#2465 = CARTESIAN_POINT('',(-236.8788375159,274.86730543517,
    42.311242111086));
#2466 = CARTESIAN_POINT('',(-119.1251789325,283.45590130196,
    42.074912367512));
#2467 = CARTESIAN_POINT('',(-4.322838209409E-02,288.46809824791,
    42.068934022947));
#2468 = CARTESIAN_POINT('',(119.08775359988,288.8654722201,
    42.208752647953));
#2469 = CARTESIAN_POINT('',(236.93160077187,283.71881166318,
    43.682445983411));
#2470 = CARTESIAN_POINT('',(352.20334401997,273.51266643046,
    46.623991733072));
#2471 = CARTESIAN_POINT('',(463.47076896361,257.71637940973,
    51.115750314761));
#2472 = CARTESIAN_POINT('',(569.53216526571,239.1653961975,
    57.037444836792));
#2473 = CARTESIAN_POINT('',(669.54768243409,220.68538526231,
    64.182369176419));
#2474 = CARTESIAN_POINT('',(761.8041324137,202.18671588238,
    72.15194597613));
#2475 = CARTESIAN_POINT('',(850.21461043616,190.7163252109,
    80.996718520337));
#2476 = CARTESIAN_POINT('',(921.03842057092,145.91922412994,
    89.125275496877));
#2477 = CARTESIAN_POINT('',(986.65403629447,113.66841176232,
    96.571407255094));
#2478 = CARTESIAN_POINT('',(1.043821094916E+03,83.702028883024,
    105.30222898724));
#2479 = CARTESIAN_POINT('',(1.081784968413E+03,45.621688628767,
    105.78329444217));
#2480 = CARTESIAN_POINT('',(1.113976947353E+03,21.590914052984,
    119.3190359503));
#2481 = CARTESIAN_POINT('',(1.13206899031E+03,11.439335883693,
    109.19389565514));
#2482 = CARTESIAN_POINT('',(1.140834953018E+03,7.815773468797,
    106.82664505109));
#2483 = CARTESIAN_POINT('',(1.143E+03,7.,106.67333333333));
#2484 = CARTESIAN_POINT('',(-1.143E+03,122.5,62.056710904873));
#2485 = CARTESIAN_POINT('',(-1.140904303013E+03,122.99393273551,
    61.883152681648));
#2486 = CARTESIAN_POINT('',(-1.132387523417E+03,125.21674699139,
    61.161965622549));
#2487 = CARTESIAN_POINT('',(-1.113407092993E+03,132.58095515825,
    59.516924321146));
#2488 = CARTESIAN_POINT('',(-1.084288167589E+03,149.63433882332,
    57.787131345695));
#2489 = CARTESIAN_POINT('',(-1.041250735977E+03,164.76616308813,
    57.692764641215));
#2490 = CARTESIAN_POINT('',(-986.1639765365,169.02564046064,
    56.040080768027));
#2491 = CARTESIAN_POINT('',(-921.0355189722,177.45768742786,
    54.309354231826));
#2492 = CARTESIAN_POINT('',(-846.7193466215,194.29690850522,
    52.22742069188));
#2493 = CARTESIAN_POINT('',(-761.9257423699,202.78087831134,
    50.072354252728));
#2494 = CARTESIAN_POINT('',(-669.3010995621,215.8191522308,
    48.01023957639));
#2495 = CARTESIAN_POINT('',(-569.3999038535,231.26365394527,
    46.188707573511));
#2496 = CARTESIAN_POINT('',(-463.3061395895,247.89802587407,
    44.714227228802));
#2497 = CARTESIAN_POINT('',(-352.1353432845,263.77235263074,
    43.656093658837));
#2498 = CARTESIAN_POINT('',(-236.8788375159,274.86730543517,
    43.026836052528));
#2499 = CARTESIAN_POINT('',(-119.1251789325,283.45590130196,
    42.801361543812));
#2500 = CARTESIAN_POINT('',(-4.322838209409E-02,288.46809824791,
    42.799047851864));
#2501 = CARTESIAN_POINT('',(119.08775359988,288.8654722201,
    42.935205643693));
#2502 = CARTESIAN_POINT('',(236.93160077187,283.71881166318,
    44.398033375508));
#2503 = CARTESIAN_POINT('',(352.20334401997,273.51266643046,
    47.321875304476));
#2504 = CARTESIAN_POINT('',(463.47076896361,257.71637940973,
    51.789692787776));
#2505 = CARTESIAN_POINT('',(569.53216526571,239.1653961975,
    57.682044206767));
#2506 = CARTESIAN_POINT('',(669.54768243409,220.68538526231,
    64.792802522885));
#2507 = CARTESIAN_POINT('',(761.8041324137,202.18671588238,
    72.725150018068));
#2508 = CARTESIAN_POINT('',(850.21461043616,190.7163252109,
    81.526418521467));
#2509 = CARTESIAN_POINT('',(921.03842057092,145.91922412994,
    89.617545030977));
#2510 = CARTESIAN_POINT('',(986.65403629447,113.66841176232,
    97.011573964261));
#2511 = CARTESIAN_POINT('',(1.043821094916E+03,83.702028883024,
    105.72171007925));
#2512 = CARTESIAN_POINT('',(1.081784968413E+03,45.621688628767,
    106.09022453311));
#2513 = CARTESIAN_POINT('',(1.113976947353E+03,21.590914052984,
    119.75343724738));
#2514 = CARTESIAN_POINT('',(1.13206899031E+03,11.439335883693,
    109.39107554418));
#2515 = CARTESIAN_POINT('',(1.140834953018E+03,7.815773468797,
    106.95239272228));
#2516 = CARTESIAN_POINT('',(1.143E+03,7.,106.78888888888));
#2517 = CARTESIAN_POINT('',(-1.143E+03,122.5,62.398101728786));
#2518 = CARTESIAN_POINT('',(-1.140904303013E+03,122.99393273551,
    62.224604997197));
#2519 = CARTESIAN_POINT('',(-1.132387523417E+03,125.21674699139,
    61.503348162063));
#2520 = CARTESIAN_POINT('',(-1.113407092993E+03,132.58095515825,
    59.857108691896));
#2521 = CARTESIAN_POINT('',(-1.084288167589E+03,149.63433882332,
    58.137849213552));
#2522 = CARTESIAN_POINT('',(-1.041250735977E+03,164.76616308813,
    58.098505225097));
#2523 = CARTESIAN_POINT('',(-986.1639765365,169.02564046064,
    56.485786913947));
#2524 = CARTESIAN_POINT('',(-921.0355189722,177.45768742786,
    54.799939481194));
#2525 = CARTESIAN_POINT('',(-846.7193466215,194.29690850522,
    52.759449579471));
#2526 = CARTESIAN_POINT('',(-761.9257423699,202.78087831134,
    50.645296249146));
#2527 = CARTESIAN_POINT('',(-669.3010995621,215.8191522308,
    48.620834117204));
#2528 = CARTESIAN_POINT('',(-569.3999038535,231.26365394527,
    46.833325613107));
#2529 = CARTESIAN_POINT('',(-463.3061395895,247.89802587407,
    45.388216175876));
#2530 = CARTESIAN_POINT('',(-352.1353432845,263.77235263074,
    44.353986887144));
#2531 = CARTESIAN_POINT('',(-236.8788375159,274.86730543517,
    43.74242999397));
#2532 = CARTESIAN_POINT('',(-119.1251789325,283.45590130196,
    43.527810720112));
#2533 = CARTESIAN_POINT('',(-4.322838209409E-02,288.46809824791,
    43.529161680781));
#2534 = CARTESIAN_POINT('',(119.08775359988,288.8654722201,
    43.661658639433));
#2535 = CARTESIAN_POINT('',(236.93160077187,283.71881166318,
    45.113620767605));
#2536 = CARTESIAN_POINT('',(352.20334401997,273.51266643046,
    48.019758875879));
#2537 = CARTESIAN_POINT('',(463.47076896361,257.71637940973,
    52.463635260798));
#2538 = CARTESIAN_POINT('',(569.53216526571,239.1653961975,
    58.326643576715));
#2539 = CARTESIAN_POINT('',(669.54768243409,220.68538526231,
    65.403235869443));
#2540 = CARTESIAN_POINT('',(761.8041324137,202.18671588238,
    73.298354059701));
#2541 = CARTESIAN_POINT('',(850.21461043616,190.7163252109,
    82.056118523613));
#2542 = CARTESIAN_POINT('',(921.03842057092,145.91922412994,
    90.109814561626));
#2543 = CARTESIAN_POINT('',(986.65403629447,113.66841176232,
    97.451740683762));
#2544 = CARTESIAN_POINT('',(1.043821094916E+03,83.702028883024,
    106.14119114031));
#2545 = CARTESIAN_POINT('',(1.081784968413E+03,45.621688628767,
    106.39715471193));
#2546 = CARTESIAN_POINT('',(1.113976947353E+03,21.590914052984,
    120.18783836237));
#2547 = CARTESIAN_POINT('',(1.13206899031E+03,11.439335883693,
    109.58825571134));
#2548 = CARTESIAN_POINT('',(1.140834953018E+03,7.815773468797,
    107.07814021394));
#2549 = CARTESIAN_POINT('',(1.143E+03,7.,106.90444444444));
#2550 = CARTESIAN_POINT('',(-1.143E+03,122.5,62.739492552699));
#2551 = CARTESIAN_POINT('',(-1.140904303015E+03,122.99393273768,
    62.566057312218));
#2552 = CARTESIAN_POINT('',(-1.132387523415E+03,125.2167469882,
    61.844730702356));
#2553 = CARTESIAN_POINT('',(-1.113407092995E+03,132.58095516037,
    60.19729306213));
#2554 = CARTESIAN_POINT('',(-1.084288167588E+03,149.6343388224,
    58.488567081634));
#2555 = CARTESIAN_POINT('',(-1.041250735977E+03,164.76616308847,
    58.504245808897));
#2556 = CARTESIAN_POINT('',(-986.1639765364,169.02564046052,
    56.931493059897));
#2557 = CARTESIAN_POINT('',(-921.0355189723,177.4576874279,
    55.290524730553));
#2558 = CARTESIAN_POINT('',(-846.7193466215,194.2969085052,
    53.291478467066));
#2559 = CARTESIAN_POINT('',(-761.92574237,202.78087831134,
    51.218238245563));
#2560 = CARTESIAN_POINT('',(-669.3010995621,215.8191522308,
    49.231428658019));
#2561 = CARTESIAN_POINT('',(-569.3999038535,231.26365394527,
    47.477943652704));
#2562 = CARTESIAN_POINT('',(-463.3061395895,247.89802587407,
    46.062205122949));
#2563 = CARTESIAN_POINT('',(-352.1353432845,263.77235263074,
    45.051880115451));
#2564 = CARTESIAN_POINT('',(-236.8788375159,274.86730543517,
    44.458023935412));
#2565 = CARTESIAN_POINT('',(-119.1251789325,283.45590130196,
    44.254259896412));
#2566 = CARTESIAN_POINT('',(-4.322838209404E-02,288.46809824791,
    44.259275509698));
#2567 = CARTESIAN_POINT('',(119.08775359988,288.8654722201,
    44.388111635173));
#2568 = CARTESIAN_POINT('',(236.93160077187,283.71881166318,
    45.8292081597));
#2569 = CARTESIAN_POINT('',(352.20334401997,273.51266643046,
    48.717642447289));
#2570 = CARTESIAN_POINT('',(463.47076896361,257.71637940973,
    53.137577733791));
#2571 = CARTESIAN_POINT('',(569.5321652657,239.1653961975,
    58.971242946763));
#2572 = CARTESIAN_POINT('',(669.54768243411,220.68538526231,
    66.013669215661));
#2573 = CARTESIAN_POINT('',(761.80413241364,202.18671588236,
    73.871558102464));
#2574 = CARTESIAN_POINT('',(850.21461043637,190.71632521096,
    82.585818521986));
#2575 = CARTESIAN_POINT('',(921.0384205702,145.91922412975,
    90.602084105073));
#2576 = CARTESIAN_POINT('',(986.65403629662,113.66841176291,
    97.891907364942));
#2577 = CARTESIAN_POINT('',(1.04382109491E+03,83.702028881251,
    106.56067231613));
#2578 = CARTESIAN_POINT('',(1.081784968431E+03,45.621688633802,
    106.70408456485));
#2579 = CARTESIAN_POINT('',(1.113976947315E+03,21.590914042552,
    120.6222401526));
#2580 = CARTESIAN_POINT('',(1.132068990368E+03,11.439335899627,
    109.78543484714));
#2581 = CARTESIAN_POINT('',(1.14083495298E+03,7.815773458511,
    107.20388837139));
#2582 = CARTESIAN_POINT('',(1.143E+03,7.,107.02));
#2583 = DEFINITIONAL_REPRESENTATION('',(#2584),#2588);
#2584 = LINE('',#2585,#2586);
#2585 = CARTESIAN_POINT('',(4.,0.));
#2586 = VECTOR('',#2587,1.);
#2587 = DIRECTION('',(0.,1.));
#2588 = ( GEOMETRIC_REPRESENTATION_CONTEXT(2) 
PARAMETRIC_REPRESENTATION_CONTEXT() REPRESENTATION_CONTEXT('2D SPACE',''
  ) );
#2589 = ORIENTED_EDGE('',*,*,#2590,.F.);
#2590 = EDGE_CURVE('',#1747,#2207,#2591,.T.);
#2591 = SURFACE_CURVE('',#2592,(#2603,#2610),.PCURVE_S1.);
#2592 = B_SPLINE_CURVE_WITH_KNOTS('',9,(#2593,#2594,#2595,#2596,#2597,
    #2598,#2599,#2600,#2601,#2602),.UNSPECIFIED.,.F.,.F.,(10,10),(3.,4.)
  ,.PIECEWISE_BEZIER_KNOTS.);
#2593 = CARTESIAN_POINT('',(1.143E+03,1.02,100.));
#2594 = CARTESIAN_POINT('',(1.143E+03,2.063706892693,100.));
#2595 = CARTESIAN_POINT('',(1.143E+03,3.10741407285,100.2049316251));
#2596 = CARTESIAN_POINT('',(1.143E+03,4.105133053601,100.61479315005));
#2597 = CARTESIAN_POINT('',(1.143E+03,5.010883707013,101.21755056294));
#2598 = CARTESIAN_POINT('',(1.143E+03,5.782449437052,101.98911629298));
#2599 = CARTESIAN_POINT('',(1.143E+03,6.385206849945,102.89486694639));
#2600 = CARTESIAN_POINT('',(1.143E+03,6.795068374898,103.89258592715));
#2601 = CARTESIAN_POINT('',(1.143E+03,7.,104.9362931073));
#2602 = CARTESIAN_POINT('',(1.143E+03,7.,105.98));
#2603 = PCURVE('',#1792,#2604);
#2604 = DEFINITIONAL_REPRESENTATION('',(#2605),#2609);
#2605 = LINE('',#2606,#2607);
#2606 = CARTESIAN_POINT('',(0.,1.));
#2607 = VECTOR('',#2608,1.);
#2608 = DIRECTION('',(1.,0.));
#2609 = ( GEOMETRIC_REPRESENTATION_CONTEXT(2) 
PARAMETRIC_REPRESENTATION_CONTEXT() REPRESENTATION_CONTEXT('2D SPACE',''
  ) );
#2610 = PCURVE('',#845,#2611);
#2611 = DEFINITIONAL_REPRESENTATION('',(#2612),#2623);
#2612 = B_SPLINE_CURVE_WITH_KNOTS('',9,(#2613,#2614,#2615,#2616,#2617,
    #2618,#2619,#2620,#2621,#2622),.UNSPECIFIED.,.F.,.F.,(10,10),(3.,4.)
  ,.PIECEWISE_BEZIER_KNOTS.);
#2613 = CARTESIAN_POINT('',(8.969399587408,-5.757661942265));
#2614 = CARTESIAN_POINT('',(10.001645736015,-5.603415494848));
#2615 = CARTESIAN_POINT('',(11.003605911977,-5.246487694495));
#2616 = CARTESIAN_POINT('',(11.929796874098,-4.693676754051));
#2617 = CARTESIAN_POINT('',(12.736521865457,-3.963679813462));
#2618 = CARTESIAN_POINT('',(13.385587695304,-3.086559012167));
#2619 = CARTESIAN_POINT('',(13.84786805471,-2.101674443163));
#2620 = CARTESIAN_POINT('',(14.105778943466,-1.054338963171));
#2621 = CARTESIAN_POINT('',(14.154213764017,8.193726695965E-03));
#2622 = CARTESIAN_POINT('',(13.9999673166,1.040439875303));
#2623 = ( GEOMETRIC_REPRESENTATION_CONTEXT(2) 
PARAMETRIC_REPRESENTATION_CONTEXT() REPRESENTATION_CONTEXT('2D SPACE',''
  ) );
#2624 = ORIENTED_EDGE('',*,*,#1746,.F.);
#2625 = ADVANCED_FACE('',(#2626),#2252,.T.);
#2626 = FACE_BOUND('',#2627,.T.);
#2627 = EDGE_LOOP('',(#2628,#2665,#3049,#3084));
#2628 = ORIENTED_EDGE('',*,*,#2629,.T.);
#2629 = EDGE_CURVE('',#2170,#2630,#2632,.T.);
#2630 = VERTEX_POINT('',#2631);
#2631 = CARTESIAN_POINT('',(-1.143E+03,122.5,62.739492552699));
#2632 = SURFACE_CURVE('',#2633,(#2644,#2651),.PCURVE_S1.);
#2633 = B_SPLINE_CURVE_WITH_KNOTS('',9,(#2634,#2635,#2636,#2637,#2638,
    #2639,#2640,#2641,#2642,#2643),.UNSPECIFIED.,.F.,.F.,(10,10),(4.,5.)
  ,.PIECEWISE_BEZIER_KNOTS.);
#2634 = CARTESIAN_POINT('',(-1.143E+03,122.5,59.666975137484));
#2635 = CARTESIAN_POINT('',(-1.143E+03,122.5,60.008365961397));
#2636 = CARTESIAN_POINT('',(-1.143E+03,122.5,60.34975678531));
#2637 = CARTESIAN_POINT('',(-1.143E+03,122.5,60.691147609223));
#2638 = CARTESIAN_POINT('',(-1.143E+03,122.5,61.032538433135));
#2639 = CARTESIAN_POINT('',(-1.143E+03,122.5,61.373929257048));
#2640 = CARTESIAN_POINT('',(-1.143E+03,122.5,61.715320080961));
#2641 = CARTESIAN_POINT('',(-1.143E+03,122.5,62.056710904873));
#2642 = CARTESIAN_POINT('',(-1.143E+03,122.5,62.398101728786));
#2643 = CARTESIAN_POINT('',(-1.143E+03,122.5,62.739492552699));
#2644 = PCURVE('',#2252,#2645);
#2645 = DEFINITIONAL_REPRESENTATION('',(#2646),#2650);
#2646 = LINE('',#2647,#2648);
#2647 = CARTESIAN_POINT('',(0.,0.));
#2648 = VECTOR('',#2649,1.);
#2649 = DIRECTION('',(1.,0.));
#2650 = ( GEOMETRIC_REPRESENTATION_CONTEXT(2) 
PARAMETRIC_REPRESENTATION_CONTEXT() REPRESENTATION_CONTEXT('2D SPACE',''
  ) );
#2651 = PCURVE('',#419,#2652);
#2652 = DEFINITIONAL_REPRESENTATION('',(#2653),#2664);
#2653 = B_SPLINE_CURVE_WITH_KNOTS('',9,(#2654,#2655,#2656,#2657,#2658,
    #2659,#2660,#2661,#2662,#2663),.UNSPECIFIED.,.F.,.F.,(10,10),(4.,5.)
  ,.PIECEWISE_BEZIER_KNOTS.);
#2654 = CARTESIAN_POINT('',(245.01926529003,-7.564328305223E-17));
#2655 = CARTESIAN_POINT('',(245.01498428277,0.341363981153));
#2656 = CARTESIAN_POINT('',(245.01070327552,0.682727962306));
#2657 = CARTESIAN_POINT('',(245.00642226827,1.024091943459));
#2658 = CARTESIAN_POINT('',(245.00214126101,1.365455924613));
#2659 = CARTESIAN_POINT('',(244.99786025376,1.706819905766));
#2660 = CARTESIAN_POINT('',(244.99357924651,2.048183886919));
#2661 = CARTESIAN_POINT('',(244.98929823925,2.389547868072));
#2662 = CARTESIAN_POINT('',(244.985017232,2.730911849225));
#2663 = CARTESIAN_POINT('',(244.98073622475,3.072275830378));
#2664 = ( GEOMETRIC_REPRESENTATION_CONTEXT(2) 
PARAMETRIC_REPRESENTATION_CONTEXT() REPRESENTATION_CONTEXT('2D SPACE',''
  ) );
#2665 = ORIENTED_EDGE('',*,*,#2666,.T.);
#2666 = EDGE_CURVE('',#2630,#2667,#2669,.T.);
#2667 = VERTEX_POINT('',#2668);
#2668 = CARTESIAN_POINT('',(1.143E+03,7.,107.02));
#2669 = SURFACE_CURVE('',#2670,(#2704,#2711),.PCURVE_S1.);
#2670 = ( BOUNDED_CURVE() B_SPLINE_CURVE(3,(#2671,#2672,#2673,#2674,
    #2675,#2676,#2677,#2678,#2679,#2680,#2681,#2682,#2683,#2684,#2685,
    #2686,#2687,#2688,#2689,#2690,#2691,#2692,#2693,#2694,#2695,#2696,
    #2697,#2698,#2699,#2700,#2701,#2702,#2703),.UNSPECIFIED.,.F.,.F.) 
B_SPLINE_CURVE_WITH_KNOTS((4,1,1,1,1,1,1,1,1,1,1,1,1,1,1,1,1,1,1,1,1,1,1
    ,1,1,1,1,1,1,1,4),(0.,2.746171766758E-03,1.118870024358E-02,
    2.568427470388E-02,4.475633827572E-02,6.800564081826E-02,
    9.590152946084E-02,0.128355449535,0.164550848408,0.204360670546,
    0.247403479125,0.293141649154,0.340973744419,0.390288254891,
    0.440615272158,0.491428867536,0.542208280399,0.592472574445,
    0.641764300614,0.689639726311,0.735545647315,0.778882374264,
    0.819079396185,0.855879581143,0.891348496504,0.922086120951,
    0.948373911541,0.971549368032,0.987555494539,0.997058471654,1.),
.UNSPECIFIED.) CURVE() GEOMETRIC_REPRESENTATION_ITEM() 
RATIONAL_B_SPLINE_CURVE((1.,0.999999999998,1.000000000004,0.999999999998
    ,1.000000000001,1.,1.,1.,1.,1.,1.,1.,1.,1.,1.,1.,1.,1.,1.,1.,1.,1.,
    1.,1.,1.,1.,1.,0.999999999999,1.000000000002,0.999999999997,
1.000000000005,0.999999999997,1.)) REPRESENTATION_ITEM('') );
#2671 = CARTESIAN_POINT('',(-1.143E+03,122.5,62.739492552699));
#2672 = CARTESIAN_POINT('',(-1.140904303015E+03,122.99393273768,
    62.566057312218));
#2673 = CARTESIAN_POINT('',(-1.132387523415E+03,125.2167469882,
    61.844730702356));
#2674 = CARTESIAN_POINT('',(-1.113407092995E+03,132.58095516037,
    60.19729306213));
#2675 = CARTESIAN_POINT('',(-1.084288167588E+03,149.6343388224,
    58.488567081634));
#2676 = CARTESIAN_POINT('',(-1.041250735977E+03,164.76616308847,
    58.504245808897));
#2677 = CARTESIAN_POINT('',(-986.1639765364,169.02564046052,
    56.931493059897));
#2678 = CARTESIAN_POINT('',(-921.0355189723,177.4576874279,
    55.290524730553));
#2679 = CARTESIAN_POINT('',(-846.7193466215,194.2969085052,
    53.291478467066));
#2680 = CARTESIAN_POINT('',(-761.92574237,202.78087831134,
    51.218238245563));
#2681 = CARTESIAN_POINT('',(-669.3010995621,215.8191522308,
    49.231428658019));
#2682 = CARTESIAN_POINT('',(-569.3999038535,231.26365394527,
    47.477943652704));
#2683 = CARTESIAN_POINT('',(-463.3061395895,247.89802587407,
    46.062205122949));
#2684 = CARTESIAN_POINT('',(-352.1353432845,263.77235263074,
    45.051880115451));
#2685 = CARTESIAN_POINT('',(-236.8788375159,274.86730543517,
    44.458023935412));
#2686 = CARTESIAN_POINT('',(-119.1251789325,283.45590130196,
    44.254259896412));
#2687 = CARTESIAN_POINT('',(-4.322838209404E-02,288.46809824791,
    44.259275509698));
#2688 = CARTESIAN_POINT('',(119.08775359988,288.8654722201,
    44.388111635173));
#2689 = CARTESIAN_POINT('',(236.93160077187,283.71881166318,
    45.8292081597));
#2690 = CARTESIAN_POINT('',(352.20334401997,273.51266643046,
    48.717642447289));
#2691 = CARTESIAN_POINT('',(463.47076896361,257.71637940973,
    53.137577733791));
#2692 = CARTESIAN_POINT('',(569.5321652657,239.1653961975,
    58.971242946763));
#2693 = CARTESIAN_POINT('',(669.54768243411,220.68538526231,
    66.013669215661));
#2694 = CARTESIAN_POINT('',(761.80413241364,202.18671588236,
    73.871558102464));
#2695 = CARTESIAN_POINT('',(850.21461043637,190.71632521096,
    82.585818521986));
#2696 = CARTESIAN_POINT('',(921.0384205702,145.91922412975,
    90.602084105073));
#2697 = CARTESIAN_POINT('',(986.65403629662,113.66841176291,
    97.891907364942));
#2698 = CARTESIAN_POINT('',(1.04382109491E+03,83.702028881251,
    106.56067231613));
#2699 = CARTESIAN_POINT('',(1.081784968431E+03,45.621688633802,
    106.70408456485));
#2700 = CARTESIAN_POINT('',(1.113976947315E+03,21.590914042552,
    120.6222401526));
#2701 = CARTESIAN_POINT('',(1.132068990368E+03,11.439335899627,
    109.78543484714));
#2702 = CARTESIAN_POINT('',(1.14083495298E+03,7.815773458511,
    107.20388837139));
#2703 = CARTESIAN_POINT('',(1.143E+03,7.,107.02));
#2704 = PCURVE('',#2252,#2705);
#2705 = DEFINITIONAL_REPRESENTATION('',(#2706),#2710);
#2706 = LINE('',#2707,#2708);
#2707 = CARTESIAN_POINT('',(5.,0.));
#2708 = VECTOR('',#2709,1.);
#2709 = DIRECTION('',(0.,1.));
#2710 = ( GEOMETRIC_REPRESENTATION_CONTEXT(2) 
PARAMETRIC_REPRESENTATION_CONTEXT() REPRESENTATION_CONTEXT('2D SPACE',''
  ) );
#2711 = PCURVE('',#2712,#3043);
#2712 = ( BOUNDED_SURFACE() B_SPLINE_SURFACE(9,3,(
    (#2713,#2714,#2715,#2716,#2717,#2718,#2719,#2720,#2721,#2722,#2723
      ,#2724,#2725,#2726,#2727,#2728,#2729,#2730,#2731,#2732,#2733,#2734
      ,#2735,#2736,#2737,#2738,#2739,#2740,#2741,#2742,#2743,#2744,#2745
      )
    ,(#2746,#2747,#2748,#2749,#2750,#2751,#2752,#2753,#2754,#2755,#2756
      ,#2757,#2758,#2759,#2760,#2761,#2762,#2763,#2764,#2765,#2766,#2767
      ,#2768,#2769,#2770,#2771,#2772,#2773,#2774,#2775,#2776,#2777,#2778
      )
    ,(#2779,#2780,#2781,#2782,#2783,#2784,#2785,#2786,#2787,#2788,#2789
      ,#2790,#2791,#2792,#2793,#2794,#2795,#2796,#2797,#2798,#2799,#2800
      ,#2801,#2802,#2803,#2804,#2805,#2806,#2807,#2808,#2809,#2810,#2811
      )
    ,(#2812,#2813,#2814,#2815,#2816,#2817,#2818,#2819,#2820,#2821,#2822
      ,#2823,#2824,#2825,#2826,#2827,#2828,#2829,#2830,#2831,#2832,#2833
      ,#2834,#2835,#2836,#2837,#2838,#2839,#2840,#2841,#2842,#2843,#2844
      )
    ,(#2845,#2846,#2847,#2848,#2849,#2850,#2851,#2852,#2853,#2854,#2855
      ,#2856,#2857,#2858,#2859,#2860,#2861,#2862,#2863,#2864,#2865,#2866
      ,#2867,#2868,#2869,#2870,#2871,#2872,#2873,#2874,#2875,#2876,#2877
      )
    ,(#2878,#2879,#2880,#2881,#2882,#2883,#2884,#2885,#2886,#2887,#2888
      ,#2889,#2890,#2891,#2892,#2893,#2894,#2895,#2896,#2897,#2898,#2899
      ,#2900,#2901,#2902,#2903,#2904,#2905,#2906,#2907,#2908,#2909,#2910
      )
    ,(#2911,#2912,#2913,#2914,#2915,#2916,#2917,#2918,#2919,#2920,#2921
      ,#2922,#2923,#2924,#2925,#2926,#2927,#2928,#2929,#2930,#2931,#2932
      ,#2933,#2934,#2935,#2936,#2937,#2938,#2939,#2940,#2941,#2942,#2943
      )
    ,(#2944,#2945,#2946,#2947,#2948,#2949,#2950,#2951,#2952,#2953,#2954
      ,#2955,#2956,#2957,#2958,#2959,#2960,#2961,#2962,#2963,#2964,#2965
      ,#2966,#2967,#2968,#2969,#2970,#2971,#2972,#2973,#2974,#2975,#2976
      )
    ,(#2977,#2978,#2979,#2980,#2981,#2982,#2983,#2984,#2985,#2986,#2987
      ,#2988,#2989,#2990,#2991,#2992,#2993,#2994,#2995,#2996,#2997,#2998
      ,#2999,#3000,#3001,#3002,#3003,#3004,#3005,#3006,#3007,#3008,#3009
      )
    ,(#3010,#3011,#3012,#3013,#3014,#3015,#3016,#3017,#3018,#3019,#3020
      ,#3021,#3022,#3023,#3024,#3025,#3026,#3027,#3028,#3029,#3030,#3031
      ,#3032,#3033,#3034,#3035,#3036,#3037,#3038,#3039,#3040,#3041,#3042
)),.UNSPECIFIED.,.F.,.F.,.F.) B_SPLINE_SURFACE_WITH_KNOTS((10,10),(4,1,1
    ,1,1,1,1,1,1,1,1,1,1,1,1,1,1,1,1,1,1,1,1,1,1,1,1,1,1,1,4),(5.,6.),(
    0.,2.746171766758E-03,1.118870024358E-02,2.568427470388E-02,
    4.475633827572E-02,6.800564081826E-02,9.590152946084E-02,
    0.128355449535,0.164550848408,0.204360670546,0.247403479125,
    0.293141649154,0.340973744419,0.390288254891,0.440615272158,
    0.491428867536,0.542208280399,0.592472574445,0.641764300614,
    0.689639726311,0.735545647315,0.778882374264,0.819079396185,
    0.855879581143,0.891348496504,0.922086120951,0.948373911541,
    0.971549368032,0.987555494539,0.997058471654,1.),.UNSPECIFIED.) 
GEOMETRIC_REPRESENTATION_ITEM() RATIONAL_B_SPLINE_SURFACE((
    (1.,0.999999999998,1.000000000004,0.999999999998,1.000000000001,1.
      ,1.,1.,1.,1.,1.,1.,1.,1.,1.,1.,1.,1.,1.,1.,1.,1.,1.,1.,1.,1.,1.
      ,0.999999999999,1.000000000002,0.999999999997,1.000000000005
      ,0.999999999997,1.)
    ,(1.,0.999999999998,1.000000000004,0.999999999998,1.000000000001,1.
      ,1.,1.,1.,1.,1.,1.,1.,1.,1.,1.,1.,1.,1.,1.,1.,1.,1.,1.,1.,1.,1.
      ,0.999999999999,1.000000000002,0.999999999997,1.000000000005
      ,0.999999999997,1.)
    ,(1.,0.999999999998,1.000000000004,0.999999999998,1.000000000001,1.
      ,1.,1.,1.,1.,1.,1.,1.,1.,1.,1.,1.,1.,1.,1.,1.,1.,1.,1.,1.,1.,1.
      ,0.999999999999,1.000000000002,0.999999999997,1.000000000005
      ,0.999999999997,1.)
    ,(1.,0.999999999998,1.000000000004,0.999999999998,1.000000000001,1.
      ,1.,1.,1.,1.,1.,1.,1.,1.,1.,1.,1.,1.,1.,1.,1.,1.,1.,1.,1.,1.,1.
      ,0.999999999999,1.000000000002,0.999999999997,1.000000000005
      ,0.999999999997,1.)
    ,(1.,0.999999999998,1.000000000004,0.999999999998,1.000000000001,1.
      ,1.,1.,1.,1.,1.,1.,1.,1.,1.,1.,1.,1.,1.,1.,1.,1.,1.,1.,1.,1.,1.
      ,0.999999999999,1.000000000002,0.999999999997,1.000000000005
      ,0.999999999997,1.)
    ,(1.,0.999999999998,1.000000000004,0.999999999998,1.000000000001,1.
      ,1.,1.,1.,1.,1.,1.,1.,1.,1.,1.,1.,1.,1.,1.,1.,1.,1.,1.,1.,1.,1.
      ,0.999999999999,1.000000000002,0.999999999997,1.000000000005
      ,0.999999999997,1.)
    ,(1.,0.999999999998,1.000000000004,0.999999999998,1.000000000001,1.
      ,1.,1.,1.,1.,1.,1.,1.,1.,1.,1.,1.,1.,1.,1.,1.,1.,1.,1.,1.,1.,1.
      ,0.999999999999,1.000000000002,0.999999999997,1.000000000005
      ,0.999999999997,1.)
    ,(1.,0.999999999998,1.000000000004,0.999999999998,1.000000000001,1.
      ,1.,1.,1.,1.,1.,1.,1.,1.,1.,1.,1.,1.,1.,1.,1.,1.,1.,1.,1.,1.,1.
      ,0.999999999999,1.000000000002,0.999999999997,1.000000000005
      ,0.999999999997,1.)
    ,(1.,0.999999999998,1.000000000004,0.999999999998,1.000000000001,1.
      ,1.,1.,1.,1.,1.,1.,1.,1.,1.,1.,1.,1.,1.,1.,1.,1.,1.,1.,1.,1.,1.
      ,0.999999999999,1.000000000002,0.999999999997,1.000000000005
      ,0.999999999997,1.)
    ,(1.,0.999999999998,1.000000000004,0.999999999998,1.000000000001,1.
      ,1.,1.,1.,1.,1.,1.,1.,1.,1.,1.,1.,1.,1.,1.,1.,1.,1.,1.,1.,1.,1.
      ,0.999999999999,1.000000000002,0.999999999997,1.000000000005
,0.999999999997,1.))) REPRESENTATION_ITEM('') SURFACE() );
#2713 = CARTESIAN_POINT('',(-1.143E+03,122.5,62.739492552699));
#2714 = CARTESIAN_POINT('',(-1.140904303015E+03,122.99393273768,
    62.566057312218));
#2715 = CARTESIAN_POINT('',(-1.132387523415E+03,125.2167469882,
    61.844730702356));
#2716 = CARTESIAN_POINT('',(-1.113407092995E+03,132.58095516037,
    60.19729306213));
#2717 = CARTESIAN_POINT('',(-1.084288167588E+03,149.6343388224,
    58.488567081634));
#2718 = CARTESIAN_POINT('',(-1.041250735977E+03,164.76616308847,
    58.504245808897));
#2719 = CARTESIAN_POINT('',(-986.1639765364,169.02564046052,
    56.931493059897));
#2720 = CARTESIAN_POINT('',(-921.0355189723,177.4576874279,
    55.290524730553));
#2721 = CARTESIAN_POINT('',(-846.7193466215,194.2969085052,
    53.291478467066));
#2722 = CARTESIAN_POINT('',(-761.92574237,202.78087831134,
    51.218238245563));
#2723 = CARTESIAN_POINT('',(-669.3010995621,215.8191522308,
    49.231428658019));
#2724 = CARTESIAN_POINT('',(-569.3999038535,231.26365394527,
    47.477943652704));
#2725 = CARTESIAN_POINT('',(-463.3061395895,247.89802587407,
    46.062205122949));
#2726 = CARTESIAN_POINT('',(-352.1353432845,263.77235263074,
    45.051880115451));
#2727 = CARTESIAN_POINT('',(-236.8788375159,274.86730543517,
    44.458023935412));
#2728 = CARTESIAN_POINT('',(-119.1251789325,283.45590130196,
    44.254259896412));
#2729 = CARTESIAN_POINT('',(-4.322838209404E-02,288.46809824791,
    44.259275509698));
#2730 = CARTESIAN_POINT('',(119.08775359988,288.8654722201,
    44.388111635173));
#2731 = CARTESIAN_POINT('',(236.93160077187,283.71881166318,
    45.8292081597));
#2732 = CARTESIAN_POINT('',(352.20334401997,273.51266643046,
    48.717642447289));
#2733 = CARTESIAN_POINT('',(463.47076896361,257.71637940973,
    53.137577733791));
#2734 = CARTESIAN_POINT('',(569.5321652657,239.1653961975,
    58.971242946763));
#2735 = CARTESIAN_POINT('',(669.54768243411,220.68538526231,
    66.013669215661));
#2736 = CARTESIAN_POINT('',(761.80413241364,202.18671588236,
    73.871558102464));
#2737 = CARTESIAN_POINT('',(850.21461043637,190.71632521096,
    82.585818521986));
#2738 = CARTESIAN_POINT('',(921.0384205702,145.91922412975,
    90.602084105073));
#2739 = CARTESIAN_POINT('',(986.65403629662,113.66841176291,
    97.891907364942));
#2740 = CARTESIAN_POINT('',(1.04382109491E+03,83.702028881251,
    106.56067231613));
#2741 = CARTESIAN_POINT('',(1.081784968431E+03,45.621688633802,
    106.70408456485));
#2742 = CARTESIAN_POINT('',(1.113976947315E+03,21.590914042552,
    120.6222401526));
#2743 = CARTESIAN_POINT('',(1.132068990368E+03,11.439335899627,
    109.78543484714));
#2744 = CARTESIAN_POINT('',(1.14083495298E+03,7.815773458511,
    107.20388837139));
#2745 = CARTESIAN_POINT('',(1.143E+03,7.,107.02));
#2746 = CARTESIAN_POINT('',(-1.143E+03,122.5,65.82296140287));
#2747 = CARTESIAN_POINT('',(-1.140904303015E+03,122.9939327362,
    65.650081554744));
#2748 = CARTESIAN_POINT('',(-1.132387523415E+03,125.21674699038,
    64.928124734484));
#2749 = CARTESIAN_POINT('',(-1.113407092995E+03,132.58095515892,
    63.269865127329));
#2750 = CARTESIAN_POINT('',(-1.084288167588E+03,149.63433882303,
    61.656278530533));
#2751 = CARTESIAN_POINT('',(-1.041250735977E+03,164.76616308824,
    62.168926766184));
#2752 = CARTESIAN_POINT('',(-986.1639765364,169.0256404606,
    60.957146127012));
#2753 = CARTESIAN_POINT('',(-921.0355189723,177.45768742787,
    59.721529399664));
#2754 = CARTESIAN_POINT('',(-846.7193466215,194.29690850521,
    58.096805345763));
#2755 = CARTESIAN_POINT('',(-761.92574237,202.78087831134,
    56.393095550334));
#2756 = CARTESIAN_POINT('',(-669.3010995621,215.8191522308,
    54.746366713787));
#2757 = CARTESIAN_POINT('',(-569.3999038535,231.26365394527,
    53.300184633209));
#2758 = CARTESIAN_POINT('',(-463.3061395895,247.89802587406,
    52.14972645654));
#2759 = CARTESIAN_POINT('',(-352.1353432845,263.77235263074,
    51.355306802688));
#2760 = CARTESIAN_POINT('',(-236.8788375159,274.86730543517,
    50.921324859899));
#2761 = CARTESIAN_POINT('',(-119.1251789325,283.45590130196,
    50.815606158388));
#2762 = CARTESIAN_POINT('',(-4.322838209404E-02,288.46809824791,
    50.853721203174));
#2763 = CARTESIAN_POINT('',(119.08775359988,288.86547222009,
    50.949492394636));
#2764 = CARTESIAN_POINT('',(236.93160077187,283.71881166319,
    52.292449929976));
#2765 = CARTESIAN_POINT('',(352.20334401997,273.51266643046,
    55.02098191266));
#2766 = CARTESIAN_POINT('',(463.47076896361,257.71637940974,
    59.224679309882));
#2767 = CARTESIAN_POINT('',(569.5321652657,239.1653961975,
    64.793315302221));
#2768 = CARTESIAN_POINT('',(669.54768243411,220.68538526231,
    71.527151349842));
#2769 = CARTESIAN_POINT('',(761.80413241364,202.18671588237,
    79.048782228074));
#2770 = CARTESIAN_POINT('',(850.21461043637,190.71632521094,
    87.37011069764));
#2771 = CARTESIAN_POINT('',(921.0384205702,145.9192241298,
    95.048301423763));
#2772 = CARTESIAN_POINT('',(986.65403629662,113.66841176275,
    101.86752763159));
#2773 = CARTESIAN_POINT('',(1.04382109491E+03,83.702028881733,
    110.34945913795));
#2774 = CARTESIAN_POINT('',(1.081784968431E+03,45.62168863243,
    109.47629990673));
#2775 = CARTESIAN_POINT('',(1.113976947315E+03,21.590914045397,
    124.54578993698));
#2776 = CARTESIAN_POINT('',(1.132068990368E+03,11.439335895281,
    111.56637457004));
#2777 = CARTESIAN_POINT('',(1.14083495298E+03,7.815773461317,
    108.33965421841));
#2778 = CARTESIAN_POINT('',(1.143E+03,7.,108.06370689269));
#2779 = CARTESIAN_POINT('',(-1.143E+03,121.89456155091,68.906431102309)
  );
#2780 = CARTESIAN_POINT('',(-1.140904303015E+03,122.388385238,
    68.734106646095));
#2781 = CARTESIAN_POINT('',(-1.132387523415E+03,124.61132322876,
    68.011519616733));
#2782 = CARTESIAN_POINT('',(-1.113407092995E+03,131.97765629322,
    66.342438038238));
#2783 = CARTESIAN_POINT('',(-1.084288167588E+03,149.01235935699,
    64.823990851979));
#2784 = CARTESIAN_POINT('',(-1.041250735977E+03,164.04660376562,
    65.833608733685));
#2785 = CARTESIAN_POINT('',(-986.1639765364,168.23520434673,
    64.982800298156));
#2786 = CARTESIAN_POINT('',(-921.0355189723,176.58766058588,
    64.152535312345));
#2787 = CARTESIAN_POINT('',(-846.7193466215,193.35338370718,
    62.90213344136));
#2788 = CARTESIAN_POINT('',(-761.92574237,201.76479572087,
    61.567954746117));
#2789 = CARTESIAN_POINT('',(-669.3010995621,214.7362973142,
    60.261304297663));
#2790 = CARTESIAN_POINT('',(-569.3999038535,230.12045953163,
    59.122425859994));
#2791 = CARTESIAN_POINT('',(-463.3061395895,246.70274399894,
    58.237247830388));
#2792 = CARTESIAN_POINT('',(-352.1353432845,262.5346777817,
    57.658733593517));
#2793 = CARTESIAN_POINT('',(-236.8788375159,273.59823937256,
    57.384625873309));
#2794 = CARTESIAN_POINT('',(-119.1251789325,282.16758407918,
    57.376952515469));
#2795 = CARTESIAN_POINT('',(-4.322838209404E-02,287.17328196905,
    57.448166990612));
#2796 = CARTESIAN_POINT('',(119.08775359988,287.57714822376,
    57.51087324919));
#2797 = CARTESIAN_POINT('',(236.93160077187,282.44975721538,
    58.755691789229));
#2798 = CARTESIAN_POINT('',(352.20334401997,272.27500870763,
    61.324321481437));
#2799 = CARTESIAN_POINT('',(463.47076896361,256.52117995315,
    65.311780926754));
#2800 = CARTESIAN_POINT('',(569.5321652657,238.02223489471,
    70.615387902811));
#2801 = CARTESIAN_POINT('',(669.54768243411,219.60281621297,
    77.04063301349));
#2802 = CARTESIAN_POINT('',(761.80413241364,201.17016856465,
    84.226008250764));
#2803 = CARTESIAN_POINT('',(850.21461043637,189.77693058262,
    92.154404064358));
#2804 = CARTESIAN_POINT('',(921.0384205702,145.04621028269,
    99.494520028002));
#2805 = CARTESIAN_POINT('',(986.65403629662,112.88779958373,
    105.84314888404));
#2806 = CARTESIAN_POINT('',(1.04382109491E+03,82.958101385847,
    114.1382473148));
#2807 = CARTESIAN_POINT('',(1.081784968431E+03,45.077364779444,
    112.24851513087));
#2808 = CARTESIAN_POINT('',(1.113976947315E+03,20.820525809713,
    128.46934262755));
#2809 = CARTESIAN_POINT('',(1.132068990368E+03,11.089648876011,
    113.34731199521));
#2810 = CARTESIAN_POINT('',(1.14083495298E+03,7.592766006424,
    109.47542217818));
#2811 = CARTESIAN_POINT('',(1.143E+03,6.795068374898,109.10741407284));
#2812 = CARTESIAN_POINT('',(-1.143E+03,120.68368974971,71.854035856009)
  );
#2813 = CARTESIAN_POINT('',(-1.140904303015E+03,121.17729533434,
    71.68224232072));
#2814 = CARTESIAN_POINT('',(-1.132387523415E+03,123.40048080999,
    70.959052848569));
#2815 = CARTESIAN_POINT('',(-1.113407092995E+03,130.77106363589,
    69.279626142335));
#2816 = CARTESIAN_POINT('',(-1.084288167588E+03,147.76840566217,
    67.852126299766));
#2817 = CARTESIAN_POINT('',(-1.041250735977E+03,162.60749118385,
    69.336816167006));
#2818 = CARTESIAN_POINT('',(-986.1639765364,166.65433874097,
    68.831074681783));
#2819 = CARTESIAN_POINT('',(-921.0355189723,174.84761438511,
    68.388300521605));
#2820 = CARTESIAN_POINT('',(-846.7193466215,191.46634132327,
    67.495728069935));
#2821 = CARTESIAN_POINT('',(-761.92574237,199.73264228752,
    66.514794736203));
#2822 = CARTESIAN_POINT('',(-669.3010995621,212.57058294567,
    65.533252300418));
#2823 = CARTESIAN_POINT('',(-569.3999038535,227.83407102111,
    64.688133299759));
#2824 = CARTESIAN_POINT('',(-463.3061395895,244.31217909018,
    64.056548170775));
#2825 = CARTESIAN_POINT('',(-352.1353432845,260.05932730876,
    63.684426026609));
#2826 = CARTESIAN_POINT('',(-236.8788375159,271.06010633416,
    63.563148435002));
#2827 = CARTESIAN_POINT('',(-119.1251789325,279.59094873949,
    63.64920043285));
#2828 = CARTESIAN_POINT('',(-4.322838209404E-02,284.58364850179,
    63.752055959024));
#2829 = CARTESIAN_POINT('',(119.08775359988,285.00049933688,
    63.783154144147));
#2830 = CARTESIAN_POINT('',(236.93160077187,279.91164740719,
    64.934157802795));
#2831 = CARTESIAN_POINT('',(352.20334401997,269.79969248555,
    67.349930536718));
#2832 = CARTESIAN_POINT('',(463.47076896361,254.13077988588,
    71.130680001589));
#2833 = CARTESIAN_POINT('',(569.5321652657,235.73591259621,
    76.180934154044));
#2834 = CARTESIAN_POINT('',(669.54768243411,217.43767359484,
    82.311189233019));
#2835 = CARTESIAN_POINT('',(761.80413241364,199.13708569703,
    89.175110761739));
#2836 = CARTESIAN_POINT('',(850.21461043637,187.89814843541,
    96.727890875442));
#2837 = CARTESIAN_POINT('',(921.0384205702,143.3001901203,
    103.74482755426));
#2838 = CARTESIAN_POINT('',(986.65403629662,111.32658175428,
    109.6435950689));
#2839 = CARTESIAN_POINT('',(1.04382109491E+03,81.470252679652,
    117.76009210405));
#2840 = CARTESIAN_POINT('',(1.081784968431E+03,43.988721613989,
    114.89858126455));
#2841 = CARTESIAN_POINT('',(1.113976947315E+03,19.279755908118,
    132.22001174911));
#2842 = CARTESIAN_POINT('',(1.132068990368E+03,10.390277653143,
    115.04978106722));
#2843 = CARTESIAN_POINT('',(1.14083495298E+03,7.14675305683,
    110.56114297413));
#2844 = CARTESIAN_POINT('',(1.143E+03,6.385206849945,110.1051330536));
#2845 = CARTESIAN_POINT('',(-1.143E+03,118.9029372033,74.529934564134));
#2846 = CARTESIAN_POINT('',(-1.140904303015E+03,119.39622204007,
    74.358623010181));
#2847 = CARTESIAN_POINT('',(-1.132387523415E+03,121.61977147205,
    73.634886627656));
#2848 = CARTESIAN_POINT('',(-1.113407092995E+03,128.99660415683,
    71.94606839323));
#2849 = CARTESIAN_POINT('',(-1.084288167588E+03,145.93900167032,
    70.601132493618));
#2850 = CARTESIAN_POINT('',(-1.041250735977E+03,160.49107934541,
    72.517102898443));
#2851 = CARTESIAN_POINT('',(-986.1639765364,164.32945980076,
    72.324620492469));
#2852 = CARTESIAN_POINT('',(-921.0355189723,172.28863811637,
    72.233619223138));
#2853 = CARTESIAN_POINT('',(-846.7193466215,188.69118938595,
    71.665890017176));
#2854 = CARTESIAN_POINT('',(-761.92574237,196.74407449044,
    71.005649042049));
#2855 = CARTESIAN_POINT('',(-669.3010995621,209.38563939953,
    70.319209468735));
#2856 = CARTESIAN_POINT('',(-569.3999038535,224.47164833632,
    69.740781156185));
#2857 = CARTESIAN_POINT('',(-463.3061395895,240.79655575158,
    69.339408871333));
#2858 = CARTESIAN_POINT('',(-352.1353432845,256.41901513577,
    69.154653946651));
#2859 = CARTESIAN_POINT('',(-236.8788375159,267.32746486278,
    69.172117930295));
#2860 = CARTESIAN_POINT('',(-119.1251789325,275.80168474192,
    69.343255497902));
#2861 = CARTESIAN_POINT('',(-4.322838209404E-02,280.77526916317,
    69.474835292577));
#2862 = CARTESIAN_POINT('',(119.08775359988,281.21121541669,
    69.477239146574));
#2863 = CARTESIAN_POINT('',(236.93160077187,276.17904009735,
    70.543075963653));
#2864 = CARTESIAN_POINT('',(352.20334401997,266.15943068669,
    72.82008276186));
#2865 = CARTESIAN_POINT('',(463.47076896361,250.6153989561,
    76.413176435433));
#2866 = CARTESIAN_POINT('',(569.5321652657,232.37358730977,
    81.23343565967));
#2867 = CARTESIAN_POINT('',(669.54768243411,214.25357083815,
    87.095882950036));
#2868 = CARTESIAN_POINT('',(761.80413241364,196.14715099734,
    93.668019072231));
#2869 = CARTESIAN_POINT('',(850.21461043637,185.13514448223,
    100.8797983531));
#2870 = CARTESIAN_POINT('',(921.0384205702,140.73242826405,
    107.60334817659));
#2871 = CARTESIAN_POINT('',(986.65403629662,109.03059758032,
    113.09372126654));
#2872 = CARTESIAN_POINT('',(1.04382109491E+03,79.282167671491,
    121.048080784));
#2873 = CARTESIAN_POINT('',(1.081784968431E+03,42.38772307734,
    117.30436686831));
#2874 = CARTESIAN_POINT('',(1.113976947315E+03,17.013842921895,
    135.62495191215));
#2875 = CARTESIAN_POINT('',(1.132068990368E+03,9.36175691306,
    116.59531523701));
#2876 = CARTESIAN_POINT('',(1.14083495298E+03,6.490829857824,
    111.54678595216));
#2877 = CARTESIAN_POINT('',(1.143E+03,5.782449437051,111.01088370701));
#2878 = CARTESIAN_POINT('',(-1.143E+03,116.62346687395,76.809404893487)
  );
#2879 = CARTESIAN_POINT('',(-1.140904303015E+03,117.11634113392,
    76.638503915797));
#2880 = CARTESIAN_POINT('',(-1.132387523415E+03,119.34035645248,
    75.914301648014));
#2881 = CARTESIAN_POINT('',(-1.113407092995E+03,126.72518933246,
    74.217483217081));
#2882 = CARTESIAN_POINT('',(-1.084288167588E+03,143.59725456086,
    72.942879603312));
#2883 = CARTESIAN_POINT('',(-1.041250735977E+03,157.78194496649,
    75.226237277277));
#2884 = CARTESIAN_POINT('',(-986.1639765364,161.35347484015,
    75.300605453106));
#2885 = CARTESIAN_POINT('',(-921.0355189723,169.01299526619,
    75.509262073303));
#2886 = CARTESIAN_POINT('',(-846.7193466215,185.1388251223,
    75.218254280827));
#2887 = CARTESIAN_POINT('',(-761.92574237,192.91854079324,74.83118273924
    ));
#2888 = CARTESIAN_POINT('',(-669.3010995621,205.30866555437,
    74.396183313918));
#2889 = CARTESIAN_POINT('',(-569.3999038535,220.16750789961,
    74.044921592815));
#2890 = CARTESIAN_POINT('',(-463.3061395895,236.29630161134,
    73.839663011463));
#2891 = CARTESIAN_POINT('',(-352.1353432845,251.7591518971,
    73.814517185413));
#2892 = CARTESIAN_POINT('',(-236.8788375159,262.54941296047,
    73.950169832667));
#2893 = CARTESIAN_POINT('',(-119.1251789325,270.95115202983,
    74.193788209782));
#2894 = CARTESIAN_POINT('',(-4.322838209404E-02,275.90026738436,
    74.3498370714));
#2895 = CARTESIAN_POINT('',(119.08775359988,276.36065720186,
    74.32779736124));
#2896 = CARTESIAN_POINT('',(236.93160077187,271.4010319263,
    75.321084134907));
#2897 = CARTESIAN_POINT('',(352.20334401997,261.49963192456,
    77.479881523903));
#2898 = CARTESIAN_POINT('',(463.47076896361,246.11545513382,
    80.913120257863));
#2899 = CARTESIAN_POINT('',(569.5321652657,228.06957151107,
    85.537451458019));
#2900 = CARTESIAN_POINT('',(669.54768243411,210.17767332751,
    91.171780461442));
#2901 = CARTESIAN_POINT('',(761.80413241364,192.31986764719,
    97.495302419782));
#2902 = CARTESIAN_POINT('',(850.21461043637,181.59833009943,
    104.41661274461));
#2903 = CARTESIAN_POINT('',(921.0384205702,137.4455394189,
    110.89023699215));
#2904 = CARTESIAN_POINT('',(986.65403629662,106.09159964098,
    116.03271929447));
#2905 = CARTESIAN_POINT('',(1.04382109491E+03,76.481287316469,
    123.84896087372));
#2906 = CARTESIAN_POINT('',(1.081784968431E+03,40.338348731046,
    119.35374196802));
#2907 = CARTESIAN_POINT('',(1.113976947315E+03,14.113337959104,
    138.52545531391));
#2908 = CARTESIAN_POINT('',(1.132068990368E+03,8.045188677924,
    117.91188585643));
#2909 = CARTESIAN_POINT('',(1.14083495298E+03,5.651208625941,
    112.38640564489));
#2910 = CARTESIAN_POINT('',(1.143E+03,5.010883707013,111.78244943705));
#2911 = CARTESIAN_POINT('',(-1.143E+03,113.94756816582,78.590157439895)
  );
#2912 = CARTESIAN_POINT('',(-1.140904303015E+03,114.43996044492,
    78.419577210882));
#2913 = CARTESIAN_POINT('',(-1.132387523415E+03,116.66452267272,
    77.695010984738));
#2914 = CARTESIAN_POINT('',(-1.113407092995E+03,124.058747082,
    75.99194269695));
#2915 = CARTESIAN_POINT('',(-1.084288167588E+03,140.84824836682,
    74.772283594806));
#2916 = CARTESIAN_POINT('',(-1.041250735977E+03,154.60165823512,
    77.342649115853));
#2917 = CARTESIAN_POINT('',(-986.1639765364,157.85992902945,
    77.625484393261));
#2918 = CARTESIAN_POINT('',(-921.0355189723,165.16767656466,
    78.06823834207));
#2919 = CARTESIAN_POINT('',(-846.7193466215,180.96866317506,
    77.993406218147));
#2920 = CARTESIAN_POINT('',(-761.92574237,188.42768648741,
    77.819750536326));
#2921 = CARTESIAN_POINT('',(-669.3010995621,200.52270838602,
    77.581126860041));
#2922 = CARTESIAN_POINT('',(-569.3999038535,215.11486004325,
    77.407344277678));
#2923 = CARTESIAN_POINT('',(-463.3061395895,231.01344091086,
    77.355286350166));
#2924 = CARTESIAN_POINT('',(-352.1353432845,246.28892397699,
    77.454829358314));
#2925 = CARTESIAN_POINT('',(-236.8788375159,256.94044346512,
    77.682811304003));
#2926 = CARTESIAN_POINT('',(-119.1251789325,265.25709696496,
    77.983052207533));
#2927 = CARTESIAN_POINT('',(-4.322838209404E-02,270.17748805079,
    78.158216410011));
#2928 = CARTESIAN_POINT('',(119.08775359988,270.66657219957,
    78.117081281576));
#2929 = CARTESIAN_POINT('',(236.93160077187,265.79211376527,
    79.053691444569));
#2930 = CARTESIAN_POINT('',(352.20334401997,256.0294796995,
    81.120143322829));
#2931 = CARTESIAN_POINT('',(463.47076896361,240.83295869982,
    84.428501187557));
#2932 = CARTESIAN_POINT('',(569.5321652657,223.01707000582,
    88.899776744631));
#2933 = CARTESIAN_POINT('',(669.54768243411,205.39297960959,
    94.355883217901));
#2934 = CARTESIAN_POINT('',(761.80413241364,187.82695933973,
    100.48523712032));
#2935 = CARTESIAN_POINT('',(850.21461043637,177.44642261162,
    107.17961669494));
#2936 = CARTESIAN_POINT('',(921.0384205702,133.587018831,113.4579988581)
  );
#2937 = CARTESIAN_POINT('',(986.65403629662,102.64147334022,
    118.32870343939));
#2938 = CARTESIAN_POINT('',(1.04382109491E+03,73.193298945337,
    126.03704596884));
#2939 = CARTESIAN_POINT('',(1.081784968431E+03,37.932562250278,
    120.95474025773));
#2940 = CARTESIAN_POINT('',(1.113976947315E+03,10.708399613152,
    140.79136881178));
#2941 = CARTESIAN_POINT('',(1.132068990368E+03,6.499651732749,
    118.94040581503));
#2942 = CARTESIAN_POINT('',(1.14083495298E+03,4.665567439541,
    113.04232934838));
#2943 = CARTESIAN_POINT('',(1.143E+03,4.105133053601,112.38520684994));
#2944 = CARTESIAN_POINT('',(-1.143E+03,110.99996341212,79.801029241094)
  );
#2945 = CARTESIAN_POINT('',(-1.140904303015E+03,111.49182477029,
    79.63066711272));
#2946 = CARTESIAN_POINT('',(-1.132387523415E+03,113.71698944089,
    78.905853406203));
#2947 = CARTESIAN_POINT('',(-1.113407092995E+03,121.12155897791,
    77.198535352487));
#2948 = CARTESIAN_POINT('',(-1.084288167588E+03,137.82011291902,
    76.016237290415));
#2949 = CARTESIAN_POINT('',(-1.041250735977E+03,151.0984508018,
    78.781761697333));
#2950 = CARTESIAN_POINT('',(-986.1639765364,154.01165464581,
    79.20634999913));
#2951 = CARTESIAN_POINT('',(-921.0355189723,160.93191135541,
    79.808284542796));
#2952 = CARTESIAN_POINT('',(-846.7193466215,176.37506854648,
    79.880448602064));
#2953 = CARTESIAN_POINT('',(-761.92574237,183.48084649731,
    79.851903969676));
#2954 = CARTESIAN_POINT('',(-669.3010995621,195.25076038329,
    79.746841228582));
#2955 = CARTESIAN_POINT('',(-569.3999038535,209.54915260345,
    79.693732788147));
#2956 = CARTESIAN_POINT('',(-463.3061395895,225.19414057043,
    79.745851258859));
#2957 = CARTESIAN_POINT('',(-352.1353432845,240.26323154394,
    79.93017983131));
#2958 = CARTESIAN_POINT('',(-236.8788375159,250.76192090347,
    80.220944342423));
#2959 = CARTESIAN_POINT('',(-119.1251789325,258.98484904746,
    80.559687547113));
#2960 = CARTESIAN_POINT('',(-4.322838209404E-02,263.87359908239,
    80.74784987728));
#2961 = CARTESIAN_POINT('',(119.08775359988,264.39429130453,
    80.693730168368));
#2962 = CARTESIAN_POINT('',(236.93160077187,259.61364775181,
    81.591801252871));
#2963 = CARTESIAN_POINT('',(352.20334401997,250.00387064417,
    83.595459544887));
#2964 = CARTESIAN_POINT('',(463.47076896361,235.0140596251,
    86.818901254805));
#2965 = CARTESIAN_POINT('',(569.5321652657,217.45152375429,
    91.186099043284));
#2966 = CARTESIAN_POINT('',(669.54768243411,200.12242339083,
    96.521025835293));
#2967 = CARTESIAN_POINT('',(761.80413241364,182.87785682618,
    102.51831999032));
#2968 = CARTESIAN_POINT('',(850.21461043637,172.87293580914,
    109.05839883418));
#2969 = CARTESIAN_POINT('',(921.0384205702,129.33671127556,
    115.2040190475));
#2970 = CARTESIAN_POINT('',(986.65403629662,98.841027242761,
    119.88992118796));
#2971 = CARTESIAN_POINT('',(1.04382109491E+03,69.571453894331,
    127.52489491725));
#2972 = CARTESIAN_POINT('',(1.081784968431E+03,35.282496859951,
    122.04338273533));
#2973 = CARTESIAN_POINT('',(1.113976947315E+03,6.957728951428,
    142.33214013855));
#2974 = CARTESIAN_POINT('',(1.132068990368E+03,4.797185013155,
    119.63977486111));
#2975 = CARTESIAN_POINT('',(1.14083495298E+03,3.579845125003,
    113.48834370317));
#2976 = CARTESIAN_POINT('',(1.143E+03,3.107414072849,112.79506837489));
#2977 = CARTESIAN_POINT('',(-1.143E+03,107.91649371268,80.406467690183)
  );
#2978 = CARTESIAN_POINT('',(-1.140904303013E+03,108.40779967894,
    80.236214613556));
#2979 = CARTESIAN_POINT('',(-1.132387523417E+03,110.63359455863,
    79.511277163937));
#2980 = CARTESIAN_POINT('',(-1.113407092993E+03,118.048986067,
    77.801834220765));
#2981 = CARTESIAN_POINT('',(-1.084288167589E+03,134.65240059758,
    76.638216755322));
#2982 = CARTESIAN_POINT('',(-1.041250735977E+03,147.4337688343,
    79.501321020362));
#2983 = CARTESIAN_POINT('',(-986.1639765365,149.98600047467,
    79.996786112852));
#2984 = CARTESIAN_POINT('',(-921.0355189722,156.50090544272,
    80.678311384835));
#2985 = CARTESIAN_POINT('',(-846.7193466215,171.56974045088,
    80.82397340008));
#2986 = CARTESIAN_POINT('',(-761.9257423699,178.30598730153,
    80.867986560144));
#2987 = CARTESIAN_POINT('',(-669.3010995621,189.7358227994,
    80.829696145177));
#2988 = CARTESIAN_POINT('',(-569.3999038535,203.72691137668,
    80.836927201811));
#2989 = CARTESIAN_POINT('',(-463.3061395895,219.1066191966,
    80.94113313401));
#2990 = CARTESIAN_POINT('',(-352.1353432845,233.95980475309,
    81.167854680331));
#2991 = CARTESIAN_POINT('',(-236.8788375159,244.29861989004,
    81.490010405023));
#2992 = CARTESIAN_POINT('',(-119.1251789325,252.42350269043,
    81.848004769932));
#2993 = CARTESIAN_POINT('',(-4.322838209406E-02,257.27915329495,
    82.042666156136));
#2994 = CARTESIAN_POINT('',(119.08775359988,257.83291045001,
    81.982054164735));
#2995 = CARTESIAN_POINT('',(236.93160077187,253.15040589251,
    82.860855700639));
#2996 = CARTESIAN_POINT('',(352.20334401997,243.70053107542,
    84.833117267707));
#2997 = CARTESIAN_POINT('',(463.47076896361,228.92695800815,
    88.014100711458));
#2998 = CARTESIAN_POINT('',(569.53216526571,211.62945115392,
    92.329260345802));
#2999 = CARTESIAN_POINT('',(669.54768243409,194.60894172654,
    97.60359488563));
#3000 = CARTESIAN_POINT('',(761.8041324137,177.70063080563,
    103.53486730475));
#3001 = CARTESIAN_POINT('',(850.21461043616,168.08864243526,
    109.99779347348));
#3002 = CARTESIAN_POINT('',(921.03842057092,124.89049269561,
    116.0770328574));
#3003 = CARTESIAN_POINT('',(986.65403629447,94.865405917552,
    120.67053347841));
#3004 = CARTESIAN_POINT('',(1.043821094916E+03,65.7826659354,
    128.26882207945));
#3005 = CARTESIAN_POINT('',(1.081784968413E+03,32.510281016967,
    122.58770753593));
#3006 = CARTESIAN_POINT('',(1.113976947353E+03,3.034177543066,
    143.10252641086));
#3007 = CARTESIAN_POINT('',(1.13206899031E+03,3.016245629574,
    119.98946487921));
#3008 = CARTESIAN_POINT('',(1.140834953018E+03,2.44407842947,
    113.7113492222));
#3009 = CARTESIAN_POINT('',(1.143E+03,2.063706892693,113.));
#3010 = CARTESIAN_POINT('',(-1.143E+03,104.83302486251,80.406467690183)
  );
#3011 = CARTESIAN_POINT('',(-1.140904303013E+03,105.32377543588,
    80.236214613214));
#3012 = CARTESIAN_POINT('',(-1.132387523417E+03,107.5502005273,
    79.511277164441));
#3013 = CARTESIAN_POINT('',(-1.113407092993E+03,114.97641400128,
    77.80183422043));
#3014 = CARTESIAN_POINT('',(-1.084288167589E+03,131.48468914891,
    76.638216755468));
#3015 = CARTESIAN_POINT('',(-1.041250735977E+03,143.76908787693,
    79.501321020309));
#3016 = CARTESIAN_POINT('',(-986.1639765365,145.96034740759,
    79.996786112871));
#3017 = CARTESIAN_POINT('',(-921.0355189722,152.0699007736,
    80.678311384829));
#3018 = CARTESIAN_POINT('',(-846.7193466215,166.76441357219,
    80.823973400082));
#3019 = CARTESIAN_POINT('',(-761.9257423699,173.13112999676,
    80.867986560143));
#3020 = CARTESIAN_POINT('',(-669.3010995621,184.22088474364,
    80.829696145178));
#3021 = CARTESIAN_POINT('',(-569.3999038535,197.90467039617,
    80.83692720181));
#3022 = CARTESIAN_POINT('',(-463.3061395895,213.01909786301,
    80.94113313401));
#3023 = CARTESIAN_POINT('',(-352.1353432845,227.65637806586,
    81.167854680331));
#3024 = CARTESIAN_POINT('',(-236.8788375159,237.83531896555,
    81.490010405024));
#3025 = CARTESIAN_POINT('',(-119.1251789325,245.86215642844,
    81.848004769931));
#3026 = CARTESIAN_POINT('',(-4.322838209409E-02,250.68470760147,
    82.042666156136));
#3027 = CARTESIAN_POINT('',(119.08775359988,251.27152969054,
    81.982054164735));
#3028 = CARTESIAN_POINT('',(236.93160077187,246.68716412224,
    82.860855700637));
#3029 = CARTESIAN_POINT('',(352.20334401997,237.39719161004,
    84.833117267714));
#3030 = CARTESIAN_POINT('',(463.47076896361,222.83985643206,
    88.014100711435));
#3031 = CARTESIAN_POINT('',(569.53216526571,205.80737879847,
    92.329260345883));
#3032 = CARTESIAN_POINT('',(669.54768243409,189.09545959231,
    97.603594885355));
#3033 = CARTESIAN_POINT('',(761.8041324137,172.52340668016,
    103.53486730567));
#3034 = CARTESIAN_POINT('',(850.21461043616,163.30435025914,
    109.99779347043));
#3035 = CARTESIAN_POINT('',(921.03842057092,120.44427537851,
    116.07703286776));
#3036 = CARTESIAN_POINT('',(986.65403629447,90.889785646159,
    120.6705334474));
#3037 = CARTESIAN_POINT('',(1.043821094916E+03,61.993879127764,
    128.26882217229));
#3038 = CARTESIAN_POINT('',(1.081784968413E+03,29.738065634806,
    122.58770727228));
#3039 = CARTESIAN_POINT('',(1.113976947353E+03,-0.889372157852,
    143.10252695712));
#3040 = CARTESIAN_POINT('',(1.13206899031E+03,1.235305779195,
    119.98946404485));
#3041 = CARTESIAN_POINT('',(1.140834953018E+03,1.30831266474,
    113.71134976081));
#3042 = CARTESIAN_POINT('',(1.143E+03,1.02,113.));
#3043 = DEFINITIONAL_REPRESENTATION('',(#3044),#3048);
#3044 = LINE('',#3045,#3046);
#3045 = CARTESIAN_POINT('',(5.,0.));
#3046 = VECTOR('',#3047,1.);
#3047 = DIRECTION('',(0.,1.));
#3048 = ( GEOMETRIC_REPRESENTATION_CONTEXT(2) 
PARAMETRIC_REPRESENTATION_CONTEXT() REPRESENTATION_CONTEXT('2D SPACE',''
  ) );
#3049 = ORIENTED_EDGE('',*,*,#3050,.F.);
#3050 = EDGE_CURVE('',#2207,#2667,#3051,.T.);
#3051 = SURFACE_CURVE('',#3052,(#3063,#3070),.PCURVE_S1.);
#3052 = B_SPLINE_CURVE_WITH_KNOTS('',9,(#3053,#3054,#3055,#3056,#3057,
    #3058,#3059,#3060,#3061,#3062),.UNSPECIFIED.,.F.,.F.,(10,10),(4.,5.)
  ,.PIECEWISE_BEZIER_KNOTS.);
#3053 = CARTESIAN_POINT('',(1.143E+03,7.,105.98));
#3054 = CARTESIAN_POINT('',(1.143E+03,7.,106.09555555555));
#3055 = CARTESIAN_POINT('',(1.143E+03,7.,106.21111111111));
#3056 = CARTESIAN_POINT('',(1.143E+03,7.,106.32666666666));
#3057 = CARTESIAN_POINT('',(1.143E+03,7.,106.44222222222));
#3058 = CARTESIAN_POINT('',(1.143E+03,7.,106.55777777777));
#3059 = CARTESIAN_POINT('',(1.143E+03,7.,106.67333333333));
#3060 = CARTESIAN_POINT('',(1.143E+03,7.,106.78888888888));
#3061 = CARTESIAN_POINT('',(1.143E+03,7.,106.90444444444));
#3062 = CARTESIAN_POINT('',(1.143E+03,7.,107.02));
#3063 = PCURVE('',#2252,#3064);
#3064 = DEFINITIONAL_REPRESENTATION('',(#3065),#3069);
#3065 = LINE('',#3066,#3067);
#3066 = CARTESIAN_POINT('',(0.,1.));
#3067 = VECTOR('',#3068,1.);
#3068 = DIRECTION('',(1.,0.));
#3069 = ( GEOMETRIC_REPRESENTATION_CONTEXT(2) 
PARAMETRIC_REPRESENTATION_CONTEXT() REPRESENTATION_CONTEXT('2D SPACE',''
  ) );
#3070 = PCURVE('',#845,#3071);
#3071 = DEFINITIONAL_REPRESENTATION('',(#3072),#3083);
#3072 = B_SPLINE_CURVE_WITH_KNOTS('',9,(#3073,#3074,#3075,#3076,#3077,
    #3078,#3079,#3080,#3081,#3082),.UNSPECIFIED.,.F.,.F.,(10,10),(4.,5.)
  ,.PIECEWISE_BEZIER_KNOTS.);
#3073 = CARTESIAN_POINT('',(13.9999673166,1.040439875303));
#3074 = CARTESIAN_POINT('',(13.982889692558,1.15472653759));
#3075 = CARTESIAN_POINT('',(13.965812068516,1.269013199878));
#3076 = CARTESIAN_POINT('',(13.948734444474,1.383299862165));
#3077 = CARTESIAN_POINT('',(13.931656820431,1.497586524453));
#3078 = CARTESIAN_POINT('',(13.914579196389,1.61187318674));
#3079 = CARTESIAN_POINT('',(13.897501572347,1.726159849028));
#3080 = CARTESIAN_POINT('',(13.880423948305,1.840446511315));
#3081 = CARTESIAN_POINT('',(13.863346324262,1.954733173603));
#3082 = CARTESIAN_POINT('',(13.84626870022,2.06901983589));
#3083 = ( GEOMETRIC_REPRESENTATION_CONTEXT(2) 
PARAMETRIC_REPRESENTATION_CONTEXT() REPRESENTATION_CONTEXT('2D SPACE',''
  ) );
#3084 = ORIENTED_EDGE('',*,*,#2206,.F.);
#3085 = ADVANCED_FACE('',(#3086),#2712,.T.);
#3086 = FACE_BOUND('',#3087,.T.);
#3087 = EDGE_LOOP('',(#3088,#3125,#3509,#3544));
#3088 = ORIENTED_EDGE('',*,*,#3089,.T.);
#3089 = EDGE_CURVE('',#2630,#3090,#3092,.T.);
#3090 = VERTEX_POINT('',#3091);
#3091 = CARTESIAN_POINT('',(-1.143E+03,104.83302486251,80.406467690183)
  );
#3092 = SURFACE_CURVE('',#3093,(#3104,#3111),.PCURVE_S1.);
#3093 = B_SPLINE_CURVE_WITH_KNOTS('',9,(#3094,#3095,#3096,#3097,#3098,
    #3099,#3100,#3101,#3102,#3103),.UNSPECIFIED.,.F.,.F.,(10,10),(5.,6.)
  ,.PIECEWISE_BEZIER_KNOTS.);
#3094 = CARTESIAN_POINT('',(-1.143E+03,122.5,62.739492552699));
#3095 = CARTESIAN_POINT('',(-1.143E+03,122.5,65.82296140287));
#3096 = CARTESIAN_POINT('',(-1.143E+03,121.89456155091,68.906431102309)
  );
#3097 = CARTESIAN_POINT('',(-1.143E+03,120.68368974971,71.854035856009)
  );
#3098 = CARTESIAN_POINT('',(-1.143E+03,118.9029372033,74.529934564134));
#3099 = CARTESIAN_POINT('',(-1.143E+03,116.62346687395,76.809404893487)
  );
#3100 = CARTESIAN_POINT('',(-1.143E+03,113.94756816582,78.590157439895)
  );
#3101 = CARTESIAN_POINT('',(-1.143E+03,110.99996341212,79.801029241094)
  );
#3102 = CARTESIAN_POINT('',(-1.143E+03,107.91649371268,80.406467690183)
  );
#3103 = CARTESIAN_POINT('',(-1.143E+03,104.83302486251,80.406467690183)
  );
#3104 = PCURVE('',#2712,#3105);
#3105 = DEFINITIONAL_REPRESENTATION('',(#3106),#3110);
#3106 = LINE('',#3107,#3108);
#3107 = CARTESIAN_POINT('',(0.,0.));
#3108 = VECTOR('',#3109,1.);
#3109 = DIRECTION('',(1.,0.));
#3110 = ( GEOMETRIC_REPRESENTATION_CONTEXT(2) 
PARAMETRIC_REPRESENTATION_CONTEXT() REPRESENTATION_CONTEXT('2D SPACE',''
  ) );
#3111 = PCURVE('',#419,#3112);
#3112 = DEFINITIONAL_REPRESENTATION('',(#3113),#3124);
#3113 = B_SPLINE_CURVE_WITH_KNOTS('',9,(#3114,#3115,#3116,#3117,#3118,
    #3119,#3120,#3121,#3122,#3123),.UNSPECIFIED.,.F.,.F.,(10,10),(5.,6.)
  ,.PIECEWISE_BEZIER_KNOTS.);
#3114 = CARTESIAN_POINT('',(244.98073622475,3.072275830378));
#3115 = CARTESIAN_POINT('',(244.94206982956,6.155502234627));
#3116 = CARTESIAN_POINT('',(244.29801257883,9.231137349653));
#3117 = CARTESIAN_POINT('',(243.05027331281,12.163326127174));
#3118 = CARTESIAN_POINT('',(241.23610527698,14.816683974403));
#3119 = CARTESIAN_POINT('',(238.92822984398,17.067390741295));
#3120 = CARTESIAN_POINT('',(236.23021107423,18.814447765489));
#3121 = CARTESIAN_POINT('',(233.26765387085,19.988261685852));
#3122 = CARTESIAN_POINT('',(230.17683447897,20.554986124895));
#3123 = CARTESIAN_POINT('',(227.09360807472,20.516319729703));
#3124 = ( GEOMETRIC_REPRESENTATION_CONTEXT(2) 
PARAMETRIC_REPRESENTATION_CONTEXT() REPRESENTATION_CONTEXT('2D SPACE',''
  ) );
#3125 = ORIENTED_EDGE('',*,*,#3126,.T.);
#3126 = EDGE_CURVE('',#3090,#3127,#3129,.T.);
#3127 = VERTEX_POINT('',#3128);
#3128 = CARTESIAN_POINT('',(1.143E+03,1.02,113.));
#3129 = SURFACE_CURVE('',#3130,(#3164,#3171),.PCURVE_S1.);
#3130 = ( BOUNDED_CURVE() B_SPLINE_CURVE(3,(#3131,#3132,#3133,#3134,
    #3135,#3136,#3137,#3138,#3139,#3140,#3141,#3142,#3143,#3144,#3145,
    #3146,#3147,#3148,#3149,#3150,#3151,#3152,#3153,#3154,#3155,#3156,
    #3157,#3158,#3159,#3160,#3161,#3162,#3163),.UNSPECIFIED.,.F.,.F.) 
B_SPLINE_CURVE_WITH_KNOTS((4,1,1,1,1,1,1,1,1,1,1,1,1,1,1,1,1,1,1,1,1,1,1
    ,1,1,1,1,1,1,1,4),(0.,2.746171766758E-03,1.118870024358E-02,
    2.568427470388E-02,4.475633827572E-02,6.800564081826E-02,
    9.590152946084E-02,0.128355449535,0.164550848408,0.204360670546,
    0.247403479125,0.293141649154,0.340973744419,0.390288254891,
    0.440615272158,0.491428867536,0.542208280399,0.592472574445,
    0.641764300614,0.689639726311,0.735545647315,0.778882374264,
    0.819079396185,0.855879581143,0.891348496504,0.922086120951,
    0.948373911541,0.971549368032,0.987555494539,0.997058471654,1.),
.UNSPECIFIED.) CURVE() GEOMETRIC_REPRESENTATION_ITEM() 
RATIONAL_B_SPLINE_CURVE((1.,0.999999999998,1.000000000004,0.999999999998
    ,1.000000000001,1.,1.,1.,1.,1.,1.,1.,1.,1.,1.,1.,1.,1.,1.,1.,1.,1.,
    1.,1.,1.,1.,1.,0.999999999999,1.000000000002,0.999999999997,
1.000000000005,0.999999999997,1.)) REPRESENTATION_ITEM('') );
#3131 = CARTESIAN_POINT('',(-1.143E+03,104.83302486251,80.406467690183)
  );
#3132 = CARTESIAN_POINT('',(-1.140904303013E+03,105.32377543588,
    80.236214613214));
#3133 = CARTESIAN_POINT('',(-1.132387523417E+03,107.5502005273,
    79.511277164441));
#3134 = CARTESIAN_POINT('',(-1.113407092993E+03,114.97641400128,
    77.80183422043));
#3135 = CARTESIAN_POINT('',(-1.084288167589E+03,131.48468914891,
    76.638216755468));
#3136 = CARTESIAN_POINT('',(-1.041250735977E+03,143.76908787693,
    79.501321020309));
#3137 = CARTESIAN_POINT('',(-986.1639765365,145.96034740759,
    79.996786112871));
#3138 = CARTESIAN_POINT('',(-921.0355189722,152.0699007736,
    80.678311384829));
#3139 = CARTESIAN_POINT('',(-846.7193466215,166.76441357219,
    80.823973400082));
#3140 = CARTESIAN_POINT('',(-761.9257423699,173.13112999676,
    80.867986560143));
#3141 = CARTESIAN_POINT('',(-669.3010995621,184.22088474364,
    80.829696145178));
#3142 = CARTESIAN_POINT('',(-569.3999038535,197.90467039617,
    80.83692720181));
#3143 = CARTESIAN_POINT('',(-463.3061395895,213.01909786301,
    80.94113313401));
#3144 = CARTESIAN_POINT('',(-352.1353432845,227.65637806586,
    81.167854680331));
#3145 = CARTESIAN_POINT('',(-236.8788375159,237.83531896555,
    81.490010405024));
#3146 = CARTESIAN_POINT('',(-119.1251789325,245.86215642844,
    81.848004769931));
#3147 = CARTESIAN_POINT('',(-4.322838209409E-02,250.68470760147,
    82.042666156136));
#3148 = CARTESIAN_POINT('',(119.08775359988,251.27152969054,
    81.982054164735));
#3149 = CARTESIAN_POINT('',(236.93160077187,246.68716412224,
    82.860855700637));
#3150 = CARTESIAN_POINT('',(352.20334401997,237.39719161004,
    84.833117267714));
#3151 = CARTESIAN_POINT('',(463.47076896361,222.83985643206,
    88.014100711435));
#3152 = CARTESIAN_POINT('',(569.53216526571,205.80737879847,
    92.329260345883));
#3153 = CARTESIAN_POINT('',(669.54768243409,189.09545959231,
    97.603594885355));
#3154 = CARTESIAN_POINT('',(761.8041324137,172.52340668016,
    103.53486730567));
#3155 = CARTESIAN_POINT('',(850.21461043616,163.30435025914,
    109.99779347043));
#3156 = CARTESIAN_POINT('',(921.03842057092,120.44427537851,
    116.07703286776));
#3157 = CARTESIAN_POINT('',(986.65403629447,90.889785646159,
    120.6705334474));
#3158 = CARTESIAN_POINT('',(1.043821094916E+03,61.993879127764,
    128.26882217229));
#3159 = CARTESIAN_POINT('',(1.081784968413E+03,29.738065634806,
    122.58770727228));
#3160 = CARTESIAN_POINT('',(1.113976947353E+03,-0.889372157852,
    143.10252695712));
#3161 = CARTESIAN_POINT('',(1.13206899031E+03,1.235305779195,
    119.98946404485));
#3162 = CARTESIAN_POINT('',(1.140834953018E+03,1.30831266474,
    113.71134976081));
#3163 = CARTESIAN_POINT('',(1.143E+03,1.02,113.));
#3164 = PCURVE('',#2712,#3165);
#3165 = DEFINITIONAL_REPRESENTATION('',(#3166),#3170);
#3166 = LINE('',#3167,#3168);
#3167 = CARTESIAN_POINT('',(6.,0.));
#3168 = VECTOR('',#3169,1.);
#3169 = DIRECTION('',(0.,1.));
#3170 = ( GEOMETRIC_REPRESENTATION_CONTEXT(2) 
PARAMETRIC_REPRESENTATION_CONTEXT() REPRESENTATION_CONTEXT('2D SPACE',''
  ) );
#3171 = PCURVE('',#3172,#3503);
#3172 = ( BOUNDED_SURFACE() B_SPLINE_SURFACE(9,3,(
    (#3173,#3174,#3175,#3176,#3177,#3178,#3179,#3180,#3181,#3182,#3183
      ,#3184,#3185,#3186,#3187,#3188,#3189,#3190,#3191,#3192,#3193,#3194
      ,#3195,#3196,#3197,#3198,#3199,#3200,#3201,#3202,#3203,#3204,#3205
      )
    ,(#3206,#3207,#3208,#3209,#3210,#3211,#3212,#3213,#3214,#3215,#3216
      ,#3217,#3218,#3219,#3220,#3221,#3222,#3223,#3224,#3225,#3226,#3227
      ,#3228,#3229,#3230,#3231,#3232,#3233,#3234,#3235,#3236,#3237,#3238
      )
    ,(#3239,#3240,#3241,#3242,#3243,#3244,#3245,#3246,#3247,#3248,#3249
      ,#3250,#3251,#3252,#3253,#3254,#3255,#3256,#3257,#3258,#3259,#3260
      ,#3261,#3262,#3263,#3264,#3265,#3266,#3267,#3268,#3269,#3270,#3271
      )
    ,(#3272,#3273,#3274,#3275,#3276,#3277,#3278,#3279,#3280,#3281,#3282
      ,#3283,#3284,#3285,#3286,#3287,#3288,#3289,#3290,#3291,#3292,#3293
      ,#3294,#3295,#3296,#3297,#3298,#3299,#3300,#3301,#3302,#3303,#3304
      )
    ,(#3305,#3306,#3307,#3308,#3309,#3310,#3311,#3312,#3313,#3314,#3315
      ,#3316,#3317,#3318,#3319,#3320,#3321,#3322,#3323,#3324,#3325,#3326
      ,#3327,#3328,#3329,#3330,#3331,#3332,#3333,#3334,#3335,#3336,#3337
      )
    ,(#3338,#3339,#3340,#3341,#3342,#3343,#3344,#3345,#3346,#3347,#3348
      ,#3349,#3350,#3351,#3352,#3353,#3354,#3355,#3356,#3357,#3358,#3359
      ,#3360,#3361,#3362,#3363,#3364,#3365,#3366,#3367,#3368,#3369,#3370
      )
    ,(#3371,#3372,#3373,#3374,#3375,#3376,#3377,#3378,#3379,#3380,#3381
      ,#3382,#3383,#3384,#3385,#3386,#3387,#3388,#3389,#3390,#3391,#3392
      ,#3393,#3394,#3395,#3396,#3397,#3398,#3399,#3400,#3401,#3402,#3403
      )
    ,(#3404,#3405,#3406,#3407,#3408,#3409,#3410,#3411,#3412,#3413,#3414
      ,#3415,#3416,#3417,#3418,#3419,#3420,#3421,#3422,#3423,#3424,#3425
      ,#3426,#3427,#3428,#3429,#3430,#3431,#3432,#3433,#3434,#3435,#3436
      )
    ,(#3437,#3438,#3439,#3440,#3441,#3442,#3443,#3444,#3445,#3446,#3447
      ,#3448,#3449,#3450,#3451,#3452,#3453,#3454,#3455,#3456,#3457,#3458
      ,#3459,#3460,#3461,#3462,#3463,#3464,#3465,#3466,#3467,#3468,#3469
      )
    ,(#3470,#3471,#3472,#3473,#3474,#3475,#3476,#3477,#3478,#3479,#3480
      ,#3481,#3482,#3483,#3484,#3485,#3486,#3487,#3488,#3489,#3490,#3491
      ,#3492,#3493,#3494,#3495,#3496,#3497,#3498,#3499,#3500,#3501,#3502
)),.UNSPECIFIED.,.F.,.F.,.F.) B_SPLINE_SURFACE_WITH_KNOTS((10,10),(4,1,1
    ,1,1,1,1,1,1,1,1,1,1,1,1,1,1,1,1,1,1,1,1,1,1,1,1,1,1,1,4),(6.,7.),(
    0.,2.746171766758E-03,1.118870024358E-02,2.568427470388E-02,
    4.475633827572E-02,6.800564081826E-02,9.590152946084E-02,
    0.128355449535,0.164550848408,0.204360670546,0.247403479125,
    0.293141649154,0.340973744419,0.390288254891,0.440615272158,
    0.491428867536,0.542208280399,0.592472574445,0.641764300614,
    0.689639726311,0.735545647315,0.778882374264,0.819079396185,
    0.855879581143,0.891348496504,0.922086120951,0.948373911541,
    0.971549368032,0.987555494539,0.997058471654,1.),.UNSPECIFIED.) 
GEOMETRIC_REPRESENTATION_ITEM() RATIONAL_B_SPLINE_SURFACE((
    (1.,0.999999999998,1.000000000004,0.999999999998,1.000000000001,1.
      ,1.,1.,1.,1.,1.,1.,1.,1.,1.,1.,1.,1.,1.,1.,1.,1.,1.,1.,1.,1.,1.
      ,0.999999999999,1.000000000002,0.999999999997,1.000000000005
      ,0.999999999997,1.)
    ,(1.,0.999999999998,1.000000000004,0.999999999998,1.000000000001,1.
      ,1.,1.,1.,1.,1.,1.,1.,1.,1.,1.,1.,1.,1.,1.,1.,1.,1.,1.,1.,1.,1.
      ,0.999999999999,1.000000000002,0.999999999997,1.000000000005
      ,0.999999999997,1.)
    ,(1.,0.999999999998,1.000000000004,0.999999999998,1.000000000001,1.
      ,1.,1.,1.,1.,1.,1.,1.,1.,1.,1.,1.,1.,1.,1.,1.,1.,1.,1.,1.,1.,1.
      ,0.999999999999,1.000000000002,0.999999999997,1.000000000005
      ,0.999999999997,1.)
    ,(1.,0.999999999998,1.000000000004,0.999999999998,1.000000000001,1.
      ,1.,1.,1.,1.,1.,1.,1.,1.,1.,1.,1.,1.,1.,1.,1.,1.,1.,1.,1.,1.,1.
      ,0.999999999999,1.000000000002,0.999999999997,1.000000000005
      ,0.999999999997,1.)
    ,(1.,0.999999999998,1.000000000004,0.999999999998,1.000000000001,1.
      ,1.,1.,1.,1.,1.,1.,1.,1.,1.,1.,1.,1.,1.,1.,1.,1.,1.,1.,1.,1.,1.
      ,0.999999999999,1.000000000002,0.999999999997,1.000000000005
      ,0.999999999997,1.)
    ,(1.,0.999999999998,1.000000000004,0.999999999998,1.000000000001,1.
      ,1.,1.,1.,1.,1.,1.,1.,1.,1.,1.,1.,1.,1.,1.,1.,1.,1.,1.,1.,1.,1.
      ,0.999999999999,1.000000000002,0.999999999997,1.000000000005
      ,0.999999999997,1.)
    ,(1.,0.999999999998,1.000000000004,0.999999999998,1.000000000001,1.
      ,1.,1.,1.,1.,1.,1.,1.,1.,1.,1.,1.,1.,1.,1.,1.,1.,1.,1.,1.,1.,1.
      ,0.999999999999,1.000000000002,0.999999999997,1.000000000005
      ,0.999999999997,1.)
    ,(1.,0.999999999998,1.000000000004,0.999999999998,1.000000000001,1.
      ,1.,1.,1.,1.,1.,1.,1.,1.,1.,1.,1.,1.,1.,1.,1.,1.,1.,1.,1.,1.,1.
      ,0.999999999999,1.000000000002,0.999999999997,1.000000000005
      ,0.999999999997,1.)
    ,(1.,0.999999999998,1.000000000004,0.999999999998,1.000000000001,1.
      ,1.,1.,1.,1.,1.,1.,1.,1.,1.,1.,1.,1.,1.,1.,1.,1.,1.,1.,1.,1.,1.
      ,0.999999999999,1.000000000002,0.999999999997,1.000000000005
      ,0.999999999997,1.)
    ,(1.,0.999999999998,1.000000000004,0.999999999998,1.000000000001,1.
      ,1.,1.,1.,1.,1.,1.,1.,1.,1.,1.,1.,1.,1.,1.,1.,1.,1.,1.,1.,1.,1.
      ,0.999999999999,1.000000000002,0.999999999997,1.000000000005
,0.999999999997,1.))) REPRESENTATION_ITEM('') SURFACE() );
#3173 = CARTESIAN_POINT('',(-1.143E+03,104.83302486251,80.406467690183)
  );
#3174 = CARTESIAN_POINT('',(-1.140904303013E+03,105.32377543588,
    80.236214613214));
#3175 = CARTESIAN_POINT('',(-1.132387523417E+03,107.5502005273,
    79.511277164441));
#3176 = CARTESIAN_POINT('',(-1.113407092993E+03,114.97641400128,
    77.80183422043));
#3177 = CARTESIAN_POINT('',(-1.084288167589E+03,131.48468914891,
    76.638216755468));
#3178 = CARTESIAN_POINT('',(-1.041250735977E+03,143.76908787693,
    79.501321020309));
#3179 = CARTESIAN_POINT('',(-986.1639765365,145.96034740759,
    79.996786112871));
#3180 = CARTESIAN_POINT('',(-921.0355189722,152.0699007736,
    80.678311384829));
#3181 = CARTESIAN_POINT('',(-846.7193466215,166.76441357219,
    80.823973400082));
#3182 = CARTESIAN_POINT('',(-761.9257423699,173.13112999676,
    80.867986560143));
#3183 = CARTESIAN_POINT('',(-669.3010995621,184.22088474364,
    80.829696145178));
#3184 = CARTESIAN_POINT('',(-569.3999038535,197.90467039617,
    80.83692720181));
#3185 = CARTESIAN_POINT('',(-463.3061395895,213.01909786301,
    80.94113313401));
#3186 = CARTESIAN_POINT('',(-352.1353432845,227.65637806586,
    81.167854680331));
#3187 = CARTESIAN_POINT('',(-236.8788375159,237.83531896555,
    81.490010405024));
#3188 = CARTESIAN_POINT('',(-119.1251789325,245.86215642844,
    81.848004769931));
#3189 = CARTESIAN_POINT('',(-4.322838209409E-02,250.68470760147,
    82.042666156136));
#3190 = CARTESIAN_POINT('',(119.08775359988,251.27152969054,
    81.982054164735));
#3191 = CARTESIAN_POINT('',(236.93160077187,246.68716412224,
    82.860855700637));
#3192 = CARTESIAN_POINT('',(352.20334401997,237.39719161004,
    84.833117267714));
#3193 = CARTESIAN_POINT('',(463.47076896361,222.83985643206,
    88.014100711435));
#3194 = CARTESIAN_POINT('',(569.53216526571,205.80737879847,
    92.329260345883));
#3195 = CARTESIAN_POINT('',(669.54768243409,189.09545959231,
    97.603594885355));
#3196 = CARTESIAN_POINT('',(761.8041324137,172.52340668016,
    103.53486730567));
#3197 = CARTESIAN_POINT('',(850.21461043616,163.30435025914,
    109.99779347043));
#3198 = CARTESIAN_POINT('',(921.03842057092,120.44427537851,
    116.07703286776));
#3199 = CARTESIAN_POINT('',(986.65403629447,90.889785646159,
    120.6705334474));
#3200 = CARTESIAN_POINT('',(1.043821094916E+03,61.993879127764,
    128.26882217229));
#3201 = CARTESIAN_POINT('',(1.081784968413E+03,29.738065634806,
    122.58770727228));
#3202 = CARTESIAN_POINT('',(1.113976947353E+03,-0.889372157852,
    143.10252695712));
#3203 = CARTESIAN_POINT('',(1.13206899031E+03,1.235305779195,
    119.98946404485));
#3204 = CARTESIAN_POINT('',(1.140834953018E+03,1.30831266474,
    113.71134976081));
#3205 = CARTESIAN_POINT('',(1.143E+03,1.02,113.));
#3206 = CARTESIAN_POINT('',(-1.143E+03,81.53679711529,80.406467690183));
#3207 = CARTESIAN_POINT('',(-1.140904303013E+03,81.918492006745,
    80.236214613214));
#3208 = CARTESIAN_POINT('',(-1.132387523417E+03,83.650155964124,
    79.511277164441));
#3209 = CARTESIAN_POINT('',(-1.113407092993E+03,89.426099779809,
    77.80183422043));
#3210 = CARTESIAN_POINT('',(-1.084288167589E+03,102.26586933759,
    76.638216755468));
#3211 = CARTESIAN_POINT('',(-1.041250735977E+03,111.82040168222,
    79.501321020309));
#3212 = CARTESIAN_POINT('',(-986.1639765365,113.52471465029,
    79.996786112871));
#3213 = CARTESIAN_POINT('',(-921.0355189722,118.2765894906,
    80.678311384829));
#3214 = CARTESIAN_POINT('',(-846.7193466215,129.70565500059,
    80.823973400082));
#3215 = CARTESIAN_POINT('',(-761.9257423699,134.65754555304,
    80.867986560143));
#3216 = CARTESIAN_POINT('',(-669.3010995621,143.28291035616,
    80.829696145178));
#3217 = CARTESIAN_POINT('',(-569.3999038535,153.92585475257,
    80.83692720181));
#3218 = CARTESIAN_POINT('',(-463.3061395895,165.68152056012,
    80.94113313401));
#3219 = CARTESIAN_POINT('',(-352.1353432845,177.066071829,
    81.167854680331));
#3220 = CARTESIAN_POINT('',(-236.8788375159,184.9830258621,
    81.490010405024));
#3221 = CARTESIAN_POINT('',(-119.1251789325,191.22612166657,
    81.848004769931));
#3222 = CARTESIAN_POINT('',(-4.322838209409E-02,194.97699480114,
    82.042666156136));
#3223 = CARTESIAN_POINT('',(119.08775359988,195.43341198153,
    81.982054164735));
#3224 = CARTESIAN_POINT('',(236.93160077187,191.8677943173,
    82.860855700637));
#3225 = CARTESIAN_POINT('',(352.20334401997,184.64226014115,
    84.833117267714));
#3226 = CARTESIAN_POINT('',(463.47076896361,173.31988833604,
    88.014100711435));
#3227 = CARTESIAN_POINT('',(569.53216526571,160.07240573216,
    92.329260345883));
#3228 = CARTESIAN_POINT('',(669.54768243409,147.07424634951,
    97.603594885355));
#3229 = CARTESIAN_POINT('',(761.8041324137,134.18487186256,
    103.53486730567));
#3230 = CARTESIAN_POINT('',(850.21461043616,127.01449464529,
    109.99779347043));
#3231 = CARTESIAN_POINT('',(921.03842057092,93.67888085235,
    116.07703286776));
#3232 = CARTESIAN_POINT('',(986.65403629447,70.692055495392,
    120.6705334474));
#3233 = CARTESIAN_POINT('',(1.043821094916E+03,48.217461565308,
    128.26882217229));
#3234 = CARTESIAN_POINT('',(1.081784968413E+03,23.129606543819,
    122.58770727228));
#3235 = CARTESIAN_POINT('',(1.113976947353E+03,-0.691733774101,
    143.10252695712));
#3236 = CARTESIAN_POINT('',(1.13206899031E+03,0.960793190681,
    119.98946404485));
#3237 = CARTESIAN_POINT('',(1.140834953018E+03,1.017576641698,
    113.71134976081));
#3238 = CARTESIAN_POINT('',(1.143E+03,0.793333333333,113.));
#3239 = CARTESIAN_POINT('',(-1.143E+03,58.240569368064,80.406467690183)
  );
#3240 = CARTESIAN_POINT('',(-1.140904303013E+03,58.513208575087,
    80.236214613214));
#3241 = CARTESIAN_POINT('',(-1.132387523417E+03,59.750111404651,
    79.511277164441));
#3242 = CARTESIAN_POINT('',(-1.113407092993E+03,63.875785555874,
    77.80183422043));
#3243 = CARTESIAN_POINT('',(-1.084288167589E+03,73.047049527346,
    76.638216755468));
#3244 = CARTESIAN_POINT('',(-1.041250735977E+03,79.871715487123,
    79.501321020309));
#3245 = CARTESIAN_POINT('',(-986.1639765365,81.089081893129,
    79.996786112871));
#3246 = CARTESIAN_POINT('',(-921.0355189722,84.483278207553,
    80.678311384829));
#3247 = CARTESIAN_POINT('',(-846.7193466215,92.646896429,80.823973400082
    ));
#3248 = CARTESIAN_POINT('',(-761.9257423699,96.183961109312,
    80.867986560143));
#3249 = CARTESIAN_POINT('',(-669.3010995621,102.34493596869,
    80.829696145178));
#3250 = CARTESIAN_POINT('',(-569.3999038535,109.94703910898,
    80.83692720181));
#3251 = CARTESIAN_POINT('',(-463.3061395895,118.34394325722,
    80.94113313401));
#3252 = CARTESIAN_POINT('',(-352.1353432845,126.47576559214,
    81.167854680331));
#3253 = CARTESIAN_POINT('',(-236.8788375159,132.13073275864,
    81.490010405024));
#3254 = CARTESIAN_POINT('',(-119.1251789325,136.59008690469,
    81.848004769931));
#3255 = CARTESIAN_POINT('',(-4.322838209409E-02,139.26928200082,
    82.042666156136));
#3256 = CARTESIAN_POINT('',(119.08775359988,139.59529427252,
    81.982054164735));
#3257 = CARTESIAN_POINT('',(236.93160077187,137.04842451236,
    82.860855700637));
#3258 = CARTESIAN_POINT('',(352.20334401997,131.88732867225,
    84.833117267714));
#3259 = CARTESIAN_POINT('',(463.47076896361,123.79992024002,
    88.014100711435));
#3260 = CARTESIAN_POINT('',(569.53216526571,114.33743266585,
    92.329260345883));
#3261 = CARTESIAN_POINT('',(669.54768243409,105.05303310673,
    97.603594885355));
#3262 = CARTESIAN_POINT('',(761.8041324137,95.846337044891,
    103.53486730567));
#3263 = CARTESIAN_POINT('',(850.21461043616,90.724639031677,
    109.99779347043));
#3264 = CARTESIAN_POINT('',(921.03842057092,66.913486325397,
    116.07703286776));
#3265 = CARTESIAN_POINT('',(986.65403629447,50.494325346993,
    120.6705334474));
#3266 = CARTESIAN_POINT('',(1.043821094916E+03,34.441043995759,
    128.26882217229));
#3267 = CARTESIAN_POINT('',(1.081784968413E+03,16.521147472972,
    122.58770727228));
#3268 = CARTESIAN_POINT('',(1.113976947353E+03,-0.494095432079,
    143.10252695712));
#3269 = CARTESIAN_POINT('',(1.13206899031E+03,0.686280665902,
    119.98946404485));
#3270 = CARTESIAN_POINT('',(1.140834953018E+03,0.726840577513,
    113.71134976081));
#3271 = CARTESIAN_POINT('',(1.143E+03,0.566666666667,113.));
#3272 = CARTESIAN_POINT('',(-1.143E+03,34.944341620839,80.406467690183)
  );
#3273 = CARTESIAN_POINT('',(-1.140904303013E+03,35.107925145145,
    80.236214613214));
#3274 = CARTESIAN_POINT('',(-1.132387523417E+03,35.850066842655,
    79.511277164441));
#3275 = CARTESIAN_POINT('',(-1.113407092993E+03,38.325471333615,
    77.80183422043));
#3276 = CARTESIAN_POINT('',(-1.084288167589E+03,43.828229716368,
    76.638216755468));
#3277 = CARTESIAN_POINT('',(-1.041250735977E+03,47.923029292288,
    79.501321020309));
#3278 = CARTESIAN_POINT('',(-986.1639765365,48.653449135872,
    79.996786112871));
#3279 = CARTESIAN_POINT('',(-921.0355189722,50.689966924534,
    80.678311384829));
#3280 = CARTESIAN_POINT('',(-846.7193466215,55.588137857399,
    80.823973400082));
#3281 = CARTESIAN_POINT('',(-761.9257423699,57.710376665587,
    80.867986560143));
#3282 = CARTESIAN_POINT('',(-669.3010995621,61.406961581215,
    80.829696145178));
#3283 = CARTESIAN_POINT('',(-569.3999038535,65.968223465391,
    80.83692720181));
#3284 = CARTESIAN_POINT('',(-463.3061395895,71.006365954337,
    80.94113313401));
#3285 = CARTESIAN_POINT('',(-352.1353432845,75.885459355287,
    81.167854680331));
#3286 = CARTESIAN_POINT('',(-236.8788375159,79.278439655186,
    81.490010405024));
#3287 = CARTESIAN_POINT('',(-119.1251789325,81.954052142816,
    81.848004769931));
#3288 = CARTESIAN_POINT('',(-4.322838209409E-02,83.561569200492,
    82.042666156136));
#3289 = CARTESIAN_POINT('',(119.08775359988,83.757176563514,
    81.982054164735));
#3290 = CARTESIAN_POINT('',(236.93160077187,82.229054707416,
    82.860855700637));
#3291 = CARTESIAN_POINT('',(352.20334401997,79.132397203351,
    84.833117267714));
#3292 = CARTESIAN_POINT('',(463.47076896361,74.279952144017,
    88.014100711435));
#3293 = CARTESIAN_POINT('',(569.53216526571,68.602459599512,
    92.329260345883));
#3294 = CARTESIAN_POINT('',(669.54768243409,63.031819864038,
    97.603594885355));
#3295 = CARTESIAN_POINT('',(761.8041324137,57.507802226948,
    103.53486730567));
#3296 = CARTESIAN_POINT('',(850.21461043616,54.434783418961,
    109.99779347043));
#3297 = CARTESIAN_POINT('',(921.03842057092,40.148091795389,
    116.07703286776));
#3298 = CARTESIAN_POINT('',(986.65403629447,30.296595207744,
    120.6705334474));
#3299 = CARTESIAN_POINT('',(1.043821094916E+03,20.664626398809,
    128.26882217229));
#3300 = CARTESIAN_POINT('',(1.081784968413E+03,9.912688479938,
    122.58770727228));
#3301 = CARTESIAN_POINT('',(1.113976947353E+03,-0.296457251281,
    143.10252695712));
#3302 = CARTESIAN_POINT('',(1.13206899031E+03,0.411768387373,
    119.98946404485));
#3303 = CARTESIAN_POINT('',(1.140834953018E+03,0.436104354362,
    113.71134976081));
#3304 = CARTESIAN_POINT('',(1.143E+03,0.34,113.));
#3305 = CARTESIAN_POINT('',(-1.143E+03,11.648113873613,80.406467690183)
  );
#3306 = CARTESIAN_POINT('',(-1.140904303013E+03,11.702641714975,
    80.236214613214));
#3307 = CARTESIAN_POINT('',(-1.132387523417E+03,11.950022280993,
    79.511277164441));
#3308 = CARTESIAN_POINT('',(-1.113407092993E+03,12.775157111133,
    77.80183422043));
#3309 = CARTESIAN_POINT('',(-1.084288167589E+03,14.609409905487,
    76.638216755468));
#3310 = CARTESIAN_POINT('',(-1.041250735977E+03,15.974343097418,
    79.501321020309));
#3311 = CARTESIAN_POINT('',(-986.1639765365,16.217816378628,
    79.996786112871));
#3312 = CARTESIAN_POINT('',(-921.0355189722,16.89665564151,
    80.678311384829));
#3313 = CARTESIAN_POINT('',(-846.7193466215,18.5293792858,
    80.823973400082));
#3314 = CARTESIAN_POINT('',(-761.9257423699,19.236792221862,
    80.867986560143));
#3315 = CARTESIAN_POINT('',(-669.3010995621,20.468987193738,
    80.829696145178));
#3316 = CARTESIAN_POINT('',(-569.3999038535,21.989407821797,
    80.83692720181));
#3317 = CARTESIAN_POINT('',(-463.3061395895,23.668788651446,
    80.94113313401));
#3318 = CARTESIAN_POINT('',(-352.1353432845,25.295153118429,
    81.167854680331));
#3319 = CARTESIAN_POINT('',(-236.8788375159,26.426146551729,
    81.490010405024));
#3320 = CARTESIAN_POINT('',(-119.1251789325,27.318017380939,
    81.848004769931));
#3321 = CARTESIAN_POINT('',(-4.322838209409E-02,27.853856400164,
    82.042666156136));
#3322 = CARTESIAN_POINT('',(119.08775359988,27.919058854505,
    81.982054164735));
#3323 = CARTESIAN_POINT('',(236.93160077187,27.409684902472,
    82.860855700637));
#3324 = CARTESIAN_POINT('',(352.20334401997,26.37746573445,
    84.833117267714));
#3325 = CARTESIAN_POINT('',(463.47076896361,24.759984048007,
    88.014100711435));
#3326 = CARTESIAN_POINT('',(569.53216526571,22.867486533164,
    92.329260345883));
#3327 = CARTESIAN_POINT('',(669.54768243409,21.010606621368,
    97.603594885355));
#3328 = CARTESIAN_POINT('',(761.8041324137,19.169267408911,
    103.53486730567));
#3329 = CARTESIAN_POINT('',(850.21461043616,18.144927806559,
    109.99779347043));
#3330 = CARTESIAN_POINT('',(921.03842057092,13.382697264321,
    116.07703286776));
#3331 = CARTESIAN_POINT('',(986.65403629447,10.09886507167,
    120.6705334474));
#3332 = CARTESIAN_POINT('',(1.043821094916E+03,6.88820879235,
    128.26882217229));
#3333 = CARTESIAN_POINT('',(1.081784968413E+03,3.30422951391,
    122.58770727228));
#3334 = CARTESIAN_POINT('',(1.113976947353E+03,-9.88191264373E-02,
    143.10252695712));
#3335 = CARTESIAN_POINT('',(1.13206899031E+03,0.137256194308,
    119.98946404485));
#3336 = CARTESIAN_POINT('',(1.140834953018E+03,0.145368076042,
    113.71134976081));
#3337 = CARTESIAN_POINT('',(1.143E+03,0.113333333333,113.));
#3338 = CARTESIAN_POINT('',(-1.143E+03,-11.64811387361,80.406467690183)
  );
#3339 = CARTESIAN_POINT('',(-1.140904303013E+03,-11.70264171501,
    80.236214613214));
#3340 = CARTESIAN_POINT('',(-1.132387523417E+03,-11.95002228092,
    79.511277164441));
#3341 = CARTESIAN_POINT('',(-1.113407092993E+03,-12.77515711117,
    77.80183422043));
#3342 = CARTESIAN_POINT('',(-1.084288167589E+03,-14.60940990546,
    76.638216755468));
#3343 = CARTESIAN_POINT('',(-1.041250735977E+03,-15.97434309742,
    79.501321020309));
#3344 = CARTESIAN_POINT('',(-986.1639765365,-16.21781637862,
    79.996786112871));
#3345 = CARTESIAN_POINT('',(-921.0355189722,-16.89665564151,
    80.678311384829));
#3346 = CARTESIAN_POINT('',(-846.7193466215,-18.5293792858,
    80.823973400082));
#3347 = CARTESIAN_POINT('',(-761.9257423699,-19.23679222186,
    80.867986560143));
#3348 = CARTESIAN_POINT('',(-669.3010995621,-20.46898719373,
    80.829696145178));
#3349 = CARTESIAN_POINT('',(-569.3999038535,-21.98940782179,
    80.83692720181));
#3350 = CARTESIAN_POINT('',(-463.3061395895,-23.66878865144,
    80.94113313401));
#3351 = CARTESIAN_POINT('',(-352.1353432845,-25.29515311842,
    81.167854680331));
#3352 = CARTESIAN_POINT('',(-236.8788375159,-26.42614655172,
    81.490010405024));
#3353 = CARTESIAN_POINT('',(-119.1251789325,-27.31801738093,
    81.848004769931));
#3354 = CARTESIAN_POINT('',(-4.322838209409E-02,-27.85385640016,
    82.042666156136));
#3355 = CARTESIAN_POINT('',(119.08775359988,-27.9190588545,
    81.982054164735));
#3356 = CARTESIAN_POINT('',(236.93160077187,-27.40968490247,
    82.860855700637));
#3357 = CARTESIAN_POINT('',(352.20334401997,-26.37746573444,
    84.833117267714));
#3358 = CARTESIAN_POINT('',(463.47076896361,-24.759984048,
    88.014100711435));
#3359 = CARTESIAN_POINT('',(569.53216526571,-22.86748653315,
    92.329260345883));
#3360 = CARTESIAN_POINT('',(669.54768243409,-21.01060662139,
    97.603594885355));
#3361 = CARTESIAN_POINT('',(761.8041324137,-19.16926740882,
    103.53486730567));
#3362 = CARTESIAN_POINT('',(850.21461043616,-18.14492780683,
    109.99779347043));
#3363 = CARTESIAN_POINT('',(921.03842057092,-13.38269726338,
    116.07703286776));
#3364 = CARTESIAN_POINT('',(986.65403629447,-10.09886507446,
    120.6705334474));
#3365 = CARTESIAN_POINT('',(1.043821094916E+03,-6.888208783968,
    128.26882217229));
#3366 = CARTESIAN_POINT('',(1.081784968413E+03,-3.304229537712,
    122.58770727228));
#3367 = CARTESIAN_POINT('',(1.113976947353E+03,9.881917575291E-02,
    143.10252695712));
#3368 = CARTESIAN_POINT('',(1.13206899031E+03,-0.137256269632,
    119.98946404485));
#3369 = CARTESIAN_POINT('',(1.140834953018E+03,-0.145368027417,
    113.71134976081));
#3370 = CARTESIAN_POINT('',(1.143E+03,-0.113333333333,113.));
#3371 = CARTESIAN_POINT('',(-1.143E+03,-34.94434162083,80.406467690183)
  );
#3372 = CARTESIAN_POINT('',(-1.140904303013E+03,-35.10792514514,
    80.236214613214));
#3373 = CARTESIAN_POINT('',(-1.132387523417E+03,-35.85006684265,
    79.511277164441));
#3374 = CARTESIAN_POINT('',(-1.113407092993E+03,-38.32547133361,
    77.80183422043));
#3375 = CARTESIAN_POINT('',(-1.084288167589E+03,-43.82822971636,
    76.638216755468));
#3376 = CARTESIAN_POINT('',(-1.041250735977E+03,-47.92302929228,
    79.501321020309));
#3377 = CARTESIAN_POINT('',(-986.1639765365,-48.65344913587,
    79.996786112871));
#3378 = CARTESIAN_POINT('',(-921.0355189722,-50.68996692453,
    80.678311384829));
#3379 = CARTESIAN_POINT('',(-846.7193466215,-55.58813785739,
    80.823973400082));
#3380 = CARTESIAN_POINT('',(-761.9257423699,-57.71037666558,
    80.867986560143));
#3381 = CARTESIAN_POINT('',(-669.3010995621,-61.40696158121,
    80.829696145178));
#3382 = CARTESIAN_POINT('',(-569.3999038535,-65.96822346539,
    80.83692720181));
#3383 = CARTESIAN_POINT('',(-463.3061395895,-71.00636595433,
    80.94113313401));
#3384 = CARTESIAN_POINT('',(-352.1353432845,-75.88545935528,
    81.167854680331));
#3385 = CARTESIAN_POINT('',(-236.8788375159,-79.27843965518,
    81.490010405024));
#3386 = CARTESIAN_POINT('',(-119.1251789325,-81.95405214281,
    81.848004769931));
#3387 = CARTESIAN_POINT('',(-4.322838209409E-02,-83.56156920049,
    82.042666156136));
#3388 = CARTESIAN_POINT('',(119.08775359988,-83.75717656351,
    81.982054164735));
#3389 = CARTESIAN_POINT('',(236.93160077187,-82.22905470741,
    82.860855700637));
#3390 = CARTESIAN_POINT('',(352.20334401997,-79.13239720334,
    84.833117267714));
#3391 = CARTESIAN_POINT('',(463.47076896361,-74.27995214402,
    88.014100711435));
#3392 = CARTESIAN_POINT('',(569.53216526571,-68.60245959946,
    92.329260345883));
#3393 = CARTESIAN_POINT('',(669.54768243409,-63.03181986418,
    97.603594885355));
#3394 = CARTESIAN_POINT('',(761.8041324137,-57.50780222645,
    103.53486730567));
#3395 = CARTESIAN_POINT('',(850.21461043616,-54.43478342061,
    109.99779347043));
#3396 = CARTESIAN_POINT('',(921.03842057092,-40.14809178978,
    116.07703286776));
#3397 = CARTESIAN_POINT('',(986.65403629447,-30.29659522453,
    120.6705334474));
#3398 = CARTESIAN_POINT('',(1.043821094916E+03,-20.66462634852,
    128.26882217229));
#3399 = CARTESIAN_POINT('',(1.081784968413E+03,-9.912688622749,
    122.58770727228));
#3400 = CARTESIAN_POINT('',(1.113976947353E+03,0.296457547175,
    143.10252695712));
#3401 = CARTESIAN_POINT('',(1.13206899031E+03,-0.411768839316,
    119.98946404485));
#3402 = CARTESIAN_POINT('',(1.140834953018E+03,-0.436104062615,
    113.71134976081));
#3403 = CARTESIAN_POINT('',(1.143E+03,-0.34,113.));
#3404 = CARTESIAN_POINT('',(-1.143E+03,-58.24056936806,80.406467690183)
  );
#3405 = CARTESIAN_POINT('',(-1.140904303013E+03,-58.51320857564,
    80.236214613214));
#3406 = CARTESIAN_POINT('',(-1.132387523417E+03,-59.75011140383,
    79.511277164441));
#3407 = CARTESIAN_POINT('',(-1.113407092993E+03,-63.87578555641,
    77.80183422043));
#3408 = CARTESIAN_POINT('',(-1.084288167589E+03,-73.04704952711,
    76.638216755468));
#3409 = CARTESIAN_POINT('',(-1.041250735977E+03,-79.87171548721,
    79.501321020309));
#3410 = CARTESIAN_POINT('',(-986.1639765365,-81.08908189309,
    79.996786112871));
#3411 = CARTESIAN_POINT('',(-921.0355189722,-84.48327820756,
    80.678311384829));
#3412 = CARTESIAN_POINT('',(-846.7193466215,-92.64689642899,
    80.823973400082));
#3413 = CARTESIAN_POINT('',(-761.9257423699,-96.18396110931,
    80.867986560143));
#3414 = CARTESIAN_POINT('',(-669.3010995621,-102.3449359686,
    80.829696145178));
#3415 = CARTESIAN_POINT('',(-569.3999038535,-109.9470391089,
    80.83692720181));
#3416 = CARTESIAN_POINT('',(-463.3061395895,-118.3439432572,
    80.94113313401));
#3417 = CARTESIAN_POINT('',(-352.1353432845,-126.4757655921,
    81.167854680331));
#3418 = CARTESIAN_POINT('',(-236.8788375159,-132.1307327586,
    81.490010405024));
#3419 = CARTESIAN_POINT('',(-119.1251789325,-136.5900869046,
    81.848004769931));
#3420 = CARTESIAN_POINT('',(-4.322838209409E-02,-139.2692820008,
    82.042666156136));
#3421 = CARTESIAN_POINT('',(119.08775359988,-139.5952942725,
    81.982054164735));
#3422 = CARTESIAN_POINT('',(236.93160077187,-137.0484245123,
    82.860855700637));
#3423 = CARTESIAN_POINT('',(352.20334401997,-131.8873286722,
    84.833117267714));
#3424 = CARTESIAN_POINT('',(463.47076896361,-123.79992024,
    88.014100711435));
#3425 = CARTESIAN_POINT('',(569.53216526571,-114.3374326658,
    92.329260345883));
#3426 = CARTESIAN_POINT('',(669.54768243409,-105.0530331066,
    97.603594885355));
#3427 = CARTESIAN_POINT('',(761.8041324137,-95.84633704503,
    103.53486730567));
#3428 = CARTESIAN_POINT('',(850.21461043616,-90.72463903121,
    109.99779347043));
#3429 = CARTESIAN_POINT('',(921.03842057092,-66.91348632697,
    116.07703286776));
#3430 = CARTESIAN_POINT('',(986.65403629447,-50.49432534225,
    120.6705334474));
#3431 = CARTESIAN_POINT('',(1.043821094916E+03,-34.44104400994,
    128.26882217229));
#3432 = CARTESIAN_POINT('',(1.081784968413E+03,-16.52114743269,
    122.58770727228));
#3433 = CARTESIAN_POINT('',(1.113976947353E+03,0.494095348622,
    143.10252695712));
#3434 = CARTESIAN_POINT('',(1.13206899031E+03,-0.686280538431,
    119.98946404485));
#3435 = CARTESIAN_POINT('',(1.140834953018E+03,-0.7268406598,
    113.71134976081));
#3436 = CARTESIAN_POINT('',(1.143E+03,-0.566666666667,113.));
#3437 = CARTESIAN_POINT('',(-1.143E+03,-81.53679711529,80.406467690183)
  );
#3438 = CARTESIAN_POINT('',(-1.140904303013E+03,-81.91849200674,
    80.236214613214));
#3439 = CARTESIAN_POINT('',(-1.132387523417E+03,-83.65015596412,
    79.511277164441));
#3440 = CARTESIAN_POINT('',(-1.113407092993E+03,-89.4260997798,
    77.80183422043));
#3441 = CARTESIAN_POINT('',(-1.084288167589E+03,-102.2658693375,
    76.638216755468));
#3442 = CARTESIAN_POINT('',(-1.041250735977E+03,-111.8204016822,
    79.501321020309));
#3443 = CARTESIAN_POINT('',(-986.1639765365,-113.5247146502,
    79.996786112871));
#3444 = CARTESIAN_POINT('',(-921.0355189722,-118.2765894906,
    80.678311384829));
#3445 = CARTESIAN_POINT('',(-846.7193466215,-129.7056550005,
    80.823973400082));
#3446 = CARTESIAN_POINT('',(-761.9257423699,-134.657545553,
    80.867986560143));
#3447 = CARTESIAN_POINT('',(-669.3010995621,-143.2829103561,
    80.829696145178));
#3448 = CARTESIAN_POINT('',(-569.3999038535,-153.9258547525,
    80.83692720181));
#3449 = CARTESIAN_POINT('',(-463.3061395895,-165.6815205601,
    80.94113313401));
#3450 = CARTESIAN_POINT('',(-352.1353432845,-177.066071829,
    81.167854680331));
#3451 = CARTESIAN_POINT('',(-236.8788375159,-184.9830258621,
    81.490010405023));
#3452 = CARTESIAN_POINT('',(-119.1251789325,-191.2261216665,
    81.848004769931));
#3453 = CARTESIAN_POINT('',(-4.322838209409E-02,-194.9769948011,
    82.042666156136));
#3454 = CARTESIAN_POINT('',(119.08775359988,-195.4334119815,
    81.982054164736));
#3455 = CARTESIAN_POINT('',(236.93160077187,-191.8677943173,
    82.860855700634));
#3456 = CARTESIAN_POINT('',(352.20334401997,-184.6422601411,
    84.833117267725));
#3457 = CARTESIAN_POINT('',(463.47076896361,-173.319888336,
    88.014100711396));
#3458 = CARTESIAN_POINT('',(569.53216526571,-160.0724057321,
    92.329260346016));
#3459 = CARTESIAN_POINT('',(669.54768243409,-147.0742463496,
    97.603594884903));
#3460 = CARTESIAN_POINT('',(761.8041324137,-134.1848718621,
    103.53486730717));
#3461 = CARTESIAN_POINT('',(850.21461043616,-127.0144946467,
    109.99779346542));
#3462 = CARTESIAN_POINT('',(921.03842057092,-93.67888084746,
    116.07703288473));
#3463 = CARTESIAN_POINT('',(986.65403629447,-70.69205551003,
    120.67053339659));
#3464 = CARTESIAN_POINT('',(1.043821094916E+03,-48.21746152146,
    128.26882232445));
#3465 = CARTESIAN_POINT('',(1.081784968413E+03,-23.12960666832,
    122.58770684018));
#3466 = CARTESIAN_POINT('',(1.113976947353E+03,0.69173403206,
    143.10252785239));
#3467 = CARTESIAN_POINT('',(1.13206899031E+03,-0.960793584682,
    119.98946267744));
#3468 = CARTESIAN_POINT('',(1.140834953018E+03,-1.017576387355,
    113.71135064353));
#3469 = CARTESIAN_POINT('',(1.143E+03,-0.793333333333,113.));
#3470 = CARTESIAN_POINT('',(-1.143E+03,-104.8330248625,80.406467690183)
  );
#3471 = CARTESIAN_POINT('',(-1.140904303015E+03,-105.3237754355,
    80.236214613385));
#3472 = CARTESIAN_POINT('',(-1.132387523415E+03,-107.5502005278,
    79.511277164189));
#3473 = CARTESIAN_POINT('',(-1.113407092995E+03,-114.9764140009,
    77.801834220597));
#3474 = CARTESIAN_POINT('',(-1.084288167588E+03,-131.484689149,
    76.638216755395));
#3475 = CARTESIAN_POINT('',(-1.041250735977E+03,-143.7690878768,
    79.501321020336));
#3476 = CARTESIAN_POINT('',(-986.1639765364,-145.9603474076,
    79.996786112861));
#3477 = CARTESIAN_POINT('',(-921.0355189723,-152.0699007736,
    80.678311384832));
#3478 = CARTESIAN_POINT('',(-846.7193466215,-166.7644135721,
    80.823973400081));
#3479 = CARTESIAN_POINT('',(-761.92574237,-173.1311299967,
    80.867986560144));
#3480 = CARTESIAN_POINT('',(-669.3010995621,-184.2208847436,
    80.829696145178));
#3481 = CARTESIAN_POINT('',(-569.3999038535,-197.9046703961,
    80.83692720181));
#3482 = CARTESIAN_POINT('',(-463.3061395895,-213.019097863,
    80.94113313401));
#3483 = CARTESIAN_POINT('',(-352.1353432845,-227.6563780658,
    81.167854680331));
#3484 = CARTESIAN_POINT('',(-236.8788375159,-237.8353189655,
    81.490010405023));
#3485 = CARTESIAN_POINT('',(-119.1251789325,-245.8621564284,
    81.848004769931));
#3486 = CARTESIAN_POINT('',(-4.322838209404E-02,-250.6847076014,
    82.042666156136));
#3487 = CARTESIAN_POINT('',(119.08775359988,-251.2715296905,
    81.982054164734));
#3488 = CARTESIAN_POINT('',(236.93160077187,-246.6871641222,
    82.86085570064));
#3489 = CARTESIAN_POINT('',(352.20334401997,-237.39719161,
    84.833117267703));
#3490 = CARTESIAN_POINT('',(463.47076896361,-222.839856432,
    88.014100711475));
#3491 = CARTESIAN_POINT('',(569.5321652657,-205.8073787984,
    92.329260345743));
#3492 = CARTESIAN_POINT('',(669.54768243411,-189.0954595923,
    97.60359488583));
#3493 = CARTESIAN_POINT('',(761.80413241364,-172.52340668,
    103.53486730409));
#3494 = CARTESIAN_POINT('',(850.21461043637,-163.3043502595,
    109.99779347568));
#3495 = CARTESIAN_POINT('',(921.0384205702,-120.444275377,
    116.07703284993));
#3496 = CARTESIAN_POINT('',(986.65403629662,-90.88978565046,
    120.6705335008));
#3497 = CARTESIAN_POINT('',(1.04382109491E+03,-61.99387911486,
    128.2688220124));
#3498 = CARTESIAN_POINT('',(1.081784968431E+03,-29.73806567142,
    122.58770772634));
#3499 = CARTESIAN_POINT('',(1.113976947315E+03,0.889372233722,
    143.10252601633));
#3500 = CARTESIAN_POINT('',(1.132068990368E+03,-1.235305895078,
    119.9894654818));
#3501 = CARTESIAN_POINT('',(1.14083495298E+03,-1.308312589933,
    113.7113488332));
#3502 = CARTESIAN_POINT('',(1.143E+03,-1.02,113.));
#3503 = DEFINITIONAL_REPRESENTATION('',(#3504),#3508);
#3504 = LINE('',#3505,#3506);
#3505 = CARTESIAN_POINT('',(6.,0.));
#3506 = VECTOR('',#3507,1.);
#3507 = DIRECTION('',(0.,1.));
#3508 = ( GEOMETRIC_REPRESENTATION_CONTEXT(2) 
PARAMETRIC_REPRESENTATION_CONTEXT() REPRESENTATION_CONTEXT('2D SPACE',''
  ) );
#3509 = ORIENTED_EDGE('',*,*,#3510,.F.);
#3510 = EDGE_CURVE('',#2667,#3127,#3511,.T.);
#3511 = SURFACE_CURVE('',#3512,(#3523,#3530),.PCURVE_S1.);
#3512 = B_SPLINE_CURVE_WITH_KNOTS('',9,(#3513,#3514,#3515,#3516,#3517,
    #3518,#3519,#3520,#3521,#3522),.UNSPECIFIED.,.F.,.F.,(10,10),(5.,6.)
  ,.PIECEWISE_BEZIER_KNOTS.);
#3513 = CARTESIAN_POINT('',(1.143E+03,7.,107.02));
#3514 = CARTESIAN_POINT('',(1.143E+03,7.,108.06370689269));
#3515 = CARTESIAN_POINT('',(1.143E+03,6.795068374898,109.10741407284));
#3516 = CARTESIAN_POINT('',(1.143E+03,6.385206849945,110.1051330536));
#3517 = CARTESIAN_POINT('',(1.143E+03,5.782449437051,111.01088370701));
#3518 = CARTESIAN_POINT('',(1.143E+03,5.010883707013,111.78244943705));
#3519 = CARTESIAN_POINT('',(1.143E+03,4.105133053601,112.38520684994));
#3520 = CARTESIAN_POINT('',(1.143E+03,3.107414072849,112.79506837489));
#3521 = CARTESIAN_POINT('',(1.143E+03,2.063706892693,113.));
#3522 = CARTESIAN_POINT('',(1.143E+03,1.02,113.));
#3523 = PCURVE('',#2712,#3524);
#3524 = DEFINITIONAL_REPRESENTATION('',(#3525),#3529);
#3525 = LINE('',#3526,#3527);
#3526 = CARTESIAN_POINT('',(0.,1.));
#3527 = VECTOR('',#3528,1.);
#3528 = DIRECTION('',(1.,0.));
#3529 = ( GEOMETRIC_REPRESENTATION_CONTEXT(2) 
PARAMETRIC_REPRESENTATION_CONTEXT() REPRESENTATION_CONTEXT('2D SPACE',''
  ) );
#3530 = PCURVE('',#845,#3531);
#3531 = DEFINITIONAL_REPRESENTATION('',(#3532),#3543);
#3532 = B_SPLINE_CURVE_WITH_KNOTS('',9,(#3533,#3534,#3535,#3536,#3537,
    #3538,#3539,#3540,#3541,#3542),.UNSPECIFIED.,.F.,.F.,(10,10),(5.,6.)
  ,.PIECEWISE_BEZIER_KNOTS.);
#3533 = CARTESIAN_POINT('',(13.84626870022,2.06901983589));
#3534 = CARTESIAN_POINT('',(13.692022252803,3.101265984497));
#3535 = CARTESIAN_POINT('',(13.33509445245,4.103226160459));
#3536 = CARTESIAN_POINT('',(12.782283512007,5.02941712258));
#3537 = CARTESIAN_POINT('',(12.052286571418,5.836142113939));
#3538 = CARTESIAN_POINT('',(11.175165770122,6.485207943786));
#3539 = CARTESIAN_POINT('',(10.190281201119,6.947488303193));
#3540 = CARTESIAN_POINT('',(9.142945721126,7.205399191948));
#3541 = CARTESIAN_POINT('',(8.08041303126,7.253834012499));
#3542 = CARTESIAN_POINT('',(7.048166882653,7.099587565083));
#3543 = ( GEOMETRIC_REPRESENTATION_CONTEXT(2) 
PARAMETRIC_REPRESENTATION_CONTEXT() REPRESENTATION_CONTEXT('2D SPACE',''
  ) );
#3544 = ORIENTED_EDGE('',*,*,#2666,.F.);
#3545 = ADVANCED_FACE('',(#3546),#3172,.T.);
#3546 = FACE_BOUND('',#3547,.T.);
#3547 = EDGE_LOOP('',(#3548,#3585,#3638,#3673));
#3548 = ORIENTED_EDGE('',*,*,#3549,.T.);
#3549 = EDGE_CURVE('',#3090,#3550,#3552,.T.);
#3550 = VERTEX_POINT('',#3551);
#3551 = CARTESIAN_POINT('',(-1.143E+03,-104.8330248625,80.406467690183)
  );
#3552 = SURFACE_CURVE('',#3553,(#3564,#3571),.PCURVE_S1.);
#3553 = B_SPLINE_CURVE_WITH_KNOTS('',9,(#3554,#3555,#3556,#3557,#3558,
    #3559,#3560,#3561,#3562,#3563),.UNSPECIFIED.,.F.,.F.,(10,10),(6.,7.)
  ,.PIECEWISE_BEZIER_KNOTS.);
#3554 = CARTESIAN_POINT('',(-1.143E+03,104.83302486251,80.406467690183)
  );
#3555 = CARTESIAN_POINT('',(-1.143E+03,81.53679711529,80.406467690183));
#3556 = CARTESIAN_POINT('',(-1.143E+03,58.240569368064,80.406467690183)
  );
#3557 = CARTESIAN_POINT('',(-1.143E+03,34.944341620839,80.406467690183)
  );
#3558 = CARTESIAN_POINT('',(-1.143E+03,11.648113873613,80.406467690183)
  );
#3559 = CARTESIAN_POINT('',(-1.143E+03,-11.64811387361,80.406467690183)
  );
#3560 = CARTESIAN_POINT('',(-1.143E+03,-34.94434162083,80.406467690183)
  );
#3561 = CARTESIAN_POINT('',(-1.143E+03,-58.24056936806,80.406467690183)
  );
#3562 = CARTESIAN_POINT('',(-1.143E+03,-81.53679711529,80.406467690183)
  );
#3563 = CARTESIAN_POINT('',(-1.143E+03,-104.8330248625,80.406467690183)
  );
#3564 = PCURVE('',#3172,#3565);
#3565 = DEFINITIONAL_REPRESENTATION('',(#3566),#3570);
#3566 = LINE('',#3567,#3568);
#3567 = CARTESIAN_POINT('',(0.,0.));
#3568 = VECTOR('',#3569,1.);
#3569 = DIRECTION('',(1.,0.));
#3570 = ( GEOMETRIC_REPRESENTATION_CONTEXT(2) 
PARAMETRIC_REPRESENTATION_CONTEXT() REPRESENTATION_CONTEXT('2D SPACE',''
  ) );
#3571 = PCURVE('',#419,#3572);
#3572 = DEFINITIONAL_REPRESENTATION('',(#3573),#3584);
#3573 = B_SPLINE_CURVE_WITH_KNOTS('',9,(#3574,#3575,#3576,#3577,#3578,
    #3579,#3580,#3581,#3582,#3583),.UNSPECIFIED.,.F.,.F.,(10,10),(6.,7.)
  ,.PIECEWISE_BEZIER_KNOTS.);
#3574 = CARTESIAN_POINT('',(227.09360807472,20.516319729703));
#3575 = CARTESIAN_POINT('',(203.79921205523,20.224187331961));
#3576 = CARTESIAN_POINT('',(180.50481603575,19.932054934219));
#3577 = CARTESIAN_POINT('',(157.21042001626,19.639922536477));
#3578 = CARTESIAN_POINT('',(133.91602399677,19.347790138735));
#3579 = CARTESIAN_POINT('',(110.62162797728,19.055657740993));
#3580 = CARTESIAN_POINT('',(87.327231957792,18.763525343251));
#3581 = CARTESIAN_POINT('',(64.032835938303,18.471392945509));
#3582 = CARTESIAN_POINT('',(40.738439918814,18.179260547767));
#3583 = CARTESIAN_POINT('',(17.444043899325,17.887128150025));
#3584 = ( GEOMETRIC_REPRESENTATION_CONTEXT(2) 
PARAMETRIC_REPRESENTATION_CONTEXT() REPRESENTATION_CONTEXT('2D SPACE',''
  ) );
#3585 = ORIENTED_EDGE('',*,*,#3586,.T.);
#3586 = EDGE_CURVE('',#3550,#3587,#3589,.T.);
#3587 = VERTEX_POINT('',#3588);
#3588 = CARTESIAN_POINT('',(1.143E+03,-1.02,113.));
#3589 = SURFACE_CURVE('',#3590,(#3624,#3631),.PCURVE_S1.);
#3590 = ( BOUNDED_CURVE() B_SPLINE_CURVE(3,(#3591,#3592,#3593,#3594,
    #3595,#3596,#3597,#3598,#3599,#3600,#3601,#3602,#3603,#3604,#3605,
    #3606,#3607,#3608,#3609,#3610,#3611,#3612,#3613,#3614,#3615,#3616,
    #3617,#3618,#3619,#3620,#3621,#3622,#3623),.UNSPECIFIED.,.F.,.F.) 
B_SPLINE_CURVE_WITH_KNOTS((4,1,1,1,1,1,1,1,1,1,1,1,1,1,1,1,1,1,1,1,1,1,1
    ,1,1,1,1,1,1,1,4),(0.,2.746171766758E-03,1.118870024358E-02,
    2.568427470388E-02,4.475633827572E-02,6.800564081826E-02,
    9.590152946084E-02,0.128355449535,0.164550848408,0.204360670546,
    0.247403479125,0.293141649154,0.340973744419,0.390288254891,
    0.440615272158,0.491428867536,0.542208280399,0.592472574445,
    0.641764300614,0.689639726311,0.735545647315,0.778882374264,
    0.819079396185,0.855879581143,0.891348496504,0.922086120951,
    0.948373911541,0.971549368032,0.987555494539,0.997058471654,1.),
.UNSPECIFIED.) CURVE() GEOMETRIC_REPRESENTATION_ITEM() 
RATIONAL_B_SPLINE_CURVE((1.,0.999999999998,1.000000000004,0.999999999998
    ,1.000000000001,1.,1.,1.,1.,1.,1.,1.,1.,1.,1.,1.,1.,1.,1.,1.,1.,1.,
    1.,1.,1.,1.,1.,0.999999999999,1.000000000002,0.999999999997,
1.000000000005,0.999999999997,1.)) REPRESENTATION_ITEM('') );
#3591 = CARTESIAN_POINT('',(-1.143E+03,-104.8330248625,80.406467690183)
  );
#3592 = CARTESIAN_POINT('',(-1.140904303015E+03,-105.3237754355,
    80.236214613385));
#3593 = CARTESIAN_POINT('',(-1.132387523415E+03,-107.5502005278,
    79.511277164189));
#3594 = CARTESIAN_POINT('',(-1.113407092995E+03,-114.9764140009,
    77.801834220597));
#3595 = CARTESIAN_POINT('',(-1.084288167588E+03,-131.484689149,
    76.638216755395));
#3596 = CARTESIAN_POINT('',(-1.041250735977E+03,-143.7690878768,
    79.501321020336));
#3597 = CARTESIAN_POINT('',(-986.1639765364,-145.9603474076,
    79.996786112861));
#3598 = CARTESIAN_POINT('',(-921.0355189723,-152.0699007736,
    80.678311384832));
#3599 = CARTESIAN_POINT('',(-846.7193466215,-166.7644135721,
    80.823973400081));
#3600 = CARTESIAN_POINT('',(-761.92574237,-173.1311299967,
    80.867986560144));
#3601 = CARTESIAN_POINT('',(-669.3010995621,-184.2208847436,
    80.829696145178));
#3602 = CARTESIAN_POINT('',(-569.3999038535,-197.9046703961,
    80.83692720181));
#3603 = CARTESIAN_POINT('',(-463.3061395895,-213.019097863,
    80.94113313401));
#3604 = CARTESIAN_POINT('',(-352.1353432845,-227.6563780658,
    81.167854680331));
#3605 = CARTESIAN_POINT('',(-236.8788375159,-237.8353189655,
    81.490010405023));
#3606 = CARTESIAN_POINT('',(-119.1251789325,-245.8621564284,
    81.848004769931));
#3607 = CARTESIAN_POINT('',(-4.322838209404E-02,-250.6847076014,
    82.042666156136));
#3608 = CARTESIAN_POINT('',(119.08775359988,-251.2715296905,
    81.982054164734));
#3609 = CARTESIAN_POINT('',(236.93160077187,-246.6871641222,
    82.86085570064));
#3610 = CARTESIAN_POINT('',(352.20334401997,-237.39719161,
    84.833117267703));
#3611 = CARTESIAN_POINT('',(463.47076896361,-222.839856432,
    88.014100711475));
#3612 = CARTESIAN_POINT('',(569.5321652657,-205.8073787984,
    92.329260345743));
#3613 = CARTESIAN_POINT('',(669.54768243411,-189.0954595923,
    97.60359488583));
#3614 = CARTESIAN_POINT('',(761.80413241364,-172.52340668,
    103.53486730409));
#3615 = CARTESIAN_POINT('',(850.21461043637,-163.3043502595,
    109.99779347568));
#3616 = CARTESIAN_POINT('',(921.0384205702,-120.444275377,
    116.07703284993));
#3617 = CARTESIAN_POINT('',(986.65403629662,-90.88978565046,
    120.6705335008));
#3618 = CARTESIAN_POINT('',(1.04382109491E+03,-61.99387911486,
    128.2688220124));
#3619 = CARTESIAN_POINT('',(1.081784968431E+03,-29.73806567142,
    122.58770772634));
#3620 = CARTESIAN_POINT('',(1.113976947315E+03,0.889372233722,
    143.10252601633));
#3621 = CARTESIAN_POINT('',(1.132068990368E+03,-1.235305895078,
    119.9894654818));
#3622 = CARTESIAN_POINT('',(1.14083495298E+03,-1.308312589933,
    113.7113488332));
#3623 = CARTESIAN_POINT('',(1.143E+03,-1.02,113.));
#3624 = PCURVE('',#3172,#3625);
#3625 = DEFINITIONAL_REPRESENTATION('',(#3626),#3630);
#3626 = LINE('',#3627,#3628);
#3627 = CARTESIAN_POINT('',(7.,0.));
#3628 = VECTOR('',#3629,1.);
#3629 = DIRECTION('',(0.,1.));
#3630 = ( GEOMETRIC_REPRESENTATION_CONTEXT(2) 
PARAMETRIC_REPRESENTATION_CONTEXT() REPRESENTATION_CONTEXT('2D SPACE',''
  ) );
#3631 = PCURVE('',#908,#3632);
#3632 = DEFINITIONAL_REPRESENTATION('',(#3633),#3637);
#3633 = LINE('',#3634,#3635);
#3634 = CARTESIAN_POINT('',(7.,0.));
#3635 = VECTOR('',#3636,1.);
#3636 = DIRECTION('',(0.,1.));
#3637 = ( GEOMETRIC_REPRESENTATION_CONTEXT(2) 
PARAMETRIC_REPRESENTATION_CONTEXT() REPRESENTATION_CONTEXT('2D SPACE',''
  ) );
#3638 = ORIENTED_EDGE('',*,*,#3639,.F.);
#3639 = EDGE_CURVE('',#3127,#3587,#3640,.T.);
#3640 = SURFACE_CURVE('',#3641,(#3652,#3659),.PCURVE_S1.);
#3641 = B_SPLINE_CURVE_WITH_KNOTS('',9,(#3642,#3643,#3644,#3645,#3646,
    #3647,#3648,#3649,#3650,#3651),.UNSPECIFIED.,.F.,.F.,(10,10),(6.,7.)
  ,.PIECEWISE_BEZIER_KNOTS.);
#3642 = CARTESIAN_POINT('',(1.143E+03,1.02,113.));
#3643 = CARTESIAN_POINT('',(1.143E+03,0.793333333333,113.));
#3644 = CARTESIAN_POINT('',(1.143E+03,0.566666666667,113.));
#3645 = CARTESIAN_POINT('',(1.143E+03,0.34,113.));
#3646 = CARTESIAN_POINT('',(1.143E+03,0.113333333333,113.));
#3647 = CARTESIAN_POINT('',(1.143E+03,-0.113333333333,113.));
#3648 = CARTESIAN_POINT('',(1.143E+03,-0.34,113.));
#3649 = CARTESIAN_POINT('',(1.143E+03,-0.566666666667,113.));
#3650 = CARTESIAN_POINT('',(1.143E+03,-0.793333333333,113.));
#3651 = CARTESIAN_POINT('',(1.143E+03,-1.02,113.));
#3652 = PCURVE('',#3172,#3653);
#3653 = DEFINITIONAL_REPRESENTATION('',(#3654),#3658);
#3654 = LINE('',#3655,#3656);
#3655 = CARTESIAN_POINT('',(0.,1.));
#3656 = VECTOR('',#3657,1.);
#3657 = DIRECTION('',(1.,0.));
#3658 = ( GEOMETRIC_REPRESENTATION_CONTEXT(2) 
PARAMETRIC_REPRESENTATION_CONTEXT() REPRESENTATION_CONTEXT('2D SPACE',''
  ) );
#3659 = PCURVE('',#845,#3660);
#3660 = DEFINITIONAL_REPRESENTATION('',(#3661),#3672);
#3661 = B_SPLINE_CURVE_WITH_KNOTS('',9,(#3662,#3663,#3664,#3665,#3666,
    #3667,#3668,#3669,#3670,#3671),.UNSPECIFIED.,.F.,.F.,(10,10),(6.,7.)
  ,.PIECEWISE_BEZIER_KNOTS.);
#3662 = CARTESIAN_POINT('',(7.048166882653,7.099587565083));
#3663 = CARTESIAN_POINT('',(6.823989198935,7.066089148692));
#3664 = CARTESIAN_POINT('',(6.599811515217,7.032590732301));
#3665 = CARTESIAN_POINT('',(6.375633831499,6.999092315911));
#3666 = CARTESIAN_POINT('',(6.151456147781,6.96559389952));
#3667 = CARTESIAN_POINT('',(5.927278464064,6.93209548313));
#3668 = CARTESIAN_POINT('',(5.703100780346,6.898597066739));
#3669 = CARTESIAN_POINT('',(5.478923096628,6.865098650348));
#3670 = CARTESIAN_POINT('',(5.25474541291,6.831600233958));
#3671 = CARTESIAN_POINT('',(5.030567729192,6.798101817567));
#3672 = ( GEOMETRIC_REPRESENTATION_CONTEXT(2) 
PARAMETRIC_REPRESENTATION_CONTEXT() REPRESENTATION_CONTEXT('2D SPACE',''
  ) );
#3673 = ORIENTED_EDGE('',*,*,#3126,.F.);
#3674 = ADVANCED_FACE('',(#3675),#908,.T.);
#3675 = FACE_BOUND('',#3676,.T.);
#3676 = EDGE_LOOP('',(#3677,#3712,#3713,#3748));
#3677 = ORIENTED_EDGE('',*,*,#3678,.T.);
#3678 = EDGE_CURVE('',#3550,#64,#3679,.T.);
#3679 = SURFACE_CURVE('',#3680,(#3691,#3698),.PCURVE_S1.);
#3680 = B_SPLINE_CURVE_WITH_KNOTS('',9,(#3681,#3682,#3683,#3684,#3685,
    #3686,#3687,#3688,#3689,#3690),.UNSPECIFIED.,.F.,.F.,(10,10),(7.,8.)
  ,.PIECEWISE_BEZIER_KNOTS.);
#3681 = CARTESIAN_POINT('',(-1.143E+03,-104.8330248625,80.406467690183)
  );
#3682 = CARTESIAN_POINT('',(-1.143E+03,-107.9164937126,80.406467690183)
  );
#3683 = CARTESIAN_POINT('',(-1.143E+03,-110.9999634121,79.801029241093)
  );
#3684 = CARTESIAN_POINT('',(-1.143E+03,-113.9475681658,78.590157439896)
  );
#3685 = CARTESIAN_POINT('',(-1.143E+03,-116.6234668739,76.809404893487)
  );
#3686 = CARTESIAN_POINT('',(-1.143E+03,-118.9029372033,74.529934564134)
  );
#3687 = CARTESIAN_POINT('',(-1.143E+03,-120.6836897497,71.85403585601));
#3688 = CARTESIAN_POINT('',(-1.143E+03,-121.8945615509,68.906431102308)
  );
#3689 = CARTESIAN_POINT('',(-1.143E+03,-122.5,65.82296140287));
#3690 = CARTESIAN_POINT('',(-1.143E+03,-122.5,62.739492552699));
#3691 = PCURVE('',#908,#3692);
#3692 = DEFINITIONAL_REPRESENTATION('',(#3693),#3697);
#3693 = LINE('',#3694,#3695);
#3694 = CARTESIAN_POINT('',(0.,0.));
#3695 = VECTOR('',#3696,1.);
#3696 = DIRECTION('',(1.,0.));
#3697 = ( GEOMETRIC_REPRESENTATION_CONTEXT(2) 
PARAMETRIC_REPRESENTATION_CONTEXT() REPRESENTATION_CONTEXT('2D SPACE',''
  ) );
#3698 = PCURVE('',#419,#3699);
#3699 = DEFINITIONAL_REPRESENTATION('',(#3700),#3711);
#3700 = B_SPLINE_CURVE_WITH_KNOTS('',9,(#3701,#3702,#3703,#3704,#3705,
    #3706,#3707,#3708,#3709,#3710),.UNSPECIFIED.,.F.,.F.,(10,10),(7.,8.)
  ,.PIECEWISE_BEZIER_KNOTS.);
#3701 = CARTESIAN_POINT('',(17.444043899325,17.887128150025));
#3702 = CARTESIAN_POINT('',(14.360817495076,17.848461754833));
#3703 = CARTESIAN_POINT('',(11.28518238005,17.204404504106));
#3704 = CARTESIAN_POINT('',(8.352993602529,15.956665238091));
#3705 = CARTESIAN_POINT('',(5.6996357553,14.14249720226));
#3706 = CARTESIAN_POINT('',(3.448928988408,11.834621769254));
#3707 = CARTESIAN_POINT('',(1.701871964214,9.13660299951));
#3708 = CARTESIAN_POINT('',(0.528058043851,6.174045796123));
#3709 = CARTESIAN_POINT('',(-3.866639519226E-02,3.083226404249));
#3710 = CARTESIAN_POINT('',(1.782027162062E-16,-1.420973734903E-14));
#3711 = ( GEOMETRIC_REPRESENTATION_CONTEXT(2) 
PARAMETRIC_REPRESENTATION_CONTEXT() REPRESENTATION_CONTEXT('2D SPACE',''
  ) );
#3712 = ORIENTED_EDGE('',*,*,#864,.T.);
#3713 = ORIENTED_EDGE('',*,*,#3714,.F.);
#3714 = EDGE_CURVE('',#3587,#823,#3715,.T.);
#3715 = SURFACE_CURVE('',#3716,(#3727,#3734),.PCURVE_S1.);
#3716 = B_SPLINE_CURVE_WITH_KNOTS('',9,(#3717,#3718,#3719,#3720,#3721,
    #3722,#3723,#3724,#3725,#3726),.UNSPECIFIED.,.F.,.F.,(10,10),(7.,8.)
  ,.PIECEWISE_BEZIER_KNOTS.);
#3717 = CARTESIAN_POINT('',(1.143E+03,-1.02,113.));
#3718 = CARTESIAN_POINT('',(1.143E+03,-2.063706892693,113.));
#3719 = CARTESIAN_POINT('',(1.143E+03,-3.107414072849,112.79506837489));
#3720 = CARTESIAN_POINT('',(1.143E+03,-4.105133053601,112.38520684994));
#3721 = CARTESIAN_POINT('',(1.143E+03,-5.010883707013,111.78244943705));
#3722 = CARTESIAN_POINT('',(1.143E+03,-5.782449437052,111.01088370701));
#3723 = CARTESIAN_POINT('',(1.143E+03,-6.385206849945,110.1051330536));
#3724 = CARTESIAN_POINT('',(1.143E+03,-6.795068374898,109.10741407285));
#3725 = CARTESIAN_POINT('',(1.143E+03,-7.,108.06370689269));
#3726 = CARTESIAN_POINT('',(1.143E+03,-7.,107.02));
#3727 = PCURVE('',#908,#3728);
#3728 = DEFINITIONAL_REPRESENTATION('',(#3729),#3733);
#3729 = LINE('',#3730,#3731);
#3730 = CARTESIAN_POINT('',(0.,1.));
#3731 = VECTOR('',#3732,1.);
#3732 = DIRECTION('',(1.,0.));
#3733 = ( GEOMETRIC_REPRESENTATION_CONTEXT(2) 
PARAMETRIC_REPRESENTATION_CONTEXT() REPRESENTATION_CONTEXT('2D SPACE',''
  ) );
#3734 = PCURVE('',#845,#3735);
#3735 = DEFINITIONAL_REPRESENTATION('',(#3736),#3747);
#3736 = B_SPLINE_CURVE_WITH_KNOTS('',9,(#3737,#3738,#3739,#3740,#3741,
    #3742,#3743,#3744,#3745,#3746),.UNSPECIFIED.,.F.,.F.,(10,10),(7.,8.)
  ,.PIECEWISE_BEZIER_KNOTS.);
#3737 = CARTESIAN_POINT('',(5.030567729192,6.798101817567));
#3738 = CARTESIAN_POINT('',(3.998321580586,6.64385537015));
#3739 = CARTESIAN_POINT('',(2.996361404624,6.286927569798));
#3740 = CARTESIAN_POINT('',(2.070170442503,5.734116629354));
#3741 = CARTESIAN_POINT('',(1.263445451143,5.004119688765));
#3742 = CARTESIAN_POINT('',(0.614379621296,4.126998887469));
#3743 = CARTESIAN_POINT('',(0.15209926189,3.142114318466));
#3744 = CARTESIAN_POINT('',(-0.105811626865,2.094778838474));
#3745 = CARTESIAN_POINT('',(-0.154246447417,1.032246148607));
#3746 = CARTESIAN_POINT('',(8.784255037789E-16,1.312613405835E-16));
#3747 = ( GEOMETRIC_REPRESENTATION_CONTEXT(2) 
PARAMETRIC_REPRESENTATION_CONTEXT() REPRESENTATION_CONTEXT('2D SPACE',''
  ) );
#3748 = ORIENTED_EDGE('',*,*,#3586,.F.);
#3749 = ADVANCED_FACE('',(#3750),#419,.F.);
#3750 = FACE_BOUND('',#3751,.T.);
#3751 = EDGE_LOOP('',(#3752,#3753,#3754,#3755,#3756,#3757,#3758,#3759));
#3752 = ORIENTED_EDGE('',*,*,#63,.F.);
#3753 = ORIENTED_EDGE('',*,*,#3678,.F.);
#3754 = ORIENTED_EDGE('',*,*,#3549,.F.);
#3755 = ORIENTED_EDGE('',*,*,#3089,.F.);
#3756 = ORIENTED_EDGE('',*,*,#2629,.F.);
#3757 = ORIENTED_EDGE('',*,*,#2169,.F.);
#3758 = ORIENTED_EDGE('',*,*,#1709,.F.);
#3759 = ORIENTED_EDGE('',*,*,#1249,.F.);
#3760 = ADVANCED_FACE('',(#3761),#845,.T.);
#3761 = FACE_BOUND('',#3762,.T.);
#3762 = EDGE_LOOP('',(#3763,#3764,#3765,#3766,#3767,#3768,#3769,#3770));
#3763 = ORIENTED_EDGE('',*,*,#822,.T.);
#3764 = ORIENTED_EDGE('',*,*,#1670,.T.);
#3765 = ORIENTED_EDGE('',*,*,#2130,.T.);
#3766 = ORIENTED_EDGE('',*,*,#2590,.T.);
#3767 = ORIENTED_EDGE('',*,*,#3050,.T.);
#3768 = ORIENTED_EDGE('',*,*,#3510,.T.);
#3769 = ORIENTED_EDGE('',*,*,#3639,.T.);
#3770 = ORIENTED_EDGE('',*,*,#3714,.T.);
#3771 = ( GEOMETRIC_REPRESENTATION_CONTEXT(3) 
GLOBAL_UNCERTAINTY_ASSIGNED_CONTEXT((#3775)) 
GLOBAL_UNIT_ASSIGNED_CONTEXT((#3772,#3773,#3774)) REPRESENTATION_CONTEXT
('Context #1','3D Context with UNIT and UNCERTAINTY') );
#3772 = ( LENGTH_UNIT() NAMED_UNIT(*) SI_UNIT(.MILLI.,.METRE.) );
#3773 = ( NAMED_UNIT(*) PLANE_ANGLE_UNIT() SI_UNIT($,.RADIAN.) );
#3774 = ( NAMED_UNIT(*) SI_UNIT($,.STERADIAN.) SOLID_ANGLE_UNIT() );
#3775 = UNCERTAINTY_MEASURE_WITH_UNIT(LENGTH_MEASURE(1.E-07),#3772,
  'distance_accuracy_value','confusion accuracy');
#3776 = CONTEXT_DEPENDENT_SHAPE_REPRESENTATION(#3777,#3779);
#3777 = ( REPRESENTATION_RELATIONSHIP('','',#56,#10) 
REPRESENTATION_RELATIONSHIP_WITH_TRANSFORMATION(#3778) 
SHAPE_REPRESENTATION_RELATIONSHIP() );
#3778 = ITEM_DEFINED_TRANSFORMATION('','',#11,#15);
#3779 = PRODUCT_DEFINITION_SHAPE('Placement','Placement of an item',
  #3780);
#3780 = NEXT_ASSEMBLY_USAGE_OCCURRENCE('1','body.1','',#5,#51,$);
#3781 = PRODUCT_RELATED_PRODUCT_CATEGORY('part',$,(#53));
#3782 = SHAPE_DEFINITION_REPRESENTATION(#3783,#3789);
#3783 = PRODUCT_DEFINITION_SHAPE('','',#3784);
#3784 = PRODUCT_DEFINITION('design','',#3785,#3788);
#3785 = PRODUCT_DEFINITION_FORMATION('','',#3786);
#3786 = PRODUCT('fin.1','fin.1','',(#3787));
#3787 = PRODUCT_CONTEXT('',#2,'mechanical');
#3788 = PRODUCT_DEFINITION_CONTEXT('part definition',#2,'design');
#3789 = ADVANCED_BREP_SHAPE_REPRESENTATION('',(#11,#3790),#5134);
#3790 = MANIFOLD_SOLID_BREP('',#3791);
#3791 = CLOSED_SHELL('',(#3792,#3912,#3988,#4064,#4140,#4216,#4292,#4368
    ,#4444,#4520,#4596,#4672,#4748,#4824,#4900,#4976,#5047,#5094,#5114)
  );
#3792 = ADVANCED_FACE('',(#3793),#3807,.F.);
#3793 = FACE_BOUND('',#3794,.F.);
#3794 = EDGE_LOOP('',(#3795,#3830,#3858,#3886));
#3795 = ORIENTED_EDGE('',*,*,#3796,.T.);
#3796 = EDGE_CURVE('',#3797,#3799,#3801,.T.);
#3797 = VERTEX_POINT('',#3798);
#3798 = CARTESIAN_POINT('',(-48.31372549019,0.,3.00647076452E-16));
#3799 = VERTEX_POINT('',#3800);
#3800 = CARTESIAN_POINT('',(-48.31372549019,7.,3.00647076452E-16));
#3801 = SURFACE_CURVE('',#3802,(#3806,#3818),.PCURVE_S1.);
#3802 = LINE('',#3803,#3804);
#3803 = CARTESIAN_POINT('',(-48.31372549019,0.,3.00647076452E-16));
#3804 = VECTOR('',#3805,1.);
#3805 = DIRECTION('',(0.,1.,0.));
#3806 = PCURVE('',#3807,#3812);
#3807 = PLANE('',#3808);
#3808 = AXIS2_PLACEMENT_3D('',#3809,#3810,#3811);
#3809 = CARTESIAN_POINT('',(-48.31372549019,0.,6.012941529041E-16));
#3810 = DIRECTION('',(-6.222808806434E-18,0.,-1.));
#3811 = DIRECTION('',(1.,0.,-6.222808806434E-18));
#3812 = DEFINITIONAL_REPRESENTATION('',(#3813),#3817);
#3813 = LINE('',#3814,#3815);
#3814 = CARTESIAN_POINT('',(0.,0.));
#3815 = VECTOR('',#3816,1.);
#3816 = DIRECTION('',(0.,-1.));
#3817 = ( GEOMETRIC_REPRESENTATION_CONTEXT(2) 
PARAMETRIC_REPRESENTATION_CONTEXT() REPRESENTATION_CONTEXT('2D SPACE',''
  ) );
#3818 = PCURVE('',#3819,#3824);
#3819 = PLANE('',#3820);
#3820 = AXIS2_PLACEMENT_3D('',#3821,#3822,#3823);
#3821 = CARTESIAN_POINT('',(3.514776559421,0.,-11.));
#3822 = DIRECTION('',(0.207613935385,-0.,0.978210843241));
#3823 = DIRECTION('',(-0.978210843241,0.,0.207613935385));
#3824 = DEFINITIONAL_REPRESENTATION('',(#3825),#3829);
#3825 = LINE('',#3826,#3827);
#3826 = CARTESIAN_POINT('',(52.982955983101,0.));
#3827 = VECTOR('',#3828,1.);
#3828 = DIRECTION('',(0.,-1.));
#3829 = ( GEOMETRIC_REPRESENTATION_CONTEXT(2) 
PARAMETRIC_REPRESENTATION_CONTEXT() REPRESENTATION_CONTEXT('2D SPACE',''
  ) );
#3830 = ORIENTED_EDGE('',*,*,#3831,.T.);
#3831 = EDGE_CURVE('',#3799,#3832,#3834,.T.);
#3832 = VERTEX_POINT('',#3833);
#3833 = CARTESIAN_POINT('',(48.313725490196,7.,0.));
#3834 = SURFACE_CURVE('',#3835,(#3839,#3846),.PCURVE_S1.);
#3835 = LINE('',#3836,#3837);
#3836 = CARTESIAN_POINT('',(-48.31372549019,7.,6.012941529041E-16));
#3837 = VECTOR('',#3838,1.);
#3838 = DIRECTION('',(1.,0.,-6.222808806434E-18));
#3839 = PCURVE('',#3807,#3840);
#3840 = DEFINITIONAL_REPRESENTATION('',(#3841),#3845);
#3841 = LINE('',#3842,#3843);
#3842 = CARTESIAN_POINT('',(0.,-7.));
#3843 = VECTOR('',#3844,1.);
#3844 = DIRECTION('',(1.,0.));
#3845 = ( GEOMETRIC_REPRESENTATION_CONTEXT(2) 
PARAMETRIC_REPRESENTATION_CONTEXT() REPRESENTATION_CONTEXT('2D SPACE',''
  ) );
#3846 = PCURVE('',#3847,#3852);
#3847 = PLANE('',#3848);
#3848 = AXIS2_PLACEMENT_3D('',#3849,#3850,#3851);
#3849 = CARTESIAN_POINT('',(3.81665795689,7.,-26.73332835839));
#3850 = DIRECTION('',(0.,1.,0.));
#3851 = DIRECTION('',(0.,-0.,1.));
#3852 = DEFINITIONAL_REPRESENTATION('',(#3853),#3857);
#3853 = LINE('',#3854,#3855);
#3854 = CARTESIAN_POINT('',(26.733328358391,-52.13038344708));
#3855 = VECTOR('',#3856,1.);
#3856 = DIRECTION('',(-6.222808806434E-18,1.));
#3857 = ( GEOMETRIC_REPRESENTATION_CONTEXT(2) 
PARAMETRIC_REPRESENTATION_CONTEXT() REPRESENTATION_CONTEXT('2D SPACE',''
  ) );
#3858 = ORIENTED_EDGE('',*,*,#3859,.F.);
#3859 = EDGE_CURVE('',#3860,#3832,#3862,.T.);
#3860 = VERTEX_POINT('',#3861);
#3861 = CARTESIAN_POINT('',(48.313725490196,0.,0.));
#3862 = SURFACE_CURVE('',#3863,(#3867,#3874),.PCURVE_S1.);
#3863 = LINE('',#3864,#3865);
#3864 = CARTESIAN_POINT('',(48.313725490196,0.,0.));
#3865 = VECTOR('',#3866,1.);
#3866 = DIRECTION('',(0.,1.,0.));
#3867 = PCURVE('',#3807,#3868);
#3868 = DEFINITIONAL_REPRESENTATION('',(#3869),#3873);
#3869 = LINE('',#3870,#3871);
#3870 = CARTESIAN_POINT('',(96.627450980392,0.));
#3871 = VECTOR('',#3872,1.);
#3872 = DIRECTION('',(0.,-1.));
#3873 = ( GEOMETRIC_REPRESENTATION_CONTEXT(2) 
PARAMETRIC_REPRESENTATION_CONTEXT() REPRESENTATION_CONTEXT('2D SPACE',''
  ) );
#3874 = PCURVE('',#3875,#3880);
#3875 = PLANE('',#3876);
#3876 = AXIS2_PLACEMENT_3D('',#3877,#3878,#3879);
#3877 = CARTESIAN_POINT('',(48.313725490196,0.,0.));
#3878 = DIRECTION('',(-0.968842240708,0.,0.24767864789));
#3879 = DIRECTION('',(-0.24767864789,0.,-0.968842240708));
#3880 = DEFINITIONAL_REPRESENTATION('',(#3881),#3885);
#3881 = LINE('',#3882,#3883);
#3882 = CARTESIAN_POINT('',(0.,0.));
#3883 = VECTOR('',#3884,1.);
#3884 = DIRECTION('',(0.,-1.));
#3885 = ( GEOMETRIC_REPRESENTATION_CONTEXT(2) 
PARAMETRIC_REPRESENTATION_CONTEXT() REPRESENTATION_CONTEXT('2D SPACE',''
  ) );
#3886 = ORIENTED_EDGE('',*,*,#3887,.F.);
#3887 = EDGE_CURVE('',#3797,#3860,#3888,.T.);
#3888 = SURFACE_CURVE('',#3889,(#3893,#3900),.PCURVE_S1.);
#3889 = LINE('',#3890,#3891);
#3890 = CARTESIAN_POINT('',(-48.31372549019,0.,6.012941529041E-16));
#3891 = VECTOR('',#3892,1.);
#3892 = DIRECTION('',(1.,0.,-6.222808806434E-18));
#3893 = PCURVE('',#3807,#3894);
#3894 = DEFINITIONAL_REPRESENTATION('',(#3895),#3899);
#3895 = LINE('',#3896,#3897);
#3896 = CARTESIAN_POINT('',(0.,0.));
#3897 = VECTOR('',#3898,1.);
#3898 = DIRECTION('',(1.,0.));
#3899 = ( GEOMETRIC_REPRESENTATION_CONTEXT(2) 
PARAMETRIC_REPRESENTATION_CONTEXT() REPRESENTATION_CONTEXT('2D SPACE',''
  ) );
#3900 = PCURVE('',#3901,#3906);
#3901 = PLANE('',#3902);
#3902 = AXIS2_PLACEMENT_3D('',#3903,#3904,#3905);
#3903 = CARTESIAN_POINT('',(3.81665795689,0.,-26.73332835839));
#3904 = DIRECTION('',(0.,1.,0.));
#3905 = DIRECTION('',(0.,-0.,1.));
#3906 = DEFINITIONAL_REPRESENTATION('',(#3907),#3911);
#3907 = LINE('',#3908,#3909);
#3908 = CARTESIAN_POINT('',(26.733328358391,-52.13038344708));
#3909 = VECTOR('',#3910,1.);
#3910 = DIRECTION('',(-6.222808806434E-18,1.));
#3911 = ( GEOMETRIC_REPRESENTATION_CONTEXT(2) 
PARAMETRIC_REPRESENTATION_CONTEXT() REPRESENTATION_CONTEXT('2D SPACE',''
  ) );
#3912 = ADVANCED_FACE('',(#3913),#3875,.F.);
#3913 = FACE_BOUND('',#3914,.F.);
#3914 = EDGE_LOOP('',(#3915,#3916,#3939,#3967));
#3915 = ORIENTED_EDGE('',*,*,#3859,.T.);
#3916 = ORIENTED_EDGE('',*,*,#3917,.T.);
#3917 = EDGE_CURVE('',#3832,#3918,#3920,.T.);
#3918 = VERTEX_POINT('',#3919);
#3919 = CARTESIAN_POINT('',(45.501642147504,7.,-11.));
#3920 = SURFACE_CURVE('',#3921,(#3925,#3932),.PCURVE_S1.);
#3921 = LINE('',#3922,#3923);
#3922 = CARTESIAN_POINT('',(48.313725490196,7.,0.));
#3923 = VECTOR('',#3924,1.);
#3924 = DIRECTION('',(-0.24767864789,0.,-0.968842240708));
#3925 = PCURVE('',#3875,#3926);
#3926 = DEFINITIONAL_REPRESENTATION('',(#3927),#3931);
#3927 = LINE('',#3928,#3929);
#3928 = CARTESIAN_POINT('',(0.,-7.));
#3929 = VECTOR('',#3930,1.);
#3930 = DIRECTION('',(1.,0.));
#3931 = ( GEOMETRIC_REPRESENTATION_CONTEXT(2) 
PARAMETRIC_REPRESENTATION_CONTEXT() REPRESENTATION_CONTEXT('2D SPACE',''
  ) );
#3932 = PCURVE('',#3847,#3933);
#3933 = DEFINITIONAL_REPRESENTATION('',(#3934),#3938);
#3934 = LINE('',#3935,#3936);
#3935 = CARTESIAN_POINT('',(26.733328358391,44.497067533306));
#3936 = VECTOR('',#3937,1.);
#3937 = DIRECTION('',(-0.968842240708,-0.24767864789));
#3938 = ( GEOMETRIC_REPRESENTATION_CONTEXT(2) 
PARAMETRIC_REPRESENTATION_CONTEXT() REPRESENTATION_CONTEXT('2D SPACE',''
  ) );
#3939 = ORIENTED_EDGE('',*,*,#3940,.F.);
#3940 = EDGE_CURVE('',#3941,#3918,#3943,.T.);
#3941 = VERTEX_POINT('',#3942);
#3942 = CARTESIAN_POINT('',(45.501642147504,0.,-11.));
#3943 = SURFACE_CURVE('',#3944,(#3948,#3955),.PCURVE_S1.);
#3944 = LINE('',#3945,#3946);
#3945 = CARTESIAN_POINT('',(45.501642147504,0.,-11.));
#3946 = VECTOR('',#3947,1.);
#3947 = DIRECTION('',(0.,1.,0.));
#3948 = PCURVE('',#3875,#3949);
#3949 = DEFINITIONAL_REPRESENTATION('',(#3950),#3954);
#3950 = LINE('',#3951,#3952);
#3951 = CARTESIAN_POINT('',(11.353757647856,0.));
#3952 = VECTOR('',#3953,1.);
#3953 = DIRECTION('',(0.,-1.));
#3954 = ( GEOMETRIC_REPRESENTATION_CONTEXT(2) 
PARAMETRIC_REPRESENTATION_CONTEXT() REPRESENTATION_CONTEXT('2D SPACE',''
  ) );
#3955 = PCURVE('',#3956,#3961);
#3956 = PLANE('',#3957);
#3957 = AXIS2_PLACEMENT_3D('',#3958,#3959,#3960);
#3958 = CARTESIAN_POINT('',(45.501642147504,0.,-11.));
#3959 = DIRECTION('',(-0.933719977858,0.,0.358004194039));
#3960 = DIRECTION('',(-0.358004194039,0.,-0.933719977858));
#3961 = DEFINITIONAL_REPRESENTATION('',(#3962),#3966);
#3962 = LINE('',#3963,#3964);
#3963 = CARTESIAN_POINT('',(0.,0.));
#3964 = VECTOR('',#3965,1.);
#3965 = DIRECTION('',(0.,-1.));
#3966 = ( GEOMETRIC_REPRESENTATION_CONTEXT(2) 
PARAMETRIC_REPRESENTATION_CONTEXT() REPRESENTATION_CONTEXT('2D SPACE',''
  ) );
#3967 = ORIENTED_EDGE('',*,*,#3968,.F.);
#3968 = EDGE_CURVE('',#3860,#3941,#3969,.T.);
#3969 = SURFACE_CURVE('',#3970,(#3974,#3981),.PCURVE_S1.);
#3970 = LINE('',#3971,#3972);
#3971 = CARTESIAN_POINT('',(48.313725490196,0.,0.));
#3972 = VECTOR('',#3973,1.);
#3973 = DIRECTION('',(-0.24767864789,0.,-0.968842240708));
#3974 = PCURVE('',#3875,#3975);
#3975 = DEFINITIONAL_REPRESENTATION('',(#3976),#3980);
#3976 = LINE('',#3977,#3978);
#3977 = CARTESIAN_POINT('',(0.,0.));
#3978 = VECTOR('',#3979,1.);
#3979 = DIRECTION('',(1.,0.));
#3980 = ( GEOMETRIC_REPRESENTATION_CONTEXT(2) 
PARAMETRIC_REPRESENTATION_CONTEXT() REPRESENTATION_CONTEXT('2D SPACE',''
  ) );
#3981 = PCURVE('',#3901,#3982);
#3982 = DEFINITIONAL_REPRESENTATION('',(#3983),#3987);
#3983 = LINE('',#3984,#3985);
#3984 = CARTESIAN_POINT('',(26.733328358391,44.497067533306));
#3985 = VECTOR('',#3986,1.);
#3986 = DIRECTION('',(-0.968842240708,-0.24767864789));
#3987 = ( GEOMETRIC_REPRESENTATION_CONTEXT(2) 
PARAMETRIC_REPRESENTATION_CONTEXT() REPRESENTATION_CONTEXT('2D SPACE',''
  ) );
#3988 = ADVANCED_FACE('',(#3989),#3956,.F.);
#3989 = FACE_BOUND('',#3990,.F.);
#3990 = EDGE_LOOP('',(#3991,#3992,#4015,#4043));
#3991 = ORIENTED_EDGE('',*,*,#3940,.T.);
#3992 = ORIENTED_EDGE('',*,*,#3993,.T.);
#3993 = EDGE_CURVE('',#3918,#3994,#3996,.T.);
#3994 = VERTEX_POINT('',#3995);
#3995 = CARTESIAN_POINT('',(41.28405418985,7.,-22.));
#3996 = SURFACE_CURVE('',#3997,(#4001,#4008),.PCURVE_S1.);
#3997 = LINE('',#3998,#3999);
#3998 = CARTESIAN_POINT('',(45.501642147504,7.,-11.));
#3999 = VECTOR('',#4000,1.);
#4000 = DIRECTION('',(-0.358004194039,0.,-0.933719977858));
#4001 = PCURVE('',#3956,#4002);
#4002 = DEFINITIONAL_REPRESENTATION('',(#4003),#4007);
#4003 = LINE('',#4004,#4005);
#4004 = CARTESIAN_POINT('',(0.,-7.));
#4005 = VECTOR('',#4006,1.);
#4006 = DIRECTION('',(1.,0.));
#4007 = ( GEOMETRIC_REPRESENTATION_CONTEXT(2) 
PARAMETRIC_REPRESENTATION_CONTEXT() REPRESENTATION_CONTEXT('2D SPACE',''
  ) );
#4008 = PCURVE('',#3847,#4009);
#4009 = DEFINITIONAL_REPRESENTATION('',(#4010),#4014);
#4010 = LINE('',#4011,#4012);
#4011 = CARTESIAN_POINT('',(15.733328358391,41.684984190613));
#4012 = VECTOR('',#4013,1.);
#4013 = DIRECTION('',(-0.933719977858,-0.358004194039));
#4014 = ( GEOMETRIC_REPRESENTATION_CONTEXT(2) 
PARAMETRIC_REPRESENTATION_CONTEXT() REPRESENTATION_CONTEXT('2D SPACE',''
  ) );
#4015 = ORIENTED_EDGE('',*,*,#4016,.F.);
#4016 = EDGE_CURVE('',#4017,#3994,#4019,.T.);
#4017 = VERTEX_POINT('',#4018);
#4018 = CARTESIAN_POINT('',(41.28405418985,0.,-22.));
#4019 = SURFACE_CURVE('',#4020,(#4024,#4031),.PCURVE_S1.);
#4020 = LINE('',#4021,#4022);
#4021 = CARTESIAN_POINT('',(41.28405418985,0.,-22.));
#4022 = VECTOR('',#4023,1.);
#4023 = DIRECTION('',(0.,1.,0.));
#4024 = PCURVE('',#3956,#4025);
#4025 = DEFINITIONAL_REPRESENTATION('',(#4026),#4030);
#4026 = LINE('',#4027,#4028);
#4027 = CARTESIAN_POINT('',(11.780833934003,0.));
#4028 = VECTOR('',#4029,1.);
#4029 = DIRECTION('',(0.,-1.));
#4030 = ( GEOMETRIC_REPRESENTATION_CONTEXT(2) 
PARAMETRIC_REPRESENTATION_CONTEXT() REPRESENTATION_CONTEXT('2D SPACE',''
  ) );
#4031 = PCURVE('',#4032,#4037);
#4032 = PLANE('',#4033);
#4033 = AXIS2_PLACEMENT_3D('',#4034,#4035,#4036);
#4034 = CARTESIAN_POINT('',(41.28405418985,0.,-22.));
#4035 = DIRECTION('',(-0.90339076151,0.,0.428818297206));
#4036 = DIRECTION('',(-0.428818297206,0.,-0.90339076151));
#4037 = DEFINITIONAL_REPRESENTATION('',(#4038),#4042);
#4038 = LINE('',#4039,#4040);
#4039 = CARTESIAN_POINT('',(0.,0.));
#4040 = VECTOR('',#4041,1.);
#4041 = DIRECTION('',(0.,-1.));
#4042 = ( GEOMETRIC_REPRESENTATION_CONTEXT(2) 
PARAMETRIC_REPRESENTATION_CONTEXT() REPRESENTATION_CONTEXT('2D SPACE',''
  ) );
#4043 = ORIENTED_EDGE('',*,*,#4044,.F.);
#4044 = EDGE_CURVE('',#3941,#4017,#4045,.T.);
#4045 = SURFACE_CURVE('',#4046,(#4050,#4057),.PCURVE_S1.);
#4046 = LINE('',#4047,#4048);
#4047 = CARTESIAN_POINT('',(45.501642147504,0.,-11.));
#4048 = VECTOR('',#4049,1.);
#4049 = DIRECTION('',(-0.358004194039,0.,-0.933719977858));
#4050 = PCURVE('',#3956,#4051);
#4051 = DEFINITIONAL_REPRESENTATION('',(#4052),#4056);
#4052 = LINE('',#4053,#4054);
#4053 = CARTESIAN_POINT('',(0.,0.));
#4054 = VECTOR('',#4055,1.);
#4055 = DIRECTION('',(1.,0.));
#4056 = ( GEOMETRIC_REPRESENTATION_CONTEXT(2) 
PARAMETRIC_REPRESENTATION_CONTEXT() REPRESENTATION_CONTEXT('2D SPACE',''
  ) );
#4057 = PCURVE('',#3901,#4058);
#4058 = DEFINITIONAL_REPRESENTATION('',(#4059),#4063);
#4059 = LINE('',#4060,#4061);
#4060 = CARTESIAN_POINT('',(15.733328358391,41.684984190613));
#4061 = VECTOR('',#4062,1.);
#4062 = DIRECTION('',(-0.933719977858,-0.358004194039));
#4063 = ( GEOMETRIC_REPRESENTATION_CONTEXT(2) 
PARAMETRIC_REPRESENTATION_CONTEXT() REPRESENTATION_CONTEXT('2D SPACE',''
  ) );
#4064 = ADVANCED_FACE('',(#4065),#4032,.F.);
#4065 = FACE_BOUND('',#4066,.F.);
#4066 = EDGE_LOOP('',(#4067,#4068,#4091,#4119));
#4067 = ORIENTED_EDGE('',*,*,#4016,.T.);
#4068 = ORIENTED_EDGE('',*,*,#4069,.T.);
#4069 = EDGE_CURVE('',#3994,#4070,#4072,.T.);
#4070 = VERTEX_POINT('',#4071);
#4071 = CARTESIAN_POINT('',(36.06261351297,7.,-33.));
#4072 = SURFACE_CURVE('',#4073,(#4077,#4084),.PCURVE_S1.);
#4073 = LINE('',#4074,#4075);
#4074 = CARTESIAN_POINT('',(41.28405418985,7.,-22.));
#4075 = VECTOR('',#4076,1.);
#4076 = DIRECTION('',(-0.428818297206,0.,-0.90339076151));
#4077 = PCURVE('',#4032,#4078);
#4078 = DEFINITIONAL_REPRESENTATION('',(#4079),#4083);
#4079 = LINE('',#4080,#4081);
#4080 = CARTESIAN_POINT('',(0.,-7.));
#4081 = VECTOR('',#4082,1.);
#4082 = DIRECTION('',(1.,0.));
#4083 = ( GEOMETRIC_REPRESENTATION_CONTEXT(2) 
PARAMETRIC_REPRESENTATION_CONTEXT() REPRESENTATION_CONTEXT('2D SPACE',''
  ) );
#4084 = PCURVE('',#3847,#4085);
#4085 = DEFINITIONAL_REPRESENTATION('',(#4086),#4090);
#4086 = LINE('',#4087,#4088);
#4087 = CARTESIAN_POINT('',(4.733328358391,37.46739623296));
#4088 = VECTOR('',#4089,1.);
#4089 = DIRECTION('',(-0.90339076151,-0.428818297206));
#4090 = ( GEOMETRIC_REPRESENTATION_CONTEXT(2) 
PARAMETRIC_REPRESENTATION_CONTEXT() REPRESENTATION_CONTEXT('2D SPACE',''
  ) );
#4091 = ORIENTED_EDGE('',*,*,#4092,.F.);
#4092 = EDGE_CURVE('',#4093,#4070,#4095,.T.);
#4093 = VERTEX_POINT('',#4094);
#4094 = CARTESIAN_POINT('',(36.06261351297,0.,-33.));
#4095 = SURFACE_CURVE('',#4096,(#4100,#4107),.PCURVE_S1.);
#4096 = LINE('',#4097,#4098);
#4097 = CARTESIAN_POINT('',(36.06261351297,0.,-33.));
#4098 = VECTOR('',#4099,1.);
#4099 = DIRECTION('',(0.,1.,0.));
#4100 = PCURVE('',#4032,#4101);
#4101 = DEFINITIONAL_REPRESENTATION('',(#4102),#4106);
#4102 = LINE('',#4103,#4104);
#4103 = CARTESIAN_POINT('',(12.17634767663,0.));
#4104 = VECTOR('',#4105,1.);
#4105 = DIRECTION('',(0.,-1.));
#4106 = ( GEOMETRIC_REPRESENTATION_CONTEXT(2) 
PARAMETRIC_REPRESENTATION_CONTEXT() REPRESENTATION_CONTEXT('2D SPACE',''
  ) );
#4107 = PCURVE('',#4108,#4113);
#4108 = PLANE('',#4109);
#4109 = AXIS2_PLACEMENT_3D('',#4110,#4111,#4112);
#4110 = CARTESIAN_POINT('',(36.06261351297,0.,-33.));
#4111 = DIRECTION('',(-0.875579085792,0.,0.483074802203));
#4112 = DIRECTION('',(-0.483074802203,0.,-0.875579085792));
#4113 = DEFINITIONAL_REPRESENTATION('',(#4114),#4118);
#4114 = LINE('',#4115,#4116);
#4115 = CARTESIAN_POINT('',(0.,0.));
#4116 = VECTOR('',#4117,1.);
#4117 = DIRECTION('',(0.,-1.));
#4118 = ( GEOMETRIC_REPRESENTATION_CONTEXT(2) 
PARAMETRIC_REPRESENTATION_CONTEXT() REPRESENTATION_CONTEXT('2D SPACE',''
  ) );
#4119 = ORIENTED_EDGE('',*,*,#4120,.F.);
#4120 = EDGE_CURVE('',#4017,#4093,#4121,.T.);
#4121 = SURFACE_CURVE('',#4122,(#4126,#4133),.PCURVE_S1.);
#4122 = LINE('',#4123,#4124);
#4123 = CARTESIAN_POINT('',(41.28405418985,0.,-22.));
#4124 = VECTOR('',#4125,1.);
#4125 = DIRECTION('',(-0.428818297206,0.,-0.90339076151));
#4126 = PCURVE('',#4032,#4127);
#4127 = DEFINITIONAL_REPRESENTATION('',(#4128),#4132);
#4128 = LINE('',#4129,#4130);
#4129 = CARTESIAN_POINT('',(0.,0.));
#4130 = VECTOR('',#4131,1.);
#4131 = DIRECTION('',(1.,0.));
#4132 = ( GEOMETRIC_REPRESENTATION_CONTEXT(2) 
PARAMETRIC_REPRESENTATION_CONTEXT() REPRESENTATION_CONTEXT('2D SPACE',''
  ) );
#4133 = PCURVE('',#3901,#4134);
#4134 = DEFINITIONAL_REPRESENTATION('',(#4135),#4139);
#4135 = LINE('',#4136,#4137);
#4136 = CARTESIAN_POINT('',(4.733328358391,37.46739623296));
#4137 = VECTOR('',#4138,1.);
#4138 = DIRECTION('',(-0.90339076151,-0.428818297206));
#4139 = ( GEOMETRIC_REPRESENTATION_CONTEXT(2) 
PARAMETRIC_REPRESENTATION_CONTEXT() REPRESENTATION_CONTEXT('2D SPACE',''
  ) );
#4140 = ADVANCED_FACE('',(#4141),#4108,.F.);
#4141 = FACE_BOUND('',#4142,.F.);
#4142 = EDGE_LOOP('',(#4143,#4144,#4167,#4195));
#4143 = ORIENTED_EDGE('',*,*,#4092,.T.);
#4144 = ORIENTED_EDGE('',*,*,#4145,.T.);
#4145 = EDGE_CURVE('',#4070,#4146,#4148,.T.);
#4146 = VERTEX_POINT('',#4147);
#4147 = CARTESIAN_POINT('',(29.993689631096,7.,-44.));
#4148 = SURFACE_CURVE('',#4149,(#4153,#4160),.PCURVE_S1.);
#4149 = LINE('',#4150,#4151);
#4150 = CARTESIAN_POINT('',(36.06261351297,7.,-33.));
#4151 = VECTOR('',#4152,1.);
#4152 = DIRECTION('',(-0.483074802203,0.,-0.875579085792));
#4153 = PCURVE('',#4108,#4154);
#4154 = DEFINITIONAL_REPRESENTATION('',(#4155),#4159);
#4155 = LINE('',#4156,#4157);
#4156 = CARTESIAN_POINT('',(0.,-7.));
#4157 = VECTOR('',#4158,1.);
#4158 = DIRECTION('',(1.,0.));
#4159 = ( GEOMETRIC_REPRESENTATION_CONTEXT(2) 
PARAMETRIC_REPRESENTATION_CONTEXT() REPRESENTATION_CONTEXT('2D SPACE',''
  ) );
#4160 = PCURVE('',#3847,#4161);
#4161 = DEFINITIONAL_REPRESENTATION('',(#4162),#4166);
#4162 = LINE('',#4163,#4164);
#4163 = CARTESIAN_POINT('',(-6.266671641609,32.24595555608));
#4164 = VECTOR('',#4165,1.);
#4165 = DIRECTION('',(-0.875579085792,-0.483074802203));
#4166 = ( GEOMETRIC_REPRESENTATION_CONTEXT(2) 
PARAMETRIC_REPRESENTATION_CONTEXT() REPRESENTATION_CONTEXT('2D SPACE',''
  ) );
#4167 = ORIENTED_EDGE('',*,*,#4168,.F.);
#4168 = EDGE_CURVE('',#4169,#4146,#4171,.T.);
#4169 = VERTEX_POINT('',#4170);
#4170 = CARTESIAN_POINT('',(29.993689631096,0.,-44.));
#4171 = SURFACE_CURVE('',#4172,(#4176,#4183),.PCURVE_S1.);
#4172 = LINE('',#4173,#4174);
#4173 = CARTESIAN_POINT('',(29.993689631096,0.,-44.));
#4174 = VECTOR('',#4175,1.);
#4175 = DIRECTION('',(0.,1.,0.));
#4176 = PCURVE('',#4108,#4177);
#4177 = DEFINITIONAL_REPRESENTATION('',(#4178),#4182);
#4178 = LINE('',#4179,#4180);
#4179 = CARTESIAN_POINT('',(12.563114147534,0.));
#4180 = VECTOR('',#4181,1.);
#4181 = DIRECTION('',(0.,-1.));
#4182 = ( GEOMETRIC_REPRESENTATION_CONTEXT(2) 
PARAMETRIC_REPRESENTATION_CONTEXT() REPRESENTATION_CONTEXT('2D SPACE',''
  ) );
#4183 = PCURVE('',#4184,#4189);
#4184 = PLANE('',#4185);
#4185 = AXIS2_PLACEMENT_3D('',#4186,#4187,#4188);
#4186 = CARTESIAN_POINT('',(29.993689631096,0.,-44.));
#4187 = DIRECTION('',(-0.849816290134,0.,0.527079000741));
#4188 = DIRECTION('',(-0.527079000741,0.,-0.849816290134));
#4189 = DEFINITIONAL_REPRESENTATION('',(#4190),#4194);
#4190 = LINE('',#4191,#4192);
#4191 = CARTESIAN_POINT('',(0.,0.));
#4192 = VECTOR('',#4193,1.);
#4193 = DIRECTION('',(0.,-1.));
#4194 = ( GEOMETRIC_REPRESENTATION_CONTEXT(2) 
PARAMETRIC_REPRESENTATION_CONTEXT() REPRESENTATION_CONTEXT('2D SPACE',''
  ) );
#4195 = ORIENTED_EDGE('',*,*,#4196,.F.);
#4196 = EDGE_CURVE('',#4093,#4169,#4197,.T.);
#4197 = SURFACE_CURVE('',#4198,(#4202,#4209),.PCURVE_S1.);
#4198 = LINE('',#4199,#4200);
#4199 = CARTESIAN_POINT('',(36.06261351297,0.,-33.));
#4200 = VECTOR('',#4201,1.);
#4201 = DIRECTION('',(-0.483074802203,0.,-0.875579085792));
#4202 = PCURVE('',#4108,#4203);
#4203 = DEFINITIONAL_REPRESENTATION('',(#4204),#4208);
#4204 = LINE('',#4205,#4206);
#4205 = CARTESIAN_POINT('',(0.,0.));
#4206 = VECTOR('',#4207,1.);
#4207 = DIRECTION('',(1.,0.));
#4208 = ( GEOMETRIC_REPRESENTATION_CONTEXT(2) 
PARAMETRIC_REPRESENTATION_CONTEXT() REPRESENTATION_CONTEXT('2D SPACE',''
  ) );
#4209 = PCURVE('',#3901,#4210);
#4210 = DEFINITIONAL_REPRESENTATION('',(#4211),#4215);
#4211 = LINE('',#4212,#4213);
#4212 = CARTESIAN_POINT('',(-6.266671641609,32.24595555608));
#4213 = VECTOR('',#4214,1.);
#4214 = DIRECTION('',(-0.875579085792,-0.483074802203));
#4215 = ( GEOMETRIC_REPRESENTATION_CONTEXT(2) 
PARAMETRIC_REPRESENTATION_CONTEXT() REPRESENTATION_CONTEXT('2D SPACE',''
  ) );
#4216 = ADVANCED_FACE('',(#4217),#4184,.F.);
#4217 = FACE_BOUND('',#4218,.F.);
#4218 = EDGE_LOOP('',(#4219,#4220,#4243,#4271));
#4219 = ORIENTED_EDGE('',*,*,#4168,.T.);
#4220 = ORIENTED_EDGE('',*,*,#4221,.T.);
#4221 = EDGE_CURVE('',#4146,#4222,#4224,.T.);
#4222 = VERTEX_POINT('',#4223);
#4223 = CARTESIAN_POINT('',(23.171192727403,7.,-55.));
#4224 = SURFACE_CURVE('',#4225,(#4229,#4236),.PCURVE_S1.);
#4225 = LINE('',#4226,#4227);
#4226 = CARTESIAN_POINT('',(29.993689631096,7.,-44.));
#4227 = VECTOR('',#4228,1.);
#4228 = DIRECTION('',(-0.527079000741,0.,-0.849816290134));
#4229 = PCURVE('',#4184,#4230);
#4230 = DEFINITIONAL_REPRESENTATION('',(#4231),#4235);
#4231 = LINE('',#4232,#4233);
#4232 = CARTESIAN_POINT('',(0.,-7.));
#4233 = VECTOR('',#4234,1.);
#4234 = DIRECTION('',(1.,0.));
#4235 = ( GEOMETRIC_REPRESENTATION_CONTEXT(2) 
PARAMETRIC_REPRESENTATION_CONTEXT() REPRESENTATION_CONTEXT('2D SPACE',''
  ) );
#4236 = PCURVE('',#3847,#4237);
#4237 = DEFINITIONAL_REPRESENTATION('',(#4238),#4242);
#4238 = LINE('',#4239,#4240);
#4239 = CARTESIAN_POINT('',(-17.2666716416,26.177031674206));
#4240 = VECTOR('',#4241,1.);
#4241 = DIRECTION('',(-0.849816290134,-0.527079000741));
#4242 = ( GEOMETRIC_REPRESENTATION_CONTEXT(2) 
PARAMETRIC_REPRESENTATION_CONTEXT() REPRESENTATION_CONTEXT('2D SPACE',''
  ) );
#4243 = ORIENTED_EDGE('',*,*,#4244,.F.);
#4244 = EDGE_CURVE('',#4245,#4222,#4247,.T.);
#4245 = VERTEX_POINT('',#4246);
#4246 = CARTESIAN_POINT('',(23.171192727403,0.,-55.));
#4247 = SURFACE_CURVE('',#4248,(#4252,#4259),.PCURVE_S1.);
#4248 = LINE('',#4249,#4250);
#4249 = CARTESIAN_POINT('',(23.171192727403,0.,-55.));
#4250 = VECTOR('',#4251,1.);
#4251 = DIRECTION('',(0.,1.,0.));
#4252 = PCURVE('',#4184,#4253);
#4253 = DEFINITIONAL_REPRESENTATION('',(#4254),#4258);
#4254 = LINE('',#4255,#4256);
#4255 = CARTESIAN_POINT('',(12.943974042036,0.));
#4256 = VECTOR('',#4257,1.);
#4257 = DIRECTION('',(0.,-1.));
#4258 = ( GEOMETRIC_REPRESENTATION_CONTEXT(2) 
PARAMETRIC_REPRESENTATION_CONTEXT() REPRESENTATION_CONTEXT('2D SPACE',''
  ) );
#4259 = PCURVE('',#4260,#4265);
#4260 = PLANE('',#4261);
#4261 = AXIS2_PLACEMENT_3D('',#4262,#4263,#4264);
#4262 = CARTESIAN_POINT('',(23.171192727403,0.,-55.));
#4263 = DIRECTION('',(-0.825843464219,0.,0.563899434834));
#4264 = DIRECTION('',(-0.563899434834,0.,-0.825843464219));
#4265 = DEFINITIONAL_REPRESENTATION('',(#4266),#4270);
#4266 = LINE('',#4267,#4268);
#4267 = CARTESIAN_POINT('',(0.,0.));
#4268 = VECTOR('',#4269,1.);
#4269 = DIRECTION('',(0.,-1.));
#4270 = ( GEOMETRIC_REPRESENTATION_CONTEXT(2) 
PARAMETRIC_REPRESENTATION_CONTEXT() REPRESENTATION_CONTEXT('2D SPACE',''
  ) );
#4271 = ORIENTED_EDGE('',*,*,#4272,.F.);
#4272 = EDGE_CURVE('',#4169,#4245,#4273,.T.);
#4273 = SURFACE_CURVE('',#4274,(#4278,#4285),.PCURVE_S1.);
#4274 = LINE('',#4275,#4276);
#4275 = CARTESIAN_POINT('',(29.993689631096,0.,-44.));
#4276 = VECTOR('',#4277,1.);
#4277 = DIRECTION('',(-0.527079000741,0.,-0.849816290134));
#4278 = PCURVE('',#4184,#4279);
#4279 = DEFINITIONAL_REPRESENTATION('',(#4280),#4284);
#4280 = LINE('',#4281,#4282);
#4281 = CARTESIAN_POINT('',(0.,0.));
#4282 = VECTOR('',#4283,1.);
#4283 = DIRECTION('',(1.,0.));
#4284 = ( GEOMETRIC_REPRESENTATION_CONTEXT(2) 
PARAMETRIC_REPRESENTATION_CONTEXT() REPRESENTATION_CONTEXT('2D SPACE',''
  ) );
#4285 = PCURVE('',#3901,#4286);
#4286 = DEFINITIONAL_REPRESENTATION('',(#4287),#4291);
#4287 = LINE('',#4288,#4289);
#4288 = CARTESIAN_POINT('',(-17.2666716416,26.177031674206));
#4289 = VECTOR('',#4290,1.);
#4290 = DIRECTION('',(-0.849816290134,-0.527079000741));
#4291 = ( GEOMETRIC_REPRESENTATION_CONTEXT(2) 
PARAMETRIC_REPRESENTATION_CONTEXT() REPRESENTATION_CONTEXT('2D SPACE',''
  ) );
#4292 = ADVANCED_FACE('',(#4293),#4260,.F.);
#4293 = FACE_BOUND('',#4294,.F.);
#4294 = EDGE_LOOP('',(#4295,#4296,#4319,#4347));
#4295 = ORIENTED_EDGE('',*,*,#4244,.T.);
#4296 = ORIENTED_EDGE('',*,*,#4297,.T.);
#4297 = EDGE_CURVE('',#4222,#4298,#4300,.T.);
#4298 = VERTEX_POINT('',#4299);
#4299 = CARTESIAN_POINT('',(15.66021267861,7.,-66.));
#4300 = SURFACE_CURVE('',#4301,(#4305,#4312),.PCURVE_S1.);
#4301 = LINE('',#4302,#4303);
#4302 = CARTESIAN_POINT('',(23.171192727403,7.,-55.));
#4303 = VECTOR('',#4304,1.);
#4304 = DIRECTION('',(-0.563899434834,0.,-0.825843464219));
#4305 = PCURVE('',#4260,#4306);
#4306 = DEFINITIONAL_REPRESENTATION('',(#4307),#4311);
#4307 = LINE('',#4308,#4309);
#4308 = CARTESIAN_POINT('',(0.,-7.));
#4309 = VECTOR('',#4310,1.);
#4310 = DIRECTION('',(1.,0.));
#4311 = ( GEOMETRIC_REPRESENTATION_CONTEXT(2) 
PARAMETRIC_REPRESENTATION_CONTEXT() REPRESENTATION_CONTEXT('2D SPACE',''
  ) );
#4312 = PCURVE('',#3847,#4313);
#4313 = DEFINITIONAL_REPRESENTATION('',(#4314),#4318);
#4314 = LINE('',#4315,#4316);
#4315 = CARTESIAN_POINT('',(-28.2666716416,19.354534770513));
#4316 = VECTOR('',#4317,1.);
#4317 = DIRECTION('',(-0.825843464219,-0.563899434834));
#4318 = ( GEOMETRIC_REPRESENTATION_CONTEXT(2) 
PARAMETRIC_REPRESENTATION_CONTEXT() REPRESENTATION_CONTEXT('2D SPACE',''
  ) );
#4319 = ORIENTED_EDGE('',*,*,#4320,.F.);
#4320 = EDGE_CURVE('',#4321,#4298,#4323,.T.);
#4321 = VERTEX_POINT('',#4322);
#4322 = CARTESIAN_POINT('',(15.66021267861,0.,-66.));
#4323 = SURFACE_CURVE('',#4324,(#4328,#4335),.PCURVE_S1.);
#4324 = LINE('',#4325,#4326);
#4325 = CARTESIAN_POINT('',(15.66021267861,0.,-66.));
#4326 = VECTOR('',#4327,1.);
#4327 = DIRECTION('',(0.,1.,0.));
#4328 = PCURVE('',#4260,#4329);
#4329 = DEFINITIONAL_REPRESENTATION('',(#4330),#4334);
#4330 = LINE('',#4331,#4332);
#4331 = CARTESIAN_POINT('',(13.319715510977,0.));
#4332 = VECTOR('',#4333,1.);
#4333 = DIRECTION('',(0.,-1.));
#4334 = ( GEOMETRIC_REPRESENTATION_CONTEXT(2) 
PARAMETRIC_REPRESENTATION_CONTEXT() REPRESENTATION_CONTEXT('2D SPACE',''
  ) );
#4335 = PCURVE('',#4336,#4341);
#4336 = PLANE('',#4337);
#4337 = AXIS2_PLACEMENT_3D('',#4338,#4339,#4340);
#4338 = CARTESIAN_POINT('',(15.66021267861,0.,-66.));
#4339 = DIRECTION('',(-0.803469115967,0.,0.595346436697));
#4340 = DIRECTION('',(-0.595346436697,0.,-0.803469115967));
#4341 = DEFINITIONAL_REPRESENTATION('',(#4342),#4346);
#4342 = LINE('',#4343,#4344);
#4343 = CARTESIAN_POINT('',(0.,0.));
#4344 = VECTOR('',#4345,1.);
#4345 = DIRECTION('',(0.,-1.));
#4346 = ( GEOMETRIC_REPRESENTATION_CONTEXT(2) 
PARAMETRIC_REPRESENTATION_CONTEXT() REPRESENTATION_CONTEXT('2D SPACE',''
  ) );
#4347 = ORIENTED_EDGE('',*,*,#4348,.F.);
#4348 = EDGE_CURVE('',#4245,#4321,#4349,.T.);
#4349 = SURFACE_CURVE('',#4350,(#4354,#4361),.PCURVE_S1.);
#4350 = LINE('',#4351,#4352);
#4351 = CARTESIAN_POINT('',(23.171192727403,0.,-55.));
#4352 = VECTOR('',#4353,1.);
#4353 = DIRECTION('',(-0.563899434834,0.,-0.825843464219));
#4354 = PCURVE('',#4260,#4355);
#4355 = DEFINITIONAL_REPRESENTATION('',(#4356),#4360);
#4356 = LINE('',#4357,#4358);
#4357 = CARTESIAN_POINT('',(0.,0.));
#4358 = VECTOR('',#4359,1.);
#4359 = DIRECTION('',(1.,0.));
#4360 = ( GEOMETRIC_REPRESENTATION_CONTEXT(2) 
PARAMETRIC_REPRESENTATION_CONTEXT() REPRESENTATION_CONTEXT('2D SPACE',''
  ) );
#4361 = PCURVE('',#3901,#4362);
#4362 = DEFINITIONAL_REPRESENTATION('',(#4363),#4367);
#4363 = LINE('',#4364,#4365);
#4364 = CARTESIAN_POINT('',(-28.2666716416,19.354534770513));
#4365 = VECTOR('',#4366,1.);
#4366 = DIRECTION('',(-0.825843464219,-0.563899434834));
#4367 = ( GEOMETRIC_REPRESENTATION_CONTEXT(2) 
PARAMETRIC_REPRESENTATION_CONTEXT() REPRESENTATION_CONTEXT('2D SPACE',''
  ) );
#4368 = ADVANCED_FACE('',(#4369),#4336,.F.);
#4369 = FACE_BOUND('',#4370,.F.);
#4370 = EDGE_LOOP('',(#4371,#4372,#4395,#4423));
#4371 = ORIENTED_EDGE('',*,*,#4320,.T.);
#4372 = ORIENTED_EDGE('',*,*,#4373,.T.);
#4373 = EDGE_CURVE('',#4298,#4374,#4376,.T.);
#4374 = VERTEX_POINT('',#4375);
#4375 = CARTESIAN_POINT('',(7.509543693924,7.,-77.));
#4376 = SURFACE_CURVE('',#4377,(#4381,#4388),.PCURVE_S1.);
#4377 = LINE('',#4378,#4379);
#4378 = CARTESIAN_POINT('',(15.66021267861,7.,-66.));
#4379 = VECTOR('',#4380,1.);
#4380 = DIRECTION('',(-0.595346436697,0.,-0.803469115967));
#4381 = PCURVE('',#4336,#4382);
#4382 = DEFINITIONAL_REPRESENTATION('',(#4383),#4387);
#4383 = LINE('',#4384,#4385);
#4384 = CARTESIAN_POINT('',(0.,-7.));
#4385 = VECTOR('',#4386,1.);
#4386 = DIRECTION('',(1.,0.));
#4387 = ( GEOMETRIC_REPRESENTATION_CONTEXT(2) 
PARAMETRIC_REPRESENTATION_CONTEXT() REPRESENTATION_CONTEXT('2D SPACE',''
  ) );
#4388 = PCURVE('',#3847,#4389);
#4389 = DEFINITIONAL_REPRESENTATION('',(#4390),#4394);
#4390 = LINE('',#4391,#4392);
#4391 = CARTESIAN_POINT('',(-39.2666716416,11.843554721719));
#4392 = VECTOR('',#4393,1.);
#4393 = DIRECTION('',(-0.803469115967,-0.595346436697));
#4394 = ( GEOMETRIC_REPRESENTATION_CONTEXT(2) 
PARAMETRIC_REPRESENTATION_CONTEXT() REPRESENTATION_CONTEXT('2D SPACE',''
  ) );
#4395 = ORIENTED_EDGE('',*,*,#4396,.F.);
#4396 = EDGE_CURVE('',#4397,#4374,#4399,.T.);
#4397 = VERTEX_POINT('',#4398);
#4398 = CARTESIAN_POINT('',(7.509543693924,0.,-77.));
#4399 = SURFACE_CURVE('',#4400,(#4404,#4411),.PCURVE_S1.);
#4400 = LINE('',#4401,#4402);
#4401 = CARTESIAN_POINT('',(7.509543693924,0.,-77.));
#4402 = VECTOR('',#4403,1.);
#4403 = DIRECTION('',(0.,1.,0.));
#4404 = PCURVE('',#4336,#4405);
#4405 = DEFINITIONAL_REPRESENTATION('',(#4406),#4410);
#4406 = LINE('',#4407,#4408);
#4407 = CARTESIAN_POINT('',(13.690632012362,0.));
#4408 = VECTOR('',#4409,1.);
#4409 = DIRECTION('',(0.,-1.));
#4410 = ( GEOMETRIC_REPRESENTATION_CONTEXT(2) 
PARAMETRIC_REPRESENTATION_CONTEXT() REPRESENTATION_CONTEXT('2D SPACE',''
  ) );
#4411 = PCURVE('',#4412,#4417);
#4412 = PLANE('',#4413);
#4413 = AXIS2_PLACEMENT_3D('',#4414,#4415,#4416);
#4414 = CARTESIAN_POINT('',(7.509543693924,0.,-77.));
#4415 = DIRECTION('',(-0.78253531563,0.,0.62260619961));
#4416 = DIRECTION('',(-0.62260619961,0.,-0.78253531563));
#4417 = DEFINITIONAL_REPRESENTATION('',(#4418),#4422);
#4418 = LINE('',#4419,#4420);
#4419 = CARTESIAN_POINT('',(0.,0.));
#4420 = VECTOR('',#4421,1.);
#4421 = DIRECTION('',(0.,-1.));
#4422 = ( GEOMETRIC_REPRESENTATION_CONTEXT(2) 
PARAMETRIC_REPRESENTATION_CONTEXT() REPRESENTATION_CONTEXT('2D SPACE',''
  ) );
#4423 = ORIENTED_EDGE('',*,*,#4424,.F.);
#4424 = EDGE_CURVE('',#4321,#4397,#4425,.T.);
#4425 = SURFACE_CURVE('',#4426,(#4430,#4437),.PCURVE_S1.);
#4426 = LINE('',#4427,#4428);
#4427 = CARTESIAN_POINT('',(15.66021267861,0.,-66.));
#4428 = VECTOR('',#4429,1.);
#4429 = DIRECTION('',(-0.595346436697,0.,-0.803469115967));
#4430 = PCURVE('',#4336,#4431);
#4431 = DEFINITIONAL_REPRESENTATION('',(#4432),#4436);
#4432 = LINE('',#4433,#4434);
#4433 = CARTESIAN_POINT('',(0.,0.));
#4434 = VECTOR('',#4435,1.);
#4435 = DIRECTION('',(1.,0.));
#4436 = ( GEOMETRIC_REPRESENTATION_CONTEXT(2) 
PARAMETRIC_REPRESENTATION_CONTEXT() REPRESENTATION_CONTEXT('2D SPACE',''
  ) );
#4437 = PCURVE('',#3901,#4438);
#4438 = DEFINITIONAL_REPRESENTATION('',(#4439),#4443);
#4439 = LINE('',#4440,#4441);
#4440 = CARTESIAN_POINT('',(-39.2666716416,11.843554721719));
#4441 = VECTOR('',#4442,1.);
#4442 = DIRECTION('',(-0.803469115967,-0.595346436697));
#4443 = ( GEOMETRIC_REPRESENTATION_CONTEXT(2) 
PARAMETRIC_REPRESENTATION_CONTEXT() REPRESENTATION_CONTEXT('2D SPACE',''
  ) );
#4444 = ADVANCED_FACE('',(#4445),#4412,.F.);
#4445 = FACE_BOUND('',#4446,.F.);
#4446 = EDGE_LOOP('',(#4447,#4448,#4471,#4499));
#4447 = ORIENTED_EDGE('',*,*,#4396,.T.);
#4448 = ORIENTED_EDGE('',*,*,#4449,.T.);
#4449 = EDGE_CURVE('',#4374,#4450,#4452,.T.);
#4450 = VERTEX_POINT('',#4451);
#4451 = CARTESIAN_POINT('',(-1.242352941176,7.,-88.));
#4452 = SURFACE_CURVE('',#4453,(#4457,#4464),.PCURVE_S1.);
#4453 = LINE('',#4454,#4455);
#4454 = CARTESIAN_POINT('',(7.509543693924,7.,-77.));
#4455 = VECTOR('',#4456,1.);
#4456 = DIRECTION('',(-0.62260619961,0.,-0.78253531563));
#4457 = PCURVE('',#4412,#4458);
#4458 = DEFINITIONAL_REPRESENTATION('',(#4459),#4463);
#4459 = LINE('',#4460,#4461);
#4460 = CARTESIAN_POINT('',(0.,-7.));
#4461 = VECTOR('',#4462,1.);
#4462 = DIRECTION('',(1.,0.));
#4463 = ( GEOMETRIC_REPRESENTATION_CONTEXT(2) 
PARAMETRIC_REPRESENTATION_CONTEXT() REPRESENTATION_CONTEXT('2D SPACE',''
  ) );
#4464 = PCURVE('',#3847,#4465);
#4465 = DEFINITIONAL_REPRESENTATION('',(#4466),#4470);
#4466 = LINE('',#4467,#4468);
#4467 = CARTESIAN_POINT('',(-50.2666716416,3.692885737034));
#4468 = VECTOR('',#4469,1.);
#4469 = DIRECTION('',(-0.78253531563,-0.62260619961));
#4470 = ( GEOMETRIC_REPRESENTATION_CONTEXT(2) 
PARAMETRIC_REPRESENTATION_CONTEXT() REPRESENTATION_CONTEXT('2D SPACE',''
  ) );
#4471 = ORIENTED_EDGE('',*,*,#4472,.F.);
#4472 = EDGE_CURVE('',#4473,#4450,#4475,.T.);
#4473 = VERTEX_POINT('',#4474);
#4474 = CARTESIAN_POINT('',(-1.242352941176,0.,-88.));
#4475 = SURFACE_CURVE('',#4476,(#4480,#4487),.PCURVE_S1.);
#4476 = LINE('',#4477,#4478);
#4477 = CARTESIAN_POINT('',(-1.242352941176,0.,-88.));
#4478 = VECTOR('',#4479,1.);
#4479 = DIRECTION('',(0.,1.,0.));
#4480 = PCURVE('',#4412,#4481);
#4481 = DEFINITIONAL_REPRESENTATION('',(#4482),#4486);
#4482 = LINE('',#4483,#4484);
#4483 = CARTESIAN_POINT('',(14.056873575283,0.));
#4484 = VECTOR('',#4485,1.);
#4485 = DIRECTION('',(0.,-1.));
#4486 = ( GEOMETRIC_REPRESENTATION_CONTEXT(2) 
PARAMETRIC_REPRESENTATION_CONTEXT() REPRESENTATION_CONTEXT('2D SPACE',''
  ) );
#4487 = PCURVE('',#4488,#4493);
#4488 = PLANE('',#4489);
#4489 = AXIS2_PLACEMENT_3D('',#4490,#4491,#4492);
#4490 = CARTESIAN_POINT('',(-1.242352941176,0.,-88.));
#4491 = DIRECTION('',(0.975325456429,-0.,0.220771950306));
#4492 = DIRECTION('',(-0.220771950306,0.,0.975325456429));
#4493 = DEFINITIONAL_REPRESENTATION('',(#4494),#4498);
#4494 = LINE('',#4495,#4496);
#4495 = CARTESIAN_POINT('',(0.,0.));
#4496 = VECTOR('',#4497,1.);
#4497 = DIRECTION('',(0.,-1.));
#4498 = ( GEOMETRIC_REPRESENTATION_CONTEXT(2) 
PARAMETRIC_REPRESENTATION_CONTEXT() REPRESENTATION_CONTEXT('2D SPACE',''
  ) );
#4499 = ORIENTED_EDGE('',*,*,#4500,.F.);
#4500 = EDGE_CURVE('',#4397,#4473,#4501,.T.);
#4501 = SURFACE_CURVE('',#4502,(#4506,#4513),.PCURVE_S1.);
#4502 = LINE('',#4503,#4504);
#4503 = CARTESIAN_POINT('',(7.509543693924,0.,-77.));
#4504 = VECTOR('',#4505,1.);
#4505 = DIRECTION('',(-0.62260619961,0.,-0.78253531563));
#4506 = PCURVE('',#4412,#4507);
#4507 = DEFINITIONAL_REPRESENTATION('',(#4508),#4512);
#4508 = LINE('',#4509,#4510);
#4509 = CARTESIAN_POINT('',(0.,0.));
#4510 = VECTOR('',#4511,1.);
#4511 = DIRECTION('',(1.,0.));
#4512 = ( GEOMETRIC_REPRESENTATION_CONTEXT(2) 
PARAMETRIC_REPRESENTATION_CONTEXT() REPRESENTATION_CONTEXT('2D SPACE',''
  ) );
#4513 = PCURVE('',#3901,#4514);
#4514 = DEFINITIONAL_REPRESENTATION('',(#4515),#4519);
#4515 = LINE('',#4516,#4517);
#4516 = CARTESIAN_POINT('',(-50.2666716416,3.692885737034));
#4517 = VECTOR('',#4518,1.);
#4518 = DIRECTION('',(-0.78253531563,-0.62260619961));
#4519 = ( GEOMETRIC_REPRESENTATION_CONTEXT(2) 
PARAMETRIC_REPRESENTATION_CONTEXT() REPRESENTATION_CONTEXT('2D SPACE',''
  ) );
#4520 = ADVANCED_FACE('',(#4521),#4488,.F.);
#4521 = FACE_BOUND('',#4522,.F.);
#4522 = EDGE_LOOP('',(#4523,#4524,#4547,#4575));
#4523 = ORIENTED_EDGE('',*,*,#4472,.T.);
#4524 = ORIENTED_EDGE('',*,*,#4525,.T.);
#4525 = EDGE_CURVE('',#4450,#4526,#4528,.T.);
#4526 = VERTEX_POINT('',#4527);
#4527 = CARTESIAN_POINT('',(-3.732282264108,7.,-77.));
#4528 = SURFACE_CURVE('',#4529,(#4533,#4540),.PCURVE_S1.);
#4529 = LINE('',#4530,#4531);
#4530 = CARTESIAN_POINT('',(-1.242352941176,7.,-88.));
#4531 = VECTOR('',#4532,1.);
#4532 = DIRECTION('',(-0.220771950306,0.,0.975325456429));
#4533 = PCURVE('',#4488,#4534);
#4534 = DEFINITIONAL_REPRESENTATION('',(#4535),#4539);
#4535 = LINE('',#4536,#4537);
#4536 = CARTESIAN_POINT('',(0.,-7.));
#4537 = VECTOR('',#4538,1.);
#4538 = DIRECTION('',(1.,0.));
#4539 = ( GEOMETRIC_REPRESENTATION_CONTEXT(2) 
PARAMETRIC_REPRESENTATION_CONTEXT() REPRESENTATION_CONTEXT('2D SPACE',''
  ) );
#4540 = PCURVE('',#3847,#4541);
#4541 = DEFINITIONAL_REPRESENTATION('',(#4542),#4546);
#4542 = LINE('',#4543,#4544);
#4543 = CARTESIAN_POINT('',(-61.2666716416,-5.059010898067));
#4544 = VECTOR('',#4545,1.);
#4545 = DIRECTION('',(0.975325456429,-0.220771950306));
#4546 = ( GEOMETRIC_REPRESENTATION_CONTEXT(2) 
PARAMETRIC_REPRESENTATION_CONTEXT() REPRESENTATION_CONTEXT('2D SPACE',''
  ) );
#4547 = ORIENTED_EDGE('',*,*,#4548,.F.);
#4548 = EDGE_CURVE('',#4549,#4526,#4551,.T.);
#4549 = VERTEX_POINT('',#4550);
#4550 = CARTESIAN_POINT('',(-3.732282264108,0.,-77.));
#4551 = SURFACE_CURVE('',#4552,(#4556,#4563),.PCURVE_S1.);
#4552 = LINE('',#4553,#4554);
#4553 = CARTESIAN_POINT('',(-3.732282264108,0.,-77.));
#4554 = VECTOR('',#4555,1.);
#4555 = DIRECTION('',(0.,1.,0.));
#4556 = PCURVE('',#4488,#4557);
#4557 = DEFINITIONAL_REPRESENTATION('',(#4558),#4562);
#4558 = LINE('',#4559,#4560);
#4559 = CARTESIAN_POINT('',(11.278286573465,0.));
#4560 = VECTOR('',#4561,1.);
#4561 = DIRECTION('',(0.,-1.));
#4562 = ( GEOMETRIC_REPRESENTATION_CONTEXT(2) 
PARAMETRIC_REPRESENTATION_CONTEXT() REPRESENTATION_CONTEXT('2D SPACE',''
  ) );
#4563 = PCURVE('',#4564,#4569);
#4564 = PLANE('',#4565);
#4565 = AXIS2_PLACEMENT_3D('',#4566,#4567,#4568);
#4566 = CARTESIAN_POINT('',(-3.732282264108,0.,-77.));
#4567 = DIRECTION('',(0.985000392472,-0.,0.172552098886));
#4568 = DIRECTION('',(-0.172552098886,0.,0.985000392472));
#4569 = DEFINITIONAL_REPRESENTATION('',(#4570),#4574);
#4570 = LINE('',#4571,#4572);
#4571 = CARTESIAN_POINT('',(0.,0.));
#4572 = VECTOR('',#4573,1.);
#4573 = DIRECTION('',(0.,-1.));
#4574 = ( GEOMETRIC_REPRESENTATION_CONTEXT(2) 
PARAMETRIC_REPRESENTATION_CONTEXT() REPRESENTATION_CONTEXT('2D SPACE',''
  ) );
#4575 = ORIENTED_EDGE('',*,*,#4576,.F.);
#4576 = EDGE_CURVE('',#4473,#4549,#4577,.T.);
#4577 = SURFACE_CURVE('',#4578,(#4582,#4589),.PCURVE_S1.);
#4578 = LINE('',#4579,#4580);
#4579 = CARTESIAN_POINT('',(-1.242352941176,0.,-88.));
#4580 = VECTOR('',#4581,1.);
#4581 = DIRECTION('',(-0.220771950306,0.,0.975325456429));
#4582 = PCURVE('',#4488,#4583);
#4583 = DEFINITIONAL_REPRESENTATION('',(#4584),#4588);
#4584 = LINE('',#4585,#4586);
#4585 = CARTESIAN_POINT('',(0.,0.));
#4586 = VECTOR('',#4587,1.);
#4587 = DIRECTION('',(1.,0.));
#4588 = ( GEOMETRIC_REPRESENTATION_CONTEXT(2) 
PARAMETRIC_REPRESENTATION_CONTEXT() REPRESENTATION_CONTEXT('2D SPACE',''
  ) );
#4589 = PCURVE('',#3901,#4590);
#4590 = DEFINITIONAL_REPRESENTATION('',(#4591),#4595);
#4591 = LINE('',#4592,#4593);
#4592 = CARTESIAN_POINT('',(-61.2666716416,-5.059010898067));
#4593 = VECTOR('',#4594,1.);
#4594 = DIRECTION('',(0.975325456429,-0.220771950306));
#4595 = ( GEOMETRIC_REPRESENTATION_CONTEXT(2) 
PARAMETRIC_REPRESENTATION_CONTEXT() REPRESENTATION_CONTEXT('2D SPACE',''
  ) );
#4596 = ADVANCED_FACE('',(#4597),#4564,.F.);
#4597 = FACE_BOUND('',#4598,.F.);
#4598 = EDGE_LOOP('',(#4599,#4600,#4623,#4651));
#4599 = ORIENTED_EDGE('',*,*,#4548,.T.);
#4600 = ORIENTED_EDGE('',*,*,#4601,.T.);
#4601 = EDGE_CURVE('',#4526,#4602,#4604,.T.);
#4602 = VERTEX_POINT('',#4603);
#4603 = CARTESIAN_POINT('',(-5.659259250367,7.,-66.));
#4604 = SURFACE_CURVE('',#4605,(#4609,#4616),.PCURVE_S1.);
#4605 = LINE('',#4606,#4607);
#4606 = CARTESIAN_POINT('',(-3.732282264108,7.,-77.));
#4607 = VECTOR('',#4608,1.);
#4608 = DIRECTION('',(-0.172552098886,0.,0.985000392472));
#4609 = PCURVE('',#4564,#4610);
#4610 = DEFINITIONAL_REPRESENTATION('',(#4611),#4615);
#4611 = LINE('',#4612,#4613);
#4612 = CARTESIAN_POINT('',(0.,-7.));
#4613 = VECTOR('',#4614,1.);
#4614 = DIRECTION('',(1.,0.));
#4615 = ( GEOMETRIC_REPRESENTATION_CONTEXT(2) 
PARAMETRIC_REPRESENTATION_CONTEXT() REPRESENTATION_CONTEXT('2D SPACE',''
  ) );
#4616 = PCURVE('',#3847,#4617);
#4617 = DEFINITIONAL_REPRESENTATION('',(#4618),#4622);
#4618 = LINE('',#4619,#4620);
#4619 = CARTESIAN_POINT('',(-50.2666716416,-7.548940220998));
#4620 = VECTOR('',#4621,1.);
#4621 = DIRECTION('',(0.985000392472,-0.172552098886));
#4622 = ( GEOMETRIC_REPRESENTATION_CONTEXT(2) 
PARAMETRIC_REPRESENTATION_CONTEXT() REPRESENTATION_CONTEXT('2D SPACE',''
  ) );
#4623 = ORIENTED_EDGE('',*,*,#4624,.F.);
#4624 = EDGE_CURVE('',#4625,#4602,#4627,.T.);
#4625 = VERTEX_POINT('',#4626);
#4626 = CARTESIAN_POINT('',(-5.659259250367,0.,-66.));
#4627 = SURFACE_CURVE('',#4628,(#4632,#4639),.PCURVE_S1.);
#4628 = LINE('',#4629,#4630);
#4629 = CARTESIAN_POINT('',(-5.659259250367,0.,-66.));
#4630 = VECTOR('',#4631,1.);
#4631 = DIRECTION('',(0.,1.,0.));
#4632 = PCURVE('',#4564,#4633);
#4633 = DEFINITIONAL_REPRESENTATION('',(#4634),#4638);
#4634 = LINE('',#4635,#4636);
#4635 = CARTESIAN_POINT('',(11.167508240676,0.));
#4636 = VECTOR('',#4637,1.);
#4637 = DIRECTION('',(0.,-1.));
#4638 = ( GEOMETRIC_REPRESENTATION_CONTEXT(2) 
PARAMETRIC_REPRESENTATION_CONTEXT() REPRESENTATION_CONTEXT('2D SPACE',''
  ) );
#4639 = PCURVE('',#4640,#4645);
#4640 = PLANE('',#4641);
#4641 = AXIS2_PLACEMENT_3D('',#4642,#4643,#4644);
#4642 = CARTESIAN_POINT('',(-5.659259250367,0.,-66.));
#4643 = DIRECTION('',(0.996766278457,-0.,8.035537400619E-02));
#4644 = DIRECTION('',(-8.035537400619E-02,0.,0.996766278457));
#4645 = DEFINITIONAL_REPRESENTATION('',(#4646),#4650);
#4646 = LINE('',#4647,#4648);
#4647 = CARTESIAN_POINT('',(0.,0.));
#4648 = VECTOR('',#4649,1.);
#4649 = DIRECTION('',(0.,-1.));
#4650 = ( GEOMETRIC_REPRESENTATION_CONTEXT(2) 
PARAMETRIC_REPRESENTATION_CONTEXT() REPRESENTATION_CONTEXT('2D SPACE',''
  ) );
#4651 = ORIENTED_EDGE('',*,*,#4652,.F.);
#4652 = EDGE_CURVE('',#4549,#4625,#4653,.T.);
#4653 = SURFACE_CURVE('',#4654,(#4658,#4665),.PCURVE_S1.);
#4654 = LINE('',#4655,#4656);
#4655 = CARTESIAN_POINT('',(-3.732282264108,0.,-77.));
#4656 = VECTOR('',#4657,1.);
#4657 = DIRECTION('',(-0.172552098886,0.,0.985000392472));
#4658 = PCURVE('',#4564,#4659);
#4659 = DEFINITIONAL_REPRESENTATION('',(#4660),#4664);
#4660 = LINE('',#4661,#4662);
#4661 = CARTESIAN_POINT('',(0.,0.));
#4662 = VECTOR('',#4663,1.);
#4663 = DIRECTION('',(1.,0.));
#4664 = ( GEOMETRIC_REPRESENTATION_CONTEXT(2) 
PARAMETRIC_REPRESENTATION_CONTEXT() REPRESENTATION_CONTEXT('2D SPACE',''
  ) );
#4665 = PCURVE('',#3901,#4666);
#4666 = DEFINITIONAL_REPRESENTATION('',(#4667),#4671);
#4667 = LINE('',#4668,#4669);
#4668 = CARTESIAN_POINT('',(-50.2666716416,-7.548940220998));
#4669 = VECTOR('',#4670,1.);
#4670 = DIRECTION('',(0.985000392472,-0.172552098886));
#4671 = ( GEOMETRIC_REPRESENTATION_CONTEXT(2) 
PARAMETRIC_REPRESENTATION_CONTEXT() REPRESENTATION_CONTEXT('2D SPACE',''
  ) );
#4672 = ADVANCED_FACE('',(#4673),#4640,.F.);
#4673 = FACE_BOUND('',#4674,.F.);
#4674 = EDGE_LOOP('',(#4675,#4676,#4699,#4727));
#4675 = ORIENTED_EDGE('',*,*,#4624,.T.);
#4676 = ORIENTED_EDGE('',*,*,#4677,.T.);
#4677 = EDGE_CURVE('',#4602,#4678,#4680,.T.);
#4678 = VERTEX_POINT('',#4679);
#4679 = CARTESIAN_POINT('',(-6.546035953364,7.,-55.));
#4680 = SURFACE_CURVE('',#4681,(#4685,#4692),.PCURVE_S1.);
#4681 = LINE('',#4682,#4683);
#4682 = CARTESIAN_POINT('',(-5.659259250367,7.,-66.));
#4683 = VECTOR('',#4684,1.);
#4684 = DIRECTION('',(-8.035537400619E-02,0.,0.996766278457));
#4685 = PCURVE('',#4640,#4686);
#4686 = DEFINITIONAL_REPRESENTATION('',(#4687),#4691);
#4687 = LINE('',#4688,#4689);
#4688 = CARTESIAN_POINT('',(0.,-7.));
#4689 = VECTOR('',#4690,1.);
#4690 = DIRECTION('',(1.,0.));
#4691 = ( GEOMETRIC_REPRESENTATION_CONTEXT(2) 
PARAMETRIC_REPRESENTATION_CONTEXT() REPRESENTATION_CONTEXT('2D SPACE',''
  ) );
#4692 = PCURVE('',#3847,#4693);
#4693 = DEFINITIONAL_REPRESENTATION('',(#4694),#4698);
#4694 = LINE('',#4695,#4696);
#4695 = CARTESIAN_POINT('',(-39.2666716416,-9.475917207258));
#4696 = VECTOR('',#4697,1.);
#4697 = DIRECTION('',(0.996766278457,-8.035537400619E-02));
#4698 = ( GEOMETRIC_REPRESENTATION_CONTEXT(2) 
PARAMETRIC_REPRESENTATION_CONTEXT() REPRESENTATION_CONTEXT('2D SPACE',''
  ) );
#4699 = ORIENTED_EDGE('',*,*,#4700,.F.);
#4700 = EDGE_CURVE('',#4701,#4678,#4703,.T.);
#4701 = VERTEX_POINT('',#4702);
#4702 = CARTESIAN_POINT('',(-6.546035953364,0.,-55.));
#4703 = SURFACE_CURVE('',#4704,(#4708,#4715),.PCURVE_S1.);
#4704 = LINE('',#4705,#4706);
#4705 = CARTESIAN_POINT('',(-6.546035953364,0.,-55.));
#4706 = VECTOR('',#4707,1.);
#4707 = DIRECTION('',(0.,1.,0.));
#4708 = PCURVE('',#4640,#4709);
#4709 = DEFINITIONAL_REPRESENTATION('',(#4710),#4714);
#4710 = LINE('',#4711,#4712);
#4711 = CARTESIAN_POINT('',(11.035686336652,0.));
#4712 = VECTOR('',#4713,1.);
#4713 = DIRECTION('',(0.,-1.));
#4714 = ( GEOMETRIC_REPRESENTATION_CONTEXT(2) 
PARAMETRIC_REPRESENTATION_CONTEXT() REPRESENTATION_CONTEXT('2D SPACE',''
  ) );
#4715 = PCURVE('',#4716,#4721);
#4716 = PLANE('',#4717);
#4717 = AXIS2_PLACEMENT_3D('',#4718,#4719,#4720);
#4718 = CARTESIAN_POINT('',(-6.546035953364,0.,-55.));
#4719 = DIRECTION('',(0.999079466133,0.,-4.289778958099E-02));
#4720 = DIRECTION('',(4.289778958099E-02,0.,0.999079466133));
#4721 = DEFINITIONAL_REPRESENTATION('',(#4722),#4726);
#4722 = LINE('',#4723,#4724);
#4723 = CARTESIAN_POINT('',(0.,0.));
#4724 = VECTOR('',#4725,1.);
#4725 = DIRECTION('',(0.,-1.));
#4726 = ( GEOMETRIC_REPRESENTATION_CONTEXT(2) 
PARAMETRIC_REPRESENTATION_CONTEXT() REPRESENTATION_CONTEXT('2D SPACE',''
  ) );
#4727 = ORIENTED_EDGE('',*,*,#4728,.F.);
#4728 = EDGE_CURVE('',#4625,#4701,#4729,.T.);
#4729 = SURFACE_CURVE('',#4730,(#4734,#4741),.PCURVE_S1.);
#4730 = LINE('',#4731,#4732);
#4731 = CARTESIAN_POINT('',(-5.659259250367,0.,-66.));
#4732 = VECTOR('',#4733,1.);
#4733 = DIRECTION('',(-8.035537400619E-02,0.,0.996766278457));
#4734 = PCURVE('',#4640,#4735);
#4735 = DEFINITIONAL_REPRESENTATION('',(#4736),#4740);
#4736 = LINE('',#4737,#4738);
#4737 = CARTESIAN_POINT('',(0.,0.));
#4738 = VECTOR('',#4739,1.);
#4739 = DIRECTION('',(1.,0.));
#4740 = ( GEOMETRIC_REPRESENTATION_CONTEXT(2) 
PARAMETRIC_REPRESENTATION_CONTEXT() REPRESENTATION_CONTEXT('2D SPACE',''
  ) );
#4741 = PCURVE('',#3901,#4742);
#4742 = DEFINITIONAL_REPRESENTATION('',(#4743),#4747);
#4743 = LINE('',#4744,#4745);
#4744 = CARTESIAN_POINT('',(-39.2666716416,-9.475917207258));
#4745 = VECTOR('',#4746,1.);
#4746 = DIRECTION('',(0.996766278457,-8.035537400619E-02));
#4747 = ( GEOMETRIC_REPRESENTATION_CONTEXT(2) 
PARAMETRIC_REPRESENTATION_CONTEXT() REPRESENTATION_CONTEXT('2D SPACE',''
  ) );
#4748 = ADVANCED_FACE('',(#4749),#4716,.F.);
#4749 = FACE_BOUND('',#4750,.F.);
#4750 = EDGE_LOOP('',(#4751,#4752,#4775,#4803));
#4751 = ORIENTED_EDGE('',*,*,#4700,.T.);
#4752 = ORIENTED_EDGE('',*,*,#4753,.T.);
#4753 = EDGE_CURVE('',#4678,#4754,#4756,.T.);
#4754 = VERTEX_POINT('',#4755);
#4755 = CARTESIAN_POINT('',(-6.073725490196,7.,-44.));
#4756 = SURFACE_CURVE('',#4757,(#4761,#4768),.PCURVE_S1.);
#4757 = LINE('',#4758,#4759);
#4758 = CARTESIAN_POINT('',(-6.546035953364,7.,-55.));
#4759 = VECTOR('',#4760,1.);
#4760 = DIRECTION('',(4.289778958099E-02,0.,0.999079466133));
#4761 = PCURVE('',#4716,#4762);
#4762 = DEFINITIONAL_REPRESENTATION('',(#4763),#4767);
#4763 = LINE('',#4764,#4765);
#4764 = CARTESIAN_POINT('',(0.,-7.));
#4765 = VECTOR('',#4766,1.);
#4766 = DIRECTION('',(1.,0.));
#4767 = ( GEOMETRIC_REPRESENTATION_CONTEXT(2) 
PARAMETRIC_REPRESENTATION_CONTEXT() REPRESENTATION_CONTEXT('2D SPACE',''
  ) );
#4768 = PCURVE('',#3847,#4769);
#4769 = DEFINITIONAL_REPRESENTATION('',(#4770),#4774);
#4770 = LINE('',#4771,#4772);
#4771 = CARTESIAN_POINT('',(-28.2666716416,-10.36269391025));
#4772 = VECTOR('',#4773,1.);
#4773 = DIRECTION('',(0.999079466133,4.289778958099E-02));
#4774 = ( GEOMETRIC_REPRESENTATION_CONTEXT(2) 
PARAMETRIC_REPRESENTATION_CONTEXT() REPRESENTATION_CONTEXT('2D SPACE',''
  ) );
#4775 = ORIENTED_EDGE('',*,*,#4776,.F.);
#4776 = EDGE_CURVE('',#4777,#4754,#4779,.T.);
#4777 = VERTEX_POINT('',#4778);
#4778 = CARTESIAN_POINT('',(-6.073725490196,0.,-44.));
#4779 = SURFACE_CURVE('',#4780,(#4784,#4791),.PCURVE_S1.);
#4780 = LINE('',#4781,#4782);
#4781 = CARTESIAN_POINT('',(-6.073725490196,0.,-44.));
#4782 = VECTOR('',#4783,1.);
#4783 = DIRECTION('',(0.,1.,0.));
#4784 = PCURVE('',#4716,#4785);
#4785 = DEFINITIONAL_REPRESENTATION('',(#4786),#4790);
#4786 = LINE('',#4787,#4788);
#4787 = CARTESIAN_POINT('',(11.010135202331,0.));
#4788 = VECTOR('',#4789,1.);
#4789 = DIRECTION('',(0.,-1.));
#4790 = ( GEOMETRIC_REPRESENTATION_CONTEXT(2) 
PARAMETRIC_REPRESENTATION_CONTEXT() REPRESENTATION_CONTEXT('2D SPACE',''
  ) );
#4791 = PCURVE('',#4792,#4797);
#4792 = PLANE('',#4793);
#4793 = AXIS2_PLACEMENT_3D('',#4794,#4795,#4796);
#4794 = CARTESIAN_POINT('',(-6.073725490196,0.,-44.));
#4795 = DIRECTION('',(0.984749844204,0.,-0.173976275223));
#4796 = DIRECTION('',(0.173976275223,0.,0.984749844204));
#4797 = DEFINITIONAL_REPRESENTATION('',(#4798),#4802);
#4798 = LINE('',#4799,#4800);
#4799 = CARTESIAN_POINT('',(0.,0.));
#4800 = VECTOR('',#4801,1.);
#4801 = DIRECTION('',(0.,-1.));
#4802 = ( GEOMETRIC_REPRESENTATION_CONTEXT(2) 
PARAMETRIC_REPRESENTATION_CONTEXT() REPRESENTATION_CONTEXT('2D SPACE',''
  ) );
#4803 = ORIENTED_EDGE('',*,*,#4804,.F.);
#4804 = EDGE_CURVE('',#4701,#4777,#4805,.T.);
#4805 = SURFACE_CURVE('',#4806,(#4810,#4817),.PCURVE_S1.);
#4806 = LINE('',#4807,#4808);
#4807 = CARTESIAN_POINT('',(-6.546035953364,0.,-55.));
#4808 = VECTOR('',#4809,1.);
#4809 = DIRECTION('',(4.289778958099E-02,0.,0.999079466133));
#4810 = PCURVE('',#4716,#4811);
#4811 = DEFINITIONAL_REPRESENTATION('',(#4812),#4816);
#4812 = LINE('',#4813,#4814);
#4813 = CARTESIAN_POINT('',(0.,0.));
#4814 = VECTOR('',#4815,1.);
#4815 = DIRECTION('',(1.,0.));
#4816 = ( GEOMETRIC_REPRESENTATION_CONTEXT(2) 
PARAMETRIC_REPRESENTATION_CONTEXT() REPRESENTATION_CONTEXT('2D SPACE',''
  ) );
#4817 = PCURVE('',#3901,#4818);
#4818 = DEFINITIONAL_REPRESENTATION('',(#4819),#4823);
#4819 = LINE('',#4820,#4821);
#4820 = CARTESIAN_POINT('',(-28.2666716416,-10.36269391025));
#4821 = VECTOR('',#4822,1.);
#4822 = DIRECTION('',(0.999079466133,4.289778958099E-02));
#4823 = ( GEOMETRIC_REPRESENTATION_CONTEXT(2) 
PARAMETRIC_REPRESENTATION_CONTEXT() REPRESENTATION_CONTEXT('2D SPACE',''
  ) );
#4824 = ADVANCED_FACE('',(#4825),#4792,.F.);
#4825 = FACE_BOUND('',#4826,.F.);
#4826 = EDGE_LOOP('',(#4827,#4828,#4851,#4879));
#4827 = ORIENTED_EDGE('',*,*,#4776,.T.);
#4828 = ORIENTED_EDGE('',*,*,#4829,.T.);
#4829 = EDGE_CURVE('',#4754,#4830,#4832,.T.);
#4830 = VERTEX_POINT('',#4831);
#4831 = CARTESIAN_POINT('',(-4.130349678854,7.,-33.));
#4832 = SURFACE_CURVE('',#4833,(#4837,#4844),.PCURVE_S1.);
#4833 = LINE('',#4834,#4835);
#4834 = CARTESIAN_POINT('',(-6.073725490196,7.,-44.));
#4835 = VECTOR('',#4836,1.);
#4836 = DIRECTION('',(0.173976275223,0.,0.984749844204));
#4837 = PCURVE('',#4792,#4838);
#4838 = DEFINITIONAL_REPRESENTATION('',(#4839),#4843);
#4839 = LINE('',#4840,#4841);
#4840 = CARTESIAN_POINT('',(0.,-7.));
#4841 = VECTOR('',#4842,1.);
#4842 = DIRECTION('',(1.,0.));
#4843 = ( GEOMETRIC_REPRESENTATION_CONTEXT(2) 
PARAMETRIC_REPRESENTATION_CONTEXT() REPRESENTATION_CONTEXT('2D SPACE',''
  ) );
#4844 = PCURVE('',#3847,#4845);
#4845 = DEFINITIONAL_REPRESENTATION('',(#4846),#4850);
#4846 = LINE('',#4847,#4848);
#4847 = CARTESIAN_POINT('',(-17.2666716416,-9.890383447086));
#4848 = VECTOR('',#4849,1.);
#4849 = DIRECTION('',(0.984749844204,0.173976275223));
#4850 = ( GEOMETRIC_REPRESENTATION_CONTEXT(2) 
PARAMETRIC_REPRESENTATION_CONTEXT() REPRESENTATION_CONTEXT('2D SPACE',''
  ) );
#4851 = ORIENTED_EDGE('',*,*,#4852,.F.);
#4852 = EDGE_CURVE('',#4853,#4830,#4855,.T.);
#4853 = VERTEX_POINT('',#4854);
#4854 = CARTESIAN_POINT('',(-4.130349678854,0.,-33.));
#4855 = SURFACE_CURVE('',#4856,(#4860,#4867),.PCURVE_S1.);
#4856 = LINE('',#4857,#4858);
#4857 = CARTESIAN_POINT('',(-4.130349678854,0.,-33.));
#4858 = VECTOR('',#4859,1.);
#4859 = DIRECTION('',(0.,1.,0.));
#4860 = PCURVE('',#4792,#4861);
#4861 = DEFINITIONAL_REPRESENTATION('',(#4862),#4866);
#4862 = LINE('',#4863,#4864);
#4863 = CARTESIAN_POINT('',(11.170349571258,0.));
#4864 = VECTOR('',#4865,1.);
#4865 = DIRECTION('',(0.,-1.));
#4866 = ( GEOMETRIC_REPRESENTATION_CONTEXT(2) 
PARAMETRIC_REPRESENTATION_CONTEXT() REPRESENTATION_CONTEXT('2D SPACE',''
  ) );
#4867 = PCURVE('',#4868,#4873);
#4868 = PLANE('',#4869);
#4869 = AXIS2_PLACEMENT_3D('',#4870,#4871,#4872);
#4870 = CARTESIAN_POINT('',(-4.130349678854,0.,-33.));
#4871 = DIRECTION('',(0.95776724185,0.,-0.287544623389));
#4872 = DIRECTION('',(0.287544623389,0.,0.95776724185));
#4873 = DEFINITIONAL_REPRESENTATION('',(#4874),#4878);
#4874 = LINE('',#4875,#4876);
#4875 = CARTESIAN_POINT('',(0.,0.));
#4876 = VECTOR('',#4877,1.);
#4877 = DIRECTION('',(0.,-1.));
#4878 = ( GEOMETRIC_REPRESENTATION_CONTEXT(2) 
PARAMETRIC_REPRESENTATION_CONTEXT() REPRESENTATION_CONTEXT('2D SPACE',''
  ) );
#4879 = ORIENTED_EDGE('',*,*,#4880,.F.);
#4880 = EDGE_CURVE('',#4777,#4853,#4881,.T.);
#4881 = SURFACE_CURVE('',#4882,(#4886,#4893),.PCURVE_S1.);
#4882 = LINE('',#4883,#4884);
#4883 = CARTESIAN_POINT('',(-6.073725490196,0.,-44.));
#4884 = VECTOR('',#4885,1.);
#4885 = DIRECTION('',(0.173976275223,0.,0.984749844204));
#4886 = PCURVE('',#4792,#4887);
#4887 = DEFINITIONAL_REPRESENTATION('',(#4888),#4892);
#4888 = LINE('',#4889,#4890);
#4889 = CARTESIAN_POINT('',(0.,0.));
#4890 = VECTOR('',#4891,1.);
#4891 = DIRECTION('',(1.,0.));
#4892 = ( GEOMETRIC_REPRESENTATION_CONTEXT(2) 
PARAMETRIC_REPRESENTATION_CONTEXT() REPRESENTATION_CONTEXT('2D SPACE',''
  ) );
#4893 = PCURVE('',#3901,#4894);
#4894 = DEFINITIONAL_REPRESENTATION('',(#4895),#4899);
#4895 = LINE('',#4896,#4897);
#4896 = CARTESIAN_POINT('',(-17.2666716416,-9.890383447086));
#4897 = VECTOR('',#4898,1.);
#4898 = DIRECTION('',(0.984749844204,0.173976275223));
#4899 = ( GEOMETRIC_REPRESENTATION_CONTEXT(2) 
PARAMETRIC_REPRESENTATION_CONTEXT() REPRESENTATION_CONTEXT('2D SPACE',''
  ) );
#4900 = ADVANCED_FACE('',(#4901),#4868,.F.);
#4901 = FACE_BOUND('',#4902,.F.);
#4902 = EDGE_LOOP('',(#4903,#4904,#4927,#4955));
#4903 = ORIENTED_EDGE('',*,*,#4852,.T.);
#4904 = ORIENTED_EDGE('',*,*,#4905,.T.);
#4905 = EDGE_CURVE('',#4830,#4906,#4908,.T.);
#4906 = VERTEX_POINT('',#4907);
#4907 = CARTESIAN_POINT('',(-0.827886701348,7.,-22.));
#4908 = SURFACE_CURVE('',#4909,(#4913,#4920),.PCURVE_S1.);
#4909 = LINE('',#4910,#4911);
#4910 = CARTESIAN_POINT('',(-4.130349678854,7.,-33.));
#4911 = VECTOR('',#4912,1.);
#4912 = DIRECTION('',(0.287544623389,0.,0.95776724185));
#4913 = PCURVE('',#4868,#4914);
#4914 = DEFINITIONAL_REPRESENTATION('',(#4915),#4919);
#4915 = LINE('',#4916,#4917);
#4916 = CARTESIAN_POINT('',(0.,-7.));
#4917 = VECTOR('',#4918,1.);
#4918 = DIRECTION('',(1.,0.));
#4919 = ( GEOMETRIC_REPRESENTATION_CONTEXT(2) 
PARAMETRIC_REPRESENTATION_CONTEXT() REPRESENTATION_CONTEXT('2D SPACE',''
  ) );
#4920 = PCURVE('',#3847,#4921);
#4921 = DEFINITIONAL_REPRESENTATION('',(#4922),#4926);
#4922 = LINE('',#4923,#4924);
#4923 = CARTESIAN_POINT('',(-6.266671641609,-7.947007635744));
#4924 = VECTOR('',#4925,1.);
#4925 = DIRECTION('',(0.95776724185,0.287544623389));
#4926 = ( GEOMETRIC_REPRESENTATION_CONTEXT(2) 
PARAMETRIC_REPRESENTATION_CONTEXT() REPRESENTATION_CONTEXT('2D SPACE',''
  ) );
#4927 = ORIENTED_EDGE('',*,*,#4928,.F.);
#4928 = EDGE_CURVE('',#4929,#4906,#4931,.T.);
#4929 = VERTEX_POINT('',#4930);
#4930 = CARTESIAN_POINT('',(-0.827886701348,0.,-22.));
#4931 = SURFACE_CURVE('',#4932,(#4936,#4943),.PCURVE_S1.);
#4932 = LINE('',#4933,#4934);
#4933 = CARTESIAN_POINT('',(-0.827886701348,0.,-22.));
#4934 = VECTOR('',#4935,1.);
#4935 = DIRECTION('',(0.,1.,0.));
#4936 = PCURVE('',#4868,#4937);
#4937 = DEFINITIONAL_REPRESENTATION('',(#4938),#4942);
#4938 = LINE('',#4939,#4940);
#4939 = CARTESIAN_POINT('',(11.485045133468,0.));
#4940 = VECTOR('',#4941,1.);
#4941 = DIRECTION('',(0.,-1.));
#4942 = ( GEOMETRIC_REPRESENTATION_CONTEXT(2) 
PARAMETRIC_REPRESENTATION_CONTEXT() REPRESENTATION_CONTEXT('2D SPACE',''
  ) );
#4943 = PCURVE('',#4944,#4949);
#4944 = PLANE('',#4945);
#4945 = AXIS2_PLACEMENT_3D('',#4946,#4947,#4948);
#4946 = CARTESIAN_POINT('',(-0.827886701348,0.,-22.));
#4947 = DIRECTION('',(0.930139106335,0.,-0.367207356771));
#4948 = DIRECTION('',(0.367207356771,0.,0.930139106335));
#4949 = DEFINITIONAL_REPRESENTATION('',(#4950),#4954);
#4950 = LINE('',#4951,#4952);
#4951 = CARTESIAN_POINT('',(0.,0.));
#4952 = VECTOR('',#4953,1.);
#4953 = DIRECTION('',(0.,-1.));
#4954 = ( GEOMETRIC_REPRESENTATION_CONTEXT(2) 
PARAMETRIC_REPRESENTATION_CONTEXT() REPRESENTATION_CONTEXT('2D SPACE',''
  ) );
#4955 = ORIENTED_EDGE('',*,*,#4956,.F.);
#4956 = EDGE_CURVE('',#4853,#4929,#4957,.T.);
#4957 = SURFACE_CURVE('',#4958,(#4962,#4969),.PCURVE_S1.);
#4958 = LINE('',#4959,#4960);
#4959 = CARTESIAN_POINT('',(-4.130349678854,0.,-33.));
#4960 = VECTOR('',#4961,1.);
#4961 = DIRECTION('',(0.287544623389,0.,0.95776724185));
#4962 = PCURVE('',#4868,#4963);
#4963 = DEFINITIONAL_REPRESENTATION('',(#4964),#4968);
#4964 = LINE('',#4965,#4966);
#4965 = CARTESIAN_POINT('',(0.,0.));
#4966 = VECTOR('',#4967,1.);
#4967 = DIRECTION('',(1.,0.));
#4968 = ( GEOMETRIC_REPRESENTATION_CONTEXT(2) 
PARAMETRIC_REPRESENTATION_CONTEXT() REPRESENTATION_CONTEXT('2D SPACE',''
  ) );
#4969 = PCURVE('',#3901,#4970);
#4970 = DEFINITIONAL_REPRESENTATION('',(#4971),#4975);
#4971 = LINE('',#4972,#4973);
#4972 = CARTESIAN_POINT('',(-6.266671641609,-7.947007635744));
#4973 = VECTOR('',#4974,1.);
#4974 = DIRECTION('',(0.95776724185,0.287544623389));
#4975 = ( GEOMETRIC_REPRESENTATION_CONTEXT(2) 
PARAMETRIC_REPRESENTATION_CONTEXT() REPRESENTATION_CONTEXT('2D SPACE',''
  ) );
#4976 = ADVANCED_FACE('',(#4977),#4944,.F.);
#4977 = FACE_BOUND('',#4978,.F.);
#4978 = EDGE_LOOP('',(#4979,#4980,#5003,#5026));
#4979 = ORIENTED_EDGE('',*,*,#4928,.T.);
#4980 = ORIENTED_EDGE('',*,*,#4981,.T.);
#4981 = EDGE_CURVE('',#4906,#4982,#4984,.T.);
#4982 = VERTEX_POINT('',#4983);
#4983 = CARTESIAN_POINT('',(3.514776559421,7.,-11.));
#4984 = SURFACE_CURVE('',#4985,(#4989,#4996),.PCURVE_S1.);
#4985 = LINE('',#4986,#4987);
#4986 = CARTESIAN_POINT('',(-0.827886701348,7.,-22.));
#4987 = VECTOR('',#4988,1.);
#4988 = DIRECTION('',(0.367207356771,0.,0.930139106335));
#4989 = PCURVE('',#4944,#4990);
#4990 = DEFINITIONAL_REPRESENTATION('',(#4991),#4995);
#4991 = LINE('',#4992,#4993);
#4992 = CARTESIAN_POINT('',(0.,-7.));
#4993 = VECTOR('',#4994,1.);
#4994 = DIRECTION('',(1.,0.));
#4995 = ( GEOMETRIC_REPRESENTATION_CONTEXT(2) 
PARAMETRIC_REPRESENTATION_CONTEXT() REPRESENTATION_CONTEXT('2D SPACE',''
  ) );
#4996 = PCURVE('',#3847,#4997);
#4997 = DEFINITIONAL_REPRESENTATION('',(#4998),#5002);
#4998 = LINE('',#4999,#5000);
#4999 = CARTESIAN_POINT('',(4.733328358391,-4.644544658238));
#5000 = VECTOR('',#5001,1.);
#5001 = DIRECTION('',(0.930139106335,0.367207356771));
#5002 = ( GEOMETRIC_REPRESENTATION_CONTEXT(2) 
PARAMETRIC_REPRESENTATION_CONTEXT() REPRESENTATION_CONTEXT('2D SPACE',''
  ) );
#5003 = ORIENTED_EDGE('',*,*,#5004,.F.);
#5004 = EDGE_CURVE('',#5005,#4982,#5007,.T.);
#5005 = VERTEX_POINT('',#5006);
#5006 = CARTESIAN_POINT('',(3.514776559421,0.,-11.));
#5007 = SURFACE_CURVE('',#5008,(#5012,#5019),.PCURVE_S1.);
#5008 = LINE('',#5009,#5010);
#5009 = CARTESIAN_POINT('',(3.514776559421,0.,-11.));
#5010 = VECTOR('',#5011,1.);
#5011 = DIRECTION('',(0.,1.,0.));
#5012 = PCURVE('',#4944,#5013);
#5013 = DEFINITIONAL_REPRESENTATION('',(#5014),#5018);
#5014 = LINE('',#5015,#5016);
#5015 = CARTESIAN_POINT('',(11.826188067016,0.));
#5016 = VECTOR('',#5017,1.);
#5017 = DIRECTION('',(0.,-1.));
#5018 = ( GEOMETRIC_REPRESENTATION_CONTEXT(2) 
PARAMETRIC_REPRESENTATION_CONTEXT() REPRESENTATION_CONTEXT('2D SPACE',''
  ) );
#5019 = PCURVE('',#3819,#5020);
#5020 = DEFINITIONAL_REPRESENTATION('',(#5021),#5025);
#5021 = LINE('',#5022,#5023);
#5022 = CARTESIAN_POINT('',(0.,0.));
#5023 = VECTOR('',#5024,1.);
#5024 = DIRECTION('',(0.,-1.));
#5025 = ( GEOMETRIC_REPRESENTATION_CONTEXT(2) 
PARAMETRIC_REPRESENTATION_CONTEXT() REPRESENTATION_CONTEXT('2D SPACE',''
  ) );
#5026 = ORIENTED_EDGE('',*,*,#5027,.F.);
#5027 = EDGE_CURVE('',#4929,#5005,#5028,.T.);
#5028 = SURFACE_CURVE('',#5029,(#5033,#5040),.PCURVE_S1.);
#5029 = LINE('',#5030,#5031);
#5030 = CARTESIAN_POINT('',(-0.827886701348,0.,-22.));
#5031 = VECTOR('',#5032,1.);
#5032 = DIRECTION('',(0.367207356771,0.,0.930139106335));
#5033 = PCURVE('',#4944,#5034);
#5034 = DEFINITIONAL_REPRESENTATION('',(#5035),#5039);
#5035 = LINE('',#5036,#5037);
#5036 = CARTESIAN_POINT('',(0.,0.));
#5037 = VECTOR('',#5038,1.);
#5038 = DIRECTION('',(1.,0.));
#5039 = ( GEOMETRIC_REPRESENTATION_CONTEXT(2) 
PARAMETRIC_REPRESENTATION_CONTEXT() REPRESENTATION_CONTEXT('2D SPACE',''
  ) );
#5040 = PCURVE('',#3901,#5041);
#5041 = DEFINITIONAL_REPRESENTATION('',(#5042),#5046);
#5042 = LINE('',#5043,#5044);
#5043 = CARTESIAN_POINT('',(4.733328358391,-4.644544658238));
#5044 = VECTOR('',#5045,1.);
#5045 = DIRECTION('',(0.930139106335,0.367207356771));
#5046 = ( GEOMETRIC_REPRESENTATION_CONTEXT(2) 
PARAMETRIC_REPRESENTATION_CONTEXT() REPRESENTATION_CONTEXT('2D SPACE',''
  ) );
#5047 = ADVANCED_FACE('',(#5048),#3819,.F.);
#5048 = FACE_BOUND('',#5049,.F.);
#5049 = EDGE_LOOP('',(#5050,#5051,#5072,#5073));
#5050 = ORIENTED_EDGE('',*,*,#5004,.T.);
#5051 = ORIENTED_EDGE('',*,*,#5052,.T.);
#5052 = EDGE_CURVE('',#4982,#3799,#5053,.T.);
#5053 = SURFACE_CURVE('',#5054,(#5058,#5065),.PCURVE_S1.);
#5054 = LINE('',#5055,#5056);
#5055 = CARTESIAN_POINT('',(3.514776559421,7.,-11.));
#5056 = VECTOR('',#5057,1.);
#5057 = DIRECTION('',(-0.978210843241,0.,0.207613935385));
#5058 = PCURVE('',#3819,#5059);
#5059 = DEFINITIONAL_REPRESENTATION('',(#5060),#5064);
#5060 = LINE('',#5061,#5062);
#5061 = CARTESIAN_POINT('',(0.,-7.));
#5062 = VECTOR('',#5063,1.);
#5063 = DIRECTION('',(1.,0.));
#5064 = ( GEOMETRIC_REPRESENTATION_CONTEXT(2) 
PARAMETRIC_REPRESENTATION_CONTEXT() REPRESENTATION_CONTEXT('2D SPACE',''
  ) );
#5065 = PCURVE('',#3847,#5066);
#5066 = DEFINITIONAL_REPRESENTATION('',(#5067),#5071);
#5067 = LINE('',#5068,#5069);
#5068 = CARTESIAN_POINT('',(15.733328358391,-0.301881397469));
#5069 = VECTOR('',#5070,1.);
#5070 = DIRECTION('',(0.207613935385,-0.978210843241));
#5071 = ( GEOMETRIC_REPRESENTATION_CONTEXT(2) 
PARAMETRIC_REPRESENTATION_CONTEXT() REPRESENTATION_CONTEXT('2D SPACE',''
  ) );
#5072 = ORIENTED_EDGE('',*,*,#3796,.F.);
#5073 = ORIENTED_EDGE('',*,*,#5074,.F.);
#5074 = EDGE_CURVE('',#5005,#3797,#5075,.T.);
#5075 = SURFACE_CURVE('',#5076,(#5080,#5087),.PCURVE_S1.);
#5076 = LINE('',#5077,#5078);
#5077 = CARTESIAN_POINT('',(3.514776559421,0.,-11.));
#5078 = VECTOR('',#5079,1.);
#5079 = DIRECTION('',(-0.978210843241,0.,0.207613935385));
#5080 = PCURVE('',#3819,#5081);
#5081 = DEFINITIONAL_REPRESENTATION('',(#5082),#5086);
#5082 = LINE('',#5083,#5084);
#5083 = CARTESIAN_POINT('',(0.,0.));
#5084 = VECTOR('',#5085,1.);
#5085 = DIRECTION('',(1.,0.));
#5086 = ( GEOMETRIC_REPRESENTATION_CONTEXT(2) 
PARAMETRIC_REPRESENTATION_CONTEXT() REPRESENTATION_CONTEXT('2D SPACE',''
  ) );
#5087 = PCURVE('',#3901,#5088);
#5088 = DEFINITIONAL_REPRESENTATION('',(#5089),#5093);
#5089 = LINE('',#5090,#5091);
#5090 = CARTESIAN_POINT('',(15.733328358391,-0.301881397469));
#5091 = VECTOR('',#5092,1.);
#5092 = DIRECTION('',(0.207613935385,-0.978210843241));
#5093 = ( GEOMETRIC_REPRESENTATION_CONTEXT(2) 
PARAMETRIC_REPRESENTATION_CONTEXT() REPRESENTATION_CONTEXT('2D SPACE',''
  ) );
#5094 = ADVANCED_FACE('',(#5095),#3901,.F.);
#5095 = FACE_BOUND('',#5096,.F.);
#5096 = EDGE_LOOP('',(#5097,#5098,#5099,#5100,#5101,#5102,#5103,#5104,
    #5105,#5106,#5107,#5108,#5109,#5110,#5111,#5112,#5113));
#5097 = ORIENTED_EDGE('',*,*,#3887,.T.);
#5098 = ORIENTED_EDGE('',*,*,#3968,.T.);
#5099 = ORIENTED_EDGE('',*,*,#4044,.T.);
#5100 = ORIENTED_EDGE('',*,*,#4120,.T.);
#5101 = ORIENTED_EDGE('',*,*,#4196,.T.);
#5102 = ORIENTED_EDGE('',*,*,#4272,.T.);
#5103 = ORIENTED_EDGE('',*,*,#4348,.T.);
#5104 = ORIENTED_EDGE('',*,*,#4424,.T.);
#5105 = ORIENTED_EDGE('',*,*,#4500,.T.);
#5106 = ORIENTED_EDGE('',*,*,#4576,.T.);
#5107 = ORIENTED_EDGE('',*,*,#4652,.T.);
#5108 = ORIENTED_EDGE('',*,*,#4728,.T.);
#5109 = ORIENTED_EDGE('',*,*,#4804,.T.);
#5110 = ORIENTED_EDGE('',*,*,#4880,.T.);
#5111 = ORIENTED_EDGE('',*,*,#4956,.T.);
#5112 = ORIENTED_EDGE('',*,*,#5027,.T.);
#5113 = ORIENTED_EDGE('',*,*,#5074,.T.);
#5114 = ADVANCED_FACE('',(#5115),#3847,.T.);
#5115 = FACE_BOUND('',#5116,.T.);
#5116 = EDGE_LOOP('',(#5117,#5118,#5119,#5120,#5121,#5122,#5123,#5124,
    #5125,#5126,#5127,#5128,#5129,#5130,#5131,#5132,#5133));
#5117 = ORIENTED_EDGE('',*,*,#3831,.T.);
#5118 = ORIENTED_EDGE('',*,*,#3917,.T.);
#5119 = ORIENTED_EDGE('',*,*,#3993,.T.);
#5120 = ORIENTED_EDGE('',*,*,#4069,.T.);
#5121 = ORIENTED_EDGE('',*,*,#4145,.T.);
#5122 = ORIENTED_EDGE('',*,*,#4221,.T.);
#5123 = ORIENTED_EDGE('',*,*,#4297,.T.);
#5124 = ORIENTED_EDGE('',*,*,#4373,.T.);
#5125 = ORIENTED_EDGE('',*,*,#4449,.T.);
#5126 = ORIENTED_EDGE('',*,*,#4525,.T.);
#5127 = ORIENTED_EDGE('',*,*,#4601,.T.);
#5128 = ORIENTED_EDGE('',*,*,#4677,.T.);
#5129 = ORIENTED_EDGE('',*,*,#4753,.T.);
#5130 = ORIENTED_EDGE('',*,*,#4829,.T.);
#5131 = ORIENTED_EDGE('',*,*,#4905,.T.);
#5132 = ORIENTED_EDGE('',*,*,#4981,.T.);
#5133 = ORIENTED_EDGE('',*,*,#5052,.T.);
#5134 = ( GEOMETRIC_REPRESENTATION_CONTEXT(3) 
GLOBAL_UNCERTAINTY_ASSIGNED_CONTEXT((#5138)) 
GLOBAL_UNIT_ASSIGNED_CONTEXT((#5135,#5136,#5137)) REPRESENTATION_CONTEXT
('Context #1','3D Context with UNIT and UNCERTAINTY') );
#5135 = ( LENGTH_UNIT() NAMED_UNIT(*) SI_UNIT(.MILLI.,.METRE.) );
#5136 = ( NAMED_UNIT(*) PLANE_ANGLE_UNIT() SI_UNIT($,.RADIAN.) );
#5137 = ( NAMED_UNIT(*) SI_UNIT($,.STERADIAN.) SOLID_ANGLE_UNIT() );
#5138 = UNCERTAINTY_MEASURE_WITH_UNIT(LENGTH_MEASURE(1.E-07),#5135,
  'distance_accuracy_value','confusion accuracy');
#5139 = CONTEXT_DEPENDENT_SHAPE_REPRESENTATION(#5140,#5142);
#5140 = ( REPRESENTATION_RELATIONSHIP('','',#3789,#10) 
REPRESENTATION_RELATIONSHIP_WITH_TRANSFORMATION(#5141) 
SHAPE_REPRESENTATION_RELATIONSHIP() );
#5141 = ITEM_DEFINED_TRANSFORMATION('','',#11,#19);
#5142 = PRODUCT_DEFINITION_SHAPE('Placement','Placement of an item',
  #5143);
#5143 = NEXT_ASSEMBLY_USAGE_OCCURRENCE('2','fin.1','',#5,#3784,$);
#5144 = PRODUCT_RELATED_PRODUCT_CATEGORY('part',$,(#3786));
#5145 = SHAPE_DEFINITION_REPRESENTATION(#5146,#5152);
#5146 = PRODUCT_DEFINITION_SHAPE('','',#5147);
#5147 = PRODUCT_DEFINITION('design','',#5148,#5151);
#5148 = PRODUCT_DEFINITION_FORMATION('','',#5149);
#5149 = PRODUCT('rubber.1','rubber.1','',(#5150));
#5150 = PRODUCT_CONTEXT('',#2,'mechanical');
#5151 = PRODUCT_DEFINITION_CONTEXT('part definition',#2,'design');
#5152 = ADVANCED_BREP_SHAPE_REPRESENTATION('',(#11,#5153),#5483);
#5153 = MANIFOLD_SOLID_BREP('',#5154);
#5154 = CLOSED_SHELL('',(#5155,#5275,#5375,#5422,#5469,#5476));
#5155 = ADVANCED_FACE('',(#5156),#5170,.F.);
#5156 = FACE_BOUND('',#5157,.F.);
#5157 = EDGE_LOOP('',(#5158,#5193,#5221,#5249));
#5158 = ORIENTED_EDGE('',*,*,#5159,.F.);
#5159 = EDGE_CURVE('',#5160,#5162,#5164,.T.);
#5160 = VERTEX_POINT('',#5161);
#5161 = CARTESIAN_POINT('',(-46.58823529411,-6.5,-1.));
#5162 = VERTEX_POINT('',#5163);
#5163 = CARTESIAN_POINT('',(-46.58823529411,-6.5,1.));
#5164 = SURFACE_CURVE('',#5165,(#5169,#5181),.PCURVE_S1.);
#5165 = LINE('',#5166,#5167);
#5166 = CARTESIAN_POINT('',(-46.58823529411,-6.5,-1.));
#5167 = VECTOR('',#5168,1.);
#5168 = DIRECTION('',(0.,0.,1.));
#5169 = PCURVE('',#5170,#5175);
#5170 = PLANE('',#5171);
#5171 = AXIS2_PLACEMENT_3D('',#5172,#5173,#5174);
#5172 = CARTESIAN_POINT('',(-46.58823529411,-6.5,-1.));
#5173 = DIRECTION('',(1.,0.,-0.));
#5174 = DIRECTION('',(0.,0.,1.));
#5175 = DEFINITIONAL_REPRESENTATION('',(#5176),#5180);
#5176 = LINE('',#5177,#5178);
#5177 = CARTESIAN_POINT('',(0.,0.));
#5178 = VECTOR('',#5179,1.);
#5179 = DIRECTION('',(1.,0.));
#5180 = ( GEOMETRIC_REPRESENTATION_CONTEXT(2) 
PARAMETRIC_REPRESENTATION_CONTEXT() REPRESENTATION_CONTEXT('2D SPACE',''
  ) );
#5181 = PCURVE('',#5182,#5187);
#5182 = PLANE('',#5183);
#5183 = AXIS2_PLACEMENT_3D('',#5184,#5185,#5186);
#5184 = CARTESIAN_POINT('',(-46.58823529411,-6.5,-1.));
#5185 = DIRECTION('',(-0.,1.,0.));
#5186 = DIRECTION('',(0.,0.,1.));
#5187 = DEFINITIONAL_REPRESENTATION('',(#5188),#5192);
#5188 = LINE('',#5189,#5190);
#5189 = CARTESIAN_POINT('',(0.,0.));
#5190 = VECTOR('',#5191,1.);
#5191 = DIRECTION('',(1.,0.));
#5192 = ( GEOMETRIC_REPRESENTATION_CONTEXT(2) 
PARAMETRIC_REPRESENTATION_CONTEXT() REPRESENTATION_CONTEXT('2D SPACE',''
  ) );
#5193 = ORIENTED_EDGE('',*,*,#5194,.T.);
#5194 = EDGE_CURVE('',#5160,#5195,#5197,.T.);
#5195 = VERTEX_POINT('',#5196);
#5196 = CARTESIAN_POINT('',(-46.58823529411,6.5,-1.));
#5197 = SURFACE_CURVE('',#5198,(#5202,#5209),.PCURVE_S1.);
#5198 = LINE('',#5199,#5200);
#5199 = CARTESIAN_POINT('',(-46.58823529411,-6.5,-1.));
#5200 = VECTOR('',#5201,1.);
#5201 = DIRECTION('',(-0.,1.,0.));
#5202 = PCURVE('',#5170,#5203);
#5203 = DEFINITIONAL_REPRESENTATION('',(#5204),#5208);
#5204 = LINE('',#5205,#5206);
#5205 = CARTESIAN_POINT('',(0.,0.));
#5206 = VECTOR('',#5207,1.);
#5207 = DIRECTION('',(0.,-1.));
#5208 = ( GEOMETRIC_REPRESENTATION_CONTEXT(2) 
PARAMETRIC_REPRESENTATION_CONTEXT() REPRESENTATION_CONTEXT('2D SPACE',''
  ) );
#5209 = PCURVE('',#5210,#5215);
#5210 = PLANE('',#5211);
#5211 = AXIS2_PLACEMENT_3D('',#5212,#5213,#5214);
#5212 = CARTESIAN_POINT('',(-46.58823529411,-6.5,-1.));
#5213 = DIRECTION('',(0.,0.,1.));
#5214 = DIRECTION('',(1.,0.,-0.));
#5215 = DEFINITIONAL_REPRESENTATION('',(#5216),#5220);
#5216 = LINE('',#5217,#5218);
#5217 = CARTESIAN_POINT('',(0.,0.));
#5218 = VECTOR('',#5219,1.);
#5219 = DIRECTION('',(0.,1.));
#5220 = ( GEOMETRIC_REPRESENTATION_CONTEXT(2) 
PARAMETRIC_REPRESENTATION_CONTEXT() REPRESENTATION_CONTEXT('2D SPACE',''
  ) );
#5221 = ORIENTED_EDGE('',*,*,#5222,.T.);
#5222 = EDGE_CURVE('',#5195,#5223,#5225,.T.);
#5223 = VERTEX_POINT('',#5224);
#5224 = CARTESIAN_POINT('',(-46.58823529411,6.5,1.));
#5225 = SURFACE_CURVE('',#5226,(#5230,#5237),.PCURVE_S1.);
#5226 = LINE('',#5227,#5228);
#5227 = CARTESIAN_POINT('',(-46.58823529411,6.5,-1.));
#5228 = VECTOR('',#5229,1.);
#5229 = DIRECTION('',(0.,0.,1.));
#5230 = PCURVE('',#5170,#5231);
#5231 = DEFINITIONAL_REPRESENTATION('',(#5232),#5236);
#5232 = LINE('',#5233,#5234);
#5233 = CARTESIAN_POINT('',(0.,-13.));
#5234 = VECTOR('',#5235,1.);
#5235 = DIRECTION('',(1.,0.));
#5236 = ( GEOMETRIC_REPRESENTATION_CONTEXT(2) 
PARAMETRIC_REPRESENTATION_CONTEXT() REPRESENTATION_CONTEXT('2D SPACE',''
  ) );
#5237 = PCURVE('',#5238,#5243);
#5238 = PLANE('',#5239);
#5239 = AXIS2_PLACEMENT_3D('',#5240,#5241,#5242);
#5240 = CARTESIAN_POINT('',(-46.58823529411,6.5,-1.));
#5241 = DIRECTION('',(-0.,1.,0.));
#5242 = DIRECTION('',(0.,0.,1.));
#5243 = DEFINITIONAL_REPRESENTATION('',(#5244),#5248);
#5244 = LINE('',#5245,#5246);
#5245 = CARTESIAN_POINT('',(0.,0.));
#5246 = VECTOR('',#5247,1.);
#5247 = DIRECTION('',(1.,0.));
#5248 = ( GEOMETRIC_REPRESENTATION_CONTEXT(2) 
PARAMETRIC_REPRESENTATION_CONTEXT() REPRESENTATION_CONTEXT('2D SPACE',''
  ) );
#5249 = ORIENTED_EDGE('',*,*,#5250,.F.);
#5250 = EDGE_CURVE('',#5162,#5223,#5251,.T.);
#5251 = SURFACE_CURVE('',#5252,(#5256,#5263),.PCURVE_S1.);
#5252 = LINE('',#5253,#5254);
#5253 = CARTESIAN_POINT('',(-46.58823529411,-6.5,1.));
#5254 = VECTOR('',#5255,1.);
#5255 = DIRECTION('',(-0.,1.,0.));
#5256 = PCURVE('',#5170,#5257);
#5257 = DEFINITIONAL_REPRESENTATION('',(#5258),#5262);
#5258 = LINE('',#5259,#5260);
#5259 = CARTESIAN_POINT('',(2.,0.));
#5260 = VECTOR('',#5261,1.);
#5261 = DIRECTION('',(0.,-1.));
#5262 = ( GEOMETRIC_REPRESENTATION_CONTEXT(2) 
PARAMETRIC_REPRESENTATION_CONTEXT() REPRESENTATION_CONTEXT('2D SPACE',''
  ) );
#5263 = PCURVE('',#5264,#5269);
#5264 = PLANE('',#5265);
#5265 = AXIS2_PLACEMENT_3D('',#5266,#5267,#5268);
#5266 = CARTESIAN_POINT('',(-46.58823529411,-6.5,1.));
#5267 = DIRECTION('',(0.,0.,1.));
#5268 = DIRECTION('',(1.,0.,-0.));
#5269 = DEFINITIONAL_REPRESENTATION('',(#5270),#5274);
#5270 = LINE('',#5271,#5272);
#5271 = CARTESIAN_POINT('',(0.,0.));
#5272 = VECTOR('',#5273,1.);
#5273 = DIRECTION('',(0.,1.));
#5274 = ( GEOMETRIC_REPRESENTATION_CONTEXT(2) 
PARAMETRIC_REPRESENTATION_CONTEXT() REPRESENTATION_CONTEXT('2D SPACE',''
  ) );
#5275 = ADVANCED_FACE('',(#5276),#5290,.T.);
#5276 = FACE_BOUND('',#5277,.T.);
#5277 = EDGE_LOOP('',(#5278,#5308,#5331,#5354));
#5278 = ORIENTED_EDGE('',*,*,#5279,.F.);
#5279 = EDGE_CURVE('',#5280,#5282,#5284,.T.);
#5280 = VERTEX_POINT('',#5281);
#5281 = CARTESIAN_POINT('',(46.588235294118,-6.5,-1.));
#5282 = VERTEX_POINT('',#5283);
#5283 = CARTESIAN_POINT('',(46.588235294118,-6.5,1.));
#5284 = SURFACE_CURVE('',#5285,(#5289,#5301),.PCURVE_S1.);
#5285 = LINE('',#5286,#5287);
#5286 = CARTESIAN_POINT('',(46.588235294118,-6.5,-1.));
#5287 = VECTOR('',#5288,1.);
#5288 = DIRECTION('',(0.,0.,1.));
#5289 = PCURVE('',#5290,#5295);
#5290 = PLANE('',#5291);
#5291 = AXIS2_PLACEMENT_3D('',#5292,#5293,#5294);
#5292 = CARTESIAN_POINT('',(46.588235294118,-6.5,-1.));
#5293 = DIRECTION('',(1.,0.,-0.));
#5294 = DIRECTION('',(0.,0.,1.));
#5295 = DEFINITIONAL_REPRESENTATION('',(#5296),#5300);
#5296 = LINE('',#5297,#5298);
#5297 = CARTESIAN_POINT('',(0.,0.));
#5298 = VECTOR('',#5299,1.);
#5299 = DIRECTION('',(1.,0.));
#5300 = ( GEOMETRIC_REPRESENTATION_CONTEXT(2) 
PARAMETRIC_REPRESENTATION_CONTEXT() REPRESENTATION_CONTEXT('2D SPACE',''
  ) );
#5301 = PCURVE('',#5182,#5302);
#5302 = DEFINITIONAL_REPRESENTATION('',(#5303),#5307);
#5303 = LINE('',#5304,#5305);
#5304 = CARTESIAN_POINT('',(0.,93.176470588235));
#5305 = VECTOR('',#5306,1.);
#5306 = DIRECTION('',(1.,0.));
#5307 = ( GEOMETRIC_REPRESENTATION_CONTEXT(2) 
PARAMETRIC_REPRESENTATION_CONTEXT() REPRESENTATION_CONTEXT('2D SPACE',''
  ) );
#5308 = ORIENTED_EDGE('',*,*,#5309,.T.);
#5309 = EDGE_CURVE('',#5280,#5310,#5312,.T.);
#5310 = VERTEX_POINT('',#5311);
#5311 = CARTESIAN_POINT('',(46.588235294118,6.5,-1.));
#5312 = SURFACE_CURVE('',#5313,(#5317,#5324),.PCURVE_S1.);
#5313 = LINE('',#5314,#5315);
#5314 = CARTESIAN_POINT('',(46.588235294118,-6.5,-1.));
#5315 = VECTOR('',#5316,1.);
#5316 = DIRECTION('',(-0.,1.,0.));
#5317 = PCURVE('',#5290,#5318);
#5318 = DEFINITIONAL_REPRESENTATION('',(#5319),#5323);
#5319 = LINE('',#5320,#5321);
#5320 = CARTESIAN_POINT('',(0.,0.));
#5321 = VECTOR('',#5322,1.);
#5322 = DIRECTION('',(0.,-1.));
#5323 = ( GEOMETRIC_REPRESENTATION_CONTEXT(2) 
PARAMETRIC_REPRESENTATION_CONTEXT() REPRESENTATION_CONTEXT('2D SPACE',''
  ) );
#5324 = PCURVE('',#5210,#5325);
#5325 = DEFINITIONAL_REPRESENTATION('',(#5326),#5330);
#5326 = LINE('',#5327,#5328);
#5327 = CARTESIAN_POINT('',(93.176470588235,0.));
#5328 = VECTOR('',#5329,1.);
#5329 = DIRECTION('',(0.,1.));
#5330 = ( GEOMETRIC_REPRESENTATION_CONTEXT(2) 
PARAMETRIC_REPRESENTATION_CONTEXT() REPRESENTATION_CONTEXT('2D SPACE',''
  ) );
#5331 = ORIENTED_EDGE('',*,*,#5332,.T.);
#5332 = EDGE_CURVE('',#5310,#5333,#5335,.T.);
#5333 = VERTEX_POINT('',#5334);
#5334 = CARTESIAN_POINT('',(46.588235294118,6.5,1.));
#5335 = SURFACE_CURVE('',#5336,(#5340,#5347),.PCURVE_S1.);
#5336 = LINE('',#5337,#5338);
#5337 = CARTESIAN_POINT('',(46.588235294118,6.5,-1.));
#5338 = VECTOR('',#5339,1.);
#5339 = DIRECTION('',(0.,0.,1.));
#5340 = PCURVE('',#5290,#5341);
#5341 = DEFINITIONAL_REPRESENTATION('',(#5342),#5346);
#5342 = LINE('',#5343,#5344);
#5343 = CARTESIAN_POINT('',(0.,-13.));
#5344 = VECTOR('',#5345,1.);
#5345 = DIRECTION('',(1.,0.));
#5346 = ( GEOMETRIC_REPRESENTATION_CONTEXT(2) 
PARAMETRIC_REPRESENTATION_CONTEXT() REPRESENTATION_CONTEXT('2D SPACE',''
  ) );
#5347 = PCURVE('',#5238,#5348);
#5348 = DEFINITIONAL_REPRESENTATION('',(#5349),#5353);
#5349 = LINE('',#5350,#5351);
#5350 = CARTESIAN_POINT('',(0.,93.176470588235));
#5351 = VECTOR('',#5352,1.);
#5352 = DIRECTION('',(1.,0.));
#5353 = ( GEOMETRIC_REPRESENTATION_CONTEXT(2) 
PARAMETRIC_REPRESENTATION_CONTEXT() REPRESENTATION_CONTEXT('2D SPACE',''
  ) );
#5354 = ORIENTED_EDGE('',*,*,#5355,.F.);
#5355 = EDGE_CURVE('',#5282,#5333,#5356,.T.);
#5356 = SURFACE_CURVE('',#5357,(#5361,#5368),.PCURVE_S1.);
#5357 = LINE('',#5358,#5359);
#5358 = CARTESIAN_POINT('',(46.588235294118,-6.5,1.));
#5359 = VECTOR('',#5360,1.);
#5360 = DIRECTION('',(-0.,1.,0.));
#5361 = PCURVE('',#5290,#5362);
#5362 = DEFINITIONAL_REPRESENTATION('',(#5363),#5367);
#5363 = LINE('',#5364,#5365);
#5364 = CARTESIAN_POINT('',(2.,0.));
#5365 = VECTOR('',#5366,1.);
#5366 = DIRECTION('',(0.,-1.));
#5367 = ( GEOMETRIC_REPRESENTATION_CONTEXT(2) 
PARAMETRIC_REPRESENTATION_CONTEXT() REPRESENTATION_CONTEXT('2D SPACE',''
  ) );
#5368 = PCURVE('',#5264,#5369);
#5369 = DEFINITIONAL_REPRESENTATION('',(#5370),#5374);
#5370 = LINE('',#5371,#5372);
#5371 = CARTESIAN_POINT('',(93.176470588235,0.));
#5372 = VECTOR('',#5373,1.);
#5373 = DIRECTION('',(0.,1.));
#5374 = ( GEOMETRIC_REPRESENTATION_CONTEXT(2) 
PARAMETRIC_REPRESENTATION_CONTEXT() REPRESENTATION_CONTEXT('2D SPACE',''
  ) );
#5375 = ADVANCED_FACE('',(#5376),#5182,.F.);
#5376 = FACE_BOUND('',#5377,.F.);
#5377 = EDGE_LOOP('',(#5378,#5399,#5400,#5421));
#5378 = ORIENTED_EDGE('',*,*,#5379,.F.);
#5379 = EDGE_CURVE('',#5160,#5280,#5380,.T.);
#5380 = SURFACE_CURVE('',#5381,(#5385,#5392),.PCURVE_S1.);
#5381 = LINE('',#5382,#5383);
#5382 = CARTESIAN_POINT('',(-46.58823529411,-6.5,-1.));
#5383 = VECTOR('',#5384,1.);
#5384 = DIRECTION('',(1.,0.,-0.));
#5385 = PCURVE('',#5182,#5386);
#5386 = DEFINITIONAL_REPRESENTATION('',(#5387),#5391);
#5387 = LINE('',#5388,#5389);
#5388 = CARTESIAN_POINT('',(0.,0.));
#5389 = VECTOR('',#5390,1.);
#5390 = DIRECTION('',(0.,1.));
#5391 = ( GEOMETRIC_REPRESENTATION_CONTEXT(2) 
PARAMETRIC_REPRESENTATION_CONTEXT() REPRESENTATION_CONTEXT('2D SPACE',''
  ) );
#5392 = PCURVE('',#5210,#5393);
#5393 = DEFINITIONAL_REPRESENTATION('',(#5394),#5398);
#5394 = LINE('',#5395,#5396);
#5395 = CARTESIAN_POINT('',(0.,0.));
#5396 = VECTOR('',#5397,1.);
#5397 = DIRECTION('',(1.,0.));
#5398 = ( GEOMETRIC_REPRESENTATION_CONTEXT(2) 
PARAMETRIC_REPRESENTATION_CONTEXT() REPRESENTATION_CONTEXT('2D SPACE',''
  ) );
#5399 = ORIENTED_EDGE('',*,*,#5159,.T.);
#5400 = ORIENTED_EDGE('',*,*,#5401,.T.);
#5401 = EDGE_CURVE('',#5162,#5282,#5402,.T.);
#5402 = SURFACE_CURVE('',#5403,(#5407,#5414),.PCURVE_S1.);
#5403 = LINE('',#5404,#5405);
#5404 = CARTESIAN_POINT('',(-46.58823529411,-6.5,1.));
#5405 = VECTOR('',#5406,1.);
#5406 = DIRECTION('',(1.,0.,-0.));
#5407 = PCURVE('',#5182,#5408);
#5408 = DEFINITIONAL_REPRESENTATION('',(#5409),#5413);
#5409 = LINE('',#5410,#5411);
#5410 = CARTESIAN_POINT('',(2.,0.));
#5411 = VECTOR('',#5412,1.);
#5412 = DIRECTION('',(0.,1.));
#5413 = ( GEOMETRIC_REPRESENTATION_CONTEXT(2) 
PARAMETRIC_REPRESENTATION_CONTEXT() REPRESENTATION_CONTEXT('2D SPACE',''
  ) );
#5414 = PCURVE('',#5264,#5415);
#5415 = DEFINITIONAL_REPRESENTATION('',(#5416),#5420);
#5416 = LINE('',#5417,#5418);
#5417 = CARTESIAN_POINT('',(0.,0.));
#5418 = VECTOR('',#5419,1.);
#5419 = DIRECTION('',(1.,0.));
#5420 = ( GEOMETRIC_REPRESENTATION_CONTEXT(2) 
PARAMETRIC_REPRESENTATION_CONTEXT() REPRESENTATION_CONTEXT('2D SPACE',''
  ) );
#5421 = ORIENTED_EDGE('',*,*,#5279,.F.);
#5422 = ADVANCED_FACE('',(#5423),#5238,.T.);
#5423 = FACE_BOUND('',#5424,.T.);
#5424 = EDGE_LOOP('',(#5425,#5446,#5447,#5468));
#5425 = ORIENTED_EDGE('',*,*,#5426,.F.);
#5426 = EDGE_CURVE('',#5195,#5310,#5427,.T.);
#5427 = SURFACE_CURVE('',#5428,(#5432,#5439),.PCURVE_S1.);
#5428 = LINE('',#5429,#5430);
#5429 = CARTESIAN_POINT('',(-46.58823529411,6.5,-1.));
#5430 = VECTOR('',#5431,1.);
#5431 = DIRECTION('',(1.,0.,-0.));
#5432 = PCURVE('',#5238,#5433);
#5433 = DEFINITIONAL_REPRESENTATION('',(#5434),#5438);
#5434 = LINE('',#5435,#5436);
#5435 = CARTESIAN_POINT('',(0.,0.));
#5436 = VECTOR('',#5437,1.);
#5437 = DIRECTION('',(0.,1.));
#5438 = ( GEOMETRIC_REPRESENTATION_CONTEXT(2) 
PARAMETRIC_REPRESENTATION_CONTEXT() REPRESENTATION_CONTEXT('2D SPACE',''
  ) );
#5439 = PCURVE('',#5210,#5440);
#5440 = DEFINITIONAL_REPRESENTATION('',(#5441),#5445);
#5441 = LINE('',#5442,#5443);
#5442 = CARTESIAN_POINT('',(0.,13.));
#5443 = VECTOR('',#5444,1.);
#5444 = DIRECTION('',(1.,0.));
#5445 = ( GEOMETRIC_REPRESENTATION_CONTEXT(2) 
PARAMETRIC_REPRESENTATION_CONTEXT() REPRESENTATION_CONTEXT('2D SPACE',''
  ) );
#5446 = ORIENTED_EDGE('',*,*,#5222,.T.);
#5447 = ORIENTED_EDGE('',*,*,#5448,.T.);
#5448 = EDGE_CURVE('',#5223,#5333,#5449,.T.);
#5449 = SURFACE_CURVE('',#5450,(#5454,#5461),.PCURVE_S1.);
#5450 = LINE('',#5451,#5452);
#5451 = CARTESIAN_POINT('',(-46.58823529411,6.5,1.));
#5452 = VECTOR('',#5453,1.);
#5453 = DIRECTION('',(1.,0.,-0.));
#5454 = PCURVE('',#5238,#5455);
#5455 = DEFINITIONAL_REPRESENTATION('',(#5456),#5460);
#5456 = LINE('',#5457,#5458);
#5457 = CARTESIAN_POINT('',(2.,0.));
#5458 = VECTOR('',#5459,1.);
#5459 = DIRECTION('',(0.,1.));
#5460 = ( GEOMETRIC_REPRESENTATION_CONTEXT(2) 
PARAMETRIC_REPRESENTATION_CONTEXT() REPRESENTATION_CONTEXT('2D SPACE',''
  ) );
#5461 = PCURVE('',#5264,#5462);
#5462 = DEFINITIONAL_REPRESENTATION('',(#5463),#5467);
#5463 = LINE('',#5464,#5465);
#5464 = CARTESIAN_POINT('',(0.,13.));
#5465 = VECTOR('',#5466,1.);
#5466 = DIRECTION('',(1.,0.));
#5467 = ( GEOMETRIC_REPRESENTATION_CONTEXT(2) 
PARAMETRIC_REPRESENTATION_CONTEXT() REPRESENTATION_CONTEXT('2D SPACE',''
  ) );
#5468 = ORIENTED_EDGE('',*,*,#5332,.F.);
#5469 = ADVANCED_FACE('',(#5470),#5210,.F.);
#5470 = FACE_BOUND('',#5471,.F.);
#5471 = EDGE_LOOP('',(#5472,#5473,#5474,#5475));
#5472 = ORIENTED_EDGE('',*,*,#5194,.F.);
#5473 = ORIENTED_EDGE('',*,*,#5379,.T.);
#5474 = ORIENTED_EDGE('',*,*,#5309,.T.);
#5475 = ORIENTED_EDGE('',*,*,#5426,.F.);
#5476 = ADVANCED_FACE('',(#5477),#5264,.T.);
#5477 = FACE_BOUND('',#5478,.T.);
#5478 = EDGE_LOOP('',(#5479,#5480,#5481,#5482));
#5479 = ORIENTED_EDGE('',*,*,#5250,.F.);
#5480 = ORIENTED_EDGE('',*,*,#5401,.T.);
#5481 = ORIENTED_EDGE('',*,*,#5355,.T.);
#5482 = ORIENTED_EDGE('',*,*,#5448,.F.);
#5483 = ( GEOMETRIC_REPRESENTATION_CONTEXT(3) 
GLOBAL_UNCERTAINTY_ASSIGNED_CONTEXT((#5487)) 
GLOBAL_UNIT_ASSIGNED_CONTEXT((#5484,#5485,#5486)) REPRESENTATION_CONTEXT
('Context #1','3D Context with UNIT and UNCERTAINTY') );
#5484 = ( LENGTH_UNIT() NAMED_UNIT(*) SI_UNIT(.MILLI.,.METRE.) );
#5485 = ( NAMED_UNIT(*) PLANE_ANGLE_UNIT() SI_UNIT($,.RADIAN.) );
#5486 = ( NAMED_UNIT(*) SI_UNIT($,.STERADIAN.) SOLID_ANGLE_UNIT() );
#5487 = UNCERTAINTY_MEASURE_WITH_UNIT(LENGTH_MEASURE(1.E-07),#5484,
  'distance_accuracy_value','confusion accuracy');
#5488 = CONTEXT_DEPENDENT_SHAPE_REPRESENTATION(#5489,#5491);
#5489 = ( REPRESENTATION_RELATIONSHIP('','',#5152,#10) 
REPRESENTATION_RELATIONSHIP_WITH_TRANSFORMATION(#5490) 
SHAPE_REPRESENTATION_RELATIONSHIP() );
#5490 = ITEM_DEFINED_TRANSFORMATION('','',#11,#23);
#5491 = PRODUCT_DEFINITION_SHAPE('Placement','Placement of an item',
  #5492);
#5492 = NEXT_ASSEMBLY_USAGE_OCCURRENCE('3','rubber.1','',#5,#5147,$);
#5493 = PRODUCT_RELATED_PRODUCT_CATEGORY('part',$,(#5149));
#5494 = SHAPE_DEFINITION_REPRESENTATION(#5495,#5501);
#5495 = PRODUCT_DEFINITION_SHAPE('','',#5496);
#5496 = PRODUCT_DEFINITION('design','',#5497,#5500);
#5497 = PRODUCT_DEFINITION_FORMATION('','',#5498);
#5498 = PRODUCT('fin.2','fin.2','',(#5499));
#5499 = PRODUCT_CONTEXT('',#2,'mechanical');
#5500 = PRODUCT_DEFINITION_CONTEXT('part definition',#2,'design');
#5501 = ADVANCED_BREP_SHAPE_REPRESENTATION('',(#11,#5502),#6846);
#5502 = MANIFOLD_SOLID_BREP('',#5503);
#5503 = CLOSED_SHELL('',(#5504,#5624,#5700,#5776,#5852,#5928,#6004,#6080
    ,#6156,#6232,#6308,#6384,#6460,#6536,#6612,#6688,#6759,#6806,#6826)
  );
#5504 = ADVANCED_FACE('',(#5505),#5519,.F.);
#5505 = FACE_BOUND('',#5506,.F.);
#5506 = EDGE_LOOP('',(#5507,#5542,#5570,#5598));
#5507 = ORIENTED_EDGE('',*,*,#5508,.T.);
#5508 = EDGE_CURVE('',#5509,#5511,#5513,.T.);
#5509 = VERTEX_POINT('',#5510);
#5510 = CARTESIAN_POINT('',(-48.31372549019,0.,3.00647076452E-16));
#5511 = VERTEX_POINT('',#5512);
#5512 = CARTESIAN_POINT('',(-48.31372549019,7.,3.00647076452E-16));
#5513 = SURFACE_CURVE('',#5514,(#5518,#5530),.PCURVE_S1.);
#5514 = LINE('',#5515,#5516);
#5515 = CARTESIAN_POINT('',(-48.31372549019,0.,3.00647076452E-16));
#5516 = VECTOR('',#5517,1.);
#5517 = DIRECTION('',(0.,1.,0.));
#5518 = PCURVE('',#5519,#5524);
#5519 = PLANE('',#5520);
#5520 = AXIS2_PLACEMENT_3D('',#5521,#5522,#5523);
#5521 = CARTESIAN_POINT('',(-48.31372549019,0.,6.012941529041E-16));
#5522 = DIRECTION('',(-6.222808806434E-18,0.,-1.));
#5523 = DIRECTION('',(1.,0.,-6.222808806434E-18));
#5524 = DEFINITIONAL_REPRESENTATION('',(#5525),#5529);
#5525 = LINE('',#5526,#5527);
#5526 = CARTESIAN_POINT('',(0.,0.));
#5527 = VECTOR('',#5528,1.);
#5528 = DIRECTION('',(0.,-1.));
#5529 = ( GEOMETRIC_REPRESENTATION_CONTEXT(2) 
PARAMETRIC_REPRESENTATION_CONTEXT() REPRESENTATION_CONTEXT('2D SPACE',''
  ) );
#5530 = PCURVE('',#5531,#5536);
#5531 = PLANE('',#5532);
#5532 = AXIS2_PLACEMENT_3D('',#5533,#5534,#5535);
#5533 = CARTESIAN_POINT('',(3.514776559421,0.,-11.));
#5534 = DIRECTION('',(0.207613935385,-0.,0.978210843241));
#5535 = DIRECTION('',(-0.978210843241,0.,0.207613935385));
#5536 = DEFINITIONAL_REPRESENTATION('',(#5537),#5541);
#5537 = LINE('',#5538,#5539);
#5538 = CARTESIAN_POINT('',(52.982955983101,0.));
#5539 = VECTOR('',#5540,1.);
#5540 = DIRECTION('',(0.,-1.));
#5541 = ( GEOMETRIC_REPRESENTATION_CONTEXT(2) 
PARAMETRIC_REPRESENTATION_CONTEXT() REPRESENTATION_CONTEXT('2D SPACE',''
  ) );
#5542 = ORIENTED_EDGE('',*,*,#5543,.T.);
#5543 = EDGE_CURVE('',#5511,#5544,#5546,.T.);
#5544 = VERTEX_POINT('',#5545);
#5545 = CARTESIAN_POINT('',(48.313725490196,7.,0.));
#5546 = SURFACE_CURVE('',#5547,(#5551,#5558),.PCURVE_S1.);
#5547 = LINE('',#5548,#5549);
#5548 = CARTESIAN_POINT('',(-48.31372549019,7.,6.012941529041E-16));
#5549 = VECTOR('',#5550,1.);
#5550 = DIRECTION('',(1.,0.,-6.222808806434E-18));
#5551 = PCURVE('',#5519,#5552);
#5552 = DEFINITIONAL_REPRESENTATION('',(#5553),#5557);
#5553 = LINE('',#5554,#5555);
#5554 = CARTESIAN_POINT('',(0.,-7.));
#5555 = VECTOR('',#5556,1.);
#5556 = DIRECTION('',(1.,0.));
#5557 = ( GEOMETRIC_REPRESENTATION_CONTEXT(2) 
PARAMETRIC_REPRESENTATION_CONTEXT() REPRESENTATION_CONTEXT('2D SPACE',''
  ) );
#5558 = PCURVE('',#5559,#5564);
#5559 = PLANE('',#5560);
#5560 = AXIS2_PLACEMENT_3D('',#5561,#5562,#5563);
#5561 = CARTESIAN_POINT('',(3.81665795689,7.,-26.73332835839));
#5562 = DIRECTION('',(0.,1.,0.));
#5563 = DIRECTION('',(0.,-0.,1.));
#5564 = DEFINITIONAL_REPRESENTATION('',(#5565),#5569);
#5565 = LINE('',#5566,#5567);
#5566 = CARTESIAN_POINT('',(26.733328358391,-52.13038344708));
#5567 = VECTOR('',#5568,1.);
#5568 = DIRECTION('',(-6.222808806434E-18,1.));
#5569 = ( GEOMETRIC_REPRESENTATION_CONTEXT(2) 
PARAMETRIC_REPRESENTATION_CONTEXT() REPRESENTATION_CONTEXT('2D SPACE',''
  ) );
#5570 = ORIENTED_EDGE('',*,*,#5571,.F.);
#5571 = EDGE_CURVE('',#5572,#5544,#5574,.T.);
#5572 = VERTEX_POINT('',#5573);
#5573 = CARTESIAN_POINT('',(48.313725490196,0.,0.));
#5574 = SURFACE_CURVE('',#5575,(#5579,#5586),.PCURVE_S1.);
#5575 = LINE('',#5576,#5577);
#5576 = CARTESIAN_POINT('',(48.313725490196,0.,0.));
#5577 = VECTOR('',#5578,1.);
#5578 = DIRECTION('',(0.,1.,0.));
#5579 = PCURVE('',#5519,#5580);
#5580 = DEFINITIONAL_REPRESENTATION('',(#5581),#5585);
#5581 = LINE('',#5582,#5583);
#5582 = CARTESIAN_POINT('',(96.627450980392,0.));
#5583 = VECTOR('',#5584,1.);
#5584 = DIRECTION('',(0.,-1.));
#5585 = ( GEOMETRIC_REPRESENTATION_CONTEXT(2) 
PARAMETRIC_REPRESENTATION_CONTEXT() REPRESENTATION_CONTEXT('2D SPACE',''
  ) );
#5586 = PCURVE('',#5587,#5592);
#5587 = PLANE('',#5588);
#5588 = AXIS2_PLACEMENT_3D('',#5589,#5590,#5591);
#5589 = CARTESIAN_POINT('',(48.313725490196,0.,0.));
#5590 = DIRECTION('',(-0.968842240708,0.,0.24767864789));
#5591 = DIRECTION('',(-0.24767864789,0.,-0.968842240708));
#5592 = DEFINITIONAL_REPRESENTATION('',(#5593),#5597);
#5593 = LINE('',#5594,#5595);
#5594 = CARTESIAN_POINT('',(0.,0.));
#5595 = VECTOR('',#5596,1.);
#5596 = DIRECTION('',(0.,-1.));
#5597 = ( GEOMETRIC_REPRESENTATION_CONTEXT(2) 
PARAMETRIC_REPRESENTATION_CONTEXT() REPRESENTATION_CONTEXT('2D SPACE',''
  ) );
#5598 = ORIENTED_EDGE('',*,*,#5599,.F.);
#5599 = EDGE_CURVE('',#5509,#5572,#5600,.T.);
#5600 = SURFACE_CURVE('',#5601,(#5605,#5612),.PCURVE_S1.);
#5601 = LINE('',#5602,#5603);
#5602 = CARTESIAN_POINT('',(-48.31372549019,0.,6.012941529041E-16));
#5603 = VECTOR('',#5604,1.);
#5604 = DIRECTION('',(1.,0.,-6.222808806434E-18));
#5605 = PCURVE('',#5519,#5606);
#5606 = DEFINITIONAL_REPRESENTATION('',(#5607),#5611);
#5607 = LINE('',#5608,#5609);
#5608 = CARTESIAN_POINT('',(0.,0.));
#5609 = VECTOR('',#5610,1.);
#5610 = DIRECTION('',(1.,0.));
#5611 = ( GEOMETRIC_REPRESENTATION_CONTEXT(2) 
PARAMETRIC_REPRESENTATION_CONTEXT() REPRESENTATION_CONTEXT('2D SPACE',''
  ) );
#5612 = PCURVE('',#5613,#5618);
#5613 = PLANE('',#5614);
#5614 = AXIS2_PLACEMENT_3D('',#5615,#5616,#5617);
#5615 = CARTESIAN_POINT('',(3.81665795689,0.,-26.73332835839));
#5616 = DIRECTION('',(0.,1.,0.));
#5617 = DIRECTION('',(0.,-0.,1.));
#5618 = DEFINITIONAL_REPRESENTATION('',(#5619),#5623);
#5619 = LINE('',#5620,#5621);
#5620 = CARTESIAN_POINT('',(26.733328358391,-52.13038344708));
#5621 = VECTOR('',#5622,1.);
#5622 = DIRECTION('',(-6.222808806434E-18,1.));
#5623 = ( GEOMETRIC_REPRESENTATION_CONTEXT(2) 
PARAMETRIC_REPRESENTATION_CONTEXT() REPRESENTATION_CONTEXT('2D SPACE',''
  ) );
#5624 = ADVANCED_FACE('',(#5625),#5587,.F.);
#5625 = FACE_BOUND('',#5626,.F.);
#5626 = EDGE_LOOP('',(#5627,#5628,#5651,#5679));
#5627 = ORIENTED_EDGE('',*,*,#5571,.T.);
#5628 = ORIENTED_EDGE('',*,*,#5629,.T.);
#5629 = EDGE_CURVE('',#5544,#5630,#5632,.T.);
#5630 = VERTEX_POINT('',#5631);
#5631 = CARTESIAN_POINT('',(45.501642147504,7.,-11.));
#5632 = SURFACE_CURVE('',#5633,(#5637,#5644),.PCURVE_S1.);
#5633 = LINE('',#5634,#5635);
#5634 = CARTESIAN_POINT('',(48.313725490196,7.,0.));
#5635 = VECTOR('',#5636,1.);
#5636 = DIRECTION('',(-0.24767864789,0.,-0.968842240708));
#5637 = PCURVE('',#5587,#5638);
#5638 = DEFINITIONAL_REPRESENTATION('',(#5639),#5643);
#5639 = LINE('',#5640,#5641);
#5640 = CARTESIAN_POINT('',(0.,-7.));
#5641 = VECTOR('',#5642,1.);
#5642 = DIRECTION('',(1.,0.));
#5643 = ( GEOMETRIC_REPRESENTATION_CONTEXT(2) 
PARAMETRIC_REPRESENTATION_CONTEXT() REPRESENTATION_CONTEXT('2D SPACE',''
  ) );
#5644 = PCURVE('',#5559,#5645);
#5645 = DEFINITIONAL_REPRESENTATION('',(#5646),#5650);
#5646 = LINE('',#5647,#5648);
#5647 = CARTESIAN_POINT('',(26.733328358391,44.497067533306));
#5648 = VECTOR('',#5649,1.);
#5649 = DIRECTION('',(-0.968842240708,-0.24767864789));
#5650 = ( GEOMETRIC_REPRESENTATION_CONTEXT(2) 
PARAMETRIC_REPRESENTATION_CONTEXT() REPRESENTATION_CONTEXT('2D SPACE',''
  ) );
#5651 = ORIENTED_EDGE('',*,*,#5652,.F.);
#5652 = EDGE_CURVE('',#5653,#5630,#5655,.T.);
#5653 = VERTEX_POINT('',#5654);
#5654 = CARTESIAN_POINT('',(45.501642147504,0.,-11.));
#5655 = SURFACE_CURVE('',#5656,(#5660,#5667),.PCURVE_S1.);
#5656 = LINE('',#5657,#5658);
#5657 = CARTESIAN_POINT('',(45.501642147504,0.,-11.));
#5658 = VECTOR('',#5659,1.);
#5659 = DIRECTION('',(0.,1.,0.));
#5660 = PCURVE('',#5587,#5661);
#5661 = DEFINITIONAL_REPRESENTATION('',(#5662),#5666);
#5662 = LINE('',#5663,#5664);
#5663 = CARTESIAN_POINT('',(11.353757647856,0.));
#5664 = VECTOR('',#5665,1.);
#5665 = DIRECTION('',(0.,-1.));
#5666 = ( GEOMETRIC_REPRESENTATION_CONTEXT(2) 
PARAMETRIC_REPRESENTATION_CONTEXT() REPRESENTATION_CONTEXT('2D SPACE',''
  ) );
#5667 = PCURVE('',#5668,#5673);
#5668 = PLANE('',#5669);
#5669 = AXIS2_PLACEMENT_3D('',#5670,#5671,#5672);
#5670 = CARTESIAN_POINT('',(45.501642147504,0.,-11.));
#5671 = DIRECTION('',(-0.933719977858,0.,0.358004194039));
#5672 = DIRECTION('',(-0.358004194039,0.,-0.933719977858));
#5673 = DEFINITIONAL_REPRESENTATION('',(#5674),#5678);
#5674 = LINE('',#5675,#5676);
#5675 = CARTESIAN_POINT('',(0.,0.));
#5676 = VECTOR('',#5677,1.);
#5677 = DIRECTION('',(0.,-1.));
#5678 = ( GEOMETRIC_REPRESENTATION_CONTEXT(2) 
PARAMETRIC_REPRESENTATION_CONTEXT() REPRESENTATION_CONTEXT('2D SPACE',''
  ) );
#5679 = ORIENTED_EDGE('',*,*,#5680,.F.);
#5680 = EDGE_CURVE('',#5572,#5653,#5681,.T.);
#5681 = SURFACE_CURVE('',#5682,(#5686,#5693),.PCURVE_S1.);
#5682 = LINE('',#5683,#5684);
#5683 = CARTESIAN_POINT('',(48.313725490196,0.,0.));
#5684 = VECTOR('',#5685,1.);
#5685 = DIRECTION('',(-0.24767864789,0.,-0.968842240708));
#5686 = PCURVE('',#5587,#5687);
#5687 = DEFINITIONAL_REPRESENTATION('',(#5688),#5692);
#5688 = LINE('',#5689,#5690);
#5689 = CARTESIAN_POINT('',(0.,0.));
#5690 = VECTOR('',#5691,1.);
#5691 = DIRECTION('',(1.,0.));
#5692 = ( GEOMETRIC_REPRESENTATION_CONTEXT(2) 
PARAMETRIC_REPRESENTATION_CONTEXT() REPRESENTATION_CONTEXT('2D SPACE',''
  ) );
#5693 = PCURVE('',#5613,#5694);
#5694 = DEFINITIONAL_REPRESENTATION('',(#5695),#5699);
#5695 = LINE('',#5696,#5697);
#5696 = CARTESIAN_POINT('',(26.733328358391,44.497067533306));
#5697 = VECTOR('',#5698,1.);
#5698 = DIRECTION('',(-0.968842240708,-0.24767864789));
#5699 = ( GEOMETRIC_REPRESENTATION_CONTEXT(2) 
PARAMETRIC_REPRESENTATION_CONTEXT() REPRESENTATION_CONTEXT('2D SPACE',''
  ) );
#5700 = ADVANCED_FACE('',(#5701),#5668,.F.);
#5701 = FACE_BOUND('',#5702,.F.);
#5702 = EDGE_LOOP('',(#5703,#5704,#5727,#5755));
#5703 = ORIENTED_EDGE('',*,*,#5652,.T.);
#5704 = ORIENTED_EDGE('',*,*,#5705,.T.);
#5705 = EDGE_CURVE('',#5630,#5706,#5708,.T.);
#5706 = VERTEX_POINT('',#5707);
#5707 = CARTESIAN_POINT('',(41.28405418985,7.,-22.));
#5708 = SURFACE_CURVE('',#5709,(#5713,#5720),.PCURVE_S1.);
#5709 = LINE('',#5710,#5711);
#5710 = CARTESIAN_POINT('',(45.501642147504,7.,-11.));
#5711 = VECTOR('',#5712,1.);
#5712 = DIRECTION('',(-0.358004194039,0.,-0.933719977858));
#5713 = PCURVE('',#5668,#5714);
#5714 = DEFINITIONAL_REPRESENTATION('',(#5715),#5719);
#5715 = LINE('',#5716,#5717);
#5716 = CARTESIAN_POINT('',(0.,-7.));
#5717 = VECTOR('',#5718,1.);
#5718 = DIRECTION('',(1.,0.));
#5719 = ( GEOMETRIC_REPRESENTATION_CONTEXT(2) 
PARAMETRIC_REPRESENTATION_CONTEXT() REPRESENTATION_CONTEXT('2D SPACE',''
  ) );
#5720 = PCURVE('',#5559,#5721);
#5721 = DEFINITIONAL_REPRESENTATION('',(#5722),#5726);
#5722 = LINE('',#5723,#5724);
#5723 = CARTESIAN_POINT('',(15.733328358391,41.684984190613));
#5724 = VECTOR('',#5725,1.);
#5725 = DIRECTION('',(-0.933719977858,-0.358004194039));
#5726 = ( GEOMETRIC_REPRESENTATION_CONTEXT(2) 
PARAMETRIC_REPRESENTATION_CONTEXT() REPRESENTATION_CONTEXT('2D SPACE',''
  ) );
#5727 = ORIENTED_EDGE('',*,*,#5728,.F.);
#5728 = EDGE_CURVE('',#5729,#5706,#5731,.T.);
#5729 = VERTEX_POINT('',#5730);
#5730 = CARTESIAN_POINT('',(41.28405418985,0.,-22.));
#5731 = SURFACE_CURVE('',#5732,(#5736,#5743),.PCURVE_S1.);
#5732 = LINE('',#5733,#5734);
#5733 = CARTESIAN_POINT('',(41.28405418985,0.,-22.));
#5734 = VECTOR('',#5735,1.);
#5735 = DIRECTION('',(0.,1.,0.));
#5736 = PCURVE('',#5668,#5737);
#5737 = DEFINITIONAL_REPRESENTATION('',(#5738),#5742);
#5738 = LINE('',#5739,#5740);
#5739 = CARTESIAN_POINT('',(11.780833934003,0.));
#5740 = VECTOR('',#5741,1.);
#5741 = DIRECTION('',(0.,-1.));
#5742 = ( GEOMETRIC_REPRESENTATION_CONTEXT(2) 
PARAMETRIC_REPRESENTATION_CONTEXT() REPRESENTATION_CONTEXT('2D SPACE',''
  ) );
#5743 = PCURVE('',#5744,#5749);
#5744 = PLANE('',#5745);
#5745 = AXIS2_PLACEMENT_3D('',#5746,#5747,#5748);
#5746 = CARTESIAN_POINT('',(41.28405418985,0.,-22.));
#5747 = DIRECTION('',(-0.90339076151,0.,0.428818297206));
#5748 = DIRECTION('',(-0.428818297206,0.,-0.90339076151));
#5749 = DEFINITIONAL_REPRESENTATION('',(#5750),#5754);
#5750 = LINE('',#5751,#5752);
#5751 = CARTESIAN_POINT('',(0.,0.));
#5752 = VECTOR('',#5753,1.);
#5753 = DIRECTION('',(0.,-1.));
#5754 = ( GEOMETRIC_REPRESENTATION_CONTEXT(2) 
PARAMETRIC_REPRESENTATION_CONTEXT() REPRESENTATION_CONTEXT('2D SPACE',''
  ) );
#5755 = ORIENTED_EDGE('',*,*,#5756,.F.);
#5756 = EDGE_CURVE('',#5653,#5729,#5757,.T.);
#5757 = SURFACE_CURVE('',#5758,(#5762,#5769),.PCURVE_S1.);
#5758 = LINE('',#5759,#5760);
#5759 = CARTESIAN_POINT('',(45.501642147504,0.,-11.));
#5760 = VECTOR('',#5761,1.);
#5761 = DIRECTION('',(-0.358004194039,0.,-0.933719977858));
#5762 = PCURVE('',#5668,#5763);
#5763 = DEFINITIONAL_REPRESENTATION('',(#5764),#5768);
#5764 = LINE('',#5765,#5766);
#5765 = CARTESIAN_POINT('',(0.,0.));
#5766 = VECTOR('',#5767,1.);
#5767 = DIRECTION('',(1.,0.));
#5768 = ( GEOMETRIC_REPRESENTATION_CONTEXT(2) 
PARAMETRIC_REPRESENTATION_CONTEXT() REPRESENTATION_CONTEXT('2D SPACE',''
  ) );
#5769 = PCURVE('',#5613,#5770);
#5770 = DEFINITIONAL_REPRESENTATION('',(#5771),#5775);
#5771 = LINE('',#5772,#5773);
#5772 = CARTESIAN_POINT('',(15.733328358391,41.684984190613));
#5773 = VECTOR('',#5774,1.);
#5774 = DIRECTION('',(-0.933719977858,-0.358004194039));
#5775 = ( GEOMETRIC_REPRESENTATION_CONTEXT(2) 
PARAMETRIC_REPRESENTATION_CONTEXT() REPRESENTATION_CONTEXT('2D SPACE',''
  ) );
#5776 = ADVANCED_FACE('',(#5777),#5744,.F.);
#5777 = FACE_BOUND('',#5778,.F.);
#5778 = EDGE_LOOP('',(#5779,#5780,#5803,#5831));
#5779 = ORIENTED_EDGE('',*,*,#5728,.T.);
#5780 = ORIENTED_EDGE('',*,*,#5781,.T.);
#5781 = EDGE_CURVE('',#5706,#5782,#5784,.T.);
#5782 = VERTEX_POINT('',#5783);
#5783 = CARTESIAN_POINT('',(36.06261351297,7.,-33.));
#5784 = SURFACE_CURVE('',#5785,(#5789,#5796),.PCURVE_S1.);
#5785 = LINE('',#5786,#5787);
#5786 = CARTESIAN_POINT('',(41.28405418985,7.,-22.));
#5787 = VECTOR('',#5788,1.);
#5788 = DIRECTION('',(-0.428818297206,0.,-0.90339076151));
#5789 = PCURVE('',#5744,#5790);
#5790 = DEFINITIONAL_REPRESENTATION('',(#5791),#5795);
#5791 = LINE('',#5792,#5793);
#5792 = CARTESIAN_POINT('',(0.,-7.));
#5793 = VECTOR('',#5794,1.);
#5794 = DIRECTION('',(1.,0.));
#5795 = ( GEOMETRIC_REPRESENTATION_CONTEXT(2) 
PARAMETRIC_REPRESENTATION_CONTEXT() REPRESENTATION_CONTEXT('2D SPACE',''
  ) );
#5796 = PCURVE('',#5559,#5797);
#5797 = DEFINITIONAL_REPRESENTATION('',(#5798),#5802);
#5798 = LINE('',#5799,#5800);
#5799 = CARTESIAN_POINT('',(4.733328358391,37.46739623296));
#5800 = VECTOR('',#5801,1.);
#5801 = DIRECTION('',(-0.90339076151,-0.428818297206));
#5802 = ( GEOMETRIC_REPRESENTATION_CONTEXT(2) 
PARAMETRIC_REPRESENTATION_CONTEXT() REPRESENTATION_CONTEXT('2D SPACE',''
  ) );
#5803 = ORIENTED_EDGE('',*,*,#5804,.F.);
#5804 = EDGE_CURVE('',#5805,#5782,#5807,.T.);
#5805 = VERTEX_POINT('',#5806);
#5806 = CARTESIAN_POINT('',(36.06261351297,0.,-33.));
#5807 = SURFACE_CURVE('',#5808,(#5812,#5819),.PCURVE_S1.);
#5808 = LINE('',#5809,#5810);
#5809 = CARTESIAN_POINT('',(36.06261351297,0.,-33.));
#5810 = VECTOR('',#5811,1.);
#5811 = DIRECTION('',(0.,1.,0.));
#5812 = PCURVE('',#5744,#5813);
#5813 = DEFINITIONAL_REPRESENTATION('',(#5814),#5818);
#5814 = LINE('',#5815,#5816);
#5815 = CARTESIAN_POINT('',(12.17634767663,0.));
#5816 = VECTOR('',#5817,1.);
#5817 = DIRECTION('',(0.,-1.));
#5818 = ( GEOMETRIC_REPRESENTATION_CONTEXT(2) 
PARAMETRIC_REPRESENTATION_CONTEXT() REPRESENTATION_CONTEXT('2D SPACE',''
  ) );
#5819 = PCURVE('',#5820,#5825);
#5820 = PLANE('',#5821);
#5821 = AXIS2_PLACEMENT_3D('',#5822,#5823,#5824);
#5822 = CARTESIAN_POINT('',(36.06261351297,0.,-33.));
#5823 = DIRECTION('',(-0.875579085792,0.,0.483074802203));
#5824 = DIRECTION('',(-0.483074802203,0.,-0.875579085792));
#5825 = DEFINITIONAL_REPRESENTATION('',(#5826),#5830);
#5826 = LINE('',#5827,#5828);
#5827 = CARTESIAN_POINT('',(0.,0.));
#5828 = VECTOR('',#5829,1.);
#5829 = DIRECTION('',(0.,-1.));
#5830 = ( GEOMETRIC_REPRESENTATION_CONTEXT(2) 
PARAMETRIC_REPRESENTATION_CONTEXT() REPRESENTATION_CONTEXT('2D SPACE',''
  ) );
#5831 = ORIENTED_EDGE('',*,*,#5832,.F.);
#5832 = EDGE_CURVE('',#5729,#5805,#5833,.T.);
#5833 = SURFACE_CURVE('',#5834,(#5838,#5845),.PCURVE_S1.);
#5834 = LINE('',#5835,#5836);
#5835 = CARTESIAN_POINT('',(41.28405418985,0.,-22.));
#5836 = VECTOR('',#5837,1.);
#5837 = DIRECTION('',(-0.428818297206,0.,-0.90339076151));
#5838 = PCURVE('',#5744,#5839);
#5839 = DEFINITIONAL_REPRESENTATION('',(#5840),#5844);
#5840 = LINE('',#5841,#5842);
#5841 = CARTESIAN_POINT('',(0.,0.));
#5842 = VECTOR('',#5843,1.);
#5843 = DIRECTION('',(1.,0.));
#5844 = ( GEOMETRIC_REPRESENTATION_CONTEXT(2) 
PARAMETRIC_REPRESENTATION_CONTEXT() REPRESENTATION_CONTEXT('2D SPACE',''
  ) );
#5845 = PCURVE('',#5613,#5846);
#5846 = DEFINITIONAL_REPRESENTATION('',(#5847),#5851);
#5847 = LINE('',#5848,#5849);
#5848 = CARTESIAN_POINT('',(4.733328358391,37.46739623296));
#5849 = VECTOR('',#5850,1.);
#5850 = DIRECTION('',(-0.90339076151,-0.428818297206));
#5851 = ( GEOMETRIC_REPRESENTATION_CONTEXT(2) 
PARAMETRIC_REPRESENTATION_CONTEXT() REPRESENTATION_CONTEXT('2D SPACE',''
  ) );
#5852 = ADVANCED_FACE('',(#5853),#5820,.F.);
#5853 = FACE_BOUND('',#5854,.F.);
#5854 = EDGE_LOOP('',(#5855,#5856,#5879,#5907));
#5855 = ORIENTED_EDGE('',*,*,#5804,.T.);
#5856 = ORIENTED_EDGE('',*,*,#5857,.T.);
#5857 = EDGE_CURVE('',#5782,#5858,#5860,.T.);
#5858 = VERTEX_POINT('',#5859);
#5859 = CARTESIAN_POINT('',(29.993689631096,7.,-44.));
#5860 = SURFACE_CURVE('',#5861,(#5865,#5872),.PCURVE_S1.);
#5861 = LINE('',#5862,#5863);
#5862 = CARTESIAN_POINT('',(36.06261351297,7.,-33.));
#5863 = VECTOR('',#5864,1.);
#5864 = DIRECTION('',(-0.483074802203,0.,-0.875579085792));
#5865 = PCURVE('',#5820,#5866);
#5866 = DEFINITIONAL_REPRESENTATION('',(#5867),#5871);
#5867 = LINE('',#5868,#5869);
#5868 = CARTESIAN_POINT('',(0.,-7.));
#5869 = VECTOR('',#5870,1.);
#5870 = DIRECTION('',(1.,0.));
#5871 = ( GEOMETRIC_REPRESENTATION_CONTEXT(2) 
PARAMETRIC_REPRESENTATION_CONTEXT() REPRESENTATION_CONTEXT('2D SPACE',''
  ) );
#5872 = PCURVE('',#5559,#5873);
#5873 = DEFINITIONAL_REPRESENTATION('',(#5874),#5878);
#5874 = LINE('',#5875,#5876);
#5875 = CARTESIAN_POINT('',(-6.266671641609,32.24595555608));
#5876 = VECTOR('',#5877,1.);
#5877 = DIRECTION('',(-0.875579085792,-0.483074802203));
#5878 = ( GEOMETRIC_REPRESENTATION_CONTEXT(2) 
PARAMETRIC_REPRESENTATION_CONTEXT() REPRESENTATION_CONTEXT('2D SPACE',''
  ) );
#5879 = ORIENTED_EDGE('',*,*,#5880,.F.);
#5880 = EDGE_CURVE('',#5881,#5858,#5883,.T.);
#5881 = VERTEX_POINT('',#5882);
#5882 = CARTESIAN_POINT('',(29.993689631096,0.,-44.));
#5883 = SURFACE_CURVE('',#5884,(#5888,#5895),.PCURVE_S1.);
#5884 = LINE('',#5885,#5886);
#5885 = CARTESIAN_POINT('',(29.993689631096,0.,-44.));
#5886 = VECTOR('',#5887,1.);
#5887 = DIRECTION('',(0.,1.,0.));
#5888 = PCURVE('',#5820,#5889);
#5889 = DEFINITIONAL_REPRESENTATION('',(#5890),#5894);
#5890 = LINE('',#5891,#5892);
#5891 = CARTESIAN_POINT('',(12.563114147534,0.));
#5892 = VECTOR('',#5893,1.);
#5893 = DIRECTION('',(0.,-1.));
#5894 = ( GEOMETRIC_REPRESENTATION_CONTEXT(2) 
PARAMETRIC_REPRESENTATION_CONTEXT() REPRESENTATION_CONTEXT('2D SPACE',''
  ) );
#5895 = PCURVE('',#5896,#5901);
#5896 = PLANE('',#5897);
#5897 = AXIS2_PLACEMENT_3D('',#5898,#5899,#5900);
#5898 = CARTESIAN_POINT('',(29.993689631096,0.,-44.));
#5899 = DIRECTION('',(-0.849816290134,0.,0.527079000741));
#5900 = DIRECTION('',(-0.527079000741,0.,-0.849816290134));
#5901 = DEFINITIONAL_REPRESENTATION('',(#5902),#5906);
#5902 = LINE('',#5903,#5904);
#5903 = CARTESIAN_POINT('',(0.,0.));
#5904 = VECTOR('',#5905,1.);
#5905 = DIRECTION('',(0.,-1.));
#5906 = ( GEOMETRIC_REPRESENTATION_CONTEXT(2) 
PARAMETRIC_REPRESENTATION_CONTEXT() REPRESENTATION_CONTEXT('2D SPACE',''
  ) );
#5907 = ORIENTED_EDGE('',*,*,#5908,.F.);
#5908 = EDGE_CURVE('',#5805,#5881,#5909,.T.);
#5909 = SURFACE_CURVE('',#5910,(#5914,#5921),.PCURVE_S1.);
#5910 = LINE('',#5911,#5912);
#5911 = CARTESIAN_POINT('',(36.06261351297,0.,-33.));
#5912 = VECTOR('',#5913,1.);
#5913 = DIRECTION('',(-0.483074802203,0.,-0.875579085792));
#5914 = PCURVE('',#5820,#5915);
#5915 = DEFINITIONAL_REPRESENTATION('',(#5916),#5920);
#5916 = LINE('',#5917,#5918);
#5917 = CARTESIAN_POINT('',(0.,0.));
#5918 = VECTOR('',#5919,1.);
#5919 = DIRECTION('',(1.,0.));
#5920 = ( GEOMETRIC_REPRESENTATION_CONTEXT(2) 
PARAMETRIC_REPRESENTATION_CONTEXT() REPRESENTATION_CONTEXT('2D SPACE',''
  ) );
#5921 = PCURVE('',#5613,#5922);
#5922 = DEFINITIONAL_REPRESENTATION('',(#5923),#5927);
#5923 = LINE('',#5924,#5925);
#5924 = CARTESIAN_POINT('',(-6.266671641609,32.24595555608));
#5925 = VECTOR('',#5926,1.);
#5926 = DIRECTION('',(-0.875579085792,-0.483074802203));
#5927 = ( GEOMETRIC_REPRESENTATION_CONTEXT(2) 
PARAMETRIC_REPRESENTATION_CONTEXT() REPRESENTATION_CONTEXT('2D SPACE',''
  ) );
#5928 = ADVANCED_FACE('',(#5929),#5896,.F.);
#5929 = FACE_BOUND('',#5930,.F.);
#5930 = EDGE_LOOP('',(#5931,#5932,#5955,#5983));
#5931 = ORIENTED_EDGE('',*,*,#5880,.T.);
#5932 = ORIENTED_EDGE('',*,*,#5933,.T.);
#5933 = EDGE_CURVE('',#5858,#5934,#5936,.T.);
#5934 = VERTEX_POINT('',#5935);
#5935 = CARTESIAN_POINT('',(23.171192727403,7.,-55.));
#5936 = SURFACE_CURVE('',#5937,(#5941,#5948),.PCURVE_S1.);
#5937 = LINE('',#5938,#5939);
#5938 = CARTESIAN_POINT('',(29.993689631096,7.,-44.));
#5939 = VECTOR('',#5940,1.);
#5940 = DIRECTION('',(-0.527079000741,0.,-0.849816290134));
#5941 = PCURVE('',#5896,#5942);
#5942 = DEFINITIONAL_REPRESENTATION('',(#5943),#5947);
#5943 = LINE('',#5944,#5945);
#5944 = CARTESIAN_POINT('',(0.,-7.));
#5945 = VECTOR('',#5946,1.);
#5946 = DIRECTION('',(1.,0.));
#5947 = ( GEOMETRIC_REPRESENTATION_CONTEXT(2) 
PARAMETRIC_REPRESENTATION_CONTEXT() REPRESENTATION_CONTEXT('2D SPACE',''
  ) );
#5948 = PCURVE('',#5559,#5949);
#5949 = DEFINITIONAL_REPRESENTATION('',(#5950),#5954);
#5950 = LINE('',#5951,#5952);
#5951 = CARTESIAN_POINT('',(-17.2666716416,26.177031674206));
#5952 = VECTOR('',#5953,1.);
#5953 = DIRECTION('',(-0.849816290134,-0.527079000741));
#5954 = ( GEOMETRIC_REPRESENTATION_CONTEXT(2) 
PARAMETRIC_REPRESENTATION_CONTEXT() REPRESENTATION_CONTEXT('2D SPACE',''
  ) );
#5955 = ORIENTED_EDGE('',*,*,#5956,.F.);
#5956 = EDGE_CURVE('',#5957,#5934,#5959,.T.);
#5957 = VERTEX_POINT('',#5958);
#5958 = CARTESIAN_POINT('',(23.171192727403,0.,-55.));
#5959 = SURFACE_CURVE('',#5960,(#5964,#5971),.PCURVE_S1.);
#5960 = LINE('',#5961,#5962);
#5961 = CARTESIAN_POINT('',(23.171192727403,0.,-55.));
#5962 = VECTOR('',#5963,1.);
#5963 = DIRECTION('',(0.,1.,0.));
#5964 = PCURVE('',#5896,#5965);
#5965 = DEFINITIONAL_REPRESENTATION('',(#5966),#5970);
#5966 = LINE('',#5967,#5968);
#5967 = CARTESIAN_POINT('',(12.943974042036,0.));
#5968 = VECTOR('',#5969,1.);
#5969 = DIRECTION('',(0.,-1.));
#5970 = ( GEOMETRIC_REPRESENTATION_CONTEXT(2) 
PARAMETRIC_REPRESENTATION_CONTEXT() REPRESENTATION_CONTEXT('2D SPACE',''
  ) );
#5971 = PCURVE('',#5972,#5977);
#5972 = PLANE('',#5973);
#5973 = AXIS2_PLACEMENT_3D('',#5974,#5975,#5976);
#5974 = CARTESIAN_POINT('',(23.171192727403,0.,-55.));
#5975 = DIRECTION('',(-0.825843464219,0.,0.563899434834));
#5976 = DIRECTION('',(-0.563899434834,0.,-0.825843464219));
#5977 = DEFINITIONAL_REPRESENTATION('',(#5978),#5982);
#5978 = LINE('',#5979,#5980);
#5979 = CARTESIAN_POINT('',(0.,0.));
#5980 = VECTOR('',#5981,1.);
#5981 = DIRECTION('',(0.,-1.));
#5982 = ( GEOMETRIC_REPRESENTATION_CONTEXT(2) 
PARAMETRIC_REPRESENTATION_CONTEXT() REPRESENTATION_CONTEXT('2D SPACE',''
  ) );
#5983 = ORIENTED_EDGE('',*,*,#5984,.F.);
#5984 = EDGE_CURVE('',#5881,#5957,#5985,.T.);
#5985 = SURFACE_CURVE('',#5986,(#5990,#5997),.PCURVE_S1.);
#5986 = LINE('',#5987,#5988);
#5987 = CARTESIAN_POINT('',(29.993689631096,0.,-44.));
#5988 = VECTOR('',#5989,1.);
#5989 = DIRECTION('',(-0.527079000741,0.,-0.849816290134));
#5990 = PCURVE('',#5896,#5991);
#5991 = DEFINITIONAL_REPRESENTATION('',(#5992),#5996);
#5992 = LINE('',#5993,#5994);
#5993 = CARTESIAN_POINT('',(0.,0.));
#5994 = VECTOR('',#5995,1.);
#5995 = DIRECTION('',(1.,0.));
#5996 = ( GEOMETRIC_REPRESENTATION_CONTEXT(2) 
PARAMETRIC_REPRESENTATION_CONTEXT() REPRESENTATION_CONTEXT('2D SPACE',''
  ) );
#5997 = PCURVE('',#5613,#5998);
#5998 = DEFINITIONAL_REPRESENTATION('',(#5999),#6003);
#5999 = LINE('',#6000,#6001);
#6000 = CARTESIAN_POINT('',(-17.2666716416,26.177031674206));
#6001 = VECTOR('',#6002,1.);
#6002 = DIRECTION('',(-0.849816290134,-0.527079000741));
#6003 = ( GEOMETRIC_REPRESENTATION_CONTEXT(2) 
PARAMETRIC_REPRESENTATION_CONTEXT() REPRESENTATION_CONTEXT('2D SPACE',''
  ) );
#6004 = ADVANCED_FACE('',(#6005),#5972,.F.);
#6005 = FACE_BOUND('',#6006,.F.);
#6006 = EDGE_LOOP('',(#6007,#6008,#6031,#6059));
#6007 = ORIENTED_EDGE('',*,*,#5956,.T.);
#6008 = ORIENTED_EDGE('',*,*,#6009,.T.);
#6009 = EDGE_CURVE('',#5934,#6010,#6012,.T.);
#6010 = VERTEX_POINT('',#6011);
#6011 = CARTESIAN_POINT('',(15.66021267861,7.,-66.));
#6012 = SURFACE_CURVE('',#6013,(#6017,#6024),.PCURVE_S1.);
#6013 = LINE('',#6014,#6015);
#6014 = CARTESIAN_POINT('',(23.171192727403,7.,-55.));
#6015 = VECTOR('',#6016,1.);
#6016 = DIRECTION('',(-0.563899434834,0.,-0.825843464219));
#6017 = PCURVE('',#5972,#6018);
#6018 = DEFINITIONAL_REPRESENTATION('',(#6019),#6023);
#6019 = LINE('',#6020,#6021);
#6020 = CARTESIAN_POINT('',(0.,-7.));
#6021 = VECTOR('',#6022,1.);
#6022 = DIRECTION('',(1.,0.));
#6023 = ( GEOMETRIC_REPRESENTATION_CONTEXT(2) 
PARAMETRIC_REPRESENTATION_CONTEXT() REPRESENTATION_CONTEXT('2D SPACE',''
  ) );
#6024 = PCURVE('',#5559,#6025);
#6025 = DEFINITIONAL_REPRESENTATION('',(#6026),#6030);
#6026 = LINE('',#6027,#6028);
#6027 = CARTESIAN_POINT('',(-28.2666716416,19.354534770513));
#6028 = VECTOR('',#6029,1.);
#6029 = DIRECTION('',(-0.825843464219,-0.563899434834));
#6030 = ( GEOMETRIC_REPRESENTATION_CONTEXT(2) 
PARAMETRIC_REPRESENTATION_CONTEXT() REPRESENTATION_CONTEXT('2D SPACE',''
  ) );
#6031 = ORIENTED_EDGE('',*,*,#6032,.F.);
#6032 = EDGE_CURVE('',#6033,#6010,#6035,.T.);
#6033 = VERTEX_POINT('',#6034);
#6034 = CARTESIAN_POINT('',(15.66021267861,0.,-66.));
#6035 = SURFACE_CURVE('',#6036,(#6040,#6047),.PCURVE_S1.);
#6036 = LINE('',#6037,#6038);
#6037 = CARTESIAN_POINT('',(15.66021267861,0.,-66.));
#6038 = VECTOR('',#6039,1.);
#6039 = DIRECTION('',(0.,1.,0.));
#6040 = PCURVE('',#5972,#6041);
#6041 = DEFINITIONAL_REPRESENTATION('',(#6042),#6046);
#6042 = LINE('',#6043,#6044);
#6043 = CARTESIAN_POINT('',(13.319715510977,0.));
#6044 = VECTOR('',#6045,1.);
#6045 = DIRECTION('',(0.,-1.));
#6046 = ( GEOMETRIC_REPRESENTATION_CONTEXT(2) 
PARAMETRIC_REPRESENTATION_CONTEXT() REPRESENTATION_CONTEXT('2D SPACE',''
  ) );
#6047 = PCURVE('',#6048,#6053);
#6048 = PLANE('',#6049);
#6049 = AXIS2_PLACEMENT_3D('',#6050,#6051,#6052);
#6050 = CARTESIAN_POINT('',(15.66021267861,0.,-66.));
#6051 = DIRECTION('',(-0.803469115967,0.,0.595346436697));
#6052 = DIRECTION('',(-0.595346436697,0.,-0.803469115967));
#6053 = DEFINITIONAL_REPRESENTATION('',(#6054),#6058);
#6054 = LINE('',#6055,#6056);
#6055 = CARTESIAN_POINT('',(0.,0.));
#6056 = VECTOR('',#6057,1.);
#6057 = DIRECTION('',(0.,-1.));
#6058 = ( GEOMETRIC_REPRESENTATION_CONTEXT(2) 
PARAMETRIC_REPRESENTATION_CONTEXT() REPRESENTATION_CONTEXT('2D SPACE',''
  ) );
#6059 = ORIENTED_EDGE('',*,*,#6060,.F.);
#6060 = EDGE_CURVE('',#5957,#6033,#6061,.T.);
#6061 = SURFACE_CURVE('',#6062,(#6066,#6073),.PCURVE_S1.);
#6062 = LINE('',#6063,#6064);
#6063 = CARTESIAN_POINT('',(23.171192727403,0.,-55.));
#6064 = VECTOR('',#6065,1.);
#6065 = DIRECTION('',(-0.563899434834,0.,-0.825843464219));
#6066 = PCURVE('',#5972,#6067);
#6067 = DEFINITIONAL_REPRESENTATION('',(#6068),#6072);
#6068 = LINE('',#6069,#6070);
#6069 = CARTESIAN_POINT('',(0.,0.));
#6070 = VECTOR('',#6071,1.);
#6071 = DIRECTION('',(1.,0.));
#6072 = ( GEOMETRIC_REPRESENTATION_CONTEXT(2) 
PARAMETRIC_REPRESENTATION_CONTEXT() REPRESENTATION_CONTEXT('2D SPACE',''
  ) );
#6073 = PCURVE('',#5613,#6074);
#6074 = DEFINITIONAL_REPRESENTATION('',(#6075),#6079);
#6075 = LINE('',#6076,#6077);
#6076 = CARTESIAN_POINT('',(-28.2666716416,19.354534770513));
#6077 = VECTOR('',#6078,1.);
#6078 = DIRECTION('',(-0.825843464219,-0.563899434834));
#6079 = ( GEOMETRIC_REPRESENTATION_CONTEXT(2) 
PARAMETRIC_REPRESENTATION_CONTEXT() REPRESENTATION_CONTEXT('2D SPACE',''
  ) );
#6080 = ADVANCED_FACE('',(#6081),#6048,.F.);
#6081 = FACE_BOUND('',#6082,.F.);
#6082 = EDGE_LOOP('',(#6083,#6084,#6107,#6135));
#6083 = ORIENTED_EDGE('',*,*,#6032,.T.);
#6084 = ORIENTED_EDGE('',*,*,#6085,.T.);
#6085 = EDGE_CURVE('',#6010,#6086,#6088,.T.);
#6086 = VERTEX_POINT('',#6087);
#6087 = CARTESIAN_POINT('',(7.509543693924,7.,-77.));
#6088 = SURFACE_CURVE('',#6089,(#6093,#6100),.PCURVE_S1.);
#6089 = LINE('',#6090,#6091);
#6090 = CARTESIAN_POINT('',(15.66021267861,7.,-66.));
#6091 = VECTOR('',#6092,1.);
#6092 = DIRECTION('',(-0.595346436697,0.,-0.803469115967));
#6093 = PCURVE('',#6048,#6094);
#6094 = DEFINITIONAL_REPRESENTATION('',(#6095),#6099);
#6095 = LINE('',#6096,#6097);
#6096 = CARTESIAN_POINT('',(0.,-7.));
#6097 = VECTOR('',#6098,1.);
#6098 = DIRECTION('',(1.,0.));
#6099 = ( GEOMETRIC_REPRESENTATION_CONTEXT(2) 
PARAMETRIC_REPRESENTATION_CONTEXT() REPRESENTATION_CONTEXT('2D SPACE',''
  ) );
#6100 = PCURVE('',#5559,#6101);
#6101 = DEFINITIONAL_REPRESENTATION('',(#6102),#6106);
#6102 = LINE('',#6103,#6104);
#6103 = CARTESIAN_POINT('',(-39.2666716416,11.843554721719));
#6104 = VECTOR('',#6105,1.);
#6105 = DIRECTION('',(-0.803469115967,-0.595346436697));
#6106 = ( GEOMETRIC_REPRESENTATION_CONTEXT(2) 
PARAMETRIC_REPRESENTATION_CONTEXT() REPRESENTATION_CONTEXT('2D SPACE',''
  ) );
#6107 = ORIENTED_EDGE('',*,*,#6108,.F.);
#6108 = EDGE_CURVE('',#6109,#6086,#6111,.T.);
#6109 = VERTEX_POINT('',#6110);
#6110 = CARTESIAN_POINT('',(7.509543693924,0.,-77.));
#6111 = SURFACE_CURVE('',#6112,(#6116,#6123),.PCURVE_S1.);
#6112 = LINE('',#6113,#6114);
#6113 = CARTESIAN_POINT('',(7.509543693924,0.,-77.));
#6114 = VECTOR('',#6115,1.);
#6115 = DIRECTION('',(0.,1.,0.));
#6116 = PCURVE('',#6048,#6117);
#6117 = DEFINITIONAL_REPRESENTATION('',(#6118),#6122);
#6118 = LINE('',#6119,#6120);
#6119 = CARTESIAN_POINT('',(13.690632012362,0.));
#6120 = VECTOR('',#6121,1.);
#6121 = DIRECTION('',(0.,-1.));
#6122 = ( GEOMETRIC_REPRESENTATION_CONTEXT(2) 
PARAMETRIC_REPRESENTATION_CONTEXT() REPRESENTATION_CONTEXT('2D SPACE',''
  ) );
#6123 = PCURVE('',#6124,#6129);
#6124 = PLANE('',#6125);
#6125 = AXIS2_PLACEMENT_3D('',#6126,#6127,#6128);
#6126 = CARTESIAN_POINT('',(7.509543693924,0.,-77.));
#6127 = DIRECTION('',(-0.78253531563,0.,0.62260619961));
#6128 = DIRECTION('',(-0.62260619961,0.,-0.78253531563));
#6129 = DEFINITIONAL_REPRESENTATION('',(#6130),#6134);
#6130 = LINE('',#6131,#6132);
#6131 = CARTESIAN_POINT('',(0.,0.));
#6132 = VECTOR('',#6133,1.);
#6133 = DIRECTION('',(0.,-1.));
#6134 = ( GEOMETRIC_REPRESENTATION_CONTEXT(2) 
PARAMETRIC_REPRESENTATION_CONTEXT() REPRESENTATION_CONTEXT('2D SPACE',''
  ) );
#6135 = ORIENTED_EDGE('',*,*,#6136,.F.);
#6136 = EDGE_CURVE('',#6033,#6109,#6137,.T.);
#6137 = SURFACE_CURVE('',#6138,(#6142,#6149),.PCURVE_S1.);
#6138 = LINE('',#6139,#6140);
#6139 = CARTESIAN_POINT('',(15.66021267861,0.,-66.));
#6140 = VECTOR('',#6141,1.);
#6141 = DIRECTION('',(-0.595346436697,0.,-0.803469115967));
#6142 = PCURVE('',#6048,#6143);
#6143 = DEFINITIONAL_REPRESENTATION('',(#6144),#6148);
#6144 = LINE('',#6145,#6146);
#6145 = CARTESIAN_POINT('',(0.,0.));
#6146 = VECTOR('',#6147,1.);
#6147 = DIRECTION('',(1.,0.));
#6148 = ( GEOMETRIC_REPRESENTATION_CONTEXT(2) 
PARAMETRIC_REPRESENTATION_CONTEXT() REPRESENTATION_CONTEXT('2D SPACE',''
  ) );
#6149 = PCURVE('',#5613,#6150);
#6150 = DEFINITIONAL_REPRESENTATION('',(#6151),#6155);
#6151 = LINE('',#6152,#6153);
#6152 = CARTESIAN_POINT('',(-39.2666716416,11.843554721719));
#6153 = VECTOR('',#6154,1.);
#6154 = DIRECTION('',(-0.803469115967,-0.595346436697));
#6155 = ( GEOMETRIC_REPRESENTATION_CONTEXT(2) 
PARAMETRIC_REPRESENTATION_CONTEXT() REPRESENTATION_CONTEXT('2D SPACE',''
  ) );
#6156 = ADVANCED_FACE('',(#6157),#6124,.F.);
#6157 = FACE_BOUND('',#6158,.F.);
#6158 = EDGE_LOOP('',(#6159,#6160,#6183,#6211));
#6159 = ORIENTED_EDGE('',*,*,#6108,.T.);
#6160 = ORIENTED_EDGE('',*,*,#6161,.T.);
#6161 = EDGE_CURVE('',#6086,#6162,#6164,.T.);
#6162 = VERTEX_POINT('',#6163);
#6163 = CARTESIAN_POINT('',(-1.242352941176,7.,-88.));
#6164 = SURFACE_CURVE('',#6165,(#6169,#6176),.PCURVE_S1.);
#6165 = LINE('',#6166,#6167);
#6166 = CARTESIAN_POINT('',(7.509543693924,7.,-77.));
#6167 = VECTOR('',#6168,1.);
#6168 = DIRECTION('',(-0.62260619961,0.,-0.78253531563));
#6169 = PCURVE('',#6124,#6170);
#6170 = DEFINITIONAL_REPRESENTATION('',(#6171),#6175);
#6171 = LINE('',#6172,#6173);
#6172 = CARTESIAN_POINT('',(0.,-7.));
#6173 = VECTOR('',#6174,1.);
#6174 = DIRECTION('',(1.,0.));
#6175 = ( GEOMETRIC_REPRESENTATION_CONTEXT(2) 
PARAMETRIC_REPRESENTATION_CONTEXT() REPRESENTATION_CONTEXT('2D SPACE',''
  ) );
#6176 = PCURVE('',#5559,#6177);
#6177 = DEFINITIONAL_REPRESENTATION('',(#6178),#6182);
#6178 = LINE('',#6179,#6180);
#6179 = CARTESIAN_POINT('',(-50.2666716416,3.692885737034));
#6180 = VECTOR('',#6181,1.);
#6181 = DIRECTION('',(-0.78253531563,-0.62260619961));
#6182 = ( GEOMETRIC_REPRESENTATION_CONTEXT(2) 
PARAMETRIC_REPRESENTATION_CONTEXT() REPRESENTATION_CONTEXT('2D SPACE',''
  ) );
#6183 = ORIENTED_EDGE('',*,*,#6184,.F.);
#6184 = EDGE_CURVE('',#6185,#6162,#6187,.T.);
#6185 = VERTEX_POINT('',#6186);
#6186 = CARTESIAN_POINT('',(-1.242352941176,0.,-88.));
#6187 = SURFACE_CURVE('',#6188,(#6192,#6199),.PCURVE_S1.);
#6188 = LINE('',#6189,#6190);
#6189 = CARTESIAN_POINT('',(-1.242352941176,0.,-88.));
#6190 = VECTOR('',#6191,1.);
#6191 = DIRECTION('',(0.,1.,0.));
#6192 = PCURVE('',#6124,#6193);
#6193 = DEFINITIONAL_REPRESENTATION('',(#6194),#6198);
#6194 = LINE('',#6195,#6196);
#6195 = CARTESIAN_POINT('',(14.056873575283,0.));
#6196 = VECTOR('',#6197,1.);
#6197 = DIRECTION('',(0.,-1.));
#6198 = ( GEOMETRIC_REPRESENTATION_CONTEXT(2) 
PARAMETRIC_REPRESENTATION_CONTEXT() REPRESENTATION_CONTEXT('2D SPACE',''
  ) );
#6199 = PCURVE('',#6200,#6205);
#6200 = PLANE('',#6201);
#6201 = AXIS2_PLACEMENT_3D('',#6202,#6203,#6204);
#6202 = CARTESIAN_POINT('',(-1.242352941176,0.,-88.));
#6203 = DIRECTION('',(0.975325456429,-0.,0.220771950306));
#6204 = DIRECTION('',(-0.220771950306,0.,0.975325456429));
#6205 = DEFINITIONAL_REPRESENTATION('',(#6206),#6210);
#6206 = LINE('',#6207,#6208);
#6207 = CARTESIAN_POINT('',(0.,0.));
#6208 = VECTOR('',#6209,1.);
#6209 = DIRECTION('',(0.,-1.));
#6210 = ( GEOMETRIC_REPRESENTATION_CONTEXT(2) 
PARAMETRIC_REPRESENTATION_CONTEXT() REPRESENTATION_CONTEXT('2D SPACE',''
  ) );
#6211 = ORIENTED_EDGE('',*,*,#6212,.F.);
#6212 = EDGE_CURVE('',#6109,#6185,#6213,.T.);
#6213 = SURFACE_CURVE('',#6214,(#6218,#6225),.PCURVE_S1.);
#6214 = LINE('',#6215,#6216);
#6215 = CARTESIAN_POINT('',(7.509543693924,0.,-77.));
#6216 = VECTOR('',#6217,1.);
#6217 = DIRECTION('',(-0.62260619961,0.,-0.78253531563));
#6218 = PCURVE('',#6124,#6219);
#6219 = DEFINITIONAL_REPRESENTATION('',(#6220),#6224);
#6220 = LINE('',#6221,#6222);
#6221 = CARTESIAN_POINT('',(0.,0.));
#6222 = VECTOR('',#6223,1.);
#6223 = DIRECTION('',(1.,0.));
#6224 = ( GEOMETRIC_REPRESENTATION_CONTEXT(2) 
PARAMETRIC_REPRESENTATION_CONTEXT() REPRESENTATION_CONTEXT('2D SPACE',''
  ) );
#6225 = PCURVE('',#5613,#6226);
#6226 = DEFINITIONAL_REPRESENTATION('',(#6227),#6231);
#6227 = LINE('',#6228,#6229);
#6228 = CARTESIAN_POINT('',(-50.2666716416,3.692885737034));
#6229 = VECTOR('',#6230,1.);
#6230 = DIRECTION('',(-0.78253531563,-0.62260619961));
#6231 = ( GEOMETRIC_REPRESENTATION_CONTEXT(2) 
PARAMETRIC_REPRESENTATION_CONTEXT() REPRESENTATION_CONTEXT('2D SPACE',''
  ) );
#6232 = ADVANCED_FACE('',(#6233),#6200,.F.);
#6233 = FACE_BOUND('',#6234,.F.);
#6234 = EDGE_LOOP('',(#6235,#6236,#6259,#6287));
#6235 = ORIENTED_EDGE('',*,*,#6184,.T.);
#6236 = ORIENTED_EDGE('',*,*,#6237,.T.);
#6237 = EDGE_CURVE('',#6162,#6238,#6240,.T.);
#6238 = VERTEX_POINT('',#6239);
#6239 = CARTESIAN_POINT('',(-3.732282264108,7.,-77.));
#6240 = SURFACE_CURVE('',#6241,(#6245,#6252),.PCURVE_S1.);
#6241 = LINE('',#6242,#6243);
#6242 = CARTESIAN_POINT('',(-1.242352941176,7.,-88.));
#6243 = VECTOR('',#6244,1.);
#6244 = DIRECTION('',(-0.220771950306,0.,0.975325456429));
#6245 = PCURVE('',#6200,#6246);
#6246 = DEFINITIONAL_REPRESENTATION('',(#6247),#6251);
#6247 = LINE('',#6248,#6249);
#6248 = CARTESIAN_POINT('',(0.,-7.));
#6249 = VECTOR('',#6250,1.);
#6250 = DIRECTION('',(1.,0.));
#6251 = ( GEOMETRIC_REPRESENTATION_CONTEXT(2) 
PARAMETRIC_REPRESENTATION_CONTEXT() REPRESENTATION_CONTEXT('2D SPACE',''
  ) );
#6252 = PCURVE('',#5559,#6253);
#6253 = DEFINITIONAL_REPRESENTATION('',(#6254),#6258);
#6254 = LINE('',#6255,#6256);
#6255 = CARTESIAN_POINT('',(-61.2666716416,-5.059010898067));
#6256 = VECTOR('',#6257,1.);
#6257 = DIRECTION('',(0.975325456429,-0.220771950306));
#6258 = ( GEOMETRIC_REPRESENTATION_CONTEXT(2) 
PARAMETRIC_REPRESENTATION_CONTEXT() REPRESENTATION_CONTEXT('2D SPACE',''
  ) );
#6259 = ORIENTED_EDGE('',*,*,#6260,.F.);
#6260 = EDGE_CURVE('',#6261,#6238,#6263,.T.);
#6261 = VERTEX_POINT('',#6262);
#6262 = CARTESIAN_POINT('',(-3.732282264108,0.,-77.));
#6263 = SURFACE_CURVE('',#6264,(#6268,#6275),.PCURVE_S1.);
#6264 = LINE('',#6265,#6266);
#6265 = CARTESIAN_POINT('',(-3.732282264108,0.,-77.));
#6266 = VECTOR('',#6267,1.);
#6267 = DIRECTION('',(0.,1.,0.));
#6268 = PCURVE('',#6200,#6269);
#6269 = DEFINITIONAL_REPRESENTATION('',(#6270),#6274);
#6270 = LINE('',#6271,#6272);
#6271 = CARTESIAN_POINT('',(11.278286573465,0.));
#6272 = VECTOR('',#6273,1.);
#6273 = DIRECTION('',(0.,-1.));
#6274 = ( GEOMETRIC_REPRESENTATION_CONTEXT(2) 
PARAMETRIC_REPRESENTATION_CONTEXT() REPRESENTATION_CONTEXT('2D SPACE',''
  ) );
#6275 = PCURVE('',#6276,#6281);
#6276 = PLANE('',#6277);
#6277 = AXIS2_PLACEMENT_3D('',#6278,#6279,#6280);
#6278 = CARTESIAN_POINT('',(-3.732282264108,0.,-77.));
#6279 = DIRECTION('',(0.985000392472,-0.,0.172552098886));
#6280 = DIRECTION('',(-0.172552098886,0.,0.985000392472));
#6281 = DEFINITIONAL_REPRESENTATION('',(#6282),#6286);
#6282 = LINE('',#6283,#6284);
#6283 = CARTESIAN_POINT('',(0.,0.));
#6284 = VECTOR('',#6285,1.);
#6285 = DIRECTION('',(0.,-1.));
#6286 = ( GEOMETRIC_REPRESENTATION_CONTEXT(2) 
PARAMETRIC_REPRESENTATION_CONTEXT() REPRESENTATION_CONTEXT('2D SPACE',''
  ) );
#6287 = ORIENTED_EDGE('',*,*,#6288,.F.);
#6288 = EDGE_CURVE('',#6185,#6261,#6289,.T.);
#6289 = SURFACE_CURVE('',#6290,(#6294,#6301),.PCURVE_S1.);
#6290 = LINE('',#6291,#6292);
#6291 = CARTESIAN_POINT('',(-1.242352941176,0.,-88.));
#6292 = VECTOR('',#6293,1.);
#6293 = DIRECTION('',(-0.220771950306,0.,0.975325456429));
#6294 = PCURVE('',#6200,#6295);
#6295 = DEFINITIONAL_REPRESENTATION('',(#6296),#6300);
#6296 = LINE('',#6297,#6298);
#6297 = CARTESIAN_POINT('',(0.,0.));
#6298 = VECTOR('',#6299,1.);
#6299 = DIRECTION('',(1.,0.));
#6300 = ( GEOMETRIC_REPRESENTATION_CONTEXT(2) 
PARAMETRIC_REPRESENTATION_CONTEXT() REPRESENTATION_CONTEXT('2D SPACE',''
  ) );
#6301 = PCURVE('',#5613,#6302);
#6302 = DEFINITIONAL_REPRESENTATION('',(#6303),#6307);
#6303 = LINE('',#6304,#6305);
#6304 = CARTESIAN_POINT('',(-61.2666716416,-5.059010898067));
#6305 = VECTOR('',#6306,1.);
#6306 = DIRECTION('',(0.975325456429,-0.220771950306));
#6307 = ( GEOMETRIC_REPRESENTATION_CONTEXT(2) 
PARAMETRIC_REPRESENTATION_CONTEXT() REPRESENTATION_CONTEXT('2D SPACE',''
  ) );
#6308 = ADVANCED_FACE('',(#6309),#6276,.F.);
#6309 = FACE_BOUND('',#6310,.F.);
#6310 = EDGE_LOOP('',(#6311,#6312,#6335,#6363));
#6311 = ORIENTED_EDGE('',*,*,#6260,.T.);
#6312 = ORIENTED_EDGE('',*,*,#6313,.T.);
#6313 = EDGE_CURVE('',#6238,#6314,#6316,.T.);
#6314 = VERTEX_POINT('',#6315);
#6315 = CARTESIAN_POINT('',(-5.659259250367,7.,-66.));
#6316 = SURFACE_CURVE('',#6317,(#6321,#6328),.PCURVE_S1.);
#6317 = LINE('',#6318,#6319);
#6318 = CARTESIAN_POINT('',(-3.732282264108,7.,-77.));
#6319 = VECTOR('',#6320,1.);
#6320 = DIRECTION('',(-0.172552098886,0.,0.985000392472));
#6321 = PCURVE('',#6276,#6322);
#6322 = DEFINITIONAL_REPRESENTATION('',(#6323),#6327);
#6323 = LINE('',#6324,#6325);
#6324 = CARTESIAN_POINT('',(0.,-7.));
#6325 = VECTOR('',#6326,1.);
#6326 = DIRECTION('',(1.,0.));
#6327 = ( GEOMETRIC_REPRESENTATION_CONTEXT(2) 
PARAMETRIC_REPRESENTATION_CONTEXT() REPRESENTATION_CONTEXT('2D SPACE',''
  ) );
#6328 = PCURVE('',#5559,#6329);
#6329 = DEFINITIONAL_REPRESENTATION('',(#6330),#6334);
#6330 = LINE('',#6331,#6332);
#6331 = CARTESIAN_POINT('',(-50.2666716416,-7.548940220998));
#6332 = VECTOR('',#6333,1.);
#6333 = DIRECTION('',(0.985000392472,-0.172552098886));
#6334 = ( GEOMETRIC_REPRESENTATION_CONTEXT(2) 
PARAMETRIC_REPRESENTATION_CONTEXT() REPRESENTATION_CONTEXT('2D SPACE',''
  ) );
#6335 = ORIENTED_EDGE('',*,*,#6336,.F.);
#6336 = EDGE_CURVE('',#6337,#6314,#6339,.T.);
#6337 = VERTEX_POINT('',#6338);
#6338 = CARTESIAN_POINT('',(-5.659259250367,0.,-66.));
#6339 = SURFACE_CURVE('',#6340,(#6344,#6351),.PCURVE_S1.);
#6340 = LINE('',#6341,#6342);
#6341 = CARTESIAN_POINT('',(-5.659259250367,0.,-66.));
#6342 = VECTOR('',#6343,1.);
#6343 = DIRECTION('',(0.,1.,0.));
#6344 = PCURVE('',#6276,#6345);
#6345 = DEFINITIONAL_REPRESENTATION('',(#6346),#6350);
#6346 = LINE('',#6347,#6348);
#6347 = CARTESIAN_POINT('',(11.167508240676,0.));
#6348 = VECTOR('',#6349,1.);
#6349 = DIRECTION('',(0.,-1.));
#6350 = ( GEOMETRIC_REPRESENTATION_CONTEXT(2) 
PARAMETRIC_REPRESENTATION_CONTEXT() REPRESENTATION_CONTEXT('2D SPACE',''
  ) );
#6351 = PCURVE('',#6352,#6357);
#6352 = PLANE('',#6353);
#6353 = AXIS2_PLACEMENT_3D('',#6354,#6355,#6356);
#6354 = CARTESIAN_POINT('',(-5.659259250367,0.,-66.));
#6355 = DIRECTION('',(0.996766278457,-0.,8.035537400619E-02));
#6356 = DIRECTION('',(-8.035537400619E-02,0.,0.996766278457));
#6357 = DEFINITIONAL_REPRESENTATION('',(#6358),#6362);
#6358 = LINE('',#6359,#6360);
#6359 = CARTESIAN_POINT('',(0.,0.));
#6360 = VECTOR('',#6361,1.);
#6361 = DIRECTION('',(0.,-1.));
#6362 = ( GEOMETRIC_REPRESENTATION_CONTEXT(2) 
PARAMETRIC_REPRESENTATION_CONTEXT() REPRESENTATION_CONTEXT('2D SPACE',''
  ) );
#6363 = ORIENTED_EDGE('',*,*,#6364,.F.);
#6364 = EDGE_CURVE('',#6261,#6337,#6365,.T.);
#6365 = SURFACE_CURVE('',#6366,(#6370,#6377),.PCURVE_S1.);
#6366 = LINE('',#6367,#6368);
#6367 = CARTESIAN_POINT('',(-3.732282264108,0.,-77.));
#6368 = VECTOR('',#6369,1.);
#6369 = DIRECTION('',(-0.172552098886,0.,0.985000392472));
#6370 = PCURVE('',#6276,#6371);
#6371 = DEFINITIONAL_REPRESENTATION('',(#6372),#6376);
#6372 = LINE('',#6373,#6374);
#6373 = CARTESIAN_POINT('',(0.,0.));
#6374 = VECTOR('',#6375,1.);
#6375 = DIRECTION('',(1.,0.));
#6376 = ( GEOMETRIC_REPRESENTATION_CONTEXT(2) 
PARAMETRIC_REPRESENTATION_CONTEXT() REPRESENTATION_CONTEXT('2D SPACE',''
  ) );
#6377 = PCURVE('',#5613,#6378);
#6378 = DEFINITIONAL_REPRESENTATION('',(#6379),#6383);
#6379 = LINE('',#6380,#6381);
#6380 = CARTESIAN_POINT('',(-50.2666716416,-7.548940220998));
#6381 = VECTOR('',#6382,1.);
#6382 = DIRECTION('',(0.985000392472,-0.172552098886));
#6383 = ( GEOMETRIC_REPRESENTATION_CONTEXT(2) 
PARAMETRIC_REPRESENTATION_CONTEXT() REPRESENTATION_CONTEXT('2D SPACE',''
  ) );
#6384 = ADVANCED_FACE('',(#6385),#6352,.F.);
#6385 = FACE_BOUND('',#6386,.F.);
#6386 = EDGE_LOOP('',(#6387,#6388,#6411,#6439));
#6387 = ORIENTED_EDGE('',*,*,#6336,.T.);
#6388 = ORIENTED_EDGE('',*,*,#6389,.T.);
#6389 = EDGE_CURVE('',#6314,#6390,#6392,.T.);
#6390 = VERTEX_POINT('',#6391);
#6391 = CARTESIAN_POINT('',(-6.546035953364,7.,-55.));
#6392 = SURFACE_CURVE('',#6393,(#6397,#6404),.PCURVE_S1.);
#6393 = LINE('',#6394,#6395);
#6394 = CARTESIAN_POINT('',(-5.659259250367,7.,-66.));
#6395 = VECTOR('',#6396,1.);
#6396 = DIRECTION('',(-8.035537400619E-02,0.,0.996766278457));
#6397 = PCURVE('',#6352,#6398);
#6398 = DEFINITIONAL_REPRESENTATION('',(#6399),#6403);
#6399 = LINE('',#6400,#6401);
#6400 = CARTESIAN_POINT('',(0.,-7.));
#6401 = VECTOR('',#6402,1.);
#6402 = DIRECTION('',(1.,0.));
#6403 = ( GEOMETRIC_REPRESENTATION_CONTEXT(2) 
PARAMETRIC_REPRESENTATION_CONTEXT() REPRESENTATION_CONTEXT('2D SPACE',''
  ) );
#6404 = PCURVE('',#5559,#6405);
#6405 = DEFINITIONAL_REPRESENTATION('',(#6406),#6410);
#6406 = LINE('',#6407,#6408);
#6407 = CARTESIAN_POINT('',(-39.2666716416,-9.475917207258));
#6408 = VECTOR('',#6409,1.);
#6409 = DIRECTION('',(0.996766278457,-8.035537400619E-02));
#6410 = ( GEOMETRIC_REPRESENTATION_CONTEXT(2) 
PARAMETRIC_REPRESENTATION_CONTEXT() REPRESENTATION_CONTEXT('2D SPACE',''
  ) );
#6411 = ORIENTED_EDGE('',*,*,#6412,.F.);
#6412 = EDGE_CURVE('',#6413,#6390,#6415,.T.);
#6413 = VERTEX_POINT('',#6414);
#6414 = CARTESIAN_POINT('',(-6.546035953364,0.,-55.));
#6415 = SURFACE_CURVE('',#6416,(#6420,#6427),.PCURVE_S1.);
#6416 = LINE('',#6417,#6418);
#6417 = CARTESIAN_POINT('',(-6.546035953364,0.,-55.));
#6418 = VECTOR('',#6419,1.);
#6419 = DIRECTION('',(0.,1.,0.));
#6420 = PCURVE('',#6352,#6421);
#6421 = DEFINITIONAL_REPRESENTATION('',(#6422),#6426);
#6422 = LINE('',#6423,#6424);
#6423 = CARTESIAN_POINT('',(11.035686336652,0.));
#6424 = VECTOR('',#6425,1.);
#6425 = DIRECTION('',(0.,-1.));
#6426 = ( GEOMETRIC_REPRESENTATION_CONTEXT(2) 
PARAMETRIC_REPRESENTATION_CONTEXT() REPRESENTATION_CONTEXT('2D SPACE',''
  ) );
#6427 = PCURVE('',#6428,#6433);
#6428 = PLANE('',#6429);
#6429 = AXIS2_PLACEMENT_3D('',#6430,#6431,#6432);
#6430 = CARTESIAN_POINT('',(-6.546035953364,0.,-55.));
#6431 = DIRECTION('',(0.999079466133,0.,-4.289778958099E-02));
#6432 = DIRECTION('',(4.289778958099E-02,0.,0.999079466133));
#6433 = DEFINITIONAL_REPRESENTATION('',(#6434),#6438);
#6434 = LINE('',#6435,#6436);
#6435 = CARTESIAN_POINT('',(0.,0.));
#6436 = VECTOR('',#6437,1.);
#6437 = DIRECTION('',(0.,-1.));
#6438 = ( GEOMETRIC_REPRESENTATION_CONTEXT(2) 
PARAMETRIC_REPRESENTATION_CONTEXT() REPRESENTATION_CONTEXT('2D SPACE',''
  ) );
#6439 = ORIENTED_EDGE('',*,*,#6440,.F.);
#6440 = EDGE_CURVE('',#6337,#6413,#6441,.T.);
#6441 = SURFACE_CURVE('',#6442,(#6446,#6453),.PCURVE_S1.);
#6442 = LINE('',#6443,#6444);
#6443 = CARTESIAN_POINT('',(-5.659259250367,0.,-66.));
#6444 = VECTOR('',#6445,1.);
#6445 = DIRECTION('',(-8.035537400619E-02,0.,0.996766278457));
#6446 = PCURVE('',#6352,#6447);
#6447 = DEFINITIONAL_REPRESENTATION('',(#6448),#6452);
#6448 = LINE('',#6449,#6450);
#6449 = CARTESIAN_POINT('',(0.,0.));
#6450 = VECTOR('',#6451,1.);
#6451 = DIRECTION('',(1.,0.));
#6452 = ( GEOMETRIC_REPRESENTATION_CONTEXT(2) 
PARAMETRIC_REPRESENTATION_CONTEXT() REPRESENTATION_CONTEXT('2D SPACE',''
  ) );
#6453 = PCURVE('',#5613,#6454);
#6454 = DEFINITIONAL_REPRESENTATION('',(#6455),#6459);
#6455 = LINE('',#6456,#6457);
#6456 = CARTESIAN_POINT('',(-39.2666716416,-9.475917207258));
#6457 = VECTOR('',#6458,1.);
#6458 = DIRECTION('',(0.996766278457,-8.035537400619E-02));
#6459 = ( GEOMETRIC_REPRESENTATION_CONTEXT(2) 
PARAMETRIC_REPRESENTATION_CONTEXT() REPRESENTATION_CONTEXT('2D SPACE',''
  ) );
#6460 = ADVANCED_FACE('',(#6461),#6428,.F.);
#6461 = FACE_BOUND('',#6462,.F.);
#6462 = EDGE_LOOP('',(#6463,#6464,#6487,#6515));
#6463 = ORIENTED_EDGE('',*,*,#6412,.T.);
#6464 = ORIENTED_EDGE('',*,*,#6465,.T.);
#6465 = EDGE_CURVE('',#6390,#6466,#6468,.T.);
#6466 = VERTEX_POINT('',#6467);
#6467 = CARTESIAN_POINT('',(-6.073725490196,7.,-44.));
#6468 = SURFACE_CURVE('',#6469,(#6473,#6480),.PCURVE_S1.);
#6469 = LINE('',#6470,#6471);
#6470 = CARTESIAN_POINT('',(-6.546035953364,7.,-55.));
#6471 = VECTOR('',#6472,1.);
#6472 = DIRECTION('',(4.289778958099E-02,0.,0.999079466133));
#6473 = PCURVE('',#6428,#6474);
#6474 = DEFINITIONAL_REPRESENTATION('',(#6475),#6479);
#6475 = LINE('',#6476,#6477);
#6476 = CARTESIAN_POINT('',(0.,-7.));
#6477 = VECTOR('',#6478,1.);
#6478 = DIRECTION('',(1.,0.));
#6479 = ( GEOMETRIC_REPRESENTATION_CONTEXT(2) 
PARAMETRIC_REPRESENTATION_CONTEXT() REPRESENTATION_CONTEXT('2D SPACE',''
  ) );
#6480 = PCURVE('',#5559,#6481);
#6481 = DEFINITIONAL_REPRESENTATION('',(#6482),#6486);
#6482 = LINE('',#6483,#6484);
#6483 = CARTESIAN_POINT('',(-28.2666716416,-10.36269391025));
#6484 = VECTOR('',#6485,1.);
#6485 = DIRECTION('',(0.999079466133,4.289778958099E-02));
#6486 = ( GEOMETRIC_REPRESENTATION_CONTEXT(2) 
PARAMETRIC_REPRESENTATION_CONTEXT() REPRESENTATION_CONTEXT('2D SPACE',''
  ) );
#6487 = ORIENTED_EDGE('',*,*,#6488,.F.);
#6488 = EDGE_CURVE('',#6489,#6466,#6491,.T.);
#6489 = VERTEX_POINT('',#6490);
#6490 = CARTESIAN_POINT('',(-6.073725490196,0.,-44.));
#6491 = SURFACE_CURVE('',#6492,(#6496,#6503),.PCURVE_S1.);
#6492 = LINE('',#6493,#6494);
#6493 = CARTESIAN_POINT('',(-6.073725490196,0.,-44.));
#6494 = VECTOR('',#6495,1.);
#6495 = DIRECTION('',(0.,1.,0.));
#6496 = PCURVE('',#6428,#6497);
#6497 = DEFINITIONAL_REPRESENTATION('',(#6498),#6502);
#6498 = LINE('',#6499,#6500);
#6499 = CARTESIAN_POINT('',(11.010135202331,0.));
#6500 = VECTOR('',#6501,1.);
#6501 = DIRECTION('',(0.,-1.));
#6502 = ( GEOMETRIC_REPRESENTATION_CONTEXT(2) 
PARAMETRIC_REPRESENTATION_CONTEXT() REPRESENTATION_CONTEXT('2D SPACE',''
  ) );
#6503 = PCURVE('',#6504,#6509);
#6504 = PLANE('',#6505);
#6505 = AXIS2_PLACEMENT_3D('',#6506,#6507,#6508);
#6506 = CARTESIAN_POINT('',(-6.073725490196,0.,-44.));
#6507 = DIRECTION('',(0.984749844204,0.,-0.173976275223));
#6508 = DIRECTION('',(0.173976275223,0.,0.984749844204));
#6509 = DEFINITIONAL_REPRESENTATION('',(#6510),#6514);
#6510 = LINE('',#6511,#6512);
#6511 = CARTESIAN_POINT('',(0.,0.));
#6512 = VECTOR('',#6513,1.);
#6513 = DIRECTION('',(0.,-1.));
#6514 = ( GEOMETRIC_REPRESENTATION_CONTEXT(2) 
PARAMETRIC_REPRESENTATION_CONTEXT() REPRESENTATION_CONTEXT('2D SPACE',''
  ) );
#6515 = ORIENTED_EDGE('',*,*,#6516,.F.);
#6516 = EDGE_CURVE('',#6413,#6489,#6517,.T.);
#6517 = SURFACE_CURVE('',#6518,(#6522,#6529),.PCURVE_S1.);
#6518 = LINE('',#6519,#6520);
#6519 = CARTESIAN_POINT('',(-6.546035953364,0.,-55.));
#6520 = VECTOR('',#6521,1.);
#6521 = DIRECTION('',(4.289778958099E-02,0.,0.999079466133));
#6522 = PCURVE('',#6428,#6523);
#6523 = DEFINITIONAL_REPRESENTATION('',(#6524),#6528);
#6524 = LINE('',#6525,#6526);
#6525 = CARTESIAN_POINT('',(0.,0.));
#6526 = VECTOR('',#6527,1.);
#6527 = DIRECTION('',(1.,0.));
#6528 = ( GEOMETRIC_REPRESENTATION_CONTEXT(2) 
PARAMETRIC_REPRESENTATION_CONTEXT() REPRESENTATION_CONTEXT('2D SPACE',''
  ) );
#6529 = PCURVE('',#5613,#6530);
#6530 = DEFINITIONAL_REPRESENTATION('',(#6531),#6535);
#6531 = LINE('',#6532,#6533);
#6532 = CARTESIAN_POINT('',(-28.2666716416,-10.36269391025));
#6533 = VECTOR('',#6534,1.);
#6534 = DIRECTION('',(0.999079466133,4.289778958099E-02));
#6535 = ( GEOMETRIC_REPRESENTATION_CONTEXT(2) 
PARAMETRIC_REPRESENTATION_CONTEXT() REPRESENTATION_CONTEXT('2D SPACE',''
  ) );
#6536 = ADVANCED_FACE('',(#6537),#6504,.F.);
#6537 = FACE_BOUND('',#6538,.F.);
#6538 = EDGE_LOOP('',(#6539,#6540,#6563,#6591));
#6539 = ORIENTED_EDGE('',*,*,#6488,.T.);
#6540 = ORIENTED_EDGE('',*,*,#6541,.T.);
#6541 = EDGE_CURVE('',#6466,#6542,#6544,.T.);
#6542 = VERTEX_POINT('',#6543);
#6543 = CARTESIAN_POINT('',(-4.130349678854,7.,-33.));
#6544 = SURFACE_CURVE('',#6545,(#6549,#6556),.PCURVE_S1.);
#6545 = LINE('',#6546,#6547);
#6546 = CARTESIAN_POINT('',(-6.073725490196,7.,-44.));
#6547 = VECTOR('',#6548,1.);
#6548 = DIRECTION('',(0.173976275223,0.,0.984749844204));
#6549 = PCURVE('',#6504,#6550);
#6550 = DEFINITIONAL_REPRESENTATION('',(#6551),#6555);
#6551 = LINE('',#6552,#6553);
#6552 = CARTESIAN_POINT('',(0.,-7.));
#6553 = VECTOR('',#6554,1.);
#6554 = DIRECTION('',(1.,0.));
#6555 = ( GEOMETRIC_REPRESENTATION_CONTEXT(2) 
PARAMETRIC_REPRESENTATION_CONTEXT() REPRESENTATION_CONTEXT('2D SPACE',''
  ) );
#6556 = PCURVE('',#5559,#6557);
#6557 = DEFINITIONAL_REPRESENTATION('',(#6558),#6562);
#6558 = LINE('',#6559,#6560);
#6559 = CARTESIAN_POINT('',(-17.2666716416,-9.890383447086));
#6560 = VECTOR('',#6561,1.);
#6561 = DIRECTION('',(0.984749844204,0.173976275223));
#6562 = ( GEOMETRIC_REPRESENTATION_CONTEXT(2) 
PARAMETRIC_REPRESENTATION_CONTEXT() REPRESENTATION_CONTEXT('2D SPACE',''
  ) );
#6563 = ORIENTED_EDGE('',*,*,#6564,.F.);
#6564 = EDGE_CURVE('',#6565,#6542,#6567,.T.);
#6565 = VERTEX_POINT('',#6566);
#6566 = CARTESIAN_POINT('',(-4.130349678854,0.,-33.));
#6567 = SURFACE_CURVE('',#6568,(#6572,#6579),.PCURVE_S1.);
#6568 = LINE('',#6569,#6570);
#6569 = CARTESIAN_POINT('',(-4.130349678854,0.,-33.));
#6570 = VECTOR('',#6571,1.);
#6571 = DIRECTION('',(0.,1.,0.));
#6572 = PCURVE('',#6504,#6573);
#6573 = DEFINITIONAL_REPRESENTATION('',(#6574),#6578);
#6574 = LINE('',#6575,#6576);
#6575 = CARTESIAN_POINT('',(11.170349571258,0.));
#6576 = VECTOR('',#6577,1.);
#6577 = DIRECTION('',(0.,-1.));
#6578 = ( GEOMETRIC_REPRESENTATION_CONTEXT(2) 
PARAMETRIC_REPRESENTATION_CONTEXT() REPRESENTATION_CONTEXT('2D SPACE',''
  ) );
#6579 = PCURVE('',#6580,#6585);
#6580 = PLANE('',#6581);
#6581 = AXIS2_PLACEMENT_3D('',#6582,#6583,#6584);
#6582 = CARTESIAN_POINT('',(-4.130349678854,0.,-33.));
#6583 = DIRECTION('',(0.95776724185,0.,-0.287544623389));
#6584 = DIRECTION('',(0.287544623389,0.,0.95776724185));
#6585 = DEFINITIONAL_REPRESENTATION('',(#6586),#6590);
#6586 = LINE('',#6587,#6588);
#6587 = CARTESIAN_POINT('',(0.,0.));
#6588 = VECTOR('',#6589,1.);
#6589 = DIRECTION('',(0.,-1.));
#6590 = ( GEOMETRIC_REPRESENTATION_CONTEXT(2) 
PARAMETRIC_REPRESENTATION_CONTEXT() REPRESENTATION_CONTEXT('2D SPACE',''
  ) );
#6591 = ORIENTED_EDGE('',*,*,#6592,.F.);
#6592 = EDGE_CURVE('',#6489,#6565,#6593,.T.);
#6593 = SURFACE_CURVE('',#6594,(#6598,#6605),.PCURVE_S1.);
#6594 = LINE('',#6595,#6596);
#6595 = CARTESIAN_POINT('',(-6.073725490196,0.,-44.));
#6596 = VECTOR('',#6597,1.);
#6597 = DIRECTION('',(0.173976275223,0.,0.984749844204));
#6598 = PCURVE('',#6504,#6599);
#6599 = DEFINITIONAL_REPRESENTATION('',(#6600),#6604);
#6600 = LINE('',#6601,#6602);
#6601 = CARTESIAN_POINT('',(0.,0.));
#6602 = VECTOR('',#6603,1.);
#6603 = DIRECTION('',(1.,0.));
#6604 = ( GEOMETRIC_REPRESENTATION_CONTEXT(2) 
PARAMETRIC_REPRESENTATION_CONTEXT() REPRESENTATION_CONTEXT('2D SPACE',''
  ) );
#6605 = PCURVE('',#5613,#6606);
#6606 = DEFINITIONAL_REPRESENTATION('',(#6607),#6611);
#6607 = LINE('',#6608,#6609);
#6608 = CARTESIAN_POINT('',(-17.2666716416,-9.890383447086));
#6609 = VECTOR('',#6610,1.);
#6610 = DIRECTION('',(0.984749844204,0.173976275223));
#6611 = ( GEOMETRIC_REPRESENTATION_CONTEXT(2) 
PARAMETRIC_REPRESENTATION_CONTEXT() REPRESENTATION_CONTEXT('2D SPACE',''
  ) );
#6612 = ADVANCED_FACE('',(#6613),#6580,.F.);
#6613 = FACE_BOUND('',#6614,.F.);
#6614 = EDGE_LOOP('',(#6615,#6616,#6639,#6667));
#6615 = ORIENTED_EDGE('',*,*,#6564,.T.);
#6616 = ORIENTED_EDGE('',*,*,#6617,.T.);
#6617 = EDGE_CURVE('',#6542,#6618,#6620,.T.);
#6618 = VERTEX_POINT('',#6619);
#6619 = CARTESIAN_POINT('',(-0.827886701348,7.,-22.));
#6620 = SURFACE_CURVE('',#6621,(#6625,#6632),.PCURVE_S1.);
#6621 = LINE('',#6622,#6623);
#6622 = CARTESIAN_POINT('',(-4.130349678854,7.,-33.));
#6623 = VECTOR('',#6624,1.);
#6624 = DIRECTION('',(0.287544623389,0.,0.95776724185));
#6625 = PCURVE('',#6580,#6626);
#6626 = DEFINITIONAL_REPRESENTATION('',(#6627),#6631);
#6627 = LINE('',#6628,#6629);
#6628 = CARTESIAN_POINT('',(0.,-7.));
#6629 = VECTOR('',#6630,1.);
#6630 = DIRECTION('',(1.,0.));
#6631 = ( GEOMETRIC_REPRESENTATION_CONTEXT(2) 
PARAMETRIC_REPRESENTATION_CONTEXT() REPRESENTATION_CONTEXT('2D SPACE',''
  ) );
#6632 = PCURVE('',#5559,#6633);
#6633 = DEFINITIONAL_REPRESENTATION('',(#6634),#6638);
#6634 = LINE('',#6635,#6636);
#6635 = CARTESIAN_POINT('',(-6.266671641609,-7.947007635744));
#6636 = VECTOR('',#6637,1.);
#6637 = DIRECTION('',(0.95776724185,0.287544623389));
#6638 = ( GEOMETRIC_REPRESENTATION_CONTEXT(2) 
PARAMETRIC_REPRESENTATION_CONTEXT() REPRESENTATION_CONTEXT('2D SPACE',''
  ) );
#6639 = ORIENTED_EDGE('',*,*,#6640,.F.);
#6640 = EDGE_CURVE('',#6641,#6618,#6643,.T.);
#6641 = VERTEX_POINT('',#6642);
#6642 = CARTESIAN_POINT('',(-0.827886701348,0.,-22.));
#6643 = SURFACE_CURVE('',#6644,(#6648,#6655),.PCURVE_S1.);
#6644 = LINE('',#6645,#6646);
#6645 = CARTESIAN_POINT('',(-0.827886701348,0.,-22.));
#6646 = VECTOR('',#6647,1.);
#6647 = DIRECTION('',(0.,1.,0.));
#6648 = PCURVE('',#6580,#6649);
#6649 = DEFINITIONAL_REPRESENTATION('',(#6650),#6654);
#6650 = LINE('',#6651,#6652);
#6651 = CARTESIAN_POINT('',(11.485045133468,0.));
#6652 = VECTOR('',#6653,1.);
#6653 = DIRECTION('',(0.,-1.));
#6654 = ( GEOMETRIC_REPRESENTATION_CONTEXT(2) 
PARAMETRIC_REPRESENTATION_CONTEXT() REPRESENTATION_CONTEXT('2D SPACE',''
  ) );
#6655 = PCURVE('',#6656,#6661);
#6656 = PLANE('',#6657);
#6657 = AXIS2_PLACEMENT_3D('',#6658,#6659,#6660);
#6658 = CARTESIAN_POINT('',(-0.827886701348,0.,-22.));
#6659 = DIRECTION('',(0.930139106335,0.,-0.367207356771));
#6660 = DIRECTION('',(0.367207356771,0.,0.930139106335));
#6661 = DEFINITIONAL_REPRESENTATION('',(#6662),#6666);
#6662 = LINE('',#6663,#6664);
#6663 = CARTESIAN_POINT('',(0.,0.));
#6664 = VECTOR('',#6665,1.);
#6665 = DIRECTION('',(0.,-1.));
#6666 = ( GEOMETRIC_REPRESENTATION_CONTEXT(2) 
PARAMETRIC_REPRESENTATION_CONTEXT() REPRESENTATION_CONTEXT('2D SPACE',''
  ) );
#6667 = ORIENTED_EDGE('',*,*,#6668,.F.);
#6668 = EDGE_CURVE('',#6565,#6641,#6669,.T.);
#6669 = SURFACE_CURVE('',#6670,(#6674,#6681),.PCURVE_S1.);
#6670 = LINE('',#6671,#6672);
#6671 = CARTESIAN_POINT('',(-4.130349678854,0.,-33.));
#6672 = VECTOR('',#6673,1.);
#6673 = DIRECTION('',(0.287544623389,0.,0.95776724185));
#6674 = PCURVE('',#6580,#6675);
#6675 = DEFINITIONAL_REPRESENTATION('',(#6676),#6680);
#6676 = LINE('',#6677,#6678);
#6677 = CARTESIAN_POINT('',(0.,0.));
#6678 = VECTOR('',#6679,1.);
#6679 = DIRECTION('',(1.,0.));
#6680 = ( GEOMETRIC_REPRESENTATION_CONTEXT(2) 
PARAMETRIC_REPRESENTATION_CONTEXT() REPRESENTATION_CONTEXT('2D SPACE',''
  ) );
#6681 = PCURVE('',#5613,#6682);
#6682 = DEFINITIONAL_REPRESENTATION('',(#6683),#6687);
#6683 = LINE('',#6684,#6685);
#6684 = CARTESIAN_POINT('',(-6.266671641609,-7.947007635744));
#6685 = VECTOR('',#6686,1.);
#6686 = DIRECTION('',(0.95776724185,0.287544623389));
#6687 = ( GEOMETRIC_REPRESENTATION_CONTEXT(2) 
PARAMETRIC_REPRESENTATION_CONTEXT() REPRESENTATION_CONTEXT('2D SPACE',''
  ) );
#6688 = ADVANCED_FACE('',(#6689),#6656,.F.);
#6689 = FACE_BOUND('',#6690,.F.);
#6690 = EDGE_LOOP('',(#6691,#6692,#6715,#6738));
#6691 = ORIENTED_EDGE('',*,*,#6640,.T.);
#6692 = ORIENTED_EDGE('',*,*,#6693,.T.);
#6693 = EDGE_CURVE('',#6618,#6694,#6696,.T.);
#6694 = VERTEX_POINT('',#6695);
#6695 = CARTESIAN_POINT('',(3.514776559421,7.,-11.));
#6696 = SURFACE_CURVE('',#6697,(#6701,#6708),.PCURVE_S1.);
#6697 = LINE('',#6698,#6699);
#6698 = CARTESIAN_POINT('',(-0.827886701348,7.,-22.));
#6699 = VECTOR('',#6700,1.);
#6700 = DIRECTION('',(0.367207356771,0.,0.930139106335));
#6701 = PCURVE('',#6656,#6702);
#6702 = DEFINITIONAL_REPRESENTATION('',(#6703),#6707);
#6703 = LINE('',#6704,#6705);
#6704 = CARTESIAN_POINT('',(0.,-7.));
#6705 = VECTOR('',#6706,1.);
#6706 = DIRECTION('',(1.,0.));
#6707 = ( GEOMETRIC_REPRESENTATION_CONTEXT(2) 
PARAMETRIC_REPRESENTATION_CONTEXT() REPRESENTATION_CONTEXT('2D SPACE',''
  ) );
#6708 = PCURVE('',#5559,#6709);
#6709 = DEFINITIONAL_REPRESENTATION('',(#6710),#6714);
#6710 = LINE('',#6711,#6712);
#6711 = CARTESIAN_POINT('',(4.733328358391,-4.644544658238));
#6712 = VECTOR('',#6713,1.);
#6713 = DIRECTION('',(0.930139106335,0.367207356771));
#6714 = ( GEOMETRIC_REPRESENTATION_CONTEXT(2) 
PARAMETRIC_REPRESENTATION_CONTEXT() REPRESENTATION_CONTEXT('2D SPACE',''
  ) );
#6715 = ORIENTED_EDGE('',*,*,#6716,.F.);
#6716 = EDGE_CURVE('',#6717,#6694,#6719,.T.);
#6717 = VERTEX_POINT('',#6718);
#6718 = CARTESIAN_POINT('',(3.514776559421,0.,-11.));
#6719 = SURFACE_CURVE('',#6720,(#6724,#6731),.PCURVE_S1.);
#6720 = LINE('',#6721,#6722);
#6721 = CARTESIAN_POINT('',(3.514776559421,0.,-11.));
#6722 = VECTOR('',#6723,1.);
#6723 = DIRECTION('',(0.,1.,0.));
#6724 = PCURVE('',#6656,#6725);
#6725 = DEFINITIONAL_REPRESENTATION('',(#6726),#6730);
#6726 = LINE('',#6727,#6728);
#6727 = CARTESIAN_POINT('',(11.826188067016,0.));
#6728 = VECTOR('',#6729,1.);
#6729 = DIRECTION('',(0.,-1.));
#6730 = ( GEOMETRIC_REPRESENTATION_CONTEXT(2) 
PARAMETRIC_REPRESENTATION_CONTEXT() REPRESENTATION_CONTEXT('2D SPACE',''
  ) );
#6731 = PCURVE('',#5531,#6732);
#6732 = DEFINITIONAL_REPRESENTATION('',(#6733),#6737);
#6733 = LINE('',#6734,#6735);
#6734 = CARTESIAN_POINT('',(0.,0.));
#6735 = VECTOR('',#6736,1.);
#6736 = DIRECTION('',(0.,-1.));
#6737 = ( GEOMETRIC_REPRESENTATION_CONTEXT(2) 
PARAMETRIC_REPRESENTATION_CONTEXT() REPRESENTATION_CONTEXT('2D SPACE',''
  ) );
#6738 = ORIENTED_EDGE('',*,*,#6739,.F.);
#6739 = EDGE_CURVE('',#6641,#6717,#6740,.T.);
#6740 = SURFACE_CURVE('',#6741,(#6745,#6752),.PCURVE_S1.);
#6741 = LINE('',#6742,#6743);
#6742 = CARTESIAN_POINT('',(-0.827886701348,0.,-22.));
#6743 = VECTOR('',#6744,1.);
#6744 = DIRECTION('',(0.367207356771,0.,0.930139106335));
#6745 = PCURVE('',#6656,#6746);
#6746 = DEFINITIONAL_REPRESENTATION('',(#6747),#6751);
#6747 = LINE('',#6748,#6749);
#6748 = CARTESIAN_POINT('',(0.,0.));
#6749 = VECTOR('',#6750,1.);
#6750 = DIRECTION('',(1.,0.));
#6751 = ( GEOMETRIC_REPRESENTATION_CONTEXT(2) 
PARAMETRIC_REPRESENTATION_CONTEXT() REPRESENTATION_CONTEXT('2D SPACE',''
  ) );
#6752 = PCURVE('',#5613,#6753);
#6753 = DEFINITIONAL_REPRESENTATION('',(#6754),#6758);
#6754 = LINE('',#6755,#6756);
#6755 = CARTESIAN_POINT('',(4.733328358391,-4.644544658238));
#6756 = VECTOR('',#6757,1.);
#6757 = DIRECTION('',(0.930139106335,0.367207356771));
#6758 = ( GEOMETRIC_REPRESENTATION_CONTEXT(2) 
PARAMETRIC_REPRESENTATION_CONTEXT() REPRESENTATION_CONTEXT('2D SPACE',''
  ) );
#6759 = ADVANCED_FACE('',(#6760),#5531,.F.);
#6760 = FACE_BOUND('',#6761,.F.);
#6761 = EDGE_LOOP('',(#6762,#6763,#6784,#6785));
#6762 = ORIENTED_EDGE('',*,*,#6716,.T.);
#6763 = ORIENTED_EDGE('',*,*,#6764,.T.);
#6764 = EDGE_CURVE('',#6694,#5511,#6765,.T.);
#6765 = SURFACE_CURVE('',#6766,(#6770,#6777),.PCURVE_S1.);
#6766 = LINE('',#6767,#6768);
#6767 = CARTESIAN_POINT('',(3.514776559421,7.,-11.));
#6768 = VECTOR('',#6769,1.);
#6769 = DIRECTION('',(-0.978210843241,0.,0.207613935385));
#6770 = PCURVE('',#5531,#6771);
#6771 = DEFINITIONAL_REPRESENTATION('',(#6772),#6776);
#6772 = LINE('',#6773,#6774);
#6773 = CARTESIAN_POINT('',(0.,-7.));
#6774 = VECTOR('',#6775,1.);
#6775 = DIRECTION('',(1.,0.));
#6776 = ( GEOMETRIC_REPRESENTATION_CONTEXT(2) 
PARAMETRIC_REPRESENTATION_CONTEXT() REPRESENTATION_CONTEXT('2D SPACE',''
  ) );
#6777 = PCURVE('',#5559,#6778);
#6778 = DEFINITIONAL_REPRESENTATION('',(#6779),#6783);
#6779 = LINE('',#6780,#6781);
#6780 = CARTESIAN_POINT('',(15.733328358391,-0.301881397469));
#6781 = VECTOR('',#6782,1.);
#6782 = DIRECTION('',(0.207613935385,-0.978210843241));
#6783 = ( GEOMETRIC_REPRESENTATION_CONTEXT(2) 
PARAMETRIC_REPRESENTATION_CONTEXT() REPRESENTATION_CONTEXT('2D SPACE',''
  ) );
#6784 = ORIENTED_EDGE('',*,*,#5508,.F.);
#6785 = ORIENTED_EDGE('',*,*,#6786,.F.);
#6786 = EDGE_CURVE('',#6717,#5509,#6787,.T.);
#6787 = SURFACE_CURVE('',#6788,(#6792,#6799),.PCURVE_S1.);
#6788 = LINE('',#6789,#6790);
#6789 = CARTESIAN_POINT('',(3.514776559421,0.,-11.));
#6790 = VECTOR('',#6791,1.);
#6791 = DIRECTION('',(-0.978210843241,0.,0.207613935385));
#6792 = PCURVE('',#5531,#6793);
#6793 = DEFINITIONAL_REPRESENTATION('',(#6794),#6798);
#6794 = LINE('',#6795,#6796);
#6795 = CARTESIAN_POINT('',(0.,0.));
#6796 = VECTOR('',#6797,1.);
#6797 = DIRECTION('',(1.,0.));
#6798 = ( GEOMETRIC_REPRESENTATION_CONTEXT(2) 
PARAMETRIC_REPRESENTATION_CONTEXT() REPRESENTATION_CONTEXT('2D SPACE',''
  ) );
#6799 = PCURVE('',#5613,#6800);
#6800 = DEFINITIONAL_REPRESENTATION('',(#6801),#6805);
#6801 = LINE('',#6802,#6803);
#6802 = CARTESIAN_POINT('',(15.733328358391,-0.301881397469));
#6803 = VECTOR('',#6804,1.);
#6804 = DIRECTION('',(0.207613935385,-0.978210843241));
#6805 = ( GEOMETRIC_REPRESENTATION_CONTEXT(2) 
PARAMETRIC_REPRESENTATION_CONTEXT() REPRESENTATION_CONTEXT('2D SPACE',''
  ) );
#6806 = ADVANCED_FACE('',(#6807),#5613,.F.);
#6807 = FACE_BOUND('',#6808,.F.);
#6808 = EDGE_LOOP('',(#6809,#6810,#6811,#6812,#6813,#6814,#6815,#6816,
    #6817,#6818,#6819,#6820,#6821,#6822,#6823,#6824,#6825));
#6809 = ORIENTED_EDGE('',*,*,#5599,.T.);
#6810 = ORIENTED_EDGE('',*,*,#5680,.T.);
#6811 = ORIENTED_EDGE('',*,*,#5756,.T.);
#6812 = ORIENTED_EDGE('',*,*,#5832,.T.);
#6813 = ORIENTED_EDGE('',*,*,#5908,.T.);
#6814 = ORIENTED_EDGE('',*,*,#5984,.T.);
#6815 = ORIENTED_EDGE('',*,*,#6060,.T.);
#6816 = ORIENTED_EDGE('',*,*,#6136,.T.);
#6817 = ORIENTED_EDGE('',*,*,#6212,.T.);
#6818 = ORIENTED_EDGE('',*,*,#6288,.T.);
#6819 = ORIENTED_EDGE('',*,*,#6364,.T.);
#6820 = ORIENTED_EDGE('',*,*,#6440,.T.);
#6821 = ORIENTED_EDGE('',*,*,#6516,.T.);
#6822 = ORIENTED_EDGE('',*,*,#6592,.T.);
#6823 = ORIENTED_EDGE('',*,*,#6668,.T.);
#6824 = ORIENTED_EDGE('',*,*,#6739,.T.);
#6825 = ORIENTED_EDGE('',*,*,#6786,.T.);
#6826 = ADVANCED_FACE('',(#6827),#5559,.T.);
#6827 = FACE_BOUND('',#6828,.T.);
#6828 = EDGE_LOOP('',(#6829,#6830,#6831,#6832,#6833,#6834,#6835,#6836,
    #6837,#6838,#6839,#6840,#6841,#6842,#6843,#6844,#6845));
#6829 = ORIENTED_EDGE('',*,*,#5543,.T.);
#6830 = ORIENTED_EDGE('',*,*,#5629,.T.);
#6831 = ORIENTED_EDGE('',*,*,#5705,.T.);
#6832 = ORIENTED_EDGE('',*,*,#5781,.T.);
#6833 = ORIENTED_EDGE('',*,*,#5857,.T.);
#6834 = ORIENTED_EDGE('',*,*,#5933,.T.);
#6835 = ORIENTED_EDGE('',*,*,#6009,.T.);
#6836 = ORIENTED_EDGE('',*,*,#6085,.T.);
#6837 = ORIENTED_EDGE('',*,*,#6161,.T.);
#6838 = ORIENTED_EDGE('',*,*,#6237,.T.);
#6839 = ORIENTED_EDGE('',*,*,#6313,.T.);
#6840 = ORIENTED_EDGE('',*,*,#6389,.T.);
#6841 = ORIENTED_EDGE('',*,*,#6465,.T.);
#6842 = ORIENTED_EDGE('',*,*,#6541,.T.);
#6843 = ORIENTED_EDGE('',*,*,#6617,.T.);
#6844 = ORIENTED_EDGE('',*,*,#6693,.T.);
#6845 = ORIENTED_EDGE('',*,*,#6764,.T.);
#6846 = ( GEOMETRIC_REPRESENTATION_CONTEXT(3) 
GLOBAL_UNCERTAINTY_ASSIGNED_CONTEXT((#6850)) 
GLOBAL_UNIT_ASSIGNED_CONTEXT((#6847,#6848,#6849)) REPRESENTATION_CONTEXT
('Context #1','3D Context with UNIT and UNCERTAINTY') );
#6847 = ( LENGTH_UNIT() NAMED_UNIT(*) SI_UNIT(.MILLI.,.METRE.) );
#6848 = ( NAMED_UNIT(*) PLANE_ANGLE_UNIT() SI_UNIT($,.RADIAN.) );
#6849 = ( NAMED_UNIT(*) SI_UNIT($,.STERADIAN.) SOLID_ANGLE_UNIT() );
#6850 = UNCERTAINTY_MEASURE_WITH_UNIT(LENGTH_MEASURE(1.E-07),#6847,
  'distance_accuracy_value','confusion accuracy');
#6851 = CONTEXT_DEPENDENT_SHAPE_REPRESENTATION(#6852,#6854);
#6852 = ( REPRESENTATION_RELATIONSHIP('','',#5501,#10) 
REPRESENTATION_RELATIONSHIP_WITH_TRANSFORMATION(#6853) 
SHAPE_REPRESENTATION_RELATIONSHIP() );
#6853 = ITEM_DEFINED_TRANSFORMATION('','',#11,#27);
#6854 = PRODUCT_DEFINITION_SHAPE('Placement','Placement of an item',
  #6855);
#6855 = NEXT_ASSEMBLY_USAGE_OCCURRENCE('4','fin.2','',#5,#5496,$);
#6856 = PRODUCT_RELATED_PRODUCT_CATEGORY('part',$,(#5498));
#6857 = SHAPE_DEFINITION_REPRESENTATION(#6858,#6864);
#6858 = PRODUCT_DEFINITION_SHAPE('','',#6859);
#6859 = PRODUCT_DEFINITION('design','',#6860,#6863);
#6860 = PRODUCT_DEFINITION_FORMATION('','',#6861);
#6861 = PRODUCT('rubber.2','rubber.2','',(#6862));
#6862 = PRODUCT_CONTEXT('',#2,'mechanical');
#6863 = PRODUCT_DEFINITION_CONTEXT('part definition',#2,'design');
#6864 = ADVANCED_BREP_SHAPE_REPRESENTATION('',(#11,#6865),#7195);
#6865 = MANIFOLD_SOLID_BREP('',#6866);
#6866 = CLOSED_SHELL('',(#6867,#6987,#7087,#7134,#7181,#7188));
#6867 = ADVANCED_FACE('',(#6868),#6882,.F.);
#6868 = FACE_BOUND('',#6869,.F.);
#6869 = EDGE_LOOP('',(#6870,#6905,#6933,#6961));
#6870 = ORIENTED_EDGE('',*,*,#6871,.F.);
#6871 = EDGE_CURVE('',#6872,#6874,#6876,.T.);
#6872 = VERTEX_POINT('',#6873);
#6873 = CARTESIAN_POINT('',(-46.58823529411,-6.5,-1.));
#6874 = VERTEX_POINT('',#6875);
#6875 = CARTESIAN_POINT('',(-46.58823529411,-6.5,1.));
#6876 = SURFACE_CURVE('',#6877,(#6881,#6893),.PCURVE_S1.);
#6877 = LINE('',#6878,#6879);
#6878 = CARTESIAN_POINT('',(-46.58823529411,-6.5,-1.));
#6879 = VECTOR('',#6880,1.);
#6880 = DIRECTION('',(0.,0.,1.));
#6881 = PCURVE('',#6882,#6887);
#6882 = PLANE('',#6883);
#6883 = AXIS2_PLACEMENT_3D('',#6884,#6885,#6886);
#6884 = CARTESIAN_POINT('',(-46.58823529411,-6.5,-1.));
#6885 = DIRECTION('',(1.,0.,-0.));
#6886 = DIRECTION('',(0.,0.,1.));
#6887 = DEFINITIONAL_REPRESENTATION('',(#6888),#6892);
#6888 = LINE('',#6889,#6890);
#6889 = CARTESIAN_POINT('',(0.,0.));
#6890 = VECTOR('',#6891,1.);
#6891 = DIRECTION('',(1.,0.));
#6892 = ( GEOMETRIC_REPRESENTATION_CONTEXT(2) 
PARAMETRIC_REPRESENTATION_CONTEXT() REPRESENTATION_CONTEXT('2D SPACE',''
  ) );
#6893 = PCURVE('',#6894,#6899);
#6894 = PLANE('',#6895);
#6895 = AXIS2_PLACEMENT_3D('',#6896,#6897,#6898);
#6896 = CARTESIAN_POINT('',(-46.58823529411,-6.5,-1.));
#6897 = DIRECTION('',(-0.,1.,0.));
#6898 = DIRECTION('',(0.,0.,1.));
#6899 = DEFINITIONAL_REPRESENTATION('',(#6900),#6904);
#6900 = LINE('',#6901,#6902);
#6901 = CARTESIAN_POINT('',(0.,0.));
#6902 = VECTOR('',#6903,1.);
#6903 = DIRECTION('',(1.,0.));
#6904 = ( GEOMETRIC_REPRESENTATION_CONTEXT(2) 
PARAMETRIC_REPRESENTATION_CONTEXT() REPRESENTATION_CONTEXT('2D SPACE',''
  ) );
#6905 = ORIENTED_EDGE('',*,*,#6906,.T.);
#6906 = EDGE_CURVE('',#6872,#6907,#6909,.T.);
#6907 = VERTEX_POINT('',#6908);
#6908 = CARTESIAN_POINT('',(-46.58823529411,6.5,-1.));
#6909 = SURFACE_CURVE('',#6910,(#6914,#6921),.PCURVE_S1.);
#6910 = LINE('',#6911,#6912);
#6911 = CARTESIAN_POINT('',(-46.58823529411,-6.5,-1.));
#6912 = VECTOR('',#6913,1.);
#6913 = DIRECTION('',(-0.,1.,0.));
#6914 = PCURVE('',#6882,#6915);
#6915 = DEFINITIONAL_REPRESENTATION('',(#6916),#6920);
#6916 = LINE('',#6917,#6918);
#6917 = CARTESIAN_POINT('',(0.,0.));
#6918 = VECTOR('',#6919,1.);
#6919 = DIRECTION('',(0.,-1.));
#6920 = ( GEOMETRIC_REPRESENTATION_CONTEXT(2) 
PARAMETRIC_REPRESENTATION_CONTEXT() REPRESENTATION_CONTEXT('2D SPACE',''
  ) );
#6921 = PCURVE('',#6922,#6927);
#6922 = PLANE('',#6923);
#6923 = AXIS2_PLACEMENT_3D('',#6924,#6925,#6926);
#6924 = CARTESIAN_POINT('',(-46.58823529411,-6.5,-1.));
#6925 = DIRECTION('',(0.,0.,1.));
#6926 = DIRECTION('',(1.,0.,-0.));
#6927 = DEFINITIONAL_REPRESENTATION('',(#6928),#6932);
#6928 = LINE('',#6929,#6930);
#6929 = CARTESIAN_POINT('',(0.,0.));
#6930 = VECTOR('',#6931,1.);
#6931 = DIRECTION('',(0.,1.));
#6932 = ( GEOMETRIC_REPRESENTATION_CONTEXT(2) 
PARAMETRIC_REPRESENTATION_CONTEXT() REPRESENTATION_CONTEXT('2D SPACE',''
  ) );
#6933 = ORIENTED_EDGE('',*,*,#6934,.T.);
#6934 = EDGE_CURVE('',#6907,#6935,#6937,.T.);
#6935 = VERTEX_POINT('',#6936);
#6936 = CARTESIAN_POINT('',(-46.58823529411,6.5,1.));
#6937 = SURFACE_CURVE('',#6938,(#6942,#6949),.PCURVE_S1.);
#6938 = LINE('',#6939,#6940);
#6939 = CARTESIAN_POINT('',(-46.58823529411,6.5,-1.));
#6940 = VECTOR('',#6941,1.);
#6941 = DIRECTION('',(0.,0.,1.));
#6942 = PCURVE('',#6882,#6943);
#6943 = DEFINITIONAL_REPRESENTATION('',(#6944),#6948);
#6944 = LINE('',#6945,#6946);
#6945 = CARTESIAN_POINT('',(0.,-13.));
#6946 = VECTOR('',#6947,1.);
#6947 = DIRECTION('',(1.,0.));
#6948 = ( GEOMETRIC_REPRESENTATION_CONTEXT(2) 
PARAMETRIC_REPRESENTATION_CONTEXT() REPRESENTATION_CONTEXT('2D SPACE',''
  ) );
#6949 = PCURVE('',#6950,#6955);
#6950 = PLANE('',#6951);
#6951 = AXIS2_PLACEMENT_3D('',#6952,#6953,#6954);
#6952 = CARTESIAN_POINT('',(-46.58823529411,6.5,-1.));
#6953 = DIRECTION('',(-0.,1.,0.));
#6954 = DIRECTION('',(0.,0.,1.));
#6955 = DEFINITIONAL_REPRESENTATION('',(#6956),#6960);
#6956 = LINE('',#6957,#6958);
#6957 = CARTESIAN_POINT('',(0.,0.));
#6958 = VECTOR('',#6959,1.);
#6959 = DIRECTION('',(1.,0.));
#6960 = ( GEOMETRIC_REPRESENTATION_CONTEXT(2) 
PARAMETRIC_REPRESENTATION_CONTEXT() REPRESENTATION_CONTEXT('2D SPACE',''
  ) );
#6961 = ORIENTED_EDGE('',*,*,#6962,.F.);
#6962 = EDGE_CURVE('',#6874,#6935,#6963,.T.);
#6963 = SURFACE_CURVE('',#6964,(#6968,#6975),.PCURVE_S1.);
#6964 = LINE('',#6965,#6966);
#6965 = CARTESIAN_POINT('',(-46.58823529411,-6.5,1.));
#6966 = VECTOR('',#6967,1.);
#6967 = DIRECTION('',(-0.,1.,0.));
#6968 = PCURVE('',#6882,#6969);
#6969 = DEFINITIONAL_REPRESENTATION('',(#6970),#6974);
#6970 = LINE('',#6971,#6972);
#6971 = CARTESIAN_POINT('',(2.,0.));
#6972 = VECTOR('',#6973,1.);
#6973 = DIRECTION('',(0.,-1.));
#6974 = ( GEOMETRIC_REPRESENTATION_CONTEXT(2) 
PARAMETRIC_REPRESENTATION_CONTEXT() REPRESENTATION_CONTEXT('2D SPACE',''
  ) );
#6975 = PCURVE('',#6976,#6981);
#6976 = PLANE('',#6977);
#6977 = AXIS2_PLACEMENT_3D('',#6978,#6979,#6980);
#6978 = CARTESIAN_POINT('',(-46.58823529411,-6.5,1.));
#6979 = DIRECTION('',(0.,0.,1.));
#6980 = DIRECTION('',(1.,0.,-0.));
#6981 = DEFINITIONAL_REPRESENTATION('',(#6982),#6986);
#6982 = LINE('',#6983,#6984);
#6983 = CARTESIAN_POINT('',(0.,0.));
#6984 = VECTOR('',#6985,1.);
#6985 = DIRECTION('',(0.,1.));
#6986 = ( GEOMETRIC_REPRESENTATION_CONTEXT(2) 
PARAMETRIC_REPRESENTATION_CONTEXT() REPRESENTATION_CONTEXT('2D SPACE',''
  ) );
#6987 = ADVANCED_FACE('',(#6988),#7002,.T.);
#6988 = FACE_BOUND('',#6989,.T.);
#6989 = EDGE_LOOP('',(#6990,#7020,#7043,#7066));
#6990 = ORIENTED_EDGE('',*,*,#6991,.F.);
#6991 = EDGE_CURVE('',#6992,#6994,#6996,.T.);
#6992 = VERTEX_POINT('',#6993);
#6993 = CARTESIAN_POINT('',(46.588235294118,-6.5,-1.));
#6994 = VERTEX_POINT('',#6995);
#6995 = CARTESIAN_POINT('',(46.588235294118,-6.5,1.));
#6996 = SURFACE_CURVE('',#6997,(#7001,#7013),.PCURVE_S1.);
#6997 = LINE('',#6998,#6999);
#6998 = CARTESIAN_POINT('',(46.588235294118,-6.5,-1.));
#6999 = VECTOR('',#7000,1.);
#7000 = DIRECTION('',(0.,0.,1.));
#7001 = PCURVE('',#7002,#7007);
#7002 = PLANE('',#7003);
#7003 = AXIS2_PLACEMENT_3D('',#7004,#7005,#7006);
#7004 = CARTESIAN_POINT('',(46.588235294118,-6.5,-1.));
#7005 = DIRECTION('',(1.,0.,-0.));
#7006 = DIRECTION('',(0.,0.,1.));
#7007 = DEFINITIONAL_REPRESENTATION('',(#7008),#7012);
#7008 = LINE('',#7009,#7010);
#7009 = CARTESIAN_POINT('',(0.,0.));
#7010 = VECTOR('',#7011,1.);
#7011 = DIRECTION('',(1.,0.));
#7012 = ( GEOMETRIC_REPRESENTATION_CONTEXT(2) 
PARAMETRIC_REPRESENTATION_CONTEXT() REPRESENTATION_CONTEXT('2D SPACE',''
  ) );
#7013 = PCURVE('',#6894,#7014);
#7014 = DEFINITIONAL_REPRESENTATION('',(#7015),#7019);
#7015 = LINE('',#7016,#7017);
#7016 = CARTESIAN_POINT('',(0.,93.176470588235));
#7017 = VECTOR('',#7018,1.);
#7018 = DIRECTION('',(1.,0.));
#7019 = ( GEOMETRIC_REPRESENTATION_CONTEXT(2) 
PARAMETRIC_REPRESENTATION_CONTEXT() REPRESENTATION_CONTEXT('2D SPACE',''
  ) );
#7020 = ORIENTED_EDGE('',*,*,#7021,.T.);
#7021 = EDGE_CURVE('',#6992,#7022,#7024,.T.);
#7022 = VERTEX_POINT('',#7023);
#7023 = CARTESIAN_POINT('',(46.588235294118,6.5,-1.));
#7024 = SURFACE_CURVE('',#7025,(#7029,#7036),.PCURVE_S1.);
#7025 = LINE('',#7026,#7027);
#7026 = CARTESIAN_POINT('',(46.588235294118,-6.5,-1.));
#7027 = VECTOR('',#7028,1.);
#7028 = DIRECTION('',(-0.,1.,0.));
#7029 = PCURVE('',#7002,#7030);
#7030 = DEFINITIONAL_REPRESENTATION('',(#7031),#7035);
#7031 = LINE('',#7032,#7033);
#7032 = CARTESIAN_POINT('',(0.,0.));
#7033 = VECTOR('',#7034,1.);
#7034 = DIRECTION('',(0.,-1.));
#7035 = ( GEOMETRIC_REPRESENTATION_CONTEXT(2) 
PARAMETRIC_REPRESENTATION_CONTEXT() REPRESENTATION_CONTEXT('2D SPACE',''
  ) );
#7036 = PCURVE('',#6922,#7037);
#7037 = DEFINITIONAL_REPRESENTATION('',(#7038),#7042);
#7038 = LINE('',#7039,#7040);
#7039 = CARTESIAN_POINT('',(93.176470588235,0.));
#7040 = VECTOR('',#7041,1.);
#7041 = DIRECTION('',(0.,1.));
#7042 = ( GEOMETRIC_REPRESENTATION_CONTEXT(2) 
PARAMETRIC_REPRESENTATION_CONTEXT() REPRESENTATION_CONTEXT('2D SPACE',''
  ) );
#7043 = ORIENTED_EDGE('',*,*,#7044,.T.);
#7044 = EDGE_CURVE('',#7022,#7045,#7047,.T.);
#7045 = VERTEX_POINT('',#7046);
#7046 = CARTESIAN_POINT('',(46.588235294118,6.5,1.));
#7047 = SURFACE_CURVE('',#7048,(#7052,#7059),.PCURVE_S1.);
#7048 = LINE('',#7049,#7050);
#7049 = CARTESIAN_POINT('',(46.588235294118,6.5,-1.));
#7050 = VECTOR('',#7051,1.);
#7051 = DIRECTION('',(0.,0.,1.));
#7052 = PCURVE('',#7002,#7053);
#7053 = DEFINITIONAL_REPRESENTATION('',(#7054),#7058);
#7054 = LINE('',#7055,#7056);
#7055 = CARTESIAN_POINT('',(0.,-13.));
#7056 = VECTOR('',#7057,1.);
#7057 = DIRECTION('',(1.,0.));
#7058 = ( GEOMETRIC_REPRESENTATION_CONTEXT(2) 
PARAMETRIC_REPRESENTATION_CONTEXT() REPRESENTATION_CONTEXT('2D SPACE',''
  ) );
#7059 = PCURVE('',#6950,#7060);
#7060 = DEFINITIONAL_REPRESENTATION('',(#7061),#7065);
#7061 = LINE('',#7062,#7063);
#7062 = CARTESIAN_POINT('',(0.,93.176470588235));
#7063 = VECTOR('',#7064,1.);
#7064 = DIRECTION('',(1.,0.));
#7065 = ( GEOMETRIC_REPRESENTATION_CONTEXT(2) 
PARAMETRIC_REPRESENTATION_CONTEXT() REPRESENTATION_CONTEXT('2D SPACE',''
  ) );
#7066 = ORIENTED_EDGE('',*,*,#7067,.F.);
#7067 = EDGE_CURVE('',#6994,#7045,#7068,.T.);
#7068 = SURFACE_CURVE('',#7069,(#7073,#7080),.PCURVE_S1.);
#7069 = LINE('',#7070,#7071);
#7070 = CARTESIAN_POINT('',(46.588235294118,-6.5,1.));
#7071 = VECTOR('',#7072,1.);
#7072 = DIRECTION('',(-0.,1.,0.));
#7073 = PCURVE('',#7002,#7074);
#7074 = DEFINITIONAL_REPRESENTATION('',(#7075),#7079);
#7075 = LINE('',#7076,#7077);
#7076 = CARTESIAN_POINT('',(2.,0.));
#7077 = VECTOR('',#7078,1.);
#7078 = DIRECTION('',(0.,-1.));
#7079 = ( GEOMETRIC_REPRESENTATION_CONTEXT(2) 
PARAMETRIC_REPRESENTATION_CONTEXT() REPRESENTATION_CONTEXT('2D SPACE',''
  ) );
#7080 = PCURVE('',#6976,#7081);
#7081 = DEFINITIONAL_REPRESENTATION('',(#7082),#7086);
#7082 = LINE('',#7083,#7084);
#7083 = CARTESIAN_POINT('',(93.176470588235,0.));
#7084 = VECTOR('',#7085,1.);
#7085 = DIRECTION('',(0.,1.));
#7086 = ( GEOMETRIC_REPRESENTATION_CONTEXT(2) 
PARAMETRIC_REPRESENTATION_CONTEXT() REPRESENTATION_CONTEXT('2D SPACE',''
  ) );
#7087 = ADVANCED_FACE('',(#7088),#6894,.F.);
#7088 = FACE_BOUND('',#7089,.F.);
#7089 = EDGE_LOOP('',(#7090,#7111,#7112,#7133));
#7090 = ORIENTED_EDGE('',*,*,#7091,.F.);
#7091 = EDGE_CURVE('',#6872,#6992,#7092,.T.);
#7092 = SURFACE_CURVE('',#7093,(#7097,#7104),.PCURVE_S1.);
#7093 = LINE('',#7094,#7095);
#7094 = CARTESIAN_POINT('',(-46.58823529411,-6.5,-1.));
#7095 = VECTOR('',#7096,1.);
#7096 = DIRECTION('',(1.,0.,-0.));
#7097 = PCURVE('',#6894,#7098);
#7098 = DEFINITIONAL_REPRESENTATION('',(#7099),#7103);
#7099 = LINE('',#7100,#7101);
#7100 = CARTESIAN_POINT('',(0.,0.));
#7101 = VECTOR('',#7102,1.);
#7102 = DIRECTION('',(0.,1.));
#7103 = ( GEOMETRIC_REPRESENTATION_CONTEXT(2) 
PARAMETRIC_REPRESENTATION_CONTEXT() REPRESENTATION_CONTEXT('2D SPACE',''
  ) );
#7104 = PCURVE('',#6922,#7105);
#7105 = DEFINITIONAL_REPRESENTATION('',(#7106),#7110);
#7106 = LINE('',#7107,#7108);
#7107 = CARTESIAN_POINT('',(0.,0.));
#7108 = VECTOR('',#7109,1.);
#7109 = DIRECTION('',(1.,0.));
#7110 = ( GEOMETRIC_REPRESENTATION_CONTEXT(2) 
PARAMETRIC_REPRESENTATION_CONTEXT() REPRESENTATION_CONTEXT('2D SPACE',''
  ) );
#7111 = ORIENTED_EDGE('',*,*,#6871,.T.);
#7112 = ORIENTED_EDGE('',*,*,#7113,.T.);
#7113 = EDGE_CURVE('',#6874,#6994,#7114,.T.);
#7114 = SURFACE_CURVE('',#7115,(#7119,#7126),.PCURVE_S1.);
#7115 = LINE('',#7116,#7117);
#7116 = CARTESIAN_POINT('',(-46.58823529411,-6.5,1.));
#7117 = VECTOR('',#7118,1.);
#7118 = DIRECTION('',(1.,0.,-0.));
#7119 = PCURVE('',#6894,#7120);
#7120 = DEFINITIONAL_REPRESENTATION('',(#7121),#7125);
#7121 = LINE('',#7122,#7123);
#7122 = CARTESIAN_POINT('',(2.,0.));
#7123 = VECTOR('',#7124,1.);
#7124 = DIRECTION('',(0.,1.));
#7125 = ( GEOMETRIC_REPRESENTATION_CONTEXT(2) 
PARAMETRIC_REPRESENTATION_CONTEXT() REPRESENTATION_CONTEXT('2D SPACE',''
  ) );
#7126 = PCURVE('',#6976,#7127);
#7127 = DEFINITIONAL_REPRESENTATION('',(#7128),#7132);
#7128 = LINE('',#7129,#7130);
#7129 = CARTESIAN_POINT('',(0.,0.));
#7130 = VECTOR('',#7131,1.);
#7131 = DIRECTION('',(1.,0.));
#7132 = ( GEOMETRIC_REPRESENTATION_CONTEXT(2) 
PARAMETRIC_REPRESENTATION_CONTEXT() REPRESENTATION_CONTEXT('2D SPACE',''
  ) );
#7133 = ORIENTED_EDGE('',*,*,#6991,.F.);
#7134 = ADVANCED_FACE('',(#7135),#6950,.T.);
#7135 = FACE_BOUND('',#7136,.T.);
#7136 = EDGE_LOOP('',(#7137,#7158,#7159,#7180));
#7137 = ORIENTED_EDGE('',*,*,#7138,.F.);
#7138 = EDGE_CURVE('',#6907,#7022,#7139,.T.);
#7139 = SURFACE_CURVE('',#7140,(#7144,#7151),.PCURVE_S1.);
#7140 = LINE('',#7141,#7142);
#7141 = CARTESIAN_POINT('',(-46.58823529411,6.5,-1.));
#7142 = VECTOR('',#7143,1.);
#7143 = DIRECTION('',(1.,0.,-0.));
#7144 = PCURVE('',#6950,#7145);
#7145 = DEFINITIONAL_REPRESENTATION('',(#7146),#7150);
#7146 = LINE('',#7147,#7148);
#7147 = CARTESIAN_POINT('',(0.,0.));
#7148 = VECTOR('',#7149,1.);
#7149 = DIRECTION('',(0.,1.));
#7150 = ( GEOMETRIC_REPRESENTATION_CONTEXT(2) 
PARAMETRIC_REPRESENTATION_CONTEXT() REPRESENTATION_CONTEXT('2D SPACE',''
  ) );
#7151 = PCURVE('',#6922,#7152);
#7152 = DEFINITIONAL_REPRESENTATION('',(#7153),#7157);
#7153 = LINE('',#7154,#7155);
#7154 = CARTESIAN_POINT('',(0.,13.));
#7155 = VECTOR('',#7156,1.);
#7156 = DIRECTION('',(1.,0.));
#7157 = ( GEOMETRIC_REPRESENTATION_CONTEXT(2) 
PARAMETRIC_REPRESENTATION_CONTEXT() REPRESENTATION_CONTEXT('2D SPACE',''
  ) );
#7158 = ORIENTED_EDGE('',*,*,#6934,.T.);
#7159 = ORIENTED_EDGE('',*,*,#7160,.T.);
#7160 = EDGE_CURVE('',#6935,#7045,#7161,.T.);
#7161 = SURFACE_CURVE('',#7162,(#7166,#7173),.PCURVE_S1.);
#7162 = LINE('',#7163,#7164);
#7163 = CARTESIAN_POINT('',(-46.58823529411,6.5,1.));
#7164 = VECTOR('',#7165,1.);
#7165 = DIRECTION('',(1.,0.,-0.));
#7166 = PCURVE('',#6950,#7167);
#7167 = DEFINITIONAL_REPRESENTATION('',(#7168),#7172);
#7168 = LINE('',#7169,#7170);
#7169 = CARTESIAN_POINT('',(2.,0.));
#7170 = VECTOR('',#7171,1.);
#7171 = DIRECTION('',(0.,1.));
#7172 = ( GEOMETRIC_REPRESENTATION_CONTEXT(2) 
PARAMETRIC_REPRESENTATION_CONTEXT() REPRESENTATION_CONTEXT('2D SPACE',''
  ) );
#7173 = PCURVE('',#6976,#7174);
#7174 = DEFINITIONAL_REPRESENTATION('',(#7175),#7179);
#7175 = LINE('',#7176,#7177);
#7176 = CARTESIAN_POINT('',(0.,13.));
#7177 = VECTOR('',#7178,1.);
#7178 = DIRECTION('',(1.,0.));
#7179 = ( GEOMETRIC_REPRESENTATION_CONTEXT(2) 
PARAMETRIC_REPRESENTATION_CONTEXT() REPRESENTATION_CONTEXT('2D SPACE',''
  ) );
#7180 = ORIENTED_EDGE('',*,*,#7044,.F.);
#7181 = ADVANCED_FACE('',(#7182),#6922,.F.);
#7182 = FACE_BOUND('',#7183,.F.);
#7183 = EDGE_LOOP('',(#7184,#7185,#7186,#7187));
#7184 = ORIENTED_EDGE('',*,*,#6906,.F.);
#7185 = ORIENTED_EDGE('',*,*,#7091,.T.);
#7186 = ORIENTED_EDGE('',*,*,#7021,.T.);
#7187 = ORIENTED_EDGE('',*,*,#7138,.F.);
#7188 = ADVANCED_FACE('',(#7189),#6976,.T.);
#7189 = FACE_BOUND('',#7190,.T.);
#7190 = EDGE_LOOP('',(#7191,#7192,#7193,#7194));
#7191 = ORIENTED_EDGE('',*,*,#6962,.F.);
#7192 = ORIENTED_EDGE('',*,*,#7113,.T.);
#7193 = ORIENTED_EDGE('',*,*,#7067,.T.);
#7194 = ORIENTED_EDGE('',*,*,#7160,.F.);
#7195 = ( GEOMETRIC_REPRESENTATION_CONTEXT(3) 
GLOBAL_UNCERTAINTY_ASSIGNED_CONTEXT((#7199)) 
GLOBAL_UNIT_ASSIGNED_CONTEXT((#7196,#7197,#7198)) REPRESENTATION_CONTEXT
('Context #1','3D Context with UNIT and UNCERTAINTY') );
#7196 = ( LENGTH_UNIT() NAMED_UNIT(*) SI_UNIT(.MILLI.,.METRE.) );
#7197 = ( NAMED_UNIT(*) PLANE_ANGLE_UNIT() SI_UNIT($,.RADIAN.) );
#7198 = ( NAMED_UNIT(*) SI_UNIT($,.STERADIAN.) SOLID_ANGLE_UNIT() );
#7199 = UNCERTAINTY_MEASURE_WITH_UNIT(LENGTH_MEASURE(1.E-07),#7196,
  'distance_accuracy_value','confusion accuracy');
#7200 = CONTEXT_DEPENDENT_SHAPE_REPRESENTATION(#7201,#7203);
#7201 = ( REPRESENTATION_RELATIONSHIP('','',#6864,#10) 
REPRESENTATION_RELATIONSHIP_WITH_TRANSFORMATION(#7202) 
SHAPE_REPRESENTATION_RELATIONSHIP() );
#7202 = ITEM_DEFINED_TRANSFORMATION('','',#11,#31);
#7203 = PRODUCT_DEFINITION_SHAPE('Placement','Placement of an item',
  #7204);
#7204 = NEXT_ASSEMBLY_USAGE_OCCURRENCE('5','rubber.2','',#5,#6859,$);
#7205 = PRODUCT_RELATED_PRODUCT_CATEGORY('part',$,(#6861));
#7206 = SHAPE_DEFINITION_REPRESENTATION(#7207,#7213);
#7207 = PRODUCT_DEFINITION_SHAPE('','',#7208);
#7208 = PRODUCT_DEFINITION('design','',#7209,#7212);
#7209 = PRODUCT_DEFINITION_FORMATION('','',#7210);
#7210 = PRODUCT('fin.3','fin.3','',(#7211));
#7211 = PRODUCT_CONTEXT('',#2,'mechanical');
#7212 = PRODUCT_DEFINITION_CONTEXT('part definition',#2,'design');
#7213 = ADVANCED_BREP_SHAPE_REPRESENTATION('',(#11,#7214),#8558);
#7214 = MANIFOLD_SOLID_BREP('',#7215);
#7215 = CLOSED_SHELL('',(#7216,#7336,#7412,#7488,#7564,#7640,#7716,#7792
    ,#7868,#7944,#8020,#8096,#8172,#8248,#8324,#8400,#8471,#8518,#8538)
  );
#7216 = ADVANCED_FACE('',(#7217),#7231,.F.);
#7217 = FACE_BOUND('',#7218,.F.);
#7218 = EDGE_LOOP('',(#7219,#7254,#7282,#7310));
#7219 = ORIENTED_EDGE('',*,*,#7220,.T.);
#7220 = EDGE_CURVE('',#7221,#7223,#7225,.T.);
#7221 = VERTEX_POINT('',#7222);
#7222 = CARTESIAN_POINT('',(-56.,0.,9.702517901722E-17));
#7223 = VERTEX_POINT('',#7224);
#7224 = CARTESIAN_POINT('',(-56.,7.,9.702517901722E-17));
#7225 = SURFACE_CURVE('',#7226,(#7230,#7242),.PCURVE_S1.);
#7226 = LINE('',#7227,#7228);
#7227 = CARTESIAN_POINT('',(-56.,0.,9.702517901722E-17));
#7228 = VECTOR('',#7229,1.);
#7229 = DIRECTION('',(0.,1.,0.));
#7230 = PCURVE('',#7231,#7236);
#7231 = PLANE('',#7232);
#7232 = AXIS2_PLACEMENT_3D('',#7233,#7234,#7235);
#7233 = CARTESIAN_POINT('',(-56.,0.,1.940503580344E-16));
#7234 = DIRECTION('',(-1.73259248245E-18,0.,-1.));
#7235 = DIRECTION('',(1.,0.,-1.73259248245E-18));
#7236 = DEFINITIONAL_REPRESENTATION('',(#7237),#7241);
#7237 = LINE('',#7238,#7239);
#7238 = CARTESIAN_POINT('',(7.105427357601E-15,0.));
#7239 = VECTOR('',#7240,1.);
#7240 = DIRECTION('',(0.,-1.));
#7241 = ( GEOMETRIC_REPRESENTATION_CONTEXT(2) 
PARAMETRIC_REPRESENTATION_CONTEXT() REPRESENTATION_CONTEXT('2D SPACE',''
  ) );
#7242 = PCURVE('',#7243,#7248);
#7243 = PLANE('',#7244);
#7244 = AXIS2_PLACEMENT_3D('',#7245,#7246,#7247);
#7245 = CARTESIAN_POINT('',(4.073945557511,0.,-12.75));
#7246 = DIRECTION('',(0.207613935385,-0.,0.978210843241));
#7247 = DIRECTION('',(-0.978210843241,0.,0.207613935385));
#7248 = DEFINITIONAL_REPRESENTATION('',(#7249),#7253);
#7249 = LINE('',#7250,#7251);
#7250 = CARTESIAN_POINT('',(61.412062616776,0.));
#7251 = VECTOR('',#7252,1.);
#7252 = DIRECTION('',(0.,-1.));
#7253 = ( GEOMETRIC_REPRESENTATION_CONTEXT(2) 
PARAMETRIC_REPRESENTATION_CONTEXT() REPRESENTATION_CONTEXT('2D SPACE',''
  ) );
#7254 = ORIENTED_EDGE('',*,*,#7255,.T.);
#7255 = EDGE_CURVE('',#7223,#7256,#7258,.T.);
#7256 = VERTEX_POINT('',#7257);
#7257 = CARTESIAN_POINT('',(56.,7.,0.));
#7258 = SURFACE_CURVE('',#7259,(#7263,#7270),.PCURVE_S1.);
#7259 = LINE('',#7260,#7261);
#7260 = CARTESIAN_POINT('',(-56.,7.,1.940503580344E-16));
#7261 = VECTOR('',#7262,1.);
#7262 = DIRECTION('',(1.,0.,-1.73259248245E-18));
#7263 = PCURVE('',#7231,#7264);
#7264 = DEFINITIONAL_REPRESENTATION('',(#7265),#7269);
#7265 = LINE('',#7266,#7267);
#7266 = CARTESIAN_POINT('',(0.,-7.));
#7267 = VECTOR('',#7268,1.);
#7268 = DIRECTION('',(1.,0.));
#7269 = ( GEOMETRIC_REPRESENTATION_CONTEXT(2) 
PARAMETRIC_REPRESENTATION_CONTEXT() REPRESENTATION_CONTEXT('2D SPACE',''
  ) );
#7270 = PCURVE('',#7271,#7276);
#7271 = PLANE('',#7272);
#7272 = AXIS2_PLACEMENT_3D('',#7273,#7274,#7275);
#7273 = CARTESIAN_POINT('',(4.423853540941,7.,-30.98635786995));
#7274 = DIRECTION('',(0.,1.,0.));
#7275 = DIRECTION('',(0.,-0.,1.));
#7276 = DEFINITIONAL_REPRESENTATION('',(#7277),#7281);
#7277 = LINE('',#7278,#7279);
#7278 = CARTESIAN_POINT('',(30.986357869953,-60.42385354094));
#7279 = VECTOR('',#7280,1.);
#7280 = DIRECTION('',(-1.73259248245E-18,1.));
#7281 = ( GEOMETRIC_REPRESENTATION_CONTEXT(2) 
PARAMETRIC_REPRESENTATION_CONTEXT() REPRESENTATION_CONTEXT('2D SPACE',''
  ) );
#7282 = ORIENTED_EDGE('',*,*,#7283,.F.);
#7283 = EDGE_CURVE('',#7284,#7256,#7286,.T.);
#7284 = VERTEX_POINT('',#7285);
#7285 = CARTESIAN_POINT('',(56.,0.,0.));
#7286 = SURFACE_CURVE('',#7287,(#7291,#7298),.PCURVE_S1.);
#7287 = LINE('',#7288,#7289);
#7288 = CARTESIAN_POINT('',(56.,0.,0.));
#7289 = VECTOR('',#7290,1.);
#7290 = DIRECTION('',(0.,1.,0.));
#7291 = PCURVE('',#7231,#7292);
#7292 = DEFINITIONAL_REPRESENTATION('',(#7293),#7297);
#7293 = LINE('',#7294,#7295);
#7294 = CARTESIAN_POINT('',(112.,0.));
#7295 = VECTOR('',#7296,1.);
#7296 = DIRECTION('',(0.,-1.));
#7297 = ( GEOMETRIC_REPRESENTATION_CONTEXT(2) 
PARAMETRIC_REPRESENTATION_CONTEXT() REPRESENTATION_CONTEXT('2D SPACE',''
  ) );
#7298 = PCURVE('',#7299,#7304);
#7299 = PLANE('',#7300);
#7300 = AXIS2_PLACEMENT_3D('',#7301,#7302,#7303);
#7301 = CARTESIAN_POINT('',(56.,0.,0.));
#7302 = DIRECTION('',(-0.968842240708,0.,0.24767864789));
#7303 = DIRECTION('',(-0.24767864789,0.,-0.968842240708));
#7304 = DEFINITIONAL_REPRESENTATION('',(#7305),#7309);
#7305 = LINE('',#7306,#7307);
#7306 = CARTESIAN_POINT('',(0.,0.));
#7307 = VECTOR('',#7308,1.);
#7308 = DIRECTION('',(0.,-1.));
#7309 = ( GEOMETRIC_REPRESENTATION_CONTEXT(2) 
PARAMETRIC_REPRESENTATION_CONTEXT() REPRESENTATION_CONTEXT('2D SPACE',''
  ) );
#7310 = ORIENTED_EDGE('',*,*,#7311,.F.);
#7311 = EDGE_CURVE('',#7221,#7284,#7312,.T.);
#7312 = SURFACE_CURVE('',#7313,(#7317,#7324),.PCURVE_S1.);
#7313 = LINE('',#7314,#7315);
#7314 = CARTESIAN_POINT('',(-56.,0.,1.940503580344E-16));
#7315 = VECTOR('',#7316,1.);
#7316 = DIRECTION('',(1.,0.,-1.73259248245E-18));
#7317 = PCURVE('',#7231,#7318);
#7318 = DEFINITIONAL_REPRESENTATION('',(#7319),#7323);
#7319 = LINE('',#7320,#7321);
#7320 = CARTESIAN_POINT('',(0.,0.));
#7321 = VECTOR('',#7322,1.);
#7322 = DIRECTION('',(1.,0.));
#7323 = ( GEOMETRIC_REPRESENTATION_CONTEXT(2) 
PARAMETRIC_REPRESENTATION_CONTEXT() REPRESENTATION_CONTEXT('2D SPACE',''
  ) );
#7324 = PCURVE('',#7325,#7330);
#7325 = PLANE('',#7326);
#7326 = AXIS2_PLACEMENT_3D('',#7327,#7328,#7329);
#7327 = CARTESIAN_POINT('',(4.423853540941,0.,-30.98635786995));
#7328 = DIRECTION('',(0.,1.,0.));
#7329 = DIRECTION('',(0.,-0.,1.));
#7330 = DEFINITIONAL_REPRESENTATION('',(#7331),#7335);
#7331 = LINE('',#7332,#7333);
#7332 = CARTESIAN_POINT('',(30.986357869953,-60.42385354094));
#7333 = VECTOR('',#7334,1.);
#7334 = DIRECTION('',(-1.73259248245E-18,1.));
#7335 = ( GEOMETRIC_REPRESENTATION_CONTEXT(2) 
PARAMETRIC_REPRESENTATION_CONTEXT() REPRESENTATION_CONTEXT('2D SPACE',''
  ) );
#7336 = ADVANCED_FACE('',(#7337),#7299,.F.);
#7337 = FACE_BOUND('',#7338,.F.);
#7338 = EDGE_LOOP('',(#7339,#7340,#7363,#7391));
#7339 = ORIENTED_EDGE('',*,*,#7283,.T.);
#7340 = ORIENTED_EDGE('',*,*,#7341,.T.);
#7341 = EDGE_CURVE('',#7256,#7342,#7344,.T.);
#7342 = VERTEX_POINT('',#7343);
#7343 = CARTESIAN_POINT('',(52.740539761879,7.,-12.75));
#7344 = SURFACE_CURVE('',#7345,(#7349,#7356),.PCURVE_S1.);
#7345 = LINE('',#7346,#7347);
#7346 = CARTESIAN_POINT('',(56.,7.,0.));
#7347 = VECTOR('',#7348,1.);
#7348 = DIRECTION('',(-0.24767864789,0.,-0.968842240708));
#7349 = PCURVE('',#7299,#7350);
#7350 = DEFINITIONAL_REPRESENTATION('',(#7351),#7355);
#7351 = LINE('',#7352,#7353);
#7352 = CARTESIAN_POINT('',(0.,-7.));
#7353 = VECTOR('',#7354,1.);
#7354 = DIRECTION('',(1.,0.));
#7355 = ( GEOMETRIC_REPRESENTATION_CONTEXT(2) 
PARAMETRIC_REPRESENTATION_CONTEXT() REPRESENTATION_CONTEXT('2D SPACE',''
  ) );
#7356 = PCURVE('',#7271,#7357);
#7357 = DEFINITIONAL_REPRESENTATION('',(#7358),#7362);
#7358 = LINE('',#7359,#7360);
#7359 = CARTESIAN_POINT('',(30.986357869953,51.576146459059));
#7360 = VECTOR('',#7361,1.);
#7361 = DIRECTION('',(-0.968842240708,-0.24767864789));
#7362 = ( GEOMETRIC_REPRESENTATION_CONTEXT(2) 
PARAMETRIC_REPRESENTATION_CONTEXT() REPRESENTATION_CONTEXT('2D SPACE',''
  ) );
#7363 = ORIENTED_EDGE('',*,*,#7364,.F.);
#7364 = EDGE_CURVE('',#7365,#7342,#7367,.T.);
#7365 = VERTEX_POINT('',#7366);
#7366 = CARTESIAN_POINT('',(52.740539761879,0.,-12.75));
#7367 = SURFACE_CURVE('',#7368,(#7372,#7379),.PCURVE_S1.);
#7368 = LINE('',#7369,#7370);
#7369 = CARTESIAN_POINT('',(52.740539761879,0.,-12.75));
#7370 = VECTOR('',#7371,1.);
#7371 = DIRECTION('',(0.,1.,0.));
#7372 = PCURVE('',#7299,#7373);
#7373 = DEFINITIONAL_REPRESENTATION('',(#7374),#7378);
#7374 = LINE('',#7375,#7376);
#7375 = CARTESIAN_POINT('',(13.160037273651,0.));
#7376 = VECTOR('',#7377,1.);
#7377 = DIRECTION('',(0.,-1.));
#7378 = ( GEOMETRIC_REPRESENTATION_CONTEXT(2) 
PARAMETRIC_REPRESENTATION_CONTEXT() REPRESENTATION_CONTEXT('2D SPACE',''
  ) );
#7379 = PCURVE('',#7380,#7385);
#7380 = PLANE('',#7381);
#7381 = AXIS2_PLACEMENT_3D('',#7382,#7383,#7384);
#7382 = CARTESIAN_POINT('',(52.740539761879,0.,-12.75));
#7383 = DIRECTION('',(-0.933719977858,0.,0.358004194039));
#7384 = DIRECTION('',(-0.358004194039,0.,-0.933719977858));
#7385 = DEFINITIONAL_REPRESENTATION('',(#7386),#7390);
#7386 = LINE('',#7387,#7388);
#7387 = CARTESIAN_POINT('',(0.,0.));
#7388 = VECTOR('',#7389,1.);
#7389 = DIRECTION('',(0.,-1.));
#7390 = ( GEOMETRIC_REPRESENTATION_CONTEXT(2) 
PARAMETRIC_REPRESENTATION_CONTEXT() REPRESENTATION_CONTEXT('2D SPACE',''
  ) );
#7391 = ORIENTED_EDGE('',*,*,#7392,.F.);
#7392 = EDGE_CURVE('',#7284,#7365,#7393,.T.);
#7393 = SURFACE_CURVE('',#7394,(#7398,#7405),.PCURVE_S1.);
#7394 = LINE('',#7395,#7396);
#7395 = CARTESIAN_POINT('',(56.,0.,0.));
#7396 = VECTOR('',#7397,1.);
#7397 = DIRECTION('',(-0.24767864789,0.,-0.968842240708));
#7398 = PCURVE('',#7299,#7399);
#7399 = DEFINITIONAL_REPRESENTATION('',(#7400),#7404);
#7400 = LINE('',#7401,#7402);
#7401 = CARTESIAN_POINT('',(0.,0.));
#7402 = VECTOR('',#7403,1.);
#7403 = DIRECTION('',(1.,0.));
#7404 = ( GEOMETRIC_REPRESENTATION_CONTEXT(2) 
PARAMETRIC_REPRESENTATION_CONTEXT() REPRESENTATION_CONTEXT('2D SPACE',''
  ) );
#7405 = PCURVE('',#7325,#7406);
#7406 = DEFINITIONAL_REPRESENTATION('',(#7407),#7411);
#7407 = LINE('',#7408,#7409);
#7408 = CARTESIAN_POINT('',(30.986357869953,51.576146459059));
#7409 = VECTOR('',#7410,1.);
#7410 = DIRECTION('',(-0.968842240708,-0.24767864789));
#7411 = ( GEOMETRIC_REPRESENTATION_CONTEXT(2) 
PARAMETRIC_REPRESENTATION_CONTEXT() REPRESENTATION_CONTEXT('2D SPACE',''
  ) );
#7412 = ADVANCED_FACE('',(#7413),#7380,.F.);
#7413 = FACE_BOUND('',#7414,.F.);
#7414 = EDGE_LOOP('',(#7415,#7416,#7439,#7467));
#7415 = ORIENTED_EDGE('',*,*,#7364,.T.);
#7416 = ORIENTED_EDGE('',*,*,#7417,.T.);
#7417 = EDGE_CURVE('',#7342,#7418,#7420,.T.);
#7418 = VERTEX_POINT('',#7419);
#7419 = CARTESIAN_POINT('',(47.851971901871,7.,-25.5));
#7420 = SURFACE_CURVE('',#7421,(#7425,#7432),.PCURVE_S1.);
#7421 = LINE('',#7422,#7423);
#7422 = CARTESIAN_POINT('',(52.740539761879,7.,-12.75));
#7423 = VECTOR('',#7424,1.);
#7424 = DIRECTION('',(-0.358004194039,0.,-0.933719977858));
#7425 = PCURVE('',#7380,#7426);
#7426 = DEFINITIONAL_REPRESENTATION('',(#7427),#7431);
#7427 = LINE('',#7428,#7429);
#7428 = CARTESIAN_POINT('',(0.,-7.));
#7429 = VECTOR('',#7430,1.);
#7430 = DIRECTION('',(1.,0.));
#7431 = ( GEOMETRIC_REPRESENTATION_CONTEXT(2) 
PARAMETRIC_REPRESENTATION_CONTEXT() REPRESENTATION_CONTEXT('2D SPACE',''
  ) );
#7432 = PCURVE('',#7271,#7433);
#7433 = DEFINITIONAL_REPRESENTATION('',(#7434),#7438);
#7434 = LINE('',#7435,#7436);
#7435 = CARTESIAN_POINT('',(18.236357869953,48.316686220938));
#7436 = VECTOR('',#7437,1.);
#7437 = DIRECTION('',(-0.933719977858,-0.358004194039));
#7438 = ( GEOMETRIC_REPRESENTATION_CONTEXT(2) 
PARAMETRIC_REPRESENTATION_CONTEXT() REPRESENTATION_CONTEXT('2D SPACE',''
  ) );
#7439 = ORIENTED_EDGE('',*,*,#7440,.F.);
#7440 = EDGE_CURVE('',#7441,#7418,#7443,.T.);
#7441 = VERTEX_POINT('',#7442);
#7442 = CARTESIAN_POINT('',(47.851971901871,0.,-25.5));
#7443 = SURFACE_CURVE('',#7444,(#7448,#7455),.PCURVE_S1.);
#7444 = LINE('',#7445,#7446);
#7445 = CARTESIAN_POINT('',(47.851971901871,0.,-25.5));
#7446 = VECTOR('',#7447,1.);
#7447 = DIRECTION('',(0.,1.,0.));
#7448 = PCURVE('',#7380,#7449);
#7449 = DEFINITIONAL_REPRESENTATION('',(#7450),#7454);
#7450 = LINE('',#7451,#7452);
#7451 = CARTESIAN_POINT('',(13.655057514412,0.));
#7452 = VECTOR('',#7453,1.);
#7453 = DIRECTION('',(0.,-1.));
#7454 = ( GEOMETRIC_REPRESENTATION_CONTEXT(2) 
PARAMETRIC_REPRESENTATION_CONTEXT() REPRESENTATION_CONTEXT('2D SPACE',''
  ) );
#7455 = PCURVE('',#7456,#7461);
#7456 = PLANE('',#7457);
#7457 = AXIS2_PLACEMENT_3D('',#7458,#7459,#7460);
#7458 = CARTESIAN_POINT('',(47.851971901871,0.,-25.5));
#7459 = DIRECTION('',(-0.90339076151,0.,0.428818297206));
#7460 = DIRECTION('',(-0.428818297206,0.,-0.90339076151));
#7461 = DEFINITIONAL_REPRESENTATION('',(#7462),#7466);
#7462 = LINE('',#7463,#7464);
#7463 = CARTESIAN_POINT('',(0.,0.));
#7464 = VECTOR('',#7465,1.);
#7465 = DIRECTION('',(0.,-1.));
#7466 = ( GEOMETRIC_REPRESENTATION_CONTEXT(2) 
PARAMETRIC_REPRESENTATION_CONTEXT() REPRESENTATION_CONTEXT('2D SPACE',''
  ) );
#7467 = ORIENTED_EDGE('',*,*,#7468,.F.);
#7468 = EDGE_CURVE('',#7365,#7441,#7469,.T.);
#7469 = SURFACE_CURVE('',#7470,(#7474,#7481),.PCURVE_S1.);
#7470 = LINE('',#7471,#7472);
#7471 = CARTESIAN_POINT('',(52.740539761879,0.,-12.75));
#7472 = VECTOR('',#7473,1.);
#7473 = DIRECTION('',(-0.358004194039,0.,-0.933719977858));
#7474 = PCURVE('',#7380,#7475);
#7475 = DEFINITIONAL_REPRESENTATION('',(#7476),#7480);
#7476 = LINE('',#7477,#7478);
#7477 = CARTESIAN_POINT('',(0.,0.));
#7478 = VECTOR('',#7479,1.);
#7479 = DIRECTION('',(1.,0.));
#7480 = ( GEOMETRIC_REPRESENTATION_CONTEXT(2) 
PARAMETRIC_REPRESENTATION_CONTEXT() REPRESENTATION_CONTEXT('2D SPACE',''
  ) );
#7481 = PCURVE('',#7325,#7482);
#7482 = DEFINITIONAL_REPRESENTATION('',(#7483),#7487);
#7483 = LINE('',#7484,#7485);
#7484 = CARTESIAN_POINT('',(18.236357869953,48.316686220938));
#7485 = VECTOR('',#7486,1.);
#7486 = DIRECTION('',(-0.933719977858,-0.358004194039));
#7487 = ( GEOMETRIC_REPRESENTATION_CONTEXT(2) 
PARAMETRIC_REPRESENTATION_CONTEXT() REPRESENTATION_CONTEXT('2D SPACE',''
  ) );
#7488 = ADVANCED_FACE('',(#7489),#7456,.F.);
#7489 = FACE_BOUND('',#7490,.F.);
#7490 = EDGE_LOOP('',(#7491,#7492,#7515,#7543));
#7491 = ORIENTED_EDGE('',*,*,#7440,.T.);
#7492 = ORIENTED_EDGE('',*,*,#7493,.T.);
#7493 = EDGE_CURVE('',#7418,#7494,#7496,.T.);
#7494 = VERTEX_POINT('',#7495);
#7495 = CARTESIAN_POINT('',(41.799847480943,7.,-38.25));
#7496 = SURFACE_CURVE('',#7497,(#7501,#7508),.PCURVE_S1.);
#7497 = LINE('',#7498,#7499);
#7498 = CARTESIAN_POINT('',(47.851971901871,7.,-25.5));
#7499 = VECTOR('',#7500,1.);
#7500 = DIRECTION('',(-0.428818297206,0.,-0.90339076151));
#7501 = PCURVE('',#7456,#7502);
#7502 = DEFINITIONAL_REPRESENTATION('',(#7503),#7507);
#7503 = LINE('',#7504,#7505);
#7504 = CARTESIAN_POINT('',(0.,-7.));
#7505 = VECTOR('',#7506,1.);
#7506 = DIRECTION('',(1.,0.));
#7507 = ( GEOMETRIC_REPRESENTATION_CONTEXT(2) 
PARAMETRIC_REPRESENTATION_CONTEXT() REPRESENTATION_CONTEXT('2D SPACE',''
  ) );
#7508 = PCURVE('',#7271,#7509);
#7509 = DEFINITIONAL_REPRESENTATION('',(#7510),#7514);
#7510 = LINE('',#7511,#7512);
#7511 = CARTESIAN_POINT('',(5.486357869953,43.42811836093));
#7512 = VECTOR('',#7513,1.);
#7513 = DIRECTION('',(-0.90339076151,-0.428818297206));
#7514 = ( GEOMETRIC_REPRESENTATION_CONTEXT(2) 
PARAMETRIC_REPRESENTATION_CONTEXT() REPRESENTATION_CONTEXT('2D SPACE',''
  ) );
#7515 = ORIENTED_EDGE('',*,*,#7516,.F.);
#7516 = EDGE_CURVE('',#7517,#7494,#7519,.T.);
#7517 = VERTEX_POINT('',#7518);
#7518 = CARTESIAN_POINT('',(41.799847480943,0.,-38.25));
#7519 = SURFACE_CURVE('',#7520,(#7524,#7531),.PCURVE_S1.);
#7520 = LINE('',#7521,#7522);
#7521 = CARTESIAN_POINT('',(41.799847480943,0.,-38.25));
#7522 = VECTOR('',#7523,1.);
#7523 = DIRECTION('',(0.,1.,0.));
#7524 = PCURVE('',#7456,#7525);
#7525 = DEFINITIONAL_REPRESENTATION('',(#7526),#7530);
#7526 = LINE('',#7527,#7528);
#7527 = CARTESIAN_POINT('',(14.113493897912,0.));
#7528 = VECTOR('',#7529,1.);
#7529 = DIRECTION('',(0.,-1.));
#7530 = ( GEOMETRIC_REPRESENTATION_CONTEXT(2) 
PARAMETRIC_REPRESENTATION_CONTEXT() REPRESENTATION_CONTEXT('2D SPACE',''
  ) );
#7531 = PCURVE('',#7532,#7537);
#7532 = PLANE('',#7533);
#7533 = AXIS2_PLACEMENT_3D('',#7534,#7535,#7536);
#7534 = CARTESIAN_POINT('',(41.799847480943,0.,-38.25));
#7535 = DIRECTION('',(-0.875579085792,0.,0.483074802203));
#7536 = DIRECTION('',(-0.483074802203,0.,-0.875579085792));
#7537 = DEFINITIONAL_REPRESENTATION('',(#7538),#7542);
#7538 = LINE('',#7539,#7540);
#7539 = CARTESIAN_POINT('',(0.,0.));
#7540 = VECTOR('',#7541,1.);
#7541 = DIRECTION('',(0.,-1.));
#7542 = ( GEOMETRIC_REPRESENTATION_CONTEXT(2) 
PARAMETRIC_REPRESENTATION_CONTEXT() REPRESENTATION_CONTEXT('2D SPACE',''
  ) );
#7543 = ORIENTED_EDGE('',*,*,#7544,.F.);
#7544 = EDGE_CURVE('',#7441,#7517,#7545,.T.);
#7545 = SURFACE_CURVE('',#7546,(#7550,#7557),.PCURVE_S1.);
#7546 = LINE('',#7547,#7548);
#7547 = CARTESIAN_POINT('',(47.851971901871,0.,-25.5));
#7548 = VECTOR('',#7549,1.);
#7549 = DIRECTION('',(-0.428818297206,0.,-0.90339076151));
#7550 = PCURVE('',#7456,#7551);
#7551 = DEFINITIONAL_REPRESENTATION('',(#7552),#7556);
#7552 = LINE('',#7553,#7554);
#7553 = CARTESIAN_POINT('',(0.,0.));
#7554 = VECTOR('',#7555,1.);
#7555 = DIRECTION('',(1.,0.));
#7556 = ( GEOMETRIC_REPRESENTATION_CONTEXT(2) 
PARAMETRIC_REPRESENTATION_CONTEXT() REPRESENTATION_CONTEXT('2D SPACE',''
  ) );
#7557 = PCURVE('',#7325,#7558);
#7558 = DEFINITIONAL_REPRESENTATION('',(#7559),#7563);
#7559 = LINE('',#7560,#7561);
#7560 = CARTESIAN_POINT('',(5.486357869953,43.42811836093));
#7561 = VECTOR('',#7562,1.);
#7562 = DIRECTION('',(-0.90339076151,-0.428818297206));
#7563 = ( GEOMETRIC_REPRESENTATION_CONTEXT(2) 
PARAMETRIC_REPRESENTATION_CONTEXT() REPRESENTATION_CONTEXT('2D SPACE',''
  ) );
#7564 = ADVANCED_FACE('',(#7565),#7532,.F.);
#7565 = FACE_BOUND('',#7566,.F.);
#7566 = EDGE_LOOP('',(#7567,#7568,#7591,#7619));
#7567 = ORIENTED_EDGE('',*,*,#7516,.T.);
#7568 = ORIENTED_EDGE('',*,*,#7569,.T.);
#7569 = EDGE_CURVE('',#7494,#7570,#7572,.T.);
#7570 = VERTEX_POINT('',#7571);
#7571 = CARTESIAN_POINT('',(34.765412981498,7.,-51.));
#7572 = SURFACE_CURVE('',#7573,(#7577,#7584),.PCURVE_S1.);
#7573 = LINE('',#7574,#7575);
#7574 = CARTESIAN_POINT('',(41.799847480943,7.,-38.25));
#7575 = VECTOR('',#7576,1.);
#7576 = DIRECTION('',(-0.483074802203,0.,-0.875579085792));
#7577 = PCURVE('',#7532,#7578);
#7578 = DEFINITIONAL_REPRESENTATION('',(#7579),#7583);
#7579 = LINE('',#7580,#7581);
#7580 = CARTESIAN_POINT('',(0.,-7.));
#7581 = VECTOR('',#7582,1.);
#7582 = DIRECTION('',(1.,0.));
#7583 = ( GEOMETRIC_REPRESENTATION_CONTEXT(2) 
PARAMETRIC_REPRESENTATION_CONTEXT() REPRESENTATION_CONTEXT('2D SPACE',''
  ) );
#7584 = PCURVE('',#7271,#7585);
#7585 = DEFINITIONAL_REPRESENTATION('',(#7586),#7590);
#7586 = LINE('',#7587,#7588);
#7587 = CARTESIAN_POINT('',(-7.263642130047,37.375993940002));
#7588 = VECTOR('',#7589,1.);
#7589 = DIRECTION('',(-0.875579085792,-0.483074802203));
#7590 = ( GEOMETRIC_REPRESENTATION_CONTEXT(2) 
PARAMETRIC_REPRESENTATION_CONTEXT() REPRESENTATION_CONTEXT('2D SPACE',''
  ) );
#7591 = ORIENTED_EDGE('',*,*,#7592,.F.);
#7592 = EDGE_CURVE('',#7593,#7570,#7595,.T.);
#7593 = VERTEX_POINT('',#7594);
#7594 = CARTESIAN_POINT('',(34.765412981498,0.,-51.));
#7595 = SURFACE_CURVE('',#7596,(#7600,#7607),.PCURVE_S1.);
#7596 = LINE('',#7597,#7598);
#7597 = CARTESIAN_POINT('',(34.765412981498,0.,-51.));
#7598 = VECTOR('',#7599,1.);
#7599 = DIRECTION('',(0.,1.,0.));
#7600 = PCURVE('',#7532,#7601);
#7601 = DEFINITIONAL_REPRESENTATION('',(#7602),#7606);
#7602 = LINE('',#7603,#7604);
#7603 = CARTESIAN_POINT('',(14.561791398279,0.));
#7604 = VECTOR('',#7605,1.);
#7605 = DIRECTION('',(0.,-1.));
#7606 = ( GEOMETRIC_REPRESENTATION_CONTEXT(2) 
PARAMETRIC_REPRESENTATION_CONTEXT() REPRESENTATION_CONTEXT('2D SPACE',''
  ) );
#7607 = PCURVE('',#7608,#7613);
#7608 = PLANE('',#7609);
#7609 = AXIS2_PLACEMENT_3D('',#7610,#7611,#7612);
#7610 = CARTESIAN_POINT('',(34.765412981498,0.,-51.));
#7611 = DIRECTION('',(-0.849816290134,0.,0.527079000741));
#7612 = DIRECTION('',(-0.527079000741,0.,-0.849816290134));
#7613 = DEFINITIONAL_REPRESENTATION('',(#7614),#7618);
#7614 = LINE('',#7615,#7616);
#7615 = CARTESIAN_POINT('',(0.,0.));
#7616 = VECTOR('',#7617,1.);
#7617 = DIRECTION('',(0.,-1.));
#7618 = ( GEOMETRIC_REPRESENTATION_CONTEXT(2) 
PARAMETRIC_REPRESENTATION_CONTEXT() REPRESENTATION_CONTEXT('2D SPACE',''
  ) );
#7619 = ORIENTED_EDGE('',*,*,#7620,.F.);
#7620 = EDGE_CURVE('',#7517,#7593,#7621,.T.);
#7621 = SURFACE_CURVE('',#7622,(#7626,#7633),.PCURVE_S1.);
#7622 = LINE('',#7623,#7624);
#7623 = CARTESIAN_POINT('',(41.799847480943,0.,-38.25));
#7624 = VECTOR('',#7625,1.);
#7625 = DIRECTION('',(-0.483074802203,0.,-0.875579085792));
#7626 = PCURVE('',#7532,#7627);
#7627 = DEFINITIONAL_REPRESENTATION('',(#7628),#7632);
#7628 = LINE('',#7629,#7630);
#7629 = CARTESIAN_POINT('',(0.,0.));
#7630 = VECTOR('',#7631,1.);
#7631 = DIRECTION('',(1.,0.));
#7632 = ( GEOMETRIC_REPRESENTATION_CONTEXT(2) 
PARAMETRIC_REPRESENTATION_CONTEXT() REPRESENTATION_CONTEXT('2D SPACE',''
  ) );
#7633 = PCURVE('',#7325,#7634);
#7634 = DEFINITIONAL_REPRESENTATION('',(#7635),#7639);
#7635 = LINE('',#7636,#7637);
#7636 = CARTESIAN_POINT('',(-7.263642130047,37.375993940002));
#7637 = VECTOR('',#7638,1.);
#7638 = DIRECTION('',(-0.875579085792,-0.483074802203));
#7639 = ( GEOMETRIC_REPRESENTATION_CONTEXT(2) 
PARAMETRIC_REPRESENTATION_CONTEXT() REPRESENTATION_CONTEXT('2D SPACE',''
  ) );
#7640 = ADVANCED_FACE('',(#7641),#7608,.F.);
#7641 = FACE_BOUND('',#7642,.F.);
#7642 = EDGE_LOOP('',(#7643,#7644,#7667,#7695));
#7643 = ORIENTED_EDGE('',*,*,#7592,.T.);
#7644 = ORIENTED_EDGE('',*,*,#7645,.T.);
#7645 = EDGE_CURVE('',#7570,#7646,#7648,.T.);
#7646 = VERTEX_POINT('',#7647);
#7647 = CARTESIAN_POINT('',(26.857518843126,7.,-63.75));
#7648 = SURFACE_CURVE('',#7649,(#7653,#7660),.PCURVE_S1.);
#7649 = LINE('',#7650,#7651);
#7650 = CARTESIAN_POINT('',(34.765412981498,7.,-51.));
#7651 = VECTOR('',#7652,1.);
#7652 = DIRECTION('',(-0.527079000741,0.,-0.849816290134));
#7653 = PCURVE('',#7608,#7654);
#7654 = DEFINITIONAL_REPRESENTATION('',(#7655),#7659);
#7655 = LINE('',#7656,#7657);
#7656 = CARTESIAN_POINT('',(0.,-7.));
#7657 = VECTOR('',#7658,1.);
#7658 = DIRECTION('',(1.,0.));
#7659 = ( GEOMETRIC_REPRESENTATION_CONTEXT(2) 
PARAMETRIC_REPRESENTATION_CONTEXT() REPRESENTATION_CONTEXT('2D SPACE',''
  ) );
#7660 = PCURVE('',#7271,#7661);
#7661 = DEFINITIONAL_REPRESENTATION('',(#7662),#7666);
#7662 = LINE('',#7663,#7664);
#7663 = CARTESIAN_POINT('',(-20.01364213004,30.341559440557));
#7664 = VECTOR('',#7665,1.);
#7665 = DIRECTION('',(-0.849816290134,-0.527079000741));
#7666 = ( GEOMETRIC_REPRESENTATION_CONTEXT(2) 
PARAMETRIC_REPRESENTATION_CONTEXT() REPRESENTATION_CONTEXT('2D SPACE',''
  ) );
#7667 = ORIENTED_EDGE('',*,*,#7668,.F.);
#7668 = EDGE_CURVE('',#7669,#7646,#7671,.T.);
#7669 = VERTEX_POINT('',#7670);
#7670 = CARTESIAN_POINT('',(26.857518843126,0.,-63.75));
#7671 = SURFACE_CURVE('',#7672,(#7676,#7683),.PCURVE_S1.);
#7672 = LINE('',#7673,#7674);
#7673 = CARTESIAN_POINT('',(26.857518843126,0.,-63.75));
#7674 = VECTOR('',#7675,1.);
#7675 = DIRECTION('',(0.,1.,0.));
#7676 = PCURVE('',#7608,#7677);
#7677 = DEFINITIONAL_REPRESENTATION('',(#7678),#7682);
#7678 = LINE('',#7679,#7680);
#7679 = CARTESIAN_POINT('',(15.003242639633,0.));
#7680 = VECTOR('',#7681,1.);
#7681 = DIRECTION('',(0.,-1.));
#7682 = ( GEOMETRIC_REPRESENTATION_CONTEXT(2) 
PARAMETRIC_REPRESENTATION_CONTEXT() REPRESENTATION_CONTEXT('2D SPACE',''
  ) );
#7683 = PCURVE('',#7684,#7689);
#7684 = PLANE('',#7685);
#7685 = AXIS2_PLACEMENT_3D('',#7686,#7687,#7688);
#7686 = CARTESIAN_POINT('',(26.857518843126,0.,-63.75));
#7687 = DIRECTION('',(-0.825843464219,0.,0.563899434834));
#7688 = DIRECTION('',(-0.563899434834,0.,-0.825843464219));
#7689 = DEFINITIONAL_REPRESENTATION('',(#7690),#7694);
#7690 = LINE('',#7691,#7692);
#7691 = CARTESIAN_POINT('',(0.,0.));
#7692 = VECTOR('',#7693,1.);
#7693 = DIRECTION('',(0.,-1.));
#7694 = ( GEOMETRIC_REPRESENTATION_CONTEXT(2) 
PARAMETRIC_REPRESENTATION_CONTEXT() REPRESENTATION_CONTEXT('2D SPACE',''
  ) );
#7695 = ORIENTED_EDGE('',*,*,#7696,.F.);
#7696 = EDGE_CURVE('',#7593,#7669,#7697,.T.);
#7697 = SURFACE_CURVE('',#7698,(#7702,#7709),.PCURVE_S1.);
#7698 = LINE('',#7699,#7700);
#7699 = CARTESIAN_POINT('',(34.765412981498,0.,-51.));
#7700 = VECTOR('',#7701,1.);
#7701 = DIRECTION('',(-0.527079000741,0.,-0.849816290134));
#7702 = PCURVE('',#7608,#7703);
#7703 = DEFINITIONAL_REPRESENTATION('',(#7704),#7708);
#7704 = LINE('',#7705,#7706);
#7705 = CARTESIAN_POINT('',(0.,0.));
#7706 = VECTOR('',#7707,1.);
#7707 = DIRECTION('',(1.,0.));
#7708 = ( GEOMETRIC_REPRESENTATION_CONTEXT(2) 
PARAMETRIC_REPRESENTATION_CONTEXT() REPRESENTATION_CONTEXT('2D SPACE',''
  ) );
#7709 = PCURVE('',#7325,#7710);
#7710 = DEFINITIONAL_REPRESENTATION('',(#7711),#7715);
#7711 = LINE('',#7712,#7713);
#7712 = CARTESIAN_POINT('',(-20.01364213004,30.341559440557));
#7713 = VECTOR('',#7714,1.);
#7714 = DIRECTION('',(-0.849816290134,-0.527079000741));
#7715 = ( GEOMETRIC_REPRESENTATION_CONTEXT(2) 
PARAMETRIC_REPRESENTATION_CONTEXT() REPRESENTATION_CONTEXT('2D SPACE',''
  ) );
#7716 = ADVANCED_FACE('',(#7717),#7684,.F.);
#7717 = FACE_BOUND('',#7718,.F.);
#7718 = EDGE_LOOP('',(#7719,#7720,#7743,#7771));
#7719 = ORIENTED_EDGE('',*,*,#7668,.T.);
#7720 = ORIENTED_EDGE('',*,*,#7721,.T.);
#7721 = EDGE_CURVE('',#7646,#7722,#7724,.T.);
#7722 = VERTEX_POINT('',#7723);
#7723 = CARTESIAN_POINT('',(18.151610150207,7.,-76.5));
#7724 = SURFACE_CURVE('',#7725,(#7729,#7736),.PCURVE_S1.);
#7725 = LINE('',#7726,#7727);
#7726 = CARTESIAN_POINT('',(26.857518843126,7.,-63.75));
#7727 = VECTOR('',#7728,1.);
#7728 = DIRECTION('',(-0.563899434834,0.,-0.825843464219));
#7729 = PCURVE('',#7684,#7730);
#7730 = DEFINITIONAL_REPRESENTATION('',(#7731),#7735);
#7731 = LINE('',#7732,#7733);
#7732 = CARTESIAN_POINT('',(0.,-7.));
#7733 = VECTOR('',#7734,1.);
#7734 = DIRECTION('',(1.,0.));
#7735 = ( GEOMETRIC_REPRESENTATION_CONTEXT(2) 
PARAMETRIC_REPRESENTATION_CONTEXT() REPRESENTATION_CONTEXT('2D SPACE',''
  ) );
#7736 = PCURVE('',#7271,#7737);
#7737 = DEFINITIONAL_REPRESENTATION('',(#7738),#7742);
#7738 = LINE('',#7739,#7740);
#7739 = CARTESIAN_POINT('',(-32.76364213004,22.433665302185));
#7740 = VECTOR('',#7741,1.);
#7741 = DIRECTION('',(-0.825843464219,-0.563899434834));
#7742 = ( GEOMETRIC_REPRESENTATION_CONTEXT(2) 
PARAMETRIC_REPRESENTATION_CONTEXT() REPRESENTATION_CONTEXT('2D SPACE',''
  ) );
#7743 = ORIENTED_EDGE('',*,*,#7744,.F.);
#7744 = EDGE_CURVE('',#7745,#7722,#7747,.T.);
#7745 = VERTEX_POINT('',#7746);
#7746 = CARTESIAN_POINT('',(18.151610150207,0.,-76.5));
#7747 = SURFACE_CURVE('',#7748,(#7752,#7759),.PCURVE_S1.);
#7748 = LINE('',#7749,#7750);
#7749 = CARTESIAN_POINT('',(18.151610150207,0.,-76.5));
#7750 = VECTOR('',#7751,1.);
#7751 = DIRECTION('',(0.,1.,0.));
#7752 = PCURVE('',#7684,#7753);
#7753 = DEFINITIONAL_REPRESENTATION('',(#7754),#7758);
#7754 = LINE('',#7755,#7756);
#7755 = CARTESIAN_POINT('',(15.438761160451,0.));
#7756 = VECTOR('',#7757,1.);
#7757 = DIRECTION('',(0.,-1.));
#7758 = ( GEOMETRIC_REPRESENTATION_CONTEXT(2) 
PARAMETRIC_REPRESENTATION_CONTEXT() REPRESENTATION_CONTEXT('2D SPACE',''
  ) );
#7759 = PCURVE('',#7760,#7765);
#7760 = PLANE('',#7761);
#7761 = AXIS2_PLACEMENT_3D('',#7762,#7763,#7764);
#7762 = CARTESIAN_POINT('',(18.151610150207,0.,-76.5));
#7763 = DIRECTION('',(-0.803469115967,0.,0.595346436697));
#7764 = DIRECTION('',(-0.595346436697,0.,-0.803469115967));
#7765 = DEFINITIONAL_REPRESENTATION('',(#7766),#7770);
#7766 = LINE('',#7767,#7768);
#7767 = CARTESIAN_POINT('',(0.,0.));
#7768 = VECTOR('',#7769,1.);
#7769 = DIRECTION('',(0.,-1.));
#7770 = ( GEOMETRIC_REPRESENTATION_CONTEXT(2) 
PARAMETRIC_REPRESENTATION_CONTEXT() REPRESENTATION_CONTEXT('2D SPACE',''
  ) );
#7771 = ORIENTED_EDGE('',*,*,#7772,.F.);
#7772 = EDGE_CURVE('',#7669,#7745,#7773,.T.);
#7773 = SURFACE_CURVE('',#7774,(#7778,#7785),.PCURVE_S1.);
#7774 = LINE('',#7775,#7776);
#7775 = CARTESIAN_POINT('',(26.857518843126,0.,-63.75));
#7776 = VECTOR('',#7777,1.);
#7777 = DIRECTION('',(-0.563899434834,0.,-0.825843464219));
#7778 = PCURVE('',#7684,#7779);
#7779 = DEFINITIONAL_REPRESENTATION('',(#7780),#7784);
#7780 = LINE('',#7781,#7782);
#7781 = CARTESIAN_POINT('',(0.,0.));
#7782 = VECTOR('',#7783,1.);
#7783 = DIRECTION('',(1.,0.));
#7784 = ( GEOMETRIC_REPRESENTATION_CONTEXT(2) 
PARAMETRIC_REPRESENTATION_CONTEXT() REPRESENTATION_CONTEXT('2D SPACE',''
  ) );
#7785 = PCURVE('',#7325,#7786);
#7786 = DEFINITIONAL_REPRESENTATION('',(#7787),#7791);
#7787 = LINE('',#7788,#7789);
#7788 = CARTESIAN_POINT('',(-32.76364213004,22.433665302185));
#7789 = VECTOR('',#7790,1.);
#7790 = DIRECTION('',(-0.825843464219,-0.563899434834));
#7791 = ( GEOMETRIC_REPRESENTATION_CONTEXT(2) 
PARAMETRIC_REPRESENTATION_CONTEXT() REPRESENTATION_CONTEXT('2D SPACE',''
  ) );
#7792 = ADVANCED_FACE('',(#7793),#7760,.F.);
#7793 = FACE_BOUND('',#7794,.F.);
#7794 = EDGE_LOOP('',(#7795,#7796,#7819,#7847));
#7795 = ORIENTED_EDGE('',*,*,#7744,.T.);
#7796 = ORIENTED_EDGE('',*,*,#7797,.T.);
#7797 = EDGE_CURVE('',#7722,#7798,#7800,.T.);
#7798 = VERTEX_POINT('',#7799);
#7799 = CARTESIAN_POINT('',(8.704243827048,7.,-89.25));
#7800 = SURFACE_CURVE('',#7801,(#7805,#7812),.PCURVE_S1.);
#7801 = LINE('',#7802,#7803);
#7802 = CARTESIAN_POINT('',(18.151610150207,7.,-76.5));
#7803 = VECTOR('',#7804,1.);
#7804 = DIRECTION('',(-0.595346436697,0.,-0.803469115967));
#7805 = PCURVE('',#7760,#7806);
#7806 = DEFINITIONAL_REPRESENTATION('',(#7807),#7811);
#7807 = LINE('',#7808,#7809);
#7808 = CARTESIAN_POINT('',(0.,-7.));
#7809 = VECTOR('',#7810,1.);
#7810 = DIRECTION('',(1.,0.));
#7811 = ( GEOMETRIC_REPRESENTATION_CONTEXT(2) 
PARAMETRIC_REPRESENTATION_CONTEXT() REPRESENTATION_CONTEXT('2D SPACE',''
  ) );
#7812 = PCURVE('',#7271,#7813);
#7813 = DEFINITIONAL_REPRESENTATION('',(#7814),#7818);
#7814 = LINE('',#7815,#7816);
#7815 = CARTESIAN_POINT('',(-45.51364213004,13.727756609266));
#7816 = VECTOR('',#7817,1.);
#7817 = DIRECTION('',(-0.803469115967,-0.595346436697));
#7818 = ( GEOMETRIC_REPRESENTATION_CONTEXT(2) 
PARAMETRIC_REPRESENTATION_CONTEXT() REPRESENTATION_CONTEXT('2D SPACE',''
  ) );
#7819 = ORIENTED_EDGE('',*,*,#7820,.F.);
#7820 = EDGE_CURVE('',#7821,#7798,#7823,.T.);
#7821 = VERTEX_POINT('',#7822);
#7822 = CARTESIAN_POINT('',(8.704243827048,0.,-89.25));
#7823 = SURFACE_CURVE('',#7824,(#7828,#7835),.PCURVE_S1.);
#7824 = LINE('',#7825,#7826);
#7825 = CARTESIAN_POINT('',(8.704243827048,0.,-89.25));
#7826 = VECTOR('',#7827,1.);
#7827 = DIRECTION('',(0.,1.,0.));
#7828 = PCURVE('',#7760,#7829);
#7829 = DEFINITIONAL_REPRESENTATION('',(#7830),#7834);
#7830 = LINE('',#7831,#7832);
#7831 = CARTESIAN_POINT('',(15.868687105238,0.));
#7832 = VECTOR('',#7833,1.);
#7833 = DIRECTION('',(0.,-1.));
#7834 = ( GEOMETRIC_REPRESENTATION_CONTEXT(2) 
PARAMETRIC_REPRESENTATION_CONTEXT() REPRESENTATION_CONTEXT('2D SPACE',''
  ) );
#7835 = PCURVE('',#7836,#7841);
#7836 = PLANE('',#7837);
#7837 = AXIS2_PLACEMENT_3D('',#7838,#7839,#7840);
#7838 = CARTESIAN_POINT('',(8.704243827048,0.,-89.25));
#7839 = DIRECTION('',(-0.78253531563,0.,0.62260619961));
#7840 = DIRECTION('',(-0.62260619961,0.,-0.78253531563));
#7841 = DEFINITIONAL_REPRESENTATION('',(#7842),#7846);
#7842 = LINE('',#7843,#7844);
#7843 = CARTESIAN_POINT('',(0.,0.));
#7844 = VECTOR('',#7845,1.);
#7845 = DIRECTION('',(0.,-1.));
#7846 = ( GEOMETRIC_REPRESENTATION_CONTEXT(2) 
PARAMETRIC_REPRESENTATION_CONTEXT() REPRESENTATION_CONTEXT('2D SPACE',''
  ) );
#7847 = ORIENTED_EDGE('',*,*,#7848,.F.);
#7848 = EDGE_CURVE('',#7745,#7821,#7849,.T.);
#7849 = SURFACE_CURVE('',#7850,(#7854,#7861),.PCURVE_S1.);
#7850 = LINE('',#7851,#7852);
#7851 = CARTESIAN_POINT('',(18.151610150207,0.,-76.5));
#7852 = VECTOR('',#7853,1.);
#7853 = DIRECTION('',(-0.595346436697,0.,-0.803469115967));
#7854 = PCURVE('',#7760,#7855);
#7855 = DEFINITIONAL_REPRESENTATION('',(#7856),#7860);
#7856 = LINE('',#7857,#7858);
#7857 = CARTESIAN_POINT('',(0.,0.));
#7858 = VECTOR('',#7859,1.);
#7859 = DIRECTION('',(1.,0.));
#7860 = ( GEOMETRIC_REPRESENTATION_CONTEXT(2) 
PARAMETRIC_REPRESENTATION_CONTEXT() REPRESENTATION_CONTEXT('2D SPACE',''
  ) );
#7861 = PCURVE('',#7325,#7862);
#7862 = DEFINITIONAL_REPRESENTATION('',(#7863),#7867);
#7863 = LINE('',#7864,#7865);
#7864 = CARTESIAN_POINT('',(-45.51364213004,13.727756609266));
#7865 = VECTOR('',#7866,1.);
#7866 = DIRECTION('',(-0.803469115967,-0.595346436697));
#7867 = ( GEOMETRIC_REPRESENTATION_CONTEXT(2) 
PARAMETRIC_REPRESENTATION_CONTEXT() REPRESENTATION_CONTEXT('2D SPACE',''
  ) );
#7868 = ADVANCED_FACE('',(#7869),#7836,.F.);
#7869 = FACE_BOUND('',#7870,.F.);
#7870 = EDGE_LOOP('',(#7871,#7872,#7895,#7923));
#7871 = ORIENTED_EDGE('',*,*,#7820,.T.);
#7872 = ORIENTED_EDGE('',*,*,#7873,.T.);
#7873 = EDGE_CURVE('',#7798,#7874,#7876,.T.);
#7874 = VERTEX_POINT('',#7875);
#7875 = CARTESIAN_POINT('',(-1.44,7.,-102.));
#7876 = SURFACE_CURVE('',#7877,(#7881,#7888),.PCURVE_S1.);
#7877 = LINE('',#7878,#7879);
#7878 = CARTESIAN_POINT('',(8.704243827048,7.,-89.25));
#7879 = VECTOR('',#7880,1.);
#7880 = DIRECTION('',(-0.62260619961,0.,-0.78253531563));
#7881 = PCURVE('',#7836,#7882);
#7882 = DEFINITIONAL_REPRESENTATION('',(#7883),#7887);
#7883 = LINE('',#7884,#7885);
#7884 = CARTESIAN_POINT('',(0.,-7.));
#7885 = VECTOR('',#7886,1.);
#7886 = DIRECTION('',(1.,0.));
#7887 = ( GEOMETRIC_REPRESENTATION_CONTEXT(2) 
PARAMETRIC_REPRESENTATION_CONTEXT() REPRESENTATION_CONTEXT('2D SPACE',''
  ) );
#7888 = PCURVE('',#7271,#7889);
#7889 = DEFINITIONAL_REPRESENTATION('',(#7890),#7894);
#7890 = LINE('',#7891,#7892);
#7891 = CARTESIAN_POINT('',(-58.26364213004,4.280390286107));
#7892 = VECTOR('',#7893,1.);
#7893 = DIRECTION('',(-0.78253531563,-0.62260619961));
#7894 = ( GEOMETRIC_REPRESENTATION_CONTEXT(2) 
PARAMETRIC_REPRESENTATION_CONTEXT() REPRESENTATION_CONTEXT('2D SPACE',''
  ) );
#7895 = ORIENTED_EDGE('',*,*,#7896,.F.);
#7896 = EDGE_CURVE('',#7897,#7874,#7899,.T.);
#7897 = VERTEX_POINT('',#7898);
#7898 = CARTESIAN_POINT('',(-1.44,0.,-102.));
#7899 = SURFACE_CURVE('',#7900,(#7904,#7911),.PCURVE_S1.);
#7900 = LINE('',#7901,#7902);
#7901 = CARTESIAN_POINT('',(-1.44,0.,-102.));
#7902 = VECTOR('',#7903,1.);
#7903 = DIRECTION('',(0.,1.,0.));
#7904 = PCURVE('',#7836,#7905);
#7905 = DEFINITIONAL_REPRESENTATION('',(#7906),#7910);
#7906 = LINE('',#7907,#7908);
#7907 = CARTESIAN_POINT('',(16.29319437135,0.));
#7908 = VECTOR('',#7909,1.);
#7909 = DIRECTION('',(0.,-1.));
#7910 = ( GEOMETRIC_REPRESENTATION_CONTEXT(2) 
PARAMETRIC_REPRESENTATION_CONTEXT() REPRESENTATION_CONTEXT('2D SPACE',''
  ) );
#7911 = PCURVE('',#7912,#7917);
#7912 = PLANE('',#7913);
#7913 = AXIS2_PLACEMENT_3D('',#7914,#7915,#7916);
#7914 = CARTESIAN_POINT('',(-1.44,0.,-102.));
#7915 = DIRECTION('',(0.975325456429,-0.,0.220771950306));
#7916 = DIRECTION('',(-0.220771950306,0.,0.975325456429));
#7917 = DEFINITIONAL_REPRESENTATION('',(#7918),#7922);
#7918 = LINE('',#7919,#7920);
#7919 = CARTESIAN_POINT('',(0.,0.));
#7920 = VECTOR('',#7921,1.);
#7921 = DIRECTION('',(0.,-1.));
#7922 = ( GEOMETRIC_REPRESENTATION_CONTEXT(2) 
PARAMETRIC_REPRESENTATION_CONTEXT() REPRESENTATION_CONTEXT('2D SPACE',''
  ) );
#7923 = ORIENTED_EDGE('',*,*,#7924,.F.);
#7924 = EDGE_CURVE('',#7821,#7897,#7925,.T.);
#7925 = SURFACE_CURVE('',#7926,(#7930,#7937),.PCURVE_S1.);
#7926 = LINE('',#7927,#7928);
#7927 = CARTESIAN_POINT('',(8.704243827048,0.,-89.25));
#7928 = VECTOR('',#7929,1.);
#7929 = DIRECTION('',(-0.62260619961,0.,-0.78253531563));
#7930 = PCURVE('',#7836,#7931);
#7931 = DEFINITIONAL_REPRESENTATION('',(#7932),#7936);
#7932 = LINE('',#7933,#7934);
#7933 = CARTESIAN_POINT('',(0.,0.));
#7934 = VECTOR('',#7935,1.);
#7935 = DIRECTION('',(1.,0.));
#7936 = ( GEOMETRIC_REPRESENTATION_CONTEXT(2) 
PARAMETRIC_REPRESENTATION_CONTEXT() REPRESENTATION_CONTEXT('2D SPACE',''
  ) );
#7937 = PCURVE('',#7325,#7938);
#7938 = DEFINITIONAL_REPRESENTATION('',(#7939),#7943);
#7939 = LINE('',#7940,#7941);
#7940 = CARTESIAN_POINT('',(-58.26364213004,4.280390286107));
#7941 = VECTOR('',#7942,1.);
#7942 = DIRECTION('',(-0.78253531563,-0.62260619961));
#7943 = ( GEOMETRIC_REPRESENTATION_CONTEXT(2) 
PARAMETRIC_REPRESENTATION_CONTEXT() REPRESENTATION_CONTEXT('2D SPACE',''
  ) );
#7944 = ADVANCED_FACE('',(#7945),#7912,.F.);
#7945 = FACE_BOUND('',#7946,.F.);
#7946 = EDGE_LOOP('',(#7947,#7948,#7971,#7999));
#7947 = ORIENTED_EDGE('',*,*,#7896,.T.);
#7948 = ORIENTED_EDGE('',*,*,#7949,.T.);
#7949 = EDGE_CURVE('',#7874,#7950,#7952,.T.);
#7950 = VERTEX_POINT('',#7951);
#7951 = CARTESIAN_POINT('',(-4.326054442489,7.,-89.25));
#7952 = SURFACE_CURVE('',#7953,(#7957,#7964),.PCURVE_S1.);
#7953 = LINE('',#7954,#7955);
#7954 = CARTESIAN_POINT('',(-1.44,7.,-102.));
#7955 = VECTOR('',#7956,1.);
#7956 = DIRECTION('',(-0.220771950306,0.,0.975325456429));
#7957 = PCURVE('',#7912,#7958);
#7958 = DEFINITIONAL_REPRESENTATION('',(#7959),#7963);
#7959 = LINE('',#7960,#7961);
#7960 = CARTESIAN_POINT('',(0.,-7.));
#7961 = VECTOR('',#7962,1.);
#7962 = DIRECTION('',(1.,0.));
#7963 = ( GEOMETRIC_REPRESENTATION_CONTEXT(2) 
PARAMETRIC_REPRESENTATION_CONTEXT() REPRESENTATION_CONTEXT('2D SPACE',''
  ) );
#7964 = PCURVE('',#7271,#7965);
#7965 = DEFINITIONAL_REPRESENTATION('',(#7966),#7970);
#7966 = LINE('',#7967,#7968);
#7967 = CARTESIAN_POINT('',(-71.01364213004,-5.863853540941));
#7968 = VECTOR('',#7969,1.);
#7969 = DIRECTION('',(0.975325456429,-0.220771950306));
#7970 = ( GEOMETRIC_REPRESENTATION_CONTEXT(2) 
PARAMETRIC_REPRESENTATION_CONTEXT() REPRESENTATION_CONTEXT('2D SPACE',''
  ) );
#7971 = ORIENTED_EDGE('',*,*,#7972,.F.);
#7972 = EDGE_CURVE('',#7973,#7950,#7975,.T.);
#7973 = VERTEX_POINT('',#7974);
#7974 = CARTESIAN_POINT('',(-4.326054442489,0.,-89.25));
#7975 = SURFACE_CURVE('',#7976,(#7980,#7987),.PCURVE_S1.);
#7976 = LINE('',#7977,#7978);
#7977 = CARTESIAN_POINT('',(-4.326054442489,0.,-89.25));
#7978 = VECTOR('',#7979,1.);
#7979 = DIRECTION('',(0.,1.,0.));
#7980 = PCURVE('',#7912,#7981);
#7981 = DEFINITIONAL_REPRESENTATION('',(#7982),#7986);
#7982 = LINE('',#7983,#7984);
#7983 = CARTESIAN_POINT('',(13.072559437425,0.));
#7984 = VECTOR('',#7985,1.);
#7985 = DIRECTION('',(0.,-1.));
#7986 = ( GEOMETRIC_REPRESENTATION_CONTEXT(2) 
PARAMETRIC_REPRESENTATION_CONTEXT() REPRESENTATION_CONTEXT('2D SPACE',''
  ) );
#7987 = PCURVE('',#7988,#7993);
#7988 = PLANE('',#7989);
#7989 = AXIS2_PLACEMENT_3D('',#7990,#7991,#7992);
#7990 = CARTESIAN_POINT('',(-4.326054442489,0.,-89.25));
#7991 = DIRECTION('',(0.985000392472,-0.,0.172552098886));
#7992 = DIRECTION('',(-0.172552098886,0.,0.985000392472));
#7993 = DEFINITIONAL_REPRESENTATION('',(#7994),#7998);
#7994 = LINE('',#7995,#7996);
#7995 = CARTESIAN_POINT('',(0.,0.));
#7996 = VECTOR('',#7997,1.);
#7997 = DIRECTION('',(0.,-1.));
#7998 = ( GEOMETRIC_REPRESENTATION_CONTEXT(2) 
PARAMETRIC_REPRESENTATION_CONTEXT() REPRESENTATION_CONTEXT('2D SPACE',''
  ) );
#7999 = ORIENTED_EDGE('',*,*,#8000,.F.);
#8000 = EDGE_CURVE('',#7897,#7973,#8001,.T.);
#8001 = SURFACE_CURVE('',#8002,(#8006,#8013),.PCURVE_S1.);
#8002 = LINE('',#8003,#8004);
#8003 = CARTESIAN_POINT('',(-1.44,0.,-102.));
#8004 = VECTOR('',#8005,1.);
#8005 = DIRECTION('',(-0.220771950306,0.,0.975325456429));
#8006 = PCURVE('',#7912,#8007);
#8007 = DEFINITIONAL_REPRESENTATION('',(#8008),#8012);
#8008 = LINE('',#8009,#8010);
#8009 = CARTESIAN_POINT('',(0.,0.));
#8010 = VECTOR('',#8011,1.);
#8011 = DIRECTION('',(1.,0.));
#8012 = ( GEOMETRIC_REPRESENTATION_CONTEXT(2) 
PARAMETRIC_REPRESENTATION_CONTEXT() REPRESENTATION_CONTEXT('2D SPACE',''
  ) );
#8013 = PCURVE('',#7325,#8014);
#8014 = DEFINITIONAL_REPRESENTATION('',(#8015),#8019);
#8015 = LINE('',#8016,#8017);
#8016 = CARTESIAN_POINT('',(-71.01364213004,-5.863853540941));
#8017 = VECTOR('',#8018,1.);
#8018 = DIRECTION('',(0.975325456429,-0.220771950306));
#8019 = ( GEOMETRIC_REPRESENTATION_CONTEXT(2) 
PARAMETRIC_REPRESENTATION_CONTEXT() REPRESENTATION_CONTEXT('2D SPACE',''
  ) );
#8020 = ADVANCED_FACE('',(#8021),#7988,.F.);
#8021 = FACE_BOUND('',#8022,.F.);
#8022 = EDGE_LOOP('',(#8023,#8024,#8047,#8075));
#8023 = ORIENTED_EDGE('',*,*,#7972,.T.);
#8024 = ORIENTED_EDGE('',*,*,#8025,.T.);
#8025 = EDGE_CURVE('',#7950,#8026,#8028,.T.);
#8026 = VERTEX_POINT('',#8027);
#8027 = CARTESIAN_POINT('',(-6.559595949289,7.,-76.5));
#8028 = SURFACE_CURVE('',#8029,(#8033,#8040),.PCURVE_S1.);
#8029 = LINE('',#8030,#8031);
#8030 = CARTESIAN_POINT('',(-4.326054442489,7.,-89.25));
#8031 = VECTOR('',#8032,1.);
#8032 = DIRECTION('',(-0.172552098886,0.,0.985000392472));
#8033 = PCURVE('',#7988,#8034);
#8034 = DEFINITIONAL_REPRESENTATION('',(#8035),#8039);
#8035 = LINE('',#8036,#8037);
#8036 = CARTESIAN_POINT('',(0.,-7.));
#8037 = VECTOR('',#8038,1.);
#8038 = DIRECTION('',(1.,0.));
#8039 = ( GEOMETRIC_REPRESENTATION_CONTEXT(2) 
PARAMETRIC_REPRESENTATION_CONTEXT() REPRESENTATION_CONTEXT('2D SPACE',''
  ) );
#8040 = PCURVE('',#7271,#8041);
#8041 = DEFINITIONAL_REPRESENTATION('',(#8042),#8046);
#8042 = LINE('',#8043,#8044);
#8043 = CARTESIAN_POINT('',(-58.26364213004,-8.74990798343));
#8044 = VECTOR('',#8045,1.);
#8045 = DIRECTION('',(0.985000392472,-0.172552098886));
#8046 = ( GEOMETRIC_REPRESENTATION_CONTEXT(2) 
PARAMETRIC_REPRESENTATION_CONTEXT() REPRESENTATION_CONTEXT('2D SPACE',''
  ) );
#8047 = ORIENTED_EDGE('',*,*,#8048,.F.);
#8048 = EDGE_CURVE('',#8049,#8026,#8051,.T.);
#8049 = VERTEX_POINT('',#8050);
#8050 = CARTESIAN_POINT('',(-6.559595949289,0.,-76.5));
#8051 = SURFACE_CURVE('',#8052,(#8056,#8063),.PCURVE_S1.);
#8052 = LINE('',#8053,#8054);
#8053 = CARTESIAN_POINT('',(-6.559595949289,0.,-76.5));
#8054 = VECTOR('',#8055,1.);
#8055 = DIRECTION('',(0.,1.,0.));
#8056 = PCURVE('',#7988,#8057);
#8057 = DEFINITIONAL_REPRESENTATION('',(#8058),#8062);
#8058 = LINE('',#8059,#8060);
#8059 = CARTESIAN_POINT('',(12.944157278966,0.));
#8060 = VECTOR('',#8061,1.);
#8061 = DIRECTION('',(0.,-1.));
#8062 = ( GEOMETRIC_REPRESENTATION_CONTEXT(2) 
PARAMETRIC_REPRESENTATION_CONTEXT() REPRESENTATION_CONTEXT('2D SPACE',''
  ) );
#8063 = PCURVE('',#8064,#8069);
#8064 = PLANE('',#8065);
#8065 = AXIS2_PLACEMENT_3D('',#8066,#8067,#8068);
#8066 = CARTESIAN_POINT('',(-6.559595949289,0.,-76.5));
#8067 = DIRECTION('',(0.996766278457,-0.,8.035537400619E-02));
#8068 = DIRECTION('',(-8.035537400619E-02,0.,0.996766278457));
#8069 = DEFINITIONAL_REPRESENTATION('',(#8070),#8074);
#8070 = LINE('',#8071,#8072);
#8071 = CARTESIAN_POINT('',(0.,0.));
#8072 = VECTOR('',#8073,1.);
#8073 = DIRECTION('',(0.,-1.));
#8074 = ( GEOMETRIC_REPRESENTATION_CONTEXT(2) 
PARAMETRIC_REPRESENTATION_CONTEXT() REPRESENTATION_CONTEXT('2D SPACE',''
  ) );
#8075 = ORIENTED_EDGE('',*,*,#8076,.F.);
#8076 = EDGE_CURVE('',#7973,#8049,#8077,.T.);
#8077 = SURFACE_CURVE('',#8078,(#8082,#8089),.PCURVE_S1.);
#8078 = LINE('',#8079,#8080);
#8079 = CARTESIAN_POINT('',(-4.326054442489,0.,-89.25));
#8080 = VECTOR('',#8081,1.);
#8081 = DIRECTION('',(-0.172552098886,0.,0.985000392472));
#8082 = PCURVE('',#7988,#8083);
#8083 = DEFINITIONAL_REPRESENTATION('',(#8084),#8088);
#8084 = LINE('',#8085,#8086);
#8085 = CARTESIAN_POINT('',(0.,0.));
#8086 = VECTOR('',#8087,1.);
#8087 = DIRECTION('',(1.,0.));
#8088 = ( GEOMETRIC_REPRESENTATION_CONTEXT(2) 
PARAMETRIC_REPRESENTATION_CONTEXT() REPRESENTATION_CONTEXT('2D SPACE',''
  ) );
#8089 = PCURVE('',#7325,#8090);
#8090 = DEFINITIONAL_REPRESENTATION('',(#8091),#8095);
#8091 = LINE('',#8092,#8093);
#8092 = CARTESIAN_POINT('',(-58.26364213004,-8.74990798343));
#8093 = VECTOR('',#8094,1.);
#8094 = DIRECTION('',(0.985000392472,-0.172552098886));
#8095 = ( GEOMETRIC_REPRESENTATION_CONTEXT(2) 
PARAMETRIC_REPRESENTATION_CONTEXT() REPRESENTATION_CONTEXT('2D SPACE',''
  ) );
#8096 = ADVANCED_FACE('',(#8097),#8064,.F.);
#8097 = FACE_BOUND('',#8098,.F.);
#8098 = EDGE_LOOP('',(#8099,#8100,#8123,#8151));
#8099 = ORIENTED_EDGE('',*,*,#8048,.T.);
#8100 = ORIENTED_EDGE('',*,*,#8101,.T.);
#8101 = EDGE_CURVE('',#8026,#8102,#8104,.T.);
#8102 = VERTEX_POINT('',#8103);
#8103 = CARTESIAN_POINT('',(-7.587450764126,7.,-63.75));
#8104 = SURFACE_CURVE('',#8105,(#8109,#8116),.PCURVE_S1.);
#8105 = LINE('',#8106,#8107);
#8106 = CARTESIAN_POINT('',(-6.559595949289,7.,-76.5));
#8107 = VECTOR('',#8108,1.);
#8108 = DIRECTION('',(-8.035537400619E-02,0.,0.996766278457));
#8109 = PCURVE('',#8064,#8110);
#8110 = DEFINITIONAL_REPRESENTATION('',(#8111),#8115);
#8111 = LINE('',#8112,#8113);
#8112 = CARTESIAN_POINT('',(0.,-7.));
#8113 = VECTOR('',#8114,1.);
#8114 = DIRECTION('',(1.,0.));
#8115 = ( GEOMETRIC_REPRESENTATION_CONTEXT(2) 
PARAMETRIC_REPRESENTATION_CONTEXT() REPRESENTATION_CONTEXT('2D SPACE',''
  ) );
#8116 = PCURVE('',#7271,#8117);
#8117 = DEFINITIONAL_REPRESENTATION('',(#8118),#8122);
#8118 = LINE('',#8119,#8120);
#8119 = CARTESIAN_POINT('',(-45.51364213004,-10.98344949023));
#8120 = VECTOR('',#8121,1.);
#8121 = DIRECTION('',(0.996766278457,-8.035537400619E-02));
#8122 = ( GEOMETRIC_REPRESENTATION_CONTEXT(2) 
PARAMETRIC_REPRESENTATION_CONTEXT() REPRESENTATION_CONTEXT('2D SPACE',''
  ) );
#8123 = ORIENTED_EDGE('',*,*,#8124,.F.);
#8124 = EDGE_CURVE('',#8125,#8102,#8127,.T.);
#8125 = VERTEX_POINT('',#8126);
#8126 = CARTESIAN_POINT('',(-7.587450764126,0.,-63.75));
#8127 = SURFACE_CURVE('',#8128,(#8132,#8139),.PCURVE_S1.);
#8128 = LINE('',#8129,#8130);
#8129 = CARTESIAN_POINT('',(-7.587450764126,0.,-63.75));
#8130 = VECTOR('',#8131,1.);
#8131 = DIRECTION('',(0.,1.,0.));
#8132 = PCURVE('',#8064,#8133);
#8133 = DEFINITIONAL_REPRESENTATION('',(#8134),#8138);
#8134 = LINE('',#8135,#8136);
#8135 = CARTESIAN_POINT('',(12.791363708393,0.));
#8136 = VECTOR('',#8137,1.);
#8137 = DIRECTION('',(0.,-1.));
#8138 = ( GEOMETRIC_REPRESENTATION_CONTEXT(2) 
PARAMETRIC_REPRESENTATION_CONTEXT() REPRESENTATION_CONTEXT('2D SPACE',''
  ) );
#8139 = PCURVE('',#8140,#8145);
#8140 = PLANE('',#8141);
#8141 = AXIS2_PLACEMENT_3D('',#8142,#8143,#8144);
#8142 = CARTESIAN_POINT('',(-7.587450764126,0.,-63.75));
#8143 = DIRECTION('',(0.999079466133,0.,-4.289778958099E-02));
#8144 = DIRECTION('',(4.289778958099E-02,0.,0.999079466133));
#8145 = DEFINITIONAL_REPRESENTATION('',(#8146),#8150);
#8146 = LINE('',#8147,#8148);
#8147 = CARTESIAN_POINT('',(0.,0.));
#8148 = VECTOR('',#8149,1.);
#8149 = DIRECTION('',(0.,-1.));
#8150 = ( GEOMETRIC_REPRESENTATION_CONTEXT(2) 
PARAMETRIC_REPRESENTATION_CONTEXT() REPRESENTATION_CONTEXT('2D SPACE',''
  ) );
#8151 = ORIENTED_EDGE('',*,*,#8152,.F.);
#8152 = EDGE_CURVE('',#8049,#8125,#8153,.T.);
#8153 = SURFACE_CURVE('',#8154,(#8158,#8165),.PCURVE_S1.);
#8154 = LINE('',#8155,#8156);
#8155 = CARTESIAN_POINT('',(-6.559595949289,0.,-76.5));
#8156 = VECTOR('',#8157,1.);
#8157 = DIRECTION('',(-8.035537400619E-02,0.,0.996766278457));
#8158 = PCURVE('',#8064,#8159);
#8159 = DEFINITIONAL_REPRESENTATION('',(#8160),#8164);
#8160 = LINE('',#8161,#8162);
#8161 = CARTESIAN_POINT('',(0.,0.));
#8162 = VECTOR('',#8163,1.);
#8163 = DIRECTION('',(1.,0.));
#8164 = ( GEOMETRIC_REPRESENTATION_CONTEXT(2) 
PARAMETRIC_REPRESENTATION_CONTEXT() REPRESENTATION_CONTEXT('2D SPACE',''
  ) );
#8165 = PCURVE('',#7325,#8166);
#8166 = DEFINITIONAL_REPRESENTATION('',(#8167),#8171);
#8167 = LINE('',#8168,#8169);
#8168 = CARTESIAN_POINT('',(-45.51364213004,-10.98344949023));
#8169 = VECTOR('',#8170,1.);
#8170 = DIRECTION('',(0.996766278457,-8.035537400619E-02));
#8171 = ( GEOMETRIC_REPRESENTATION_CONTEXT(2) 
PARAMETRIC_REPRESENTATION_CONTEXT() REPRESENTATION_CONTEXT('2D SPACE',''
  ) );
#8172 = ADVANCED_FACE('',(#8173),#8140,.F.);
#8173 = FACE_BOUND('',#8174,.F.);
#8174 = EDGE_LOOP('',(#8175,#8176,#8199,#8227));
#8175 = ORIENTED_EDGE('',*,*,#8124,.T.);
#8176 = ORIENTED_EDGE('',*,*,#8177,.T.);
#8177 = EDGE_CURVE('',#8102,#8178,#8180,.T.);
#8178 = VERTEX_POINT('',#8179);
#8179 = CARTESIAN_POINT('',(-7.04,7.,-51.));
#8180 = SURFACE_CURVE('',#8181,(#8185,#8192),.PCURVE_S1.);
#8181 = LINE('',#8182,#8183);
#8182 = CARTESIAN_POINT('',(-7.587450764126,7.,-63.75));
#8183 = VECTOR('',#8184,1.);
#8184 = DIRECTION('',(4.289778958099E-02,0.,0.999079466133));
#8185 = PCURVE('',#8140,#8186);
#8186 = DEFINITIONAL_REPRESENTATION('',(#8187),#8191);
#8187 = LINE('',#8188,#8189);
#8188 = CARTESIAN_POINT('',(0.,-7.));
#8189 = VECTOR('',#8190,1.);
#8190 = DIRECTION('',(1.,0.));
#8191 = ( GEOMETRIC_REPRESENTATION_CONTEXT(2) 
PARAMETRIC_REPRESENTATION_CONTEXT() REPRESENTATION_CONTEXT('2D SPACE',''
  ) );
#8192 = PCURVE('',#7271,#8193);
#8193 = DEFINITIONAL_REPRESENTATION('',(#8194),#8198);
#8194 = LINE('',#8195,#8196);
#8195 = CARTESIAN_POINT('',(-32.76364213004,-12.01130430506));
#8196 = VECTOR('',#8197,1.);
#8197 = DIRECTION('',(0.999079466133,4.289778958099E-02));
#8198 = ( GEOMETRIC_REPRESENTATION_CONTEXT(2) 
PARAMETRIC_REPRESENTATION_CONTEXT() REPRESENTATION_CONTEXT('2D SPACE',''
  ) );
#8199 = ORIENTED_EDGE('',*,*,#8200,.F.);
#8200 = EDGE_CURVE('',#8201,#8178,#8203,.T.);
#8201 = VERTEX_POINT('',#8202);
#8202 = CARTESIAN_POINT('',(-7.04,0.,-51.));
#8203 = SURFACE_CURVE('',#8204,(#8208,#8215),.PCURVE_S1.);
#8204 = LINE('',#8205,#8206);
#8205 = CARTESIAN_POINT('',(-7.04,0.,-51.));
#8206 = VECTOR('',#8207,1.);
#8207 = DIRECTION('',(0.,1.,0.));
#8208 = PCURVE('',#8140,#8209);
#8209 = DEFINITIONAL_REPRESENTATION('',(#8210),#8214);
#8210 = LINE('',#8211,#8212);
#8211 = CARTESIAN_POINT('',(12.761747620884,0.));
#8212 = VECTOR('',#8213,1.);
#8213 = DIRECTION('',(0.,-1.));
#8214 = ( GEOMETRIC_REPRESENTATION_CONTEXT(2) 
PARAMETRIC_REPRESENTATION_CONTEXT() REPRESENTATION_CONTEXT('2D SPACE',''
  ) );
#8215 = PCURVE('',#8216,#8221);
#8216 = PLANE('',#8217);
#8217 = AXIS2_PLACEMENT_3D('',#8218,#8219,#8220);
#8218 = CARTESIAN_POINT('',(-7.04,0.,-51.));
#8219 = DIRECTION('',(0.984749844204,0.,-0.173976275223));
#8220 = DIRECTION('',(0.173976275223,0.,0.984749844204));
#8221 = DEFINITIONAL_REPRESENTATION('',(#8222),#8226);
#8222 = LINE('',#8223,#8224);
#8223 = CARTESIAN_POINT('',(0.,0.));
#8224 = VECTOR('',#8225,1.);
#8225 = DIRECTION('',(0.,-1.));
#8226 = ( GEOMETRIC_REPRESENTATION_CONTEXT(2) 
PARAMETRIC_REPRESENTATION_CONTEXT() REPRESENTATION_CONTEXT('2D SPACE',''
  ) );
#8227 = ORIENTED_EDGE('',*,*,#8228,.F.);
#8228 = EDGE_CURVE('',#8125,#8201,#8229,.T.);
#8229 = SURFACE_CURVE('',#8230,(#8234,#8241),.PCURVE_S1.);
#8230 = LINE('',#8231,#8232);
#8231 = CARTESIAN_POINT('',(-7.587450764126,0.,-63.75));
#8232 = VECTOR('',#8233,1.);
#8233 = DIRECTION('',(4.289778958099E-02,0.,0.999079466133));
#8234 = PCURVE('',#8140,#8235);
#8235 = DEFINITIONAL_REPRESENTATION('',(#8236),#8240);
#8236 = LINE('',#8237,#8238);
#8237 = CARTESIAN_POINT('',(0.,0.));
#8238 = VECTOR('',#8239,1.);
#8239 = DIRECTION('',(1.,0.));
#8240 = ( GEOMETRIC_REPRESENTATION_CONTEXT(2) 
PARAMETRIC_REPRESENTATION_CONTEXT() REPRESENTATION_CONTEXT('2D SPACE',''
  ) );
#8241 = PCURVE('',#7325,#8242);
#8242 = DEFINITIONAL_REPRESENTATION('',(#8243),#8247);
#8243 = LINE('',#8244,#8245);
#8244 = CARTESIAN_POINT('',(-32.76364213004,-12.01130430506));
#8245 = VECTOR('',#8246,1.);
#8246 = DIRECTION('',(0.999079466133,4.289778958099E-02));
#8247 = ( GEOMETRIC_REPRESENTATION_CONTEXT(2) 
PARAMETRIC_REPRESENTATION_CONTEXT() REPRESENTATION_CONTEXT('2D SPACE',''
  ) );
#8248 = ADVANCED_FACE('',(#8249),#8216,.F.);
#8249 = FACE_BOUND('',#8250,.F.);
#8250 = EDGE_LOOP('',(#8251,#8252,#8275,#8303));
#8251 = ORIENTED_EDGE('',*,*,#8200,.T.);
#8252 = ORIENTED_EDGE('',*,*,#8253,.T.);
#8253 = EDGE_CURVE('',#8178,#8254,#8256,.T.);
#8254 = VERTEX_POINT('',#8255);
#8255 = CARTESIAN_POINT('',(-4.787450764126,7.,-38.25));
#8256 = SURFACE_CURVE('',#8257,(#8261,#8268),.PCURVE_S1.);
#8257 = LINE('',#8258,#8259);
#8258 = CARTESIAN_POINT('',(-7.04,7.,-51.));
#8259 = VECTOR('',#8260,1.);
#8260 = DIRECTION('',(0.173976275223,0.,0.984749844204));
#8261 = PCURVE('',#8216,#8262);
#8262 = DEFINITIONAL_REPRESENTATION('',(#8263),#8267);
#8263 = LINE('',#8264,#8265);
#8264 = CARTESIAN_POINT('',(0.,-7.));
#8265 = VECTOR('',#8266,1.);
#8266 = DIRECTION('',(1.,0.));
#8267 = ( GEOMETRIC_REPRESENTATION_CONTEXT(2) 
PARAMETRIC_REPRESENTATION_CONTEXT() REPRESENTATION_CONTEXT('2D SPACE',''
  ) );
#8268 = PCURVE('',#7271,#8269);
#8269 = DEFINITIONAL_REPRESENTATION('',(#8270),#8274);
#8270 = LINE('',#8271,#8272);
#8271 = CARTESIAN_POINT('',(-20.01364213004,-11.46385354094));
#8272 = VECTOR('',#8273,1.);
#8273 = DIRECTION('',(0.984749844204,0.173976275223));
#8274 = ( GEOMETRIC_REPRESENTATION_CONTEXT(2) 
PARAMETRIC_REPRESENTATION_CONTEXT() REPRESENTATION_CONTEXT('2D SPACE',''
  ) );
#8275 = ORIENTED_EDGE('',*,*,#8276,.F.);
#8276 = EDGE_CURVE('',#8277,#8254,#8279,.T.);
#8277 = VERTEX_POINT('',#8278);
#8278 = CARTESIAN_POINT('',(-4.787450764126,0.,-38.25));
#8279 = SURFACE_CURVE('',#8280,(#8284,#8291),.PCURVE_S1.);
#8280 = LINE('',#8281,#8282);
#8281 = CARTESIAN_POINT('',(-4.787450764126,0.,-38.25));
#8282 = VECTOR('',#8283,1.);
#8283 = DIRECTION('',(0.,1.,0.));
#8284 = PCURVE('',#8216,#8285);
#8285 = DEFINITIONAL_REPRESENTATION('',(#8286),#8290);
#8286 = LINE('',#8287,#8288);
#8287 = CARTESIAN_POINT('',(12.947450639413,0.));
#8288 = VECTOR('',#8289,1.);
#8289 = DIRECTION('',(0.,-1.));
#8290 = ( GEOMETRIC_REPRESENTATION_CONTEXT(2) 
PARAMETRIC_REPRESENTATION_CONTEXT() REPRESENTATION_CONTEXT('2D SPACE',''
  ) );
#8291 = PCURVE('',#8292,#8297);
#8292 = PLANE('',#8293);
#8293 = AXIS2_PLACEMENT_3D('',#8294,#8295,#8296);
#8294 = CARTESIAN_POINT('',(-4.787450764126,0.,-38.25));
#8295 = DIRECTION('',(0.95776724185,0.,-0.287544623389));
#8296 = DIRECTION('',(0.287544623389,0.,0.95776724185));
#8297 = DEFINITIONAL_REPRESENTATION('',(#8298),#8302);
#8298 = LINE('',#8299,#8300);
#8299 = CARTESIAN_POINT('',(0.,0.));
#8300 = VECTOR('',#8301,1.);
#8301 = DIRECTION('',(0.,-1.));
#8302 = ( GEOMETRIC_REPRESENTATION_CONTEXT(2) 
PARAMETRIC_REPRESENTATION_CONTEXT() REPRESENTATION_CONTEXT('2D SPACE',''
  ) );
#8303 = ORIENTED_EDGE('',*,*,#8304,.F.);
#8304 = EDGE_CURVE('',#8201,#8277,#8305,.T.);
#8305 = SURFACE_CURVE('',#8306,(#8310,#8317),.PCURVE_S1.);
#8306 = LINE('',#8307,#8308);
#8307 = CARTESIAN_POINT('',(-7.04,0.,-51.));
#8308 = VECTOR('',#8309,1.);
#8309 = DIRECTION('',(0.173976275223,0.,0.984749844204));
#8310 = PCURVE('',#8216,#8311);
#8311 = DEFINITIONAL_REPRESENTATION('',(#8312),#8316);
#8312 = LINE('',#8313,#8314);
#8313 = CARTESIAN_POINT('',(0.,0.));
#8314 = VECTOR('',#8315,1.);
#8315 = DIRECTION('',(1.,0.));
#8316 = ( GEOMETRIC_REPRESENTATION_CONTEXT(2) 
PARAMETRIC_REPRESENTATION_CONTEXT() REPRESENTATION_CONTEXT('2D SPACE',''
  ) );
#8317 = PCURVE('',#7325,#8318);
#8318 = DEFINITIONAL_REPRESENTATION('',(#8319),#8323);
#8319 = LINE('',#8320,#8321);
#8320 = CARTESIAN_POINT('',(-20.01364213004,-11.46385354094));
#8321 = VECTOR('',#8322,1.);
#8322 = DIRECTION('',(0.984749844204,0.173976275223));
#8323 = ( GEOMETRIC_REPRESENTATION_CONTEXT(2) 
PARAMETRIC_REPRESENTATION_CONTEXT() REPRESENTATION_CONTEXT('2D SPACE',''
  ) );
#8324 = ADVANCED_FACE('',(#8325),#8292,.F.);
#8325 = FACE_BOUND('',#8326,.F.);
#8326 = EDGE_LOOP('',(#8327,#8328,#8351,#8379));
#8327 = ORIENTED_EDGE('',*,*,#8276,.T.);
#8328 = ORIENTED_EDGE('',*,*,#8329,.T.);
#8329 = EDGE_CURVE('',#8254,#8330,#8332,.T.);
#8330 = VERTEX_POINT('',#8331);
#8331 = CARTESIAN_POINT('',(-0.959595949289,7.,-25.5));
#8332 = SURFACE_CURVE('',#8333,(#8337,#8344),.PCURVE_S1.);
#8333 = LINE('',#8334,#8335);
#8334 = CARTESIAN_POINT('',(-4.787450764126,7.,-38.25));
#8335 = VECTOR('',#8336,1.);
#8336 = DIRECTION('',(0.287544623389,0.,0.95776724185));
#8337 = PCURVE('',#8292,#8338);
#8338 = DEFINITIONAL_REPRESENTATION('',(#8339),#8343);
#8339 = LINE('',#8340,#8341);
#8340 = CARTESIAN_POINT('',(0.,-7.));
#8341 = VECTOR('',#8342,1.);
#8342 = DIRECTION('',(1.,0.));
#8343 = ( GEOMETRIC_REPRESENTATION_CONTEXT(2) 
PARAMETRIC_REPRESENTATION_CONTEXT() REPRESENTATION_CONTEXT('2D SPACE',''
  ) );
#8344 = PCURVE('',#7271,#8345);
#8345 = DEFINITIONAL_REPRESENTATION('',(#8346),#8350);
#8346 = LINE('',#8347,#8348);
#8347 = CARTESIAN_POINT('',(-7.263642130047,-9.211304305067));
#8348 = VECTOR('',#8349,1.);
#8349 = DIRECTION('',(0.95776724185,0.287544623389));
#8350 = ( GEOMETRIC_REPRESENTATION_CONTEXT(2) 
PARAMETRIC_REPRESENTATION_CONTEXT() REPRESENTATION_CONTEXT('2D SPACE',''
  ) );
#8351 = ORIENTED_EDGE('',*,*,#8352,.F.);
#8352 = EDGE_CURVE('',#8353,#8330,#8355,.T.);
#8353 = VERTEX_POINT('',#8354);
#8354 = CARTESIAN_POINT('',(-0.959595949289,0.,-25.5));
#8355 = SURFACE_CURVE('',#8356,(#8360,#8367),.PCURVE_S1.);
#8356 = LINE('',#8357,#8358);
#8357 = CARTESIAN_POINT('',(-0.959595949289,0.,-25.5));
#8358 = VECTOR('',#8359,1.);
#8359 = DIRECTION('',(0.,1.,0.));
#8360 = PCURVE('',#8292,#8361);
#8361 = DEFINITIONAL_REPRESENTATION('',(#8362),#8366);
#8362 = LINE('',#8363,#8364);
#8363 = CARTESIAN_POINT('',(13.312211404702,0.));
#8364 = VECTOR('',#8365,1.);
#8365 = DIRECTION('',(0.,-1.));
#8366 = ( GEOMETRIC_REPRESENTATION_CONTEXT(2) 
PARAMETRIC_REPRESENTATION_CONTEXT() REPRESENTATION_CONTEXT('2D SPACE',''
  ) );
#8367 = PCURVE('',#8368,#8373);
#8368 = PLANE('',#8369);
#8369 = AXIS2_PLACEMENT_3D('',#8370,#8371,#8372);
#8370 = CARTESIAN_POINT('',(-0.959595949289,0.,-25.5));
#8371 = DIRECTION('',(0.930139106335,0.,-0.367207356771));
#8372 = DIRECTION('',(0.367207356771,0.,0.930139106335));
#8373 = DEFINITIONAL_REPRESENTATION('',(#8374),#8378);
#8374 = LINE('',#8375,#8376);
#8375 = CARTESIAN_POINT('',(0.,0.));
#8376 = VECTOR('',#8377,1.);
#8377 = DIRECTION('',(0.,-1.));
#8378 = ( GEOMETRIC_REPRESENTATION_CONTEXT(2) 
PARAMETRIC_REPRESENTATION_CONTEXT() REPRESENTATION_CONTEXT('2D SPACE',''
  ) );
#8379 = ORIENTED_EDGE('',*,*,#8380,.F.);
#8380 = EDGE_CURVE('',#8277,#8353,#8381,.T.);
#8381 = SURFACE_CURVE('',#8382,(#8386,#8393),.PCURVE_S1.);
#8382 = LINE('',#8383,#8384);
#8383 = CARTESIAN_POINT('',(-4.787450764126,0.,-38.25));
#8384 = VECTOR('',#8385,1.);
#8385 = DIRECTION('',(0.287544623389,0.,0.95776724185));
#8386 = PCURVE('',#8292,#8387);
#8387 = DEFINITIONAL_REPRESENTATION('',(#8388),#8392);
#8388 = LINE('',#8389,#8390);
#8389 = CARTESIAN_POINT('',(0.,0.));
#8390 = VECTOR('',#8391,1.);
#8391 = DIRECTION('',(1.,0.));
#8392 = ( GEOMETRIC_REPRESENTATION_CONTEXT(2) 
PARAMETRIC_REPRESENTATION_CONTEXT() REPRESENTATION_CONTEXT('2D SPACE',''
  ) );
#8393 = PCURVE('',#7325,#8394);
#8394 = DEFINITIONAL_REPRESENTATION('',(#8395),#8399);
#8395 = LINE('',#8396,#8397);
#8396 = CARTESIAN_POINT('',(-7.263642130047,-9.211304305067));
#8397 = VECTOR('',#8398,1.);
#8398 = DIRECTION('',(0.95776724185,0.287544623389));
#8399 = ( GEOMETRIC_REPRESENTATION_CONTEXT(2) 
PARAMETRIC_REPRESENTATION_CONTEXT() REPRESENTATION_CONTEXT('2D SPACE',''
  ) );
#8400 = ADVANCED_FACE('',(#8401),#8368,.F.);
#8401 = FACE_BOUND('',#8402,.F.);
#8402 = EDGE_LOOP('',(#8403,#8404,#8427,#8450));
#8403 = ORIENTED_EDGE('',*,*,#8352,.T.);
#8404 = ORIENTED_EDGE('',*,*,#8405,.T.);
#8405 = EDGE_CURVE('',#8330,#8406,#8408,.T.);
#8406 = VERTEX_POINT('',#8407);
#8407 = CARTESIAN_POINT('',(4.073945557511,7.,-12.75));
#8408 = SURFACE_CURVE('',#8409,(#8413,#8420),.PCURVE_S1.);
#8409 = LINE('',#8410,#8411);
#8410 = CARTESIAN_POINT('',(-0.959595949289,7.,-25.5));
#8411 = VECTOR('',#8412,1.);
#8412 = DIRECTION('',(0.367207356771,0.,0.930139106335));
#8413 = PCURVE('',#8368,#8414);
#8414 = DEFINITIONAL_REPRESENTATION('',(#8415),#8419);
#8415 = LINE('',#8416,#8417);
#8416 = CARTESIAN_POINT('',(0.,-7.));
#8417 = VECTOR('',#8418,1.);
#8418 = DIRECTION('',(1.,0.));
#8419 = ( GEOMETRIC_REPRESENTATION_CONTEXT(2) 
PARAMETRIC_REPRESENTATION_CONTEXT() REPRESENTATION_CONTEXT('2D SPACE',''
  ) );
#8420 = PCURVE('',#7271,#8421);
#8421 = DEFINITIONAL_REPRESENTATION('',(#8422),#8426);
#8422 = LINE('',#8423,#8424);
#8423 = CARTESIAN_POINT('',(5.486357869953,-5.38344949023));
#8424 = VECTOR('',#8425,1.);
#8425 = DIRECTION('',(0.930139106335,0.367207356771));
#8426 = ( GEOMETRIC_REPRESENTATION_CONTEXT(2) 
PARAMETRIC_REPRESENTATION_CONTEXT() REPRESENTATION_CONTEXT('2D SPACE',''
  ) );
#8427 = ORIENTED_EDGE('',*,*,#8428,.F.);
#8428 = EDGE_CURVE('',#8429,#8406,#8431,.T.);
#8429 = VERTEX_POINT('',#8430);
#8430 = CARTESIAN_POINT('',(4.073945557511,0.,-12.75));
#8431 = SURFACE_CURVE('',#8432,(#8436,#8443),.PCURVE_S1.);
#8432 = LINE('',#8433,#8434);
#8433 = CARTESIAN_POINT('',(4.073945557511,0.,-12.75));
#8434 = VECTOR('',#8435,1.);
#8435 = DIRECTION('',(0.,1.,0.));
#8436 = PCURVE('',#8368,#8437);
#8437 = DEFINITIONAL_REPRESENTATION('',(#8438),#8442);
#8438 = LINE('',#8439,#8440);
#8439 = CARTESIAN_POINT('',(13.707627077678,0.));
#8440 = VECTOR('',#8441,1.);
#8441 = DIRECTION('',(0.,-1.));
#8442 = ( GEOMETRIC_REPRESENTATION_CONTEXT(2) 
PARAMETRIC_REPRESENTATION_CONTEXT() REPRESENTATION_CONTEXT('2D SPACE',''
  ) );
#8443 = PCURVE('',#7243,#8444);
#8444 = DEFINITIONAL_REPRESENTATION('',(#8445),#8449);
#8445 = LINE('',#8446,#8447);
#8446 = CARTESIAN_POINT('',(0.,0.));
#8447 = VECTOR('',#8448,1.);
#8448 = DIRECTION('',(0.,-1.));
#8449 = ( GEOMETRIC_REPRESENTATION_CONTEXT(2) 
PARAMETRIC_REPRESENTATION_CONTEXT() REPRESENTATION_CONTEXT('2D SPACE',''
  ) );
#8450 = ORIENTED_EDGE('',*,*,#8451,.F.);
#8451 = EDGE_CURVE('',#8353,#8429,#8452,.T.);
#8452 = SURFACE_CURVE('',#8453,(#8457,#8464),.PCURVE_S1.);
#8453 = LINE('',#8454,#8455);
#8454 = CARTESIAN_POINT('',(-0.959595949289,0.,-25.5));
#8455 = VECTOR('',#8456,1.);
#8456 = DIRECTION('',(0.367207356771,0.,0.930139106335));
#8457 = PCURVE('',#8368,#8458);
#8458 = DEFINITIONAL_REPRESENTATION('',(#8459),#8463);
#8459 = LINE('',#8460,#8461);
#8460 = CARTESIAN_POINT('',(0.,0.));
#8461 = VECTOR('',#8462,1.);
#8462 = DIRECTION('',(1.,0.));
#8463 = ( GEOMETRIC_REPRESENTATION_CONTEXT(2) 
PARAMETRIC_REPRESENTATION_CONTEXT() REPRESENTATION_CONTEXT('2D SPACE',''
  ) );
#8464 = PCURVE('',#7325,#8465);
#8465 = DEFINITIONAL_REPRESENTATION('',(#8466),#8470);
#8466 = LINE('',#8467,#8468);
#8467 = CARTESIAN_POINT('',(5.486357869953,-5.38344949023));
#8468 = VECTOR('',#8469,1.);
#8469 = DIRECTION('',(0.930139106335,0.367207356771));
#8470 = ( GEOMETRIC_REPRESENTATION_CONTEXT(2) 
PARAMETRIC_REPRESENTATION_CONTEXT() REPRESENTATION_CONTEXT('2D SPACE',''
  ) );
#8471 = ADVANCED_FACE('',(#8472),#7243,.F.);
#8472 = FACE_BOUND('',#8473,.F.);
#8473 = EDGE_LOOP('',(#8474,#8475,#8496,#8497));
#8474 = ORIENTED_EDGE('',*,*,#8428,.T.);
#8475 = ORIENTED_EDGE('',*,*,#8476,.T.);
#8476 = EDGE_CURVE('',#8406,#7223,#8477,.T.);
#8477 = SURFACE_CURVE('',#8478,(#8482,#8489),.PCURVE_S1.);
#8478 = LINE('',#8479,#8480);
#8479 = CARTESIAN_POINT('',(4.073945557511,7.,-12.75));
#8480 = VECTOR('',#8481,1.);
#8481 = DIRECTION('',(-0.978210843241,0.,0.207613935385));
#8482 = PCURVE('',#7243,#8483);
#8483 = DEFINITIONAL_REPRESENTATION('',(#8484),#8488);
#8484 = LINE('',#8485,#8486);
#8485 = CARTESIAN_POINT('',(0.,-7.));
#8486 = VECTOR('',#8487,1.);
#8487 = DIRECTION('',(1.,0.));
#8488 = ( GEOMETRIC_REPRESENTATION_CONTEXT(2) 
PARAMETRIC_REPRESENTATION_CONTEXT() REPRESENTATION_CONTEXT('2D SPACE',''
  ) );
#8489 = PCURVE('',#7271,#8490);
#8490 = DEFINITIONAL_REPRESENTATION('',(#8491),#8495);
#8491 = LINE('',#8492,#8493);
#8492 = CARTESIAN_POINT('',(18.236357869953,-0.34990798343));
#8493 = VECTOR('',#8494,1.);
#8494 = DIRECTION('',(0.207613935385,-0.978210843241));
#8495 = ( GEOMETRIC_REPRESENTATION_CONTEXT(2) 
PARAMETRIC_REPRESENTATION_CONTEXT() REPRESENTATION_CONTEXT('2D SPACE',''
  ) );
#8496 = ORIENTED_EDGE('',*,*,#7220,.F.);
#8497 = ORIENTED_EDGE('',*,*,#8498,.F.);
#8498 = EDGE_CURVE('',#8429,#7221,#8499,.T.);
#8499 = SURFACE_CURVE('',#8500,(#8504,#8511),.PCURVE_S1.);
#8500 = LINE('',#8501,#8502);
#8501 = CARTESIAN_POINT('',(4.073945557511,0.,-12.75));
#8502 = VECTOR('',#8503,1.);
#8503 = DIRECTION('',(-0.978210843241,0.,0.207613935385));
#8504 = PCURVE('',#7243,#8505);
#8505 = DEFINITIONAL_REPRESENTATION('',(#8506),#8510);
#8506 = LINE('',#8507,#8508);
#8507 = CARTESIAN_POINT('',(0.,0.));
#8508 = VECTOR('',#8509,1.);
#8509 = DIRECTION('',(1.,0.));
#8510 = ( GEOMETRIC_REPRESENTATION_CONTEXT(2) 
PARAMETRIC_REPRESENTATION_CONTEXT() REPRESENTATION_CONTEXT('2D SPACE',''
  ) );
#8511 = PCURVE('',#7325,#8512);
#8512 = DEFINITIONAL_REPRESENTATION('',(#8513),#8517);
#8513 = LINE('',#8514,#8515);
#8514 = CARTESIAN_POINT('',(18.236357869953,-0.34990798343));
#8515 = VECTOR('',#8516,1.);
#8516 = DIRECTION('',(0.207613935385,-0.978210843241));
#8517 = ( GEOMETRIC_REPRESENTATION_CONTEXT(2) 
PARAMETRIC_REPRESENTATION_CONTEXT() REPRESENTATION_CONTEXT('2D SPACE',''
  ) );
#8518 = ADVANCED_FACE('',(#8519),#7325,.F.);
#8519 = FACE_BOUND('',#8520,.F.);
#8520 = EDGE_LOOP('',(#8521,#8522,#8523,#8524,#8525,#8526,#8527,#8528,
    #8529,#8530,#8531,#8532,#8533,#8534,#8535,#8536,#8537));
#8521 = ORIENTED_EDGE('',*,*,#7311,.T.);
#8522 = ORIENTED_EDGE('',*,*,#7392,.T.);
#8523 = ORIENTED_EDGE('',*,*,#7468,.T.);
#8524 = ORIENTED_EDGE('',*,*,#7544,.T.);
#8525 = ORIENTED_EDGE('',*,*,#7620,.T.);
#8526 = ORIENTED_EDGE('',*,*,#7696,.T.);
#8527 = ORIENTED_EDGE('',*,*,#7772,.T.);
#8528 = ORIENTED_EDGE('',*,*,#7848,.T.);
#8529 = ORIENTED_EDGE('',*,*,#7924,.T.);
#8530 = ORIENTED_EDGE('',*,*,#8000,.T.);
#8531 = ORIENTED_EDGE('',*,*,#8076,.T.);
#8532 = ORIENTED_EDGE('',*,*,#8152,.T.);
#8533 = ORIENTED_EDGE('',*,*,#8228,.T.);
#8534 = ORIENTED_EDGE('',*,*,#8304,.T.);
#8535 = ORIENTED_EDGE('',*,*,#8380,.T.);
#8536 = ORIENTED_EDGE('',*,*,#8451,.T.);
#8537 = ORIENTED_EDGE('',*,*,#8498,.T.);
#8538 = ADVANCED_FACE('',(#8539),#7271,.T.);
#8539 = FACE_BOUND('',#8540,.T.);
#8540 = EDGE_LOOP('',(#8541,#8542,#8543,#8544,#8545,#8546,#8547,#8548,
    #8549,#8550,#8551,#8552,#8553,#8554,#8555,#8556,#8557));
#8541 = ORIENTED_EDGE('',*,*,#7255,.T.);
#8542 = ORIENTED_EDGE('',*,*,#7341,.T.);
#8543 = ORIENTED_EDGE('',*,*,#7417,.T.);
#8544 = ORIENTED_EDGE('',*,*,#7493,.T.);
#8545 = ORIENTED_EDGE('',*,*,#7569,.T.);
#8546 = ORIENTED_EDGE('',*,*,#7645,.T.);
#8547 = ORIENTED_EDGE('',*,*,#7721,.T.);
#8548 = ORIENTED_EDGE('',*,*,#7797,.T.);
#8549 = ORIENTED_EDGE('',*,*,#7873,.T.);
#8550 = ORIENTED_EDGE('',*,*,#7949,.T.);
#8551 = ORIENTED_EDGE('',*,*,#8025,.T.);
#8552 = ORIENTED_EDGE('',*,*,#8101,.T.);
#8553 = ORIENTED_EDGE('',*,*,#8177,.T.);
#8554 = ORIENTED_EDGE('',*,*,#8253,.T.);
#8555 = ORIENTED_EDGE('',*,*,#8329,.T.);
#8556 = ORIENTED_EDGE('',*,*,#8405,.T.);
#8557 = ORIENTED_EDGE('',*,*,#8476,.T.);
#8558 = ( GEOMETRIC_REPRESENTATION_CONTEXT(3) 
GLOBAL_UNCERTAINTY_ASSIGNED_CONTEXT((#8562)) 
GLOBAL_UNIT_ASSIGNED_CONTEXT((#8559,#8560,#8561)) REPRESENTATION_CONTEXT
('Context #1','3D Context with UNIT and UNCERTAINTY') );
#8559 = ( LENGTH_UNIT() NAMED_UNIT(*) SI_UNIT(.MILLI.,.METRE.) );
#8560 = ( NAMED_UNIT(*) PLANE_ANGLE_UNIT() SI_UNIT($,.RADIAN.) );
#8561 = ( NAMED_UNIT(*) SI_UNIT($,.STERADIAN.) SOLID_ANGLE_UNIT() );
#8562 = UNCERTAINTY_MEASURE_WITH_UNIT(LENGTH_MEASURE(1.E-07),#8559,
  'distance_accuracy_value','confusion accuracy');
#8563 = CONTEXT_DEPENDENT_SHAPE_REPRESENTATION(#8564,#8566);
#8564 = ( REPRESENTATION_RELATIONSHIP('','',#7213,#10) 
REPRESENTATION_RELATIONSHIP_WITH_TRANSFORMATION(#8565) 
SHAPE_REPRESENTATION_RELATIONSHIP() );
#8565 = ITEM_DEFINED_TRANSFORMATION('','',#11,#35);
#8566 = PRODUCT_DEFINITION_SHAPE('Placement','Placement of an item',
  #8567);
#8567 = NEXT_ASSEMBLY_USAGE_OCCURRENCE('6','fin.3','',#5,#7208,$);
#8568 = PRODUCT_RELATED_PRODUCT_CATEGORY('part',$,(#7210));
#8569 = SHAPE_DEFINITION_REPRESENTATION(#8570,#8576);
#8570 = PRODUCT_DEFINITION_SHAPE('','',#8571);
#8571 = PRODUCT_DEFINITION('design','',#8572,#8575);
#8572 = PRODUCT_DEFINITION_FORMATION('','',#8573);
#8573 = PRODUCT('rubber.3','rubber.3','',(#8574));
#8574 = PRODUCT_CONTEXT('',#2,'mechanical');
#8575 = PRODUCT_DEFINITION_CONTEXT('part definition',#2,'design');
#8576 = ADVANCED_BREP_SHAPE_REPRESENTATION('',(#11,#8577),#8907);
#8577 = MANIFOLD_SOLID_BREP('',#8578);
#8578 = CLOSED_SHELL('',(#8579,#8699,#8799,#8846,#8893,#8900));
#8579 = ADVANCED_FACE('',(#8580),#8594,.F.);
#8580 = FACE_BOUND('',#8581,.F.);
#8581 = EDGE_LOOP('',(#8582,#8617,#8645,#8673));
#8582 = ORIENTED_EDGE('',*,*,#8583,.F.);
#8583 = EDGE_CURVE('',#8584,#8586,#8588,.T.);
#8584 = VERTEX_POINT('',#8585);
#8585 = CARTESIAN_POINT('',(-54.,-6.5,-1.));
#8586 = VERTEX_POINT('',#8587);
#8587 = CARTESIAN_POINT('',(-54.,-6.5,1.));
#8588 = SURFACE_CURVE('',#8589,(#8593,#8605),.PCURVE_S1.);
#8589 = LINE('',#8590,#8591);
#8590 = CARTESIAN_POINT('',(-54.,-6.5,-1.));
#8591 = VECTOR('',#8592,1.);
#8592 = DIRECTION('',(0.,0.,1.));
#8593 = PCURVE('',#8594,#8599);
#8594 = PLANE('',#8595);
#8595 = AXIS2_PLACEMENT_3D('',#8596,#8597,#8598);
#8596 = CARTESIAN_POINT('',(-54.,-6.5,-1.));
#8597 = DIRECTION('',(1.,0.,-0.));
#8598 = DIRECTION('',(0.,0.,1.));
#8599 = DEFINITIONAL_REPRESENTATION('',(#8600),#8604);
#8600 = LINE('',#8601,#8602);
#8601 = CARTESIAN_POINT('',(0.,0.));
#8602 = VECTOR('',#8603,1.);
#8603 = DIRECTION('',(1.,0.));
#8604 = ( GEOMETRIC_REPRESENTATION_CONTEXT(2) 
PARAMETRIC_REPRESENTATION_CONTEXT() REPRESENTATION_CONTEXT('2D SPACE',''
  ) );
#8605 = PCURVE('',#8606,#8611);
#8606 = PLANE('',#8607);
#8607 = AXIS2_PLACEMENT_3D('',#8608,#8609,#8610);
#8608 = CARTESIAN_POINT('',(-54.,-6.5,-1.));
#8609 = DIRECTION('',(-0.,1.,0.));
#8610 = DIRECTION('',(0.,0.,1.));
#8611 = DEFINITIONAL_REPRESENTATION('',(#8612),#8616);
#8612 = LINE('',#8613,#8614);
#8613 = CARTESIAN_POINT('',(0.,0.));
#8614 = VECTOR('',#8615,1.);
#8615 = DIRECTION('',(1.,0.));
#8616 = ( GEOMETRIC_REPRESENTATION_CONTEXT(2) 
PARAMETRIC_REPRESENTATION_CONTEXT() REPRESENTATION_CONTEXT('2D SPACE',''
  ) );
#8617 = ORIENTED_EDGE('',*,*,#8618,.T.);
#8618 = EDGE_CURVE('',#8584,#8619,#8621,.T.);
#8619 = VERTEX_POINT('',#8620);
#8620 = CARTESIAN_POINT('',(-54.,6.5,-1.));
#8621 = SURFACE_CURVE('',#8622,(#8626,#8633),.PCURVE_S1.);
#8622 = LINE('',#8623,#8624);
#8623 = CARTESIAN_POINT('',(-54.,-6.5,-1.));
#8624 = VECTOR('',#8625,1.);
#8625 = DIRECTION('',(-0.,1.,0.));
#8626 = PCURVE('',#8594,#8627);
#8627 = DEFINITIONAL_REPRESENTATION('',(#8628),#8632);
#8628 = LINE('',#8629,#8630);
#8629 = CARTESIAN_POINT('',(0.,0.));
#8630 = VECTOR('',#8631,1.);
#8631 = DIRECTION('',(0.,-1.));
#8632 = ( GEOMETRIC_REPRESENTATION_CONTEXT(2) 
PARAMETRIC_REPRESENTATION_CONTEXT() REPRESENTATION_CONTEXT('2D SPACE',''
  ) );
#8633 = PCURVE('',#8634,#8639);
#8634 = PLANE('',#8635);
#8635 = AXIS2_PLACEMENT_3D('',#8636,#8637,#8638);
#8636 = CARTESIAN_POINT('',(-54.,-6.5,-1.));
#8637 = DIRECTION('',(0.,0.,1.));
#8638 = DIRECTION('',(1.,0.,-0.));
#8639 = DEFINITIONAL_REPRESENTATION('',(#8640),#8644);
#8640 = LINE('',#8641,#8642);
#8641 = CARTESIAN_POINT('',(0.,0.));
#8642 = VECTOR('',#8643,1.);
#8643 = DIRECTION('',(0.,1.));
#8644 = ( GEOMETRIC_REPRESENTATION_CONTEXT(2) 
PARAMETRIC_REPRESENTATION_CONTEXT() REPRESENTATION_CONTEXT('2D SPACE',''
  ) );
#8645 = ORIENTED_EDGE('',*,*,#8646,.T.);
#8646 = EDGE_CURVE('',#8619,#8647,#8649,.T.);
#8647 = VERTEX_POINT('',#8648);
#8648 = CARTESIAN_POINT('',(-54.,6.5,1.));
#8649 = SURFACE_CURVE('',#8650,(#8654,#8661),.PCURVE_S1.);
#8650 = LINE('',#8651,#8652);
#8651 = CARTESIAN_POINT('',(-54.,6.5,-1.));
#8652 = VECTOR('',#8653,1.);
#8653 = DIRECTION('',(0.,0.,1.));
#8654 = PCURVE('',#8594,#8655);
#8655 = DEFINITIONAL_REPRESENTATION('',(#8656),#8660);
#8656 = LINE('',#8657,#8658);
#8657 = CARTESIAN_POINT('',(0.,-13.));
#8658 = VECTOR('',#8659,1.);
#8659 = DIRECTION('',(1.,0.));
#8660 = ( GEOMETRIC_REPRESENTATION_CONTEXT(2) 
PARAMETRIC_REPRESENTATION_CONTEXT() REPRESENTATION_CONTEXT('2D SPACE',''
  ) );
#8661 = PCURVE('',#8662,#8667);
#8662 = PLANE('',#8663);
#8663 = AXIS2_PLACEMENT_3D('',#8664,#8665,#8666);
#8664 = CARTESIAN_POINT('',(-54.,6.5,-1.));
#8665 = DIRECTION('',(-0.,1.,0.));
#8666 = DIRECTION('',(0.,0.,1.));
#8667 = DEFINITIONAL_REPRESENTATION('',(#8668),#8672);
#8668 = LINE('',#8669,#8670);
#8669 = CARTESIAN_POINT('',(0.,0.));
#8670 = VECTOR('',#8671,1.);
#8671 = DIRECTION('',(1.,0.));
#8672 = ( GEOMETRIC_REPRESENTATION_CONTEXT(2) 
PARAMETRIC_REPRESENTATION_CONTEXT() REPRESENTATION_CONTEXT('2D SPACE',''
  ) );
#8673 = ORIENTED_EDGE('',*,*,#8674,.F.);
#8674 = EDGE_CURVE('',#8586,#8647,#8675,.T.);
#8675 = SURFACE_CURVE('',#8676,(#8680,#8687),.PCURVE_S1.);
#8676 = LINE('',#8677,#8678);
#8677 = CARTESIAN_POINT('',(-54.,-6.5,1.));
#8678 = VECTOR('',#8679,1.);
#8679 = DIRECTION('',(-0.,1.,0.));
#8680 = PCURVE('',#8594,#8681);
#8681 = DEFINITIONAL_REPRESENTATION('',(#8682),#8686);
#8682 = LINE('',#8683,#8684);
#8683 = CARTESIAN_POINT('',(2.,0.));
#8684 = VECTOR('',#8685,1.);
#8685 = DIRECTION('',(0.,-1.));
#8686 = ( GEOMETRIC_REPRESENTATION_CONTEXT(2) 
PARAMETRIC_REPRESENTATION_CONTEXT() REPRESENTATION_CONTEXT('2D SPACE',''
  ) );
#8687 = PCURVE('',#8688,#8693);
#8688 = PLANE('',#8689);
#8689 = AXIS2_PLACEMENT_3D('',#8690,#8691,#8692);
#8690 = CARTESIAN_POINT('',(-54.,-6.5,1.));
#8691 = DIRECTION('',(0.,0.,1.));
#8692 = DIRECTION('',(1.,0.,-0.));
#8693 = DEFINITIONAL_REPRESENTATION('',(#8694),#8698);
#8694 = LINE('',#8695,#8696);
#8695 = CARTESIAN_POINT('',(0.,0.));
#8696 = VECTOR('',#8697,1.);
#8697 = DIRECTION('',(0.,1.));
#8698 = ( GEOMETRIC_REPRESENTATION_CONTEXT(2) 
PARAMETRIC_REPRESENTATION_CONTEXT() REPRESENTATION_CONTEXT('2D SPACE',''
  ) );
#8699 = ADVANCED_FACE('',(#8700),#8714,.T.);
#8700 = FACE_BOUND('',#8701,.T.);
#8701 = EDGE_LOOP('',(#8702,#8732,#8755,#8778));
#8702 = ORIENTED_EDGE('',*,*,#8703,.F.);
#8703 = EDGE_CURVE('',#8704,#8706,#8708,.T.);
#8704 = VERTEX_POINT('',#8705);
#8705 = CARTESIAN_POINT('',(54.,-6.5,-1.));
#8706 = VERTEX_POINT('',#8707);
#8707 = CARTESIAN_POINT('',(54.,-6.5,1.));
#8708 = SURFACE_CURVE('',#8709,(#8713,#8725),.PCURVE_S1.);
#8709 = LINE('',#8710,#8711);
#8710 = CARTESIAN_POINT('',(54.,-6.5,-1.));
#8711 = VECTOR('',#8712,1.);
#8712 = DIRECTION('',(0.,0.,1.));
#8713 = PCURVE('',#8714,#8719);
#8714 = PLANE('',#8715);
#8715 = AXIS2_PLACEMENT_3D('',#8716,#8717,#8718);
#8716 = CARTESIAN_POINT('',(54.,-6.5,-1.));
#8717 = DIRECTION('',(1.,0.,-0.));
#8718 = DIRECTION('',(0.,0.,1.));
#8719 = DEFINITIONAL_REPRESENTATION('',(#8720),#8724);
#8720 = LINE('',#8721,#8722);
#8721 = CARTESIAN_POINT('',(0.,0.));
#8722 = VECTOR('',#8723,1.);
#8723 = DIRECTION('',(1.,0.));
#8724 = ( GEOMETRIC_REPRESENTATION_CONTEXT(2) 
PARAMETRIC_REPRESENTATION_CONTEXT() REPRESENTATION_CONTEXT('2D SPACE',''
  ) );
#8725 = PCURVE('',#8606,#8726);
#8726 = DEFINITIONAL_REPRESENTATION('',(#8727),#8731);
#8727 = LINE('',#8728,#8729);
#8728 = CARTESIAN_POINT('',(0.,108.));
#8729 = VECTOR('',#8730,1.);
#8730 = DIRECTION('',(1.,0.));
#8731 = ( GEOMETRIC_REPRESENTATION_CONTEXT(2) 
PARAMETRIC_REPRESENTATION_CONTEXT() REPRESENTATION_CONTEXT('2D SPACE',''
  ) );
#8732 = ORIENTED_EDGE('',*,*,#8733,.T.);
#8733 = EDGE_CURVE('',#8704,#8734,#8736,.T.);
#8734 = VERTEX_POINT('',#8735);
#8735 = CARTESIAN_POINT('',(54.,6.5,-1.));
#8736 = SURFACE_CURVE('',#8737,(#8741,#8748),.PCURVE_S1.);
#8737 = LINE('',#8738,#8739);
#8738 = CARTESIAN_POINT('',(54.,-6.5,-1.));
#8739 = VECTOR('',#8740,1.);
#8740 = DIRECTION('',(-0.,1.,0.));
#8741 = PCURVE('',#8714,#8742);
#8742 = DEFINITIONAL_REPRESENTATION('',(#8743),#8747);
#8743 = LINE('',#8744,#8745);
#8744 = CARTESIAN_POINT('',(0.,0.));
#8745 = VECTOR('',#8746,1.);
#8746 = DIRECTION('',(0.,-1.));
#8747 = ( GEOMETRIC_REPRESENTATION_CONTEXT(2) 
PARAMETRIC_REPRESENTATION_CONTEXT() REPRESENTATION_CONTEXT('2D SPACE',''
  ) );
#8748 = PCURVE('',#8634,#8749);
#8749 = DEFINITIONAL_REPRESENTATION('',(#8750),#8754);
#8750 = LINE('',#8751,#8752);
#8751 = CARTESIAN_POINT('',(108.,0.));
#8752 = VECTOR('',#8753,1.);
#8753 = DIRECTION('',(0.,1.));
#8754 = ( GEOMETRIC_REPRESENTATION_CONTEXT(2) 
PARAMETRIC_REPRESENTATION_CONTEXT() REPRESENTATION_CONTEXT('2D SPACE',''
  ) );
#8755 = ORIENTED_EDGE('',*,*,#8756,.T.);
#8756 = EDGE_CURVE('',#8734,#8757,#8759,.T.);
#8757 = VERTEX_POINT('',#8758);
#8758 = CARTESIAN_POINT('',(54.,6.5,1.));
#8759 = SURFACE_CURVE('',#8760,(#8764,#8771),.PCURVE_S1.);
#8760 = LINE('',#8761,#8762);
#8761 = CARTESIAN_POINT('',(54.,6.5,-1.));
#8762 = VECTOR('',#8763,1.);
#8763 = DIRECTION('',(0.,0.,1.));
#8764 = PCURVE('',#8714,#8765);
#8765 = DEFINITIONAL_REPRESENTATION('',(#8766),#8770);
#8766 = LINE('',#8767,#8768);
#8767 = CARTESIAN_POINT('',(0.,-13.));
#8768 = VECTOR('',#8769,1.);
#8769 = DIRECTION('',(1.,0.));
#8770 = ( GEOMETRIC_REPRESENTATION_CONTEXT(2) 
PARAMETRIC_REPRESENTATION_CONTEXT() REPRESENTATION_CONTEXT('2D SPACE',''
  ) );
#8771 = PCURVE('',#8662,#8772);
#8772 = DEFINITIONAL_REPRESENTATION('',(#8773),#8777);
#8773 = LINE('',#8774,#8775);
#8774 = CARTESIAN_POINT('',(0.,108.));
#8775 = VECTOR('',#8776,1.);
#8776 = DIRECTION('',(1.,0.));
#8777 = ( GEOMETRIC_REPRESENTATION_CONTEXT(2) 
PARAMETRIC_REPRESENTATION_CONTEXT() REPRESENTATION_CONTEXT('2D SPACE',''
  ) );
#8778 = ORIENTED_EDGE('',*,*,#8779,.F.);
#8779 = EDGE_CURVE('',#8706,#8757,#8780,.T.);
#8780 = SURFACE_CURVE('',#8781,(#8785,#8792),.PCURVE_S1.);
#8781 = LINE('',#8782,#8783);
#8782 = CARTESIAN_POINT('',(54.,-6.5,1.));
#8783 = VECTOR('',#8784,1.);
#8784 = DIRECTION('',(-0.,1.,0.));
#8785 = PCURVE('',#8714,#8786);
#8786 = DEFINITIONAL_REPRESENTATION('',(#8787),#8791);
#8787 = LINE('',#8788,#8789);
#8788 = CARTESIAN_POINT('',(2.,0.));
#8789 = VECTOR('',#8790,1.);
#8790 = DIRECTION('',(0.,-1.));
#8791 = ( GEOMETRIC_REPRESENTATION_CONTEXT(2) 
PARAMETRIC_REPRESENTATION_CONTEXT() REPRESENTATION_CONTEXT('2D SPACE',''
  ) );
#8792 = PCURVE('',#8688,#8793);
#8793 = DEFINITIONAL_REPRESENTATION('',(#8794),#8798);
#8794 = LINE('',#8795,#8796);
#8795 = CARTESIAN_POINT('',(108.,0.));
#8796 = VECTOR('',#8797,1.);
#8797 = DIRECTION('',(0.,1.));
#8798 = ( GEOMETRIC_REPRESENTATION_CONTEXT(2) 
PARAMETRIC_REPRESENTATION_CONTEXT() REPRESENTATION_CONTEXT('2D SPACE',''
  ) );
#8799 = ADVANCED_FACE('',(#8800),#8606,.F.);
#8800 = FACE_BOUND('',#8801,.F.);
#8801 = EDGE_LOOP('',(#8802,#8823,#8824,#8845));
#8802 = ORIENTED_EDGE('',*,*,#8803,.F.);
#8803 = EDGE_CURVE('',#8584,#8704,#8804,.T.);
#8804 = SURFACE_CURVE('',#8805,(#8809,#8816),.PCURVE_S1.);
#8805 = LINE('',#8806,#8807);
#8806 = CARTESIAN_POINT('',(-54.,-6.5,-1.));
#8807 = VECTOR('',#8808,1.);
#8808 = DIRECTION('',(1.,0.,-0.));
#8809 = PCURVE('',#8606,#8810);
#8810 = DEFINITIONAL_REPRESENTATION('',(#8811),#8815);
#8811 = LINE('',#8812,#8813);
#8812 = CARTESIAN_POINT('',(0.,0.));
#8813 = VECTOR('',#8814,1.);
#8814 = DIRECTION('',(0.,1.));
#8815 = ( GEOMETRIC_REPRESENTATION_CONTEXT(2) 
PARAMETRIC_REPRESENTATION_CONTEXT() REPRESENTATION_CONTEXT('2D SPACE',''
  ) );
#8816 = PCURVE('',#8634,#8817);
#8817 = DEFINITIONAL_REPRESENTATION('',(#8818),#8822);
#8818 = LINE('',#8819,#8820);
#8819 = CARTESIAN_POINT('',(0.,0.));
#8820 = VECTOR('',#8821,1.);
#8821 = DIRECTION('',(1.,0.));
#8822 = ( GEOMETRIC_REPRESENTATION_CONTEXT(2) 
PARAMETRIC_REPRESENTATION_CONTEXT() REPRESENTATION_CONTEXT('2D SPACE',''
  ) );
#8823 = ORIENTED_EDGE('',*,*,#8583,.T.);
#8824 = ORIENTED_EDGE('',*,*,#8825,.T.);
#8825 = EDGE_CURVE('',#8586,#8706,#8826,.T.);
#8826 = SURFACE_CURVE('',#8827,(#8831,#8838),.PCURVE_S1.);
#8827 = LINE('',#8828,#8829);
#8828 = CARTESIAN_POINT('',(-54.,-6.5,1.));
#8829 = VECTOR('',#8830,1.);
#8830 = DIRECTION('',(1.,0.,-0.));
#8831 = PCURVE('',#8606,#8832);
#8832 = DEFINITIONAL_REPRESENTATION('',(#8833),#8837);
#8833 = LINE('',#8834,#8835);
#8834 = CARTESIAN_POINT('',(2.,0.));
#8835 = VECTOR('',#8836,1.);
#8836 = DIRECTION('',(0.,1.));
#8837 = ( GEOMETRIC_REPRESENTATION_CONTEXT(2) 
PARAMETRIC_REPRESENTATION_CONTEXT() REPRESENTATION_CONTEXT('2D SPACE',''
  ) );
#8838 = PCURVE('',#8688,#8839);
#8839 = DEFINITIONAL_REPRESENTATION('',(#8840),#8844);
#8840 = LINE('',#8841,#8842);
#8841 = CARTESIAN_POINT('',(0.,0.));
#8842 = VECTOR('',#8843,1.);
#8843 = DIRECTION('',(1.,0.));
#8844 = ( GEOMETRIC_REPRESENTATION_CONTEXT(2) 
PARAMETRIC_REPRESENTATION_CONTEXT() REPRESENTATION_CONTEXT('2D SPACE',''
  ) );
#8845 = ORIENTED_EDGE('',*,*,#8703,.F.);
#8846 = ADVANCED_FACE('',(#8847),#8662,.T.);
#8847 = FACE_BOUND('',#8848,.T.);
#8848 = EDGE_LOOP('',(#8849,#8870,#8871,#8892));
#8849 = ORIENTED_EDGE('',*,*,#8850,.F.);
#8850 = EDGE_CURVE('',#8619,#8734,#8851,.T.);
#8851 = SURFACE_CURVE('',#8852,(#8856,#8863),.PCURVE_S1.);
#8852 = LINE('',#8853,#8854);
#8853 = CARTESIAN_POINT('',(-54.,6.5,-1.));
#8854 = VECTOR('',#8855,1.);
#8855 = DIRECTION('',(1.,0.,-0.));
#8856 = PCURVE('',#8662,#8857);
#8857 = DEFINITIONAL_REPRESENTATION('',(#8858),#8862);
#8858 = LINE('',#8859,#8860);
#8859 = CARTESIAN_POINT('',(0.,0.));
#8860 = VECTOR('',#8861,1.);
#8861 = DIRECTION('',(0.,1.));
#8862 = ( GEOMETRIC_REPRESENTATION_CONTEXT(2) 
PARAMETRIC_REPRESENTATION_CONTEXT() REPRESENTATION_CONTEXT('2D SPACE',''
  ) );
#8863 = PCURVE('',#8634,#8864);
#8864 = DEFINITIONAL_REPRESENTATION('',(#8865),#8869);
#8865 = LINE('',#8866,#8867);
#8866 = CARTESIAN_POINT('',(0.,13.));
#8867 = VECTOR('',#8868,1.);
#8868 = DIRECTION('',(1.,0.));
#8869 = ( GEOMETRIC_REPRESENTATION_CONTEXT(2) 
PARAMETRIC_REPRESENTATION_CONTEXT() REPRESENTATION_CONTEXT('2D SPACE',''
  ) );
#8870 = ORIENTED_EDGE('',*,*,#8646,.T.);
#8871 = ORIENTED_EDGE('',*,*,#8872,.T.);
#8872 = EDGE_CURVE('',#8647,#8757,#8873,.T.);
#8873 = SURFACE_CURVE('',#8874,(#8878,#8885),.PCURVE_S1.);
#8874 = LINE('',#8875,#8876);
#8875 = CARTESIAN_POINT('',(-54.,6.5,1.));
#8876 = VECTOR('',#8877,1.);
#8877 = DIRECTION('',(1.,0.,-0.));
#8878 = PCURVE('',#8662,#8879);
#8879 = DEFINITIONAL_REPRESENTATION('',(#8880),#8884);
#8880 = LINE('',#8881,#8882);
#8881 = CARTESIAN_POINT('',(2.,0.));
#8882 = VECTOR('',#8883,1.);
#8883 = DIRECTION('',(0.,1.));
#8884 = ( GEOMETRIC_REPRESENTATION_CONTEXT(2) 
PARAMETRIC_REPRESENTATION_CONTEXT() REPRESENTATION_CONTEXT('2D SPACE',''
  ) );
#8885 = PCURVE('',#8688,#8886);
#8886 = DEFINITIONAL_REPRESENTATION('',(#8887),#8891);
#8887 = LINE('',#8888,#8889);
#8888 = CARTESIAN_POINT('',(0.,13.));
#8889 = VECTOR('',#8890,1.);
#8890 = DIRECTION('',(1.,0.));
#8891 = ( GEOMETRIC_REPRESENTATION_CONTEXT(2) 
PARAMETRIC_REPRESENTATION_CONTEXT() REPRESENTATION_CONTEXT('2D SPACE',''
  ) );
#8892 = ORIENTED_EDGE('',*,*,#8756,.F.);
#8893 = ADVANCED_FACE('',(#8894),#8634,.F.);
#8894 = FACE_BOUND('',#8895,.F.);
#8895 = EDGE_LOOP('',(#8896,#8897,#8898,#8899));
#8896 = ORIENTED_EDGE('',*,*,#8618,.F.);
#8897 = ORIENTED_EDGE('',*,*,#8803,.T.);
#8898 = ORIENTED_EDGE('',*,*,#8733,.T.);
#8899 = ORIENTED_EDGE('',*,*,#8850,.F.);
#8900 = ADVANCED_FACE('',(#8901),#8688,.T.);
#8901 = FACE_BOUND('',#8902,.T.);
#8902 = EDGE_LOOP('',(#8903,#8904,#8905,#8906));
#8903 = ORIENTED_EDGE('',*,*,#8674,.F.);
#8904 = ORIENTED_EDGE('',*,*,#8825,.T.);
#8905 = ORIENTED_EDGE('',*,*,#8779,.T.);
#8906 = ORIENTED_EDGE('',*,*,#8872,.F.);
#8907 = ( GEOMETRIC_REPRESENTATION_CONTEXT(3) 
GLOBAL_UNCERTAINTY_ASSIGNED_CONTEXT((#8911)) 
GLOBAL_UNIT_ASSIGNED_CONTEXT((#8908,#8909,#8910)) REPRESENTATION_CONTEXT
('Context #1','3D Context with UNIT and UNCERTAINTY') );
#8908 = ( LENGTH_UNIT() NAMED_UNIT(*) SI_UNIT(.MILLI.,.METRE.) );
#8909 = ( NAMED_UNIT(*) PLANE_ANGLE_UNIT() SI_UNIT($,.RADIAN.) );
#8910 = ( NAMED_UNIT(*) SI_UNIT($,.STERADIAN.) SOLID_ANGLE_UNIT() );
#8911 = UNCERTAINTY_MEASURE_WITH_UNIT(LENGTH_MEASURE(1.E-07),#8908,
  'distance_accuracy_value','confusion accuracy');
#8912 = CONTEXT_DEPENDENT_SHAPE_REPRESENTATION(#8913,#8915);
#8913 = ( REPRESENTATION_RELATIONSHIP('','',#8576,#10) 
REPRESENTATION_RELATIONSHIP_WITH_TRANSFORMATION(#8914) 
SHAPE_REPRESENTATION_RELATIONSHIP() );
#8914 = ITEM_DEFINED_TRANSFORMATION('','',#11,#39);
#8915 = PRODUCT_DEFINITION_SHAPE('Placement','Placement of an item',
  #8916);
#8916 = NEXT_ASSEMBLY_USAGE_OCCURRENCE('7','rubber.3','',#5,#8571,$);
#8917 = PRODUCT_RELATED_PRODUCT_CATEGORY('part',$,(#8573));
ENDSEC;
END-ISO-10303-21;
